{"type":"FeatureCollection","features":[{"type":"Feature","geometry":{"type":"Point","coordinates":[27.623999,47.156272]},"properties":{"name":"Tătărași Sud","band":0,"modes":"bus","arr":["18","20","47","401"],"off":[0,-0.8]}},{"type":"Feature","geometry":{"type":"Point","coordinates":[27.623999,47.156272]},"properties":{"line":"18","mode":"bus","color":"#0059a9","colorDark":"#00294f","band":0,"off":[-5.1,1.1]}},{"type":"Feature","geometry":{"type":"Point","coordinates":[27.623999,47.156272]},"properties":{"line":"20","mode":"bus","color":"#0059a9","colorDark":"#00294f","band":0,"off":[-1.7,1.1]}},{"type":"Feature","geometry":{"type":"Point","coordinates":[27.623999,47.156272]},"properties":{"line":"47","mode":"bus","color":"#0059a9","colorDark":"#00294f","band":0,"off":[1.7,1.1]}},{"type":"Feature","geometry":{"type":"Point","coordinates":[27.623999,47.156272]},"properties":{"line":"401","mode":"bus","color":"#0059a9","colorDark":"#00294f","band":0,"off":[5.1,1.1]}},{"type":"Feature","geometry":{"type":"Point","coordinates":[27.630473,47.162158]},"properties":{"name":"Str. Mistrețului","band":0,"modes":"bus","arr":["18"],"off":[0,-0.8]}},{"type":"Feature","geometry":{"type":"Point","coordinates":[27.630473,47.162158]},"properties":{"line":"18","mode":"bus","color":"#0059a9","colorDark":"#00294f","band":0,"off":[0,1.1]}},{"type":"Feature","geometry":{"type":"Point","coordinates":[27.535544,47.172695]},"properties":{"name":"Păcurari","band":0,"modes":"tram,bus","arr":["7","19","30","43","46","702","902"],"off":[0,-0.8]}},{"type":"Feature","geometry":{"type":"Point","coordinates":[27.535544,47.172695]},"properties":{"name":"Pacurari","band":0,"modes":"tram,bus","arr":["7","19","30","43","46","702","902"],"off":[0,-1.9]}},{"type":"Feature","geometry":{"type":"Point","coordinates":[27.535544,47.172695]},"properties":{"name":"Canta","band":0,"modes":"tram,bus","arr":["7","19","30","43","46","702","902"],"off":[0,-3]}},{"type":"Feature","geometry":{"type":"Point","coordinates":[27.535544,47.172695]},"properties":{"line":"7","mode":"tram","color":"#d6212b","colorDark":"#7c1116","band":0,"off":[-6.8,1.1]}},{"type":"Feature","geometry":{"type":"Point","coordinates":[27.535544,47.172695]},"properties":{"line":"19","mode":"bus","color":"#0059a9","colorDark":"#00294f","band":0,"off":[-3.4,1.1]}},{"type":"Feature","geometry":{"type":"Point","coordinates":[27.535544,47.172695]},"properties":{"line":"30","mode":"bus","color":"#0059a9","colorDark":"#00294f","band":0,"off":[0,1.1]}},{"type":"Feature","geometry":{"type":"Point","coordinates":[27.535544,47.172695]},"properties":{"line":"43","mode":"bus","color":"#0059a9","colorDark":"#00294f","band":0,"off":[3.4,1.1]}},{"type":"Feature","geometry":{"type":"Point","coordinates":[27.535544,47.172695]},"properties":{"line":"46","mode":"bus","color":"#0059a9","colorDark":"#00294f","band":0,"off":[6.8,1.1]}},{"type":"Feature","geometry":{"type":"Point","coordinates":[27.535544,47.172695]},"properties":{"line":"702","mode":"bus","color":"#0059a9","colorDark":"#00294f","band":0,"off":[-1.7,3.1]}},{"type":"Feature","geometry":{"type":"Point","coordinates":[27.535544,47.172695]},"properties":{"line":"902","mode":"bus","color":"#0059a9","colorDark":"#00294f","band":0,"off":[1.7,3.1]}},{"type":"Feature","geometry":{"type":"Point","coordinates":[27.586999,47.151554]},"properties":{"name":"Podu Ros (4)","band":0,"modes":"bus","arr":["23","23b","29","202","203","501","501b","801","802","802b"],"off":[0,-0.8]}},{"type":"Feature","geometry":{"type":"Point","coordinates":[27.586999,47.151554]},"properties":{"name":"Podu Roș (2)","band":0,"modes":"bus","arr":["23","23b","29","202","203","501","501b","801","802","802b"],"off":[0,-1.9]}},{"type":"Feature","geometry":{"type":"Point","coordinates":[27.586999,47.151554]},"properties":{"name":"Podu Ros","band":0,"modes":"bus","arr":["23","23b","29","202","203","501","501b","801","802","802b"],"off":[0,-3]}},{"type":"Feature","geometry":{"type":"Point","coordinates":[27.586999,47.151554]},"properties":{"line":"23","mode":"bus","color":"#0059a9","colorDark":"#00294f","band":0,"off":[-6.8,1.1]}},{"type":"Feature","geometry":{"type":"Point","coordinates":[27.586999,47.151554]},"properties":{"line":"23b","mode":"bus","color":"#0059a9","colorDark":"#00294f","band":0,"off":[-3.4,1.1]}},{"type":"Feature","geometry":{"type":"Point","coordinates":[27.586999,47.151554]},"properties":{"line":"29","mode":"bus","color":"#0059a9","colorDark":"#00294f","band":0,"off":[0,1.1]}},{"type":"Feature","geometry":{"type":"Point","coordinates":[27.586999,47.151554]},"properties":{"line":"202","mode":"bus","color":"#0059a9","colorDark":"#00294f","band":0,"off":[3.4,1.1]}},{"type":"Feature","geometry":{"type":"Point","coordinates":[27.586999,47.151554]},"properties":{"line":"203","mode":"bus","color":"#0059a9","colorDark":"#00294f","band":0,"off":[6.8,1.1]}},{"type":"Feature","geometry":{"type":"Point","coordinates":[27.586999,47.151554]},"properties":{"line":"501","mode":"bus","color":"#0059a9","colorDark":"#00294f","band":0,"off":[-6.8,3.1]}},{"type":"Feature","geometry":{"type":"Point","coordinates":[27.586999,47.151554]},"properties":{"line":"501b","mode":"bus","color":"#0059a9","colorDark":"#00294f","band":0,"off":[-3.4,3.1]}},{"type":"Feature","geometry":{"type":"Point","coordinates":[27.586999,47.151554]},"properties":{"line":"801","mode":"bus","color":"#0059a9","colorDark":"#00294f","band":0,"off":[0,3.1]}},{"type":"Feature","geometry":{"type":"Point","coordinates":[27.586999,47.151554]},"properties":{"line":"802","mode":"bus","color":"#0059a9","colorDark":"#00294f","band":0,"off":[3.4,3.1]}},{"type":"Feature","geometry":{"type":"Point","coordinates":[27.586999,47.151554]},"properties":{"line":"802b","mode":"bus","color":"#0059a9","colorDark":"#00294f","band":0,"off":[6.8,3.1]}},{"type":"Feature","geometry":{"type":"Point","coordinates":[27.576019,47.134043]},"properties":{"name":"C.U.G. I","band":0,"modes":"bus","arr":["19","42","43","43c","301","502","503","503b"],"off":[0,-0.8]}},{"type":"Feature","geometry":{"type":"Point","coordinates":[27.576019,47.134043]},"properties":{"line":"19","mode":"bus","color":"#0059a9","colorDark":"#00294f","band":0,"off":[-6.8,1.1]}},{"type":"Feature","geometry":{"type":"Point","coordinates":[27.576019,47.134043]},"properties":{"line":"42","mode":"bus","color":"#0059a9","colorDark":"#00294f","band":0,"off":[-3.4,1.1]}},{"type":"Feature","geometry":{"type":"Point","coordinates":[27.576019,47.134043]},"properties":{"line":"43","mode":"bus","color":"#0059a9","colorDark":"#00294f","band":0,"off":[0,1.1]}},{"type":"Feature","geometry":{"type":"Point","coordinates":[27.576019,47.134043]},"properties":{"line":"43c","mode":"bus","color":"#0059a9","colorDark":"#00294f","band":0,"off":[3.4,1.1]}},{"type":"Feature","geometry":{"type":"Point","coordinates":[27.576019,47.134043]},"properties":{"line":"301","mode":"bus","color":"#0059a9","colorDark":"#00294f","band":0,"off":[6.8,1.1]}},{"type":"Feature","geometry":{"type":"Point","coordinates":[27.576019,47.134043]},"properties":{"line":"502","mode":"bus","color":"#0059a9","colorDark":"#00294f","band":0,"off":[-3.4,3.1]}},{"type":"Feature","geometry":{"type":"Point","coordinates":[27.576019,47.134043]},"properties":{"line":"503","mode":"bus","color":"#0059a9","colorDark":"#00294f","band":0,"off":[0,3.1]}},{"type":"Feature","geometry":{"type":"Point","coordinates":[27.576019,47.134043]},"properties":{"line":"503b","mode":"bus","color":"#0059a9","colorDark":"#00294f","band":0,"off":[3.4,3.1]}},{"type":"Feature","geometry":{"type":"Point","coordinates":[27.570062,47.166577]},"properties":{"name":"Str. Bacinschi","band":0,"modes":"tram,bus","arr":["3","50","901"],"off":[0,-0.8]}},{"type":"Feature","geometry":{"type":"Point","coordinates":[27.570062,47.166577]},"properties":{"name":"Gară","band":0,"modes":"tram,bus","arr":["3","50","901"],"off":[0,-1.9]}},{"type":"Feature","geometry":{"type":"Point","coordinates":[27.570062,47.166577]},"properties":{"line":"3","mode":"tram","color":"#d6212b","colorDark":"#7c1116","band":0,"off":[-3.4,1.1]}},{"type":"Feature","geometry":{"type":"Point","coordinates":[27.570062,47.166577]},"properties":{"line":"50","mode":"bus","color":"#0059a9","colorDark":"#00294f","band":0,"off":[0,1.1]}},{"type":"Feature","geometry":{"type":"Point","coordinates":[27.570062,47.166577]},"properties":{"line":"901","mode":"bus","color":"#0059a9","colorDark":"#00294f","band":0,"off":[3.4,1.1]}},{"type":"Feature","geometry":{"type":"Point","coordinates":[27.608423,47.161514]},"properties":{"name":"Tătărași Nord","band":0,"modes":"tram,bus","arr":["11","27"],"off":[0,-0.8]}},{"type":"Feature","geometry":{"type":"Point","coordinates":[27.608423,47.161514]},"properties":{"line":"11","mode":"tram","color":"#d6212b","colorDark":"#7c1116","band":0,"off":[-1.7,1.1]}},{"type":"Feature","geometry":{"type":"Point","coordinates":[27.608423,47.161514]},"properties":{"line":"27","mode":"bus","color":"#0059a9","colorDark":"#00294f","band":0,"off":[1.7,1.1]}},{"type":"Feature","geometry":{"type":"Point","coordinates":[27.579175,47.168586]},"properties":{"name":"Piața Independenței","band":0,"modes":"bus","arr":["41"],"off":[0,-0.8]}},{"type":"Feature","geometry":{"type":"Point","coordinates":[27.579175,47.168586]},"properties":{"line":"41","mode":"bus","color":"#0059a9","colorDark":"#00294f","band":0,"off":[0,1.1]}},{"type":"Feature","geometry":{"type":"Point","coordinates":[27.468988,47.181248]},"properties":{"name":"METRO","band":0,"modes":"bus","arr":["20"],"off":[0,-0.8]}},{"type":"Feature","geometry":{"type":"Point","coordinates":[27.468988,47.181248]},"properties":{"line":"20","mode":"bus","color":"#0059a9","colorDark":"#00294f","band":0,"off":[0,1.1]}},{"type":"Feature","geometry":{"type":"Point","coordinates":[27.512975,47.169119]},"properties":{"name":"Mall Moldova","band":0,"modes":"bus","arr":["30b","43c"],"off":[0,-0.8]}},{"type":"Feature","geometry":{"type":"Point","coordinates":[27.512975,47.169119]},"properties":{"line":"30b","mode":"bus","color":"#0059a9","colorDark":"#00294f","band":0,"off":[-1.7,1.1]}},{"type":"Feature","geometry":{"type":"Point","coordinates":[27.512975,47.169119]},"properties":{"line":"43c","mode":"bus","color":"#0059a9","colorDark":"#00294f","band":0,"off":[1.7,1.1]}},{"type":"Feature","geometry":{"type":"Point","coordinates":[27.590558,47.164432]},"properties":{"name":"Tg. Cucu","band":0,"modes":"tram,bus","arr":["6","48","54","101","102","103","601"],"off":[0,-0.8]}},{"type":"Feature","geometry":{"type":"Point","coordinates":[27.590558,47.164432]},"properties":{"line":"6","mode":"tram","color":"#d6212b","colorDark":"#7c1116","band":0,"off":[-6.8,1.1]}},{"type":"Feature","geometry":{"type":"Point","coordinates":[27.590558,47.164432]},"properties":{"line":"48","mode":"bus","color":"#0059a9","colorDark":"#00294f","band":0,"off":[-3.4,1.1]}},{"type":"Feature","geometry":{"type":"Point","coordinates":[27.590558,47.164432]},"properties":{"line":"54","mode":"bus","color":"#0059a9","colorDark":"#00294f","band":0,"off":[0,1.1]}},{"type":"Feature","geometry":{"type":"Point","coordinates":[27.590558,47.164432]},"properties":{"line":"101","mode":"bus","color":"#0059a9","colorDark":"#00294f","band":0,"off":[3.4,1.1]}},{"type":"Feature","geometry":{"type":"Point","coordinates":[27.590558,47.164432]},"properties":{"line":"102","mode":"bus","color":"#0059a9","colorDark":"#00294f","band":0,"off":[6.8,1.1]}},{"type":"Feature","geometry":{"type":"Point","coordinates":[27.590558,47.164432]},"properties":{"line":"103","mode":"bus","color":"#0059a9","colorDark":"#00294f","band":0,"off":[-1.7,3.1]}},{"type":"Feature","geometry":{"type":"Point","coordinates":[27.590558,47.164432]},"properties":{"line":"601","mode":"bus","color":"#0059a9","colorDark":"#00294f","band":0,"off":[1.7,3.1]}},{"type":"Feature","geometry":{"type":"Point","coordinates":[27.527121,47.145794]},"properties":{"name":"str. Prof. Anton Nitu","band":0,"modes":"bus","arr":["23","503b"],"off":[0,-0.8]}},{"type":"Feature","geometry":{"type":"Point","coordinates":[27.527121,47.145794]},"properties":{"name":"Primaria Miroslava","band":0,"modes":"bus","arr":["23","503b"],"off":[0,-3]}},{"type":"Feature","geometry":{"type":"Point","coordinates":[27.527121,47.145794]},"properties":{"line":"23","mode":"bus","color":"#0059a9","colorDark":"#00294f","band":0,"off":[-1.7,1.1]}},{"type":"Feature","geometry":{"type":"Point","coordinates":[27.527121,47.145794]},"properties":{"line":"503b","mode":"bus","color":"#0059a9","colorDark":"#00294f","band":0,"off":[1.7,1.1]}},{"type":"Feature","geometry":{"type":"Point","coordinates":[27.486,47.11021]},"properties":{"name":"Scoala Proselnici","band":0,"modes":"bus","arr":["23b"],"off":[0,-0.8]}},{"type":"Feature","geometry":{"type":"Point","coordinates":[27.486,47.11021]},"properties":{"line":"23b","mode":"bus","color":"#0059a9","colorDark":"#00294f","band":0,"off":[0,1.1]}},{"type":"Feature","geometry":{"type":"Point","coordinates":[27.563885,47.096662]},"properties":{"name":"Blocuri Ciurea","band":0,"modes":"bus","arr":["27","41","44"],"off":[0,-0.8]}},{"type":"Feature","geometry":{"type":"Point","coordinates":[27.563885,47.096662]},"properties":{"line":"27","mode":"bus","color":"#0059a9","colorDark":"#00294f","band":0,"off":[-3.4,1.1]}},{"type":"Feature","geometry":{"type":"Point","coordinates":[27.563885,47.096662]},"properties":{"line":"41","mode":"bus","color":"#0059a9","colorDark":"#00294f","band":0,"off":[0,1.1]}},{"type":"Feature","geometry":{"type":"Point","coordinates":[27.563885,47.096662]},"properties":{"line":"44","mode":"bus","color":"#0059a9","colorDark":"#00294f","band":0,"off":[3.4,1.1]}},{"type":"Feature","geometry":{"type":"Point","coordinates":[27.566937,47.181693]},"properties":{"name":"Triumf Rond","band":0,"modes":"bus","arr":["28"],"off":[0,-0.8]}},{"type":"Feature","geometry":{"type":"Point","coordinates":[27.566937,47.181693]},"properties":{"line":"28","mode":"bus","color":"#0059a9","colorDark":"#00294f","band":0,"off":[0,1.1]}},{"type":"Feature","geometry":{"type":"Point","coordinates":[27.570705,47.160284]},"properties":{"name":"Piața Alexandru cel Bun","band":0,"modes":"bus","arr":["52"],"off":[0,-0.8]}},{"type":"Feature","geometry":{"type":"Point","coordinates":[27.570705,47.160284]},"properties":{"line":"52","mode":"bus","color":"#0059a9","colorDark":"#00294f","band":0,"off":[0,1.1]}},{"type":"Feature","geometry":{"type":"Point","coordinates":[27.540991,47.168623]},"properties":{"name":"Dacia","band":0,"modes":"tram,bus","arr":["5","6","11","28","36","44","47"],"off":[0,-0.8]}},{"type":"Feature","geometry":{"type":"Point","coordinates":[27.540991,47.168623]},"properties":{"line":"5","mode":"tram","color":"#d6212b","colorDark":"#7c1116","band":0,"off":[-6.8,1.1]}},{"type":"Feature","geometry":{"type":"Point","coordinates":[27.540991,47.168623]},"properties":{"line":"6","mode":"tram","color":"#d6212b","colorDark":"#7c1116","band":0,"off":[-3.4,1.1]}},{"type":"Feature","geometry":{"type":"Point","coordinates":[27.540991,47.168623]},"properties":{"line":"11","mode":"tram","color":"#d6212b","colorDark":"#7c1116","band":0,"off":[0,1.1]}},{"type":"Feature","geometry":{"type":"Point","coordinates":[27.540991,47.168623]},"properties":{"line":"28","mode":"bus","color":"#0059a9","colorDark":"#00294f","band":0,"off":[3.4,1.1]}},{"type":"Feature","geometry":{"type":"Point","coordinates":[27.540991,47.168623]},"properties":{"line":"36","mode":"bus","color":"#0059a9","colorDark":"#00294f","band":0,"off":[6.8,1.1]}},{"type":"Feature","geometry":{"type":"Point","coordinates":[27.540991,47.168623]},"properties":{"line":"44","mode":"bus","color":"#0059a9","colorDark":"#00294f","band":0,"off":[-1.7,3.1]}},{"type":"Feature","geometry":{"type":"Point","coordinates":[27.540991,47.168623]},"properties":{"line":"47","mode":"bus","color":"#0059a9","colorDark":"#00294f","band":0,"off":[1.7,3.1]}},{"type":"Feature","geometry":{"type":"Point","coordinates":[27.643485,47.14336]},"properties":{"name":"Țuțora","band":0,"modes":"tram,bus","arr":["5","7","8","803"],"off":[0,-0.8]}},{"type":"Feature","geometry":{"type":"Point","coordinates":[27.643485,47.14336]},"properties":{"name":"Rond Țuțora","band":0,"modes":"tram,bus","arr":["5","7","8","803"],"off":[0,-1.9]}},{"type":"Feature","geometry":{"type":"Point","coordinates":[27.643485,47.14336]},"properties":{"line":"5","mode":"tram","color":"#d6212b","colorDark":"#7c1116","band":0,"off":[-5.1,1.1]}},{"type":"Feature","geometry":{"type":"Point","coordinates":[27.643485,47.14336]},"properties":{"line":"7","mode":"tram","color":"#d6212b","colorDark":"#7c1116","band":0,"off":[-1.7,1.1]}},{"type":"Feature","geometry":{"type":"Point","coordinates":[27.643485,47.14336]},"properties":{"line":"8","mode":"tram","color":"#d6212b","colorDark":"#7c1116","band":0,"off":[1.7,1.1]}},{"type":"Feature","geometry":{"type":"Point","coordinates":[27.643485,47.14336]},"properties":{"line":"803","mode":"bus","color":"#0059a9","colorDark":"#00294f","band":0,"off":[5.1,1.1]}},{"type":"Feature","geometry":{"type":"Point","coordinates":[27.698246,47.130636]},"properties":{"name":"Tomești","band":0,"modes":"bus","arr":["29"],"off":[0,-0.8]}},{"type":"Feature","geometry":{"type":"Point","coordinates":[27.698246,47.130636]},"properties":{"line":"29","mode":"bus","color":"#0059a9","colorDark":"#00294f","band":0,"off":[0,1.1]}},{"type":"Feature","geometry":{"type":"Point","coordinates":[27.632078,47.116811]},"properties":{"name":"Bucium","band":0,"modes":"bus","arr":["30","30b","46"],"off":[0,-0.8]}},{"type":"Feature","geometry":{"type":"Point","coordinates":[27.632078,47.116811]},"properties":{"line":"30","mode":"bus","color":"#0059a9","colorDark":"#00294f","band":0,"off":[-3.4,1.1]}},{"type":"Feature","geometry":{"type":"Point","coordinates":[27.632078,47.116811]},"properties":{"line":"30b","mode":"bus","color":"#0059a9","colorDark":"#00294f","band":0,"off":[0,1.1]}},{"type":"Feature","geometry":{"type":"Point","coordinates":[27.632078,47.116811]},"properties":{"line":"46","mode":"bus","color":"#0059a9","colorDark":"#00294f","band":0,"off":[3.4,1.1]}},{"type":"Feature","geometry":{"type":"Point","coordinates":[27.531426,47.209505]},"properties":{"name":"Breazu","band":0,"modes":"bus","arr":["36"],"off":[0,-0.8]}},{"type":"Feature","geometry":{"type":"Point","coordinates":[27.531426,47.209505]},"properties":{"line":"36","mode":"bus","color":"#0059a9","colorDark":"#00294f","band":0,"off":[0,1.1]}},{"type":"Feature","geometry":{"type":"Point","coordinates":[27.558518,47.190534]},"properties":{"name":"Copou","band":0,"modes":"tram,bus","arr":["1","8","9","13","42","52","701","702"],"off":[0,-0.8]}},{"type":"Feature","geometry":{"type":"Point","coordinates":[27.558518,47.190534]},"properties":{"line":"1","mode":"tram","color":"#d6212b","colorDark":"#7c1116","band":0,"off":[-6.8,1.1]}},{"type":"Feature","geometry":{"type":"Point","coordinates":[27.558518,47.190534]},"properties":{"line":"8","mode":"tram","color":"#d6212b","colorDark":"#7c1116","band":0,"off":[-3.4,1.1]}},{"type":"Feature","geometry":{"type":"Point","coordinates":[27.558518,47.190534]},"properties":{"line":"9","mode":"tram","color":"#d6212b","colorDark":"#7c1116","band":0,"off":[0,1.1]}},{"type":"Feature","geometry":{"type":"Point","coordinates":[27.558518,47.190534]},"properties":{"line":"13","mode":"tram","color":"#d6212b","colorDark":"#7c1116","band":0,"off":[3.4,1.1]}},{"type":"Feature","geometry":{"type":"Point","coordinates":[27.558518,47.190534]},"properties":{"line":"42","mode":"bus","color":"#0059a9","colorDark":"#00294f","band":0,"off":[6.8,1.1]}},{"type":"Feature","geometry":{"type":"Point","coordinates":[27.558518,47.190534]},"properties":{"line":"52","mode":"bus","color":"#0059a9","colorDark":"#00294f","band":0,"off":[-3.4,3.1]}},{"type":"Feature","geometry":{"type":"Point","coordinates":[27.558518,47.190534]},"properties":{"line":"701","mode":"bus","color":"#0059a9","colorDark":"#00294f","band":0,"off":[0,3.1]}},{"type":"Feature","geometry":{"type":"Point","coordinates":[27.558518,47.190534]},"properties":{"line":"702","mode":"bus","color":"#0059a9","colorDark":"#00294f","band":0,"off":[3.4,3.1]}},{"type":"Feature","geometry":{"type":"Point","coordinates":[27.598007,47.180192]},"properties":{"name":"Complex Roua Residence","band":0,"modes":"bus","arr":["48"],"off":[0,-0.8]}},{"type":"Feature","geometry":{"type":"Point","coordinates":[27.598007,47.180192]},"properties":{"line":"48","mode":"bus","color":"#0059a9","colorDark":"#00294f","band":0,"off":[0,1.1]}},{"type":"Feature","geometry":{"type":"Point","coordinates":[27.617558,47.176404]},"properties":{"name":"Aeroport","band":0,"modes":"bus","arr":["50"],"off":[0,-0.8]}},{"type":"Feature","geometry":{"type":"Point","coordinates":[27.617558,47.176404]},"properties":{"line":"50","mode":"bus","color":"#0059a9","colorDark":"#00294f","band":0,"off":[0,1.1]}},{"type":"Feature","geometry":{"type":"Point","coordinates":[27.588063,47.174935]},"properties":{"name":"Bulevardul C.A.Rosetti","band":0,"modes":"bus","arr":["54"],"off":[0,-0.8]}},{"type":"Feature","geometry":{"type":"Point","coordinates":[27.588063,47.174935]},"properties":{"line":"54","mode":"bus","color":"#0059a9","colorDark":"#00294f","band":0,"off":[0,1.1]}},{"type":"Feature","geometry":{"type":"Point","coordinates":[27.597046,47.234801]},"properties":{"name":"Str. Ionesti - Dorobant","band":0,"modes":"bus","arr":["101"],"off":[0,-0.8]}},{"type":"Feature","geometry":{"type":"Point","coordinates":[27.597046,47.234801]},"properties":{"line":"101","mode":"bus","color":"#0059a9","colorDark":"#00294f","band":0,"off":[0,1.1]}},{"type":"Feature","geometry":{"type":"Point","coordinates":[27.603306,47.203545]},"properties":{"name":"Rond Aroneanu","band":0,"modes":"bus","arr":["102","104"],"off":[0,-0.8]}},{"type":"Feature","geometry":{"type":"Point","coordinates":[27.603306,47.203545]},"properties":{"line":"102","mode":"bus","color":"#0059a9","colorDark":"#00294f","band":0,"off":[-1.7,1.1]}},{"type":"Feature","geometry":{"type":"Point","coordinates":[27.603306,47.203545]},"properties":{"line":"104","mode":"bus","color":"#0059a9","colorDark":"#00294f","band":0,"off":[1.7,1.1]}},{"type":"Feature","geometry":{"type":"Point","coordinates":[27.587271,47.20396]},"properties":{"name":"Baza Sportiva Sorogari","band":0,"modes":"bus","arr":["103"],"off":[0,-0.8]}},{"type":"Feature","geometry":{"type":"Point","coordinates":[27.587271,47.20396]},"properties":{"line":"103","mode":"bus","color":"#0059a9","colorDark":"#00294f","band":0,"off":[0,1.1]}},{"type":"Feature","geometry":{"type":"Point","coordinates":[27.637919,47.22425]},"properties":{"name":"Pod Emil - Rediu Aldei","band":0,"modes":"bus","arr":["104"],"off":[0,-0.8]}},{"type":"Feature","geometry":{"type":"Point","coordinates":[27.637919,47.22425]},"properties":{"line":"104","mode":"bus","color":"#0059a9","colorDark":"#00294f","band":0,"off":[0,1.1]}},{"type":"Feature","geometry":{"type":"Point","coordinates":[27.664696,47.103115]},"properties":{"name":"City View Paun","band":0,"modes":"bus","arr":["202"],"off":[0,-0.8]}},{"type":"Feature","geometry":{"type":"Point","coordinates":[27.664696,47.103115]},"properties":{"line":"202","mode":"bus","color":"#0059a9","colorDark":"#00294f","band":0,"off":[0,1.1]}},{"type":"Feature","geometry":{"type":"Point","coordinates":[27.603064,47.114934]},"properties":{"name":"Rezidential Decoflor - Visan","band":0,"modes":"bus","arr":["203"],"off":[0,-0.8]}},{"type":"Feature","geometry":{"type":"Point","coordinates":[27.603064,47.114934]},"properties":{"line":"203","mode":"bus","color":"#0059a9","colorDark":"#00294f","band":0,"off":[0,1.1]}},{"type":"Feature","geometry":{"type":"Point","coordinates":[27.547726,47.065264]},"properties":{"name":"Concretica - Dumbrava","band":0,"modes":"bus","arr":["301"],"off":[0,-0.8]}},{"type":"Feature","geometry":{"type":"Point","coordinates":[27.547726,47.065264]},"properties":{"line":"301","mode":"bus","color":"#0059a9","colorDark":"#00294f","band":0,"off":[0,1.1]}},{"type":"Feature","geometry":{"type":"Point","coordinates":[27.668682,47.196172]},"properties":{"name":"Scoala Rusenii Noi","band":0,"modes":"bus","arr":["401"],"off":[0,-0.8]}},{"type":"Feature","geometry":{"type":"Point","coordinates":[27.668682,47.196172]},"properties":{"line":"401","mode":"bus","color":"#0059a9","colorDark":"#00294f","band":0,"off":[0,1.1]}},{"type":"Feature","geometry":{"type":"Point","coordinates":[27.476984,47.130055]},"properties":{"name":"Platou Vorovesti","band":0,"modes":"bus","arr":["501"],"off":[0,-0.8]}},{"type":"Feature","geometry":{"type":"Point","coordinates":[27.476984,47.130055]},"properties":{"line":"501","mode":"bus","color":"#0059a9","colorDark":"#00294f","band":0,"off":[0,1.1]}},{"type":"Feature","geometry":{"type":"Point","coordinates":[27.460991,47.113101]},"properties":{"name":"Ferma Liliac","band":0,"modes":"bus","arr":["501b"],"off":[0,-0.8]}},{"type":"Feature","geometry":{"type":"Point","coordinates":[27.460991,47.113101]},"properties":{"line":"501b","mode":"bus","color":"#0059a9","colorDark":"#00294f","band":0,"off":[0,1.1]}},{"type":"Feature","geometry":{"type":"Point","coordinates":[27.525968,47.096506]},"properties":{"name":"Str. Parcului - Ciurbesti","band":0,"modes":"bus","arr":["502"],"off":[0,-0.8]}},{"type":"Feature","geometry":{"type":"Point","coordinates":[27.525968,47.096506]},"properties":{"line":"502","mode":"bus","color":"#0059a9","colorDark":"#00294f","band":0,"off":[0,1.1]}},{"type":"Feature","geometry":{"type":"Point","coordinates":[27.537006,47.13063]},"properties":{"name":"Str. Mazuru-Valea Adanca","band":0,"modes":"bus","arr":["503"],"off":[0,-0.8]}},{"type":"Feature","geometry":{"type":"Point","coordinates":[27.537006,47.13063]},"properties":{"line":"503","mode":"bus","color":"#0059a9","colorDark":"#00294f","band":0,"off":[0,1.1]}},{"type":"Feature","geometry":{"type":"Point","coordinates":[27.511785,47.287916]},"properties":{"name":"Popricani (1)","band":0,"modes":"bus","arr":["601"],"off":[0,-0.8]}},{"type":"Feature","geometry":{"type":"Point","coordinates":[27.511785,47.287916]},"properties":{"line":"601","mode":"bus","color":"#0059a9","colorDark":"#00294f","band":0,"off":[0,1.1]}},{"type":"Feature","geometry":{"type":"Point","coordinates":[27.446192,47.265661]},"properties":{"name":"Capat Horlesti","band":0,"modes":"bus","arr":["701"],"off":[0,-0.8]}},{"type":"Feature","geometry":{"type":"Point","coordinates":[27.446192,47.265661]},"properties":{"line":"701","mode":"bus","color":"#0059a9","colorDark":"#00294f","band":0,"off":[0,1.1]}},{"type":"Feature","geometry":{"type":"Point","coordinates":[27.716191,47.107323]},"properties":{"name":"Goruni","band":0,"modes":"bus","arr":["801"],"off":[0,-0.8]}},{"type":"Feature","geometry":{"type":"Point","coordinates":[27.716191,47.107323]},"properties":{"line":"801","mode":"bus","color":"#0059a9","colorDark":"#00294f","band":0,"off":[0,1.1]}},{"type":"Feature","geometry":{"type":"Point","coordinates":[27.756718,47.103455]},"properties":{"name":"Rond Chicerea","band":0,"modes":"bus","arr":["802","802b"],"off":[0,-0.8]}},{"type":"Feature","geometry":{"type":"Point","coordinates":[27.756718,47.103455]},"properties":{"line":"802","mode":"bus","color":"#0059a9","colorDark":"#00294f","band":0,"off":[-1.7,1.1]}},{"type":"Feature","geometry":{"type":"Point","coordinates":[27.756718,47.103455]},"properties":{"line":"802b","mode":"bus","color":"#0059a9","colorDark":"#00294f","band":0,"off":[1.7,1.1]}},{"type":"Feature","geometry":{"type":"Point","coordinates":[27.818857,47.123021]},"properties":{"name":"Str. Principala - Opriseni","band":0,"modes":"bus","arr":["803"],"off":[0,-0.8]}},{"type":"Feature","geometry":{"type":"Point","coordinates":[27.818857,47.123021]},"properties":{"line":"803","mode":"bus","color":"#0059a9","colorDark":"#00294f","band":0,"off":[0,1.1]}},{"type":"Feature","geometry":{"type":"Point","coordinates":[27.493391,47.177772]},"properties":{"name":"Str. Rubinului - Valea Lupului","band":0,"modes":"bus","arr":["901","902"],"off":[0,-0.8]}},{"type":"Feature","geometry":{"type":"Point","coordinates":[27.493391,47.177772]},"properties":{"name":"Primaria Valea Lupului - Valea Lupului","band":0,"modes":"bus","arr":["901","902"],"off":[0,-3]}},{"type":"Feature","geometry":{"type":"Point","coordinates":[27.493391,47.177772]},"properties":{"name":"Primaria Valea Lupului","band":0,"modes":"bus","arr":["901","902"],"off":[0,-6.3]}},{"type":"Feature","geometry":{"type":"Point","coordinates":[27.493391,47.177772]},"properties":{"line":"901","mode":"bus","color":"#0059a9","colorDark":"#00294f","band":0,"off":[-1.7,1.1]}},{"type":"Feature","geometry":{"type":"Point","coordinates":[27.493391,47.177772]},"properties":{"line":"902","mode":"bus","color":"#0059a9","colorDark":"#00294f","band":0,"off":[1.7,1.1]}},{"type":"Feature","geometry":{"type":"Point","coordinates":[27.658612,47.15206]},"properties":{"name":"Dancu","band":0,"modes":"tram","arr":["3"],"off":[0,-0.8]}},{"type":"Feature","geometry":{"type":"Point","coordinates":[27.658612,47.15206]},"properties":{"line":"3","mode":"tram","color":"#d6212b","colorDark":"#7c1116","band":0,"off":[0,1.1]}},{"type":"Feature","geometry":{"type":"Point","coordinates":[27.567333,47.123947]},"properties":{"name":"Spital Elytis","band":0,"modes":"tram","arr":["9"],"off":[0,-0.8]}},{"type":"Feature","geometry":{"type":"Point","coordinates":[27.567333,47.123947]},"properties":{"line":"9","mode":"tram","color":"#d6212b","colorDark":"#7c1116","band":0,"off":[0,1.1]}},{"type":"Feature","geometry":{"type":"Point","coordinates":[27.623999,47.156272]},"properties":{"name":"Tătărași Sud","band":1,"modes":"bus","arr":["18","20","47","401"],"off":[0,-0.8]}},{"type":"Feature","geometry":{"type":"Point","coordinates":[27.623999,47.156272]},"properties":{"line":"18","mode":"bus","color":"#0059a9","colorDark":"#00294f","band":1,"off":[-5.1,1.1]}},{"type":"Feature","geometry":{"type":"Point","coordinates":[27.623999,47.156272]},"properties":{"line":"20","mode":"bus","color":"#0059a9","colorDark":"#00294f","band":1,"off":[-1.7,1.1]}},{"type":"Feature","geometry":{"type":"Point","coordinates":[27.623999,47.156272]},"properties":{"line":"47","mode":"bus","color":"#0059a9","colorDark":"#00294f","band":1,"off":[1.7,1.1]}},{"type":"Feature","geometry":{"type":"Point","coordinates":[27.623999,47.156272]},"properties":{"line":"401","mode":"bus","color":"#0059a9","colorDark":"#00294f","band":1,"off":[5.1,1.1]}},{"type":"Feature","geometry":{"type":"Point","coordinates":[27.630473,47.162158]},"properties":{"name":"Str. Mistrețului","band":1,"modes":"bus","arr":["18"],"off":[0,-0.8]}},{"type":"Feature","geometry":{"type":"Point","coordinates":[27.630473,47.162158]},"properties":{"line":"18","mode":"bus","color":"#0059a9","colorDark":"#00294f","band":1,"off":[0,1.1]}},{"type":"Feature","geometry":{"type":"Point","coordinates":[27.535544,47.172695]},"properties":{"name":"Păcurari","band":1,"modes":"tram,bus","arr":["7","19","30","43","46","702","902"],"off":[0,-0.8]}},{"type":"Feature","geometry":{"type":"Point","coordinates":[27.535544,47.172695]},"properties":{"name":"Pacurari","band":1,"modes":"tram,bus","arr":["7","19","30","43","46","702","902"],"off":[0,-1.9]}},{"type":"Feature","geometry":{"type":"Point","coordinates":[27.535544,47.172695]},"properties":{"name":"Canta","band":1,"modes":"tram,bus","arr":["7","19","30","43","46","702","902"],"off":[0,-3]}},{"type":"Feature","geometry":{"type":"Point","coordinates":[27.535544,47.172695]},"properties":{"line":"7","mode":"tram","color":"#d6212b","colorDark":"#7c1116","band":1,"off":[-6.8,1.1]}},{"type":"Feature","geometry":{"type":"Point","coordinates":[27.535544,47.172695]},"properties":{"line":"19","mode":"bus","color":"#0059a9","colorDark":"#00294f","band":1,"off":[-3.4,1.1]}},{"type":"Feature","geometry":{"type":"Point","coordinates":[27.535544,47.172695]},"properties":{"line":"30","mode":"bus","color":"#0059a9","colorDark":"#00294f","band":1,"off":[0,1.1]}},{"type":"Feature","geometry":{"type":"Point","coordinates":[27.535544,47.172695]},"properties":{"line":"43","mode":"bus","color":"#0059a9","colorDark":"#00294f","band":1,"off":[3.4,1.1]}},{"type":"Feature","geometry":{"type":"Point","coordinates":[27.535544,47.172695]},"properties":{"line":"46","mode":"bus","color":"#0059a9","colorDark":"#00294f","band":1,"off":[6.8,1.1]}},{"type":"Feature","geometry":{"type":"Point","coordinates":[27.535544,47.172695]},"properties":{"line":"702","mode":"bus","color":"#0059a9","colorDark":"#00294f","band":1,"off":[-1.7,3.1]}},{"type":"Feature","geometry":{"type":"Point","coordinates":[27.535544,47.172695]},"properties":{"line":"902","mode":"bus","color":"#0059a9","colorDark":"#00294f","band":1,"off":[1.7,3.1]}},{"type":"Feature","geometry":{"type":"Point","coordinates":[27.586397,47.152083]},"properties":{"name":"Podu Ros (4)","band":1,"modes":"bus","arr":["23","23b","501","501b"],"off":[0,-0.8]}},{"type":"Feature","geometry":{"type":"Point","coordinates":[27.586397,47.152083]},"properties":{"name":"Podu Ros","band":1,"modes":"bus","arr":["23","23b","501","501b"],"off":[0,-1.9]}},{"type":"Feature","geometry":{"type":"Point","coordinates":[27.586397,47.152083]},"properties":{"line":"23","mode":"bus","color":"#0059a9","colorDark":"#00294f","band":1,"off":[-5.1,1.1]}},{"type":"Feature","geometry":{"type":"Point","coordinates":[27.586397,47.152083]},"properties":{"line":"23b","mode":"bus","color":"#0059a9","colorDark":"#00294f","band":1,"off":[-1.7,1.1]}},{"type":"Feature","geometry":{"type":"Point","coordinates":[27.586397,47.152083]},"properties":{"line":"501","mode":"bus","color":"#0059a9","colorDark":"#00294f","band":1,"off":[1.7,1.1]}},{"type":"Feature","geometry":{"type":"Point","coordinates":[27.586397,47.152083]},"properties":{"line":"501b","mode":"bus","color":"#0059a9","colorDark":"#00294f","band":1,"off":[5.1,1.1]}},{"type":"Feature","geometry":{"type":"Point","coordinates":[27.588203,47.150498]},"properties":{"name":"Podu Roș (2)","band":1,"modes":"bus","arr":["29","202","203","801","802","802b"],"off":[0,-0.8]}},{"type":"Feature","geometry":{"type":"Point","coordinates":[27.588203,47.150498]},"properties":{"line":"29","mode":"bus","color":"#0059a9","colorDark":"#00294f","band":1,"off":[-6.8,1.1]}},{"type":"Feature","geometry":{"type":"Point","coordinates":[27.588203,47.150498]},"properties":{"line":"202","mode":"bus","color":"#0059a9","colorDark":"#00294f","band":1,"off":[-3.4,1.1]}},{"type":"Feature","geometry":{"type":"Point","coordinates":[27.588203,47.150498]},"properties":{"line":"203","mode":"bus","color":"#0059a9","colorDark":"#00294f","band":1,"off":[0,1.1]}},{"type":"Feature","geometry":{"type":"Point","coordinates":[27.588203,47.150498]},"properties":{"line":"801","mode":"bus","color":"#0059a9","colorDark":"#00294f","band":1,"off":[3.4,1.1]}},{"type":"Feature","geometry":{"type":"Point","coordinates":[27.588203,47.150498]},"properties":{"line":"802","mode":"bus","color":"#0059a9","colorDark":"#00294f","band":1,"off":[6.8,1.1]}},{"type":"Feature","geometry":{"type":"Point","coordinates":[27.588203,47.150498]},"properties":{"line":"802b","mode":"bus","color":"#0059a9","colorDark":"#00294f","band":1,"off":[0,3.1]}},{"type":"Feature","geometry":{"type":"Point","coordinates":[27.576019,47.134043]},"properties":{"name":"C.U.G. I","band":1,"modes":"bus","arr":["19","42","43","43c","301","502","503","503b"],"off":[0,-0.8]}},{"type":"Feature","geometry":{"type":"Point","coordinates":[27.576019,47.134043]},"properties":{"line":"19","mode":"bus","color":"#0059a9","colorDark":"#00294f","band":1,"off":[-6.8,1.1]}},{"type":"Feature","geometry":{"type":"Point","coordinates":[27.576019,47.134043]},"properties":{"line":"42","mode":"bus","color":"#0059a9","colorDark":"#00294f","band":1,"off":[-3.4,1.1]}},{"type":"Feature","geometry":{"type":"Point","coordinates":[27.576019,47.134043]},"properties":{"line":"43","mode":"bus","color":"#0059a9","colorDark":"#00294f","band":1,"off":[0,1.1]}},{"type":"Feature","geometry":{"type":"Point","coordinates":[27.576019,47.134043]},"properties":{"line":"43c","mode":"bus","color":"#0059a9","colorDark":"#00294f","band":1,"off":[3.4,1.1]}},{"type":"Feature","geometry":{"type":"Point","coordinates":[27.576019,47.134043]},"properties":{"line":"301","mode":"bus","color":"#0059a9","colorDark":"#00294f","band":1,"off":[6.8,1.1]}},{"type":"Feature","geometry":{"type":"Point","coordinates":[27.576019,47.134043]},"properties":{"line":"502","mode":"bus","color":"#0059a9","colorDark":"#00294f","band":1,"off":[-3.4,3.1]}},{"type":"Feature","geometry":{"type":"Point","coordinates":[27.576019,47.134043]},"properties":{"line":"503","mode":"bus","color":"#0059a9","colorDark":"#00294f","band":1,"off":[0,3.1]}},{"type":"Feature","geometry":{"type":"Point","coordinates":[27.576019,47.134043]},"properties":{"line":"503b","mode":"bus","color":"#0059a9","colorDark":"#00294f","band":1,"off":[3.4,3.1]}},{"type":"Feature","geometry":{"type":"Point","coordinates":[27.570062,47.166577]},"properties":{"name":"Str. Bacinschi","band":1,"modes":"tram,bus","arr":["3","50","901"],"off":[0,-0.8]}},{"type":"Feature","geometry":{"type":"Point","coordinates":[27.570062,47.166577]},"properties":{"name":"Gară","band":1,"modes":"tram,bus","arr":["3","50","901"],"off":[0,-1.9]}},{"type":"Feature","geometry":{"type":"Point","coordinates":[27.570062,47.166577]},"properties":{"line":"3","mode":"tram","color":"#d6212b","colorDark":"#7c1116","band":1,"off":[-3.4,1.1]}},{"type":"Feature","geometry":{"type":"Point","coordinates":[27.570062,47.166577]},"properties":{"line":"50","mode":"bus","color":"#0059a9","colorDark":"#00294f","band":1,"off":[0,1.1]}},{"type":"Feature","geometry":{"type":"Point","coordinates":[27.570062,47.166577]},"properties":{"line":"901","mode":"bus","color":"#0059a9","colorDark":"#00294f","band":1,"off":[3.4,1.1]}},{"type":"Feature","geometry":{"type":"Point","coordinates":[27.608423,47.161514]},"properties":{"name":"Tătărași Nord","band":1,"modes":"tram,bus","arr":["11","27"],"off":[0,-0.8]}},{"type":"Feature","geometry":{"type":"Point","coordinates":[27.608423,47.161514]},"properties":{"line":"11","mode":"tram","color":"#d6212b","colorDark":"#7c1116","band":1,"off":[-1.7,1.1]}},{"type":"Feature","geometry":{"type":"Point","coordinates":[27.608423,47.161514]},"properties":{"line":"27","mode":"bus","color":"#0059a9","colorDark":"#00294f","band":1,"off":[1.7,1.1]}},{"type":"Feature","geometry":{"type":"Point","coordinates":[27.579175,47.168586]},"properties":{"name":"Piața Independenței","band":1,"modes":"bus","arr":["41"],"off":[0,-0.8]}},{"type":"Feature","geometry":{"type":"Point","coordinates":[27.579175,47.168586]},"properties":{"line":"41","mode":"bus","color":"#0059a9","colorDark":"#00294f","band":1,"off":[0,1.1]}},{"type":"Feature","geometry":{"type":"Point","coordinates":[27.468988,47.181248]},"properties":{"name":"METRO","band":1,"modes":"bus","arr":["20"],"off":[0,-0.8]}},{"type":"Feature","geometry":{"type":"Point","coordinates":[27.468988,47.181248]},"properties":{"line":"20","mode":"bus","color":"#0059a9","colorDark":"#00294f","band":1,"off":[0,1.1]}},{"type":"Feature","geometry":{"type":"Point","coordinates":[27.512975,47.169119]},"properties":{"name":"Mall Moldova","band":1,"modes":"bus","arr":["30b","43c"],"off":[0,-0.8]}},{"type":"Feature","geometry":{"type":"Point","coordinates":[27.512975,47.169119]},"properties":{"line":"30b","mode":"bus","color":"#0059a9","colorDark":"#00294f","band":1,"off":[-1.7,1.1]}},{"type":"Feature","geometry":{"type":"Point","coordinates":[27.512975,47.169119]},"properties":{"line":"43c","mode":"bus","color":"#0059a9","colorDark":"#00294f","band":1,"off":[1.7,1.1]}},{"type":"Feature","geometry":{"type":"Point","coordinates":[27.590558,47.164432]},"properties":{"name":"Tg. Cucu","band":1,"modes":"tram,bus","arr":["6","48","54","101","102","103","601"],"off":[0,-0.8]}},{"type":"Feature","geometry":{"type":"Point","coordinates":[27.590558,47.164432]},"properties":{"line":"6","mode":"tram","color":"#d6212b","colorDark":"#7c1116","band":1,"off":[-6.8,1.1]}},{"type":"Feature","geometry":{"type":"Point","coordinates":[27.590558,47.164432]},"properties":{"line":"48","mode":"bus","color":"#0059a9","colorDark":"#00294f","band":1,"off":[-3.4,1.1]}},{"type":"Feature","geometry":{"type":"Point","coordinates":[27.590558,47.164432]},"properties":{"line":"54","mode":"bus","color":"#0059a9","colorDark":"#00294f","band":1,"off":[0,1.1]}},{"type":"Feature","geometry":{"type":"Point","coordinates":[27.590558,47.164432]},"properties":{"line":"101","mode":"bus","color":"#0059a9","colorDark":"#00294f","band":1,"off":[3.4,1.1]}},{"type":"Feature","geometry":{"type":"Point","coordinates":[27.590558,47.164432]},"properties":{"line":"102","mode":"bus","color":"#0059a9","colorDark":"#00294f","band":1,"off":[6.8,1.1]}},{"type":"Feature","geometry":{"type":"Point","coordinates":[27.590558,47.164432]},"properties":{"line":"103","mode":"bus","color":"#0059a9","colorDark":"#00294f","band":1,"off":[-1.7,3.1]}},{"type":"Feature","geometry":{"type":"Point","coordinates":[27.590558,47.164432]},"properties":{"line":"601","mode":"bus","color":"#0059a9","colorDark":"#00294f","band":1,"off":[1.7,3.1]}},{"type":"Feature","geometry":{"type":"Point","coordinates":[27.527121,47.145794]},"properties":{"name":"str. Prof. Anton Nitu","band":1,"modes":"bus","arr":["23","503b"],"off":[0,-0.8]}},{"type":"Feature","geometry":{"type":"Point","coordinates":[27.527121,47.145794]},"properties":{"name":"Primaria Miroslava","band":1,"modes":"bus","arr":["23","503b"],"off":[0,-3]}},{"type":"Feature","geometry":{"type":"Point","coordinates":[27.527121,47.145794]},"properties":{"line":"23","mode":"bus","color":"#0059a9","colorDark":"#00294f","band":1,"off":[-1.7,1.1]}},{"type":"Feature","geometry":{"type":"Point","coordinates":[27.527121,47.145794]},"properties":{"line":"503b","mode":"bus","color":"#0059a9","colorDark":"#00294f","band":1,"off":[1.7,1.1]}},{"type":"Feature","geometry":{"type":"Point","coordinates":[27.486,47.11021]},"properties":{"name":"Scoala Proselnici","band":1,"modes":"bus","arr":["23b"],"off":[0,-0.8]}},{"type":"Feature","geometry":{"type":"Point","coordinates":[27.486,47.11021]},"properties":{"line":"23b","mode":"bus","color":"#0059a9","colorDark":"#00294f","band":1,"off":[0,1.1]}},{"type":"Feature","geometry":{"type":"Point","coordinates":[27.561188,47.096684]},"properties":{"name":"Blocuri Ciurea","band":1,"modes":"bus","arr":["27","44"],"off":[0,-0.8]}},{"type":"Feature","geometry":{"type":"Point","coordinates":[27.561188,47.096684]},"properties":{"line":"27","mode":"bus","color":"#0059a9","colorDark":"#00294f","band":1,"off":[-1.7,1.1]}},{"type":"Feature","geometry":{"type":"Point","coordinates":[27.561188,47.096684]},"properties":{"line":"44","mode":"bus","color":"#0059a9","colorDark":"#00294f","band":1,"off":[1.7,1.1]}},{"type":"Feature","geometry":{"type":"Point","coordinates":[27.566582,47.09664]},"properties":{"name":"Blocuri Ciurea","band":1,"modes":"bus","arr":["27","41","44"],"off":[0,-0.8]}},{"type":"Feature","geometry":{"type":"Point","coordinates":[27.566582,47.09664]},"properties":{"line":"27","mode":"bus","color":"#0059a9","colorDark":"#00294f","band":1,"off":[-3.4,1.1]}},{"type":"Feature","geometry":{"type":"Point","coordinates":[27.566582,47.09664]},"properties":{"line":"41","mode":"bus","color":"#0059a9","colorDark":"#00294f","band":1,"off":[0,1.1]}},{"type":"Feature","geometry":{"type":"Point","coordinates":[27.566582,47.09664]},"properties":{"line":"44","mode":"bus","color":"#0059a9","colorDark":"#00294f","band":1,"off":[3.4,1.1]}},{"type":"Feature","geometry":{"type":"Point","coordinates":[27.566937,47.181693]},"properties":{"name":"Triumf Rond","band":1,"modes":"bus","arr":["28"],"off":[0,-0.8]}},{"type":"Feature","geometry":{"type":"Point","coordinates":[27.566937,47.181693]},"properties":{"line":"28","mode":"bus","color":"#0059a9","colorDark":"#00294f","band":1,"off":[0,1.1]}},{"type":"Feature","geometry":{"type":"Point","coordinates":[27.570705,47.160284]},"properties":{"name":"Piața Alexandru cel Bun","band":1,"modes":"bus","arr":["52"],"off":[0,-0.8]}},{"type":"Feature","geometry":{"type":"Point","coordinates":[27.570705,47.160284]},"properties":{"line":"52","mode":"bus","color":"#0059a9","colorDark":"#00294f","band":1,"off":[0,1.1]}},{"type":"Feature","geometry":{"type":"Point","coordinates":[27.540991,47.168623]},"properties":{"name":"Dacia","band":1,"modes":"tram,bus","arr":["5","6","11","28","36","44","47"],"off":[0,-0.8]}},{"type":"Feature","geometry":{"type":"Point","coordinates":[27.540991,47.168623]},"properties":{"line":"5","mode":"tram","color":"#d6212b","colorDark":"#7c1116","band":1,"off":[-6.8,1.1]}},{"type":"Feature","geometry":{"type":"Point","coordinates":[27.540991,47.168623]},"properties":{"line":"6","mode":"tram","color":"#d6212b","colorDark":"#7c1116","band":1,"off":[-3.4,1.1]}},{"type":"Feature","geometry":{"type":"Point","coordinates":[27.540991,47.168623]},"properties":{"line":"11","mode":"tram","color":"#d6212b","colorDark":"#7c1116","band":1,"off":[0,1.1]}},{"type":"Feature","geometry":{"type":"Point","coordinates":[27.540991,47.168623]},"properties":{"line":"28","mode":"bus","color":"#0059a9","colorDark":"#00294f","band":1,"off":[3.4,1.1]}},{"type":"Feature","geometry":{"type":"Point","coordinates":[27.540991,47.168623]},"properties":{"line":"36","mode":"bus","color":"#0059a9","colorDark":"#00294f","band":1,"off":[6.8,1.1]}},{"type":"Feature","geometry":{"type":"Point","coordinates":[27.540991,47.168623]},"properties":{"line":"44","mode":"bus","color":"#0059a9","colorDark":"#00294f","band":1,"off":[-1.7,3.1]}},{"type":"Feature","geometry":{"type":"Point","coordinates":[27.540991,47.168623]},"properties":{"line":"47","mode":"bus","color":"#0059a9","colorDark":"#00294f","band":1,"off":[1.7,3.1]}},{"type":"Feature","geometry":{"type":"Point","coordinates":[27.643485,47.14336]},"properties":{"name":"Țuțora","band":1,"modes":"tram,bus","arr":["5","7","8","803"],"off":[0,-0.8]}},{"type":"Feature","geometry":{"type":"Point","coordinates":[27.643485,47.14336]},"properties":{"name":"Rond Țuțora","band":1,"modes":"tram,bus","arr":["5","7","8","803"],"off":[0,-1.9]}},{"type":"Feature","geometry":{"type":"Point","coordinates":[27.643485,47.14336]},"properties":{"line":"5","mode":"tram","color":"#d6212b","colorDark":"#7c1116","band":1,"off":[-5.1,1.1]}},{"type":"Feature","geometry":{"type":"Point","coordinates":[27.643485,47.14336]},"properties":{"line":"7","mode":"tram","color":"#d6212b","colorDark":"#7c1116","band":1,"off":[-1.7,1.1]}},{"type":"Feature","geometry":{"type":"Point","coordinates":[27.643485,47.14336]},"properties":{"line":"8","mode":"tram","color":"#d6212b","colorDark":"#7c1116","band":1,"off":[1.7,1.1]}},{"type":"Feature","geometry":{"type":"Point","coordinates":[27.643485,47.14336]},"properties":{"line":"803","mode":"bus","color":"#0059a9","colorDark":"#00294f","band":1,"off":[5.1,1.1]}},{"type":"Feature","geometry":{"type":"Point","coordinates":[27.698246,47.130636]},"properties":{"name":"Tomești","band":1,"modes":"bus","arr":["29"],"off":[0,-0.8]}},{"type":"Feature","geometry":{"type":"Point","coordinates":[27.698246,47.130636]},"properties":{"line":"29","mode":"bus","color":"#0059a9","colorDark":"#00294f","band":1,"off":[0,1.1]}},{"type":"Feature","geometry":{"type":"Point","coordinates":[27.632078,47.116811]},"properties":{"name":"Bucium","band":1,"modes":"bus","arr":["30","30b","46"],"off":[0,-0.8]}},{"type":"Feature","geometry":{"type":"Point","coordinates":[27.632078,47.116811]},"properties":{"line":"30","mode":"bus","color":"#0059a9","colorDark":"#00294f","band":1,"off":[-3.4,1.1]}},{"type":"Feature","geometry":{"type":"Point","coordinates":[27.632078,47.116811]},"properties":{"line":"30b","mode":"bus","color":"#0059a9","colorDark":"#00294f","band":1,"off":[0,1.1]}},{"type":"Feature","geometry":{"type":"Point","coordinates":[27.632078,47.116811]},"properties":{"line":"46","mode":"bus","color":"#0059a9","colorDark":"#00294f","band":1,"off":[3.4,1.1]}},{"type":"Feature","geometry":{"type":"Point","coordinates":[27.531426,47.209505]},"properties":{"name":"Breazu","band":1,"modes":"bus","arr":["36"],"off":[0,-0.8]}},{"type":"Feature","geometry":{"type":"Point","coordinates":[27.531426,47.209505]},"properties":{"line":"36","mode":"bus","color":"#0059a9","colorDark":"#00294f","band":1,"off":[0,1.1]}},{"type":"Feature","geometry":{"type":"Point","coordinates":[27.558518,47.190534]},"properties":{"name":"Copou","band":1,"modes":"tram,bus","arr":["1","8","9","13","42","52","701","702"],"off":[0,-0.8]}},{"type":"Feature","geometry":{"type":"Point","coordinates":[27.558518,47.190534]},"properties":{"line":"1","mode":"tram","color":"#d6212b","colorDark":"#7c1116","band":1,"off":[-6.8,1.1]}},{"type":"Feature","geometry":{"type":"Point","coordinates":[27.558518,47.190534]},"properties":{"line":"8","mode":"tram","color":"#d6212b","colorDark":"#7c1116","band":1,"off":[-3.4,1.1]}},{"type":"Feature","geometry":{"type":"Point","coordinates":[27.558518,47.190534]},"properties":{"line":"9","mode":"tram","color":"#d6212b","colorDark":"#7c1116","band":1,"off":[0,1.1]}},{"type":"Feature","geometry":{"type":"Point","coordinates":[27.558518,47.190534]},"properties":{"line":"13","mode":"tram","color":"#d6212b","colorDark":"#7c1116","band":1,"off":[3.4,1.1]}},{"type":"Feature","geometry":{"type":"Point","coordinates":[27.558518,47.190534]},"properties":{"line":"42","mode":"bus","color":"#0059a9","colorDark":"#00294f","band":1,"off":[6.8,1.1]}},{"type":"Feature","geometry":{"type":"Point","coordinates":[27.558518,47.190534]},"properties":{"line":"52","mode":"bus","color":"#0059a9","colorDark":"#00294f","band":1,"off":[-3.4,3.1]}},{"type":"Feature","geometry":{"type":"Point","coordinates":[27.558518,47.190534]},"properties":{"line":"701","mode":"bus","color":"#0059a9","colorDark":"#00294f","band":1,"off":[0,3.1]}},{"type":"Feature","geometry":{"type":"Point","coordinates":[27.558518,47.190534]},"properties":{"line":"702","mode":"bus","color":"#0059a9","colorDark":"#00294f","band":1,"off":[3.4,3.1]}},{"type":"Feature","geometry":{"type":"Point","coordinates":[27.598007,47.180192]},"properties":{"name":"Complex Roua Residence","band":1,"modes":"bus","arr":["48"],"off":[0,-0.8]}},{"type":"Feature","geometry":{"type":"Point","coordinates":[27.598007,47.180192]},"properties":{"line":"48","mode":"bus","color":"#0059a9","colorDark":"#00294f","band":1,"off":[0,1.1]}},{"type":"Feature","geometry":{"type":"Point","coordinates":[27.617558,47.176404]},"properties":{"name":"Aeroport","band":1,"modes":"bus","arr":["50"],"off":[0,-0.8]}},{"type":"Feature","geometry":{"type":"Point","coordinates":[27.617558,47.176404]},"properties":{"line":"50","mode":"bus","color":"#0059a9","colorDark":"#00294f","band":1,"off":[0,1.1]}},{"type":"Feature","geometry":{"type":"Point","coordinates":[27.588063,47.174935]},"properties":{"name":"Bulevardul C.A.Rosetti","band":1,"modes":"bus","arr":["54"],"off":[0,-0.8]}},{"type":"Feature","geometry":{"type":"Point","coordinates":[27.588063,47.174935]},"properties":{"line":"54","mode":"bus","color":"#0059a9","colorDark":"#00294f","band":1,"off":[0,1.1]}},{"type":"Feature","geometry":{"type":"Point","coordinates":[27.597046,47.234801]},"properties":{"name":"Str. Ionesti - Dorobant","band":1,"modes":"bus","arr":["101"],"off":[0,-0.8]}},{"type":"Feature","geometry":{"type":"Point","coordinates":[27.597046,47.234801]},"properties":{"line":"101","mode":"bus","color":"#0059a9","colorDark":"#00294f","band":1,"off":[0,1.1]}},{"type":"Feature","geometry":{"type":"Point","coordinates":[27.603306,47.203545]},"properties":{"name":"Rond Aroneanu","band":1,"modes":"bus","arr":["102","104"],"off":[0,-0.8]}},{"type":"Feature","geometry":{"type":"Point","coordinates":[27.603306,47.203545]},"properties":{"line":"102","mode":"bus","color":"#0059a9","colorDark":"#00294f","band":1,"off":[-1.7,1.1]}},{"type":"Feature","geometry":{"type":"Point","coordinates":[27.603306,47.203545]},"properties":{"line":"104","mode":"bus","color":"#0059a9","colorDark":"#00294f","band":1,"off":[1.7,1.1]}},{"type":"Feature","geometry":{"type":"Point","coordinates":[27.587271,47.20396]},"properties":{"name":"Baza Sportiva Sorogari","band":1,"modes":"bus","arr":["103"],"off":[0,-0.8]}},{"type":"Feature","geometry":{"type":"Point","coordinates":[27.587271,47.20396]},"properties":{"line":"103","mode":"bus","color":"#0059a9","colorDark":"#00294f","band":1,"off":[0,1.1]}},{"type":"Feature","geometry":{"type":"Point","coordinates":[27.637919,47.22425]},"properties":{"name":"Pod Emil - Rediu Aldei","band":1,"modes":"bus","arr":["104"],"off":[0,-0.8]}},{"type":"Feature","geometry":{"type":"Point","coordinates":[27.637919,47.22425]},"properties":{"line":"104","mode":"bus","color":"#0059a9","colorDark":"#00294f","band":1,"off":[0,1.1]}},{"type":"Feature","geometry":{"type":"Point","coordinates":[27.664696,47.103115]},"properties":{"name":"City View Paun","band":1,"modes":"bus","arr":["202"],"off":[0,-0.8]}},{"type":"Feature","geometry":{"type":"Point","coordinates":[27.664696,47.103115]},"properties":{"line":"202","mode":"bus","color":"#0059a9","colorDark":"#00294f","band":1,"off":[0,1.1]}},{"type":"Feature","geometry":{"type":"Point","coordinates":[27.603064,47.114934]},"properties":{"name":"Rezidential Decoflor - Visan","band":1,"modes":"bus","arr":["203"],"off":[0,-0.8]}},{"type":"Feature","geometry":{"type":"Point","coordinates":[27.603064,47.114934]},"properties":{"line":"203","mode":"bus","color":"#0059a9","colorDark":"#00294f","band":1,"off":[0,1.1]}},{"type":"Feature","geometry":{"type":"Point","coordinates":[27.547726,47.065264]},"properties":{"name":"Concretica - Dumbrava","band":1,"modes":"bus","arr":["301"],"off":[0,-0.8]}},{"type":"Feature","geometry":{"type":"Point","coordinates":[27.547726,47.065264]},"properties":{"line":"301","mode":"bus","color":"#0059a9","colorDark":"#00294f","band":1,"off":[0,1.1]}},{"type":"Feature","geometry":{"type":"Point","coordinates":[27.668682,47.196172]},"properties":{"name":"Scoala Rusenii Noi","band":1,"modes":"bus","arr":["401"],"off":[0,-0.8]}},{"type":"Feature","geometry":{"type":"Point","coordinates":[27.668682,47.196172]},"properties":{"line":"401","mode":"bus","color":"#0059a9","colorDark":"#00294f","band":1,"off":[0,1.1]}},{"type":"Feature","geometry":{"type":"Point","coordinates":[27.476984,47.130055]},"properties":{"name":"Platou Vorovesti","band":1,"modes":"bus","arr":["501"],"off":[0,-0.8]}},{"type":"Feature","geometry":{"type":"Point","coordinates":[27.476984,47.130055]},"properties":{"line":"501","mode":"bus","color":"#0059a9","colorDark":"#00294f","band":1,"off":[0,1.1]}},{"type":"Feature","geometry":{"type":"Point","coordinates":[27.460991,47.113101]},"properties":{"name":"Ferma Liliac","band":1,"modes":"bus","arr":["501b"],"off":[0,-0.8]}},{"type":"Feature","geometry":{"type":"Point","coordinates":[27.460991,47.113101]},"properties":{"line":"501b","mode":"bus","color":"#0059a9","colorDark":"#00294f","band":1,"off":[0,1.1]}},{"type":"Feature","geometry":{"type":"Point","coordinates":[27.525968,47.096506]},"properties":{"name":"Str. Parcului - Ciurbesti","band":1,"modes":"bus","arr":["502"],"off":[0,-0.8]}},{"type":"Feature","geometry":{"type":"Point","coordinates":[27.525968,47.096506]},"properties":{"line":"502","mode":"bus","color":"#0059a9","colorDark":"#00294f","band":1,"off":[0,1.1]}},{"type":"Feature","geometry":{"type":"Point","coordinates":[27.537006,47.13063]},"properties":{"name":"Str. Mazuru-Valea Adanca","band":1,"modes":"bus","arr":["503"],"off":[0,-0.8]}},{"type":"Feature","geometry":{"type":"Point","coordinates":[27.537006,47.13063]},"properties":{"line":"503","mode":"bus","color":"#0059a9","colorDark":"#00294f","band":1,"off":[0,1.1]}},{"type":"Feature","geometry":{"type":"Point","coordinates":[27.511785,47.287916]},"properties":{"name":"Popricani (1)","band":1,"modes":"bus","arr":["601"],"off":[0,-0.8]}},{"type":"Feature","geometry":{"type":"Point","coordinates":[27.511785,47.287916]},"properties":{"line":"601","mode":"bus","color":"#0059a9","colorDark":"#00294f","band":1,"off":[0,1.1]}},{"type":"Feature","geometry":{"type":"Point","coordinates":[27.446192,47.265661]},"properties":{"name":"Capat Horlesti","band":1,"modes":"bus","arr":["701"],"off":[0,-0.8]}},{"type":"Feature","geometry":{"type":"Point","coordinates":[27.446192,47.265661]},"properties":{"line":"701","mode":"bus","color":"#0059a9","colorDark":"#00294f","band":1,"off":[0,1.1]}},{"type":"Feature","geometry":{"type":"Point","coordinates":[27.716191,47.107323]},"properties":{"name":"Goruni","band":1,"modes":"bus","arr":["801"],"off":[0,-0.8]}},{"type":"Feature","geometry":{"type":"Point","coordinates":[27.716191,47.107323]},"properties":{"line":"801","mode":"bus","color":"#0059a9","colorDark":"#00294f","band":1,"off":[0,1.1]}},{"type":"Feature","geometry":{"type":"Point","coordinates":[27.756718,47.103455]},"properties":{"name":"Rond Chicerea","band":1,"modes":"bus","arr":["802","802b"],"off":[0,-0.8]}},{"type":"Feature","geometry":{"type":"Point","coordinates":[27.756718,47.103455]},"properties":{"line":"802","mode":"bus","color":"#0059a9","colorDark":"#00294f","band":1,"off":[-1.7,1.1]}},{"type":"Feature","geometry":{"type":"Point","coordinates":[27.756718,47.103455]},"properties":{"line":"802b","mode":"bus","color":"#0059a9","colorDark":"#00294f","band":1,"off":[1.7,1.1]}},{"type":"Feature","geometry":{"type":"Point","coordinates":[27.818857,47.123021]},"properties":{"name":"Str. Principala - Opriseni","band":1,"modes":"bus","arr":["803"],"off":[0,-0.8]}},{"type":"Feature","geometry":{"type":"Point","coordinates":[27.818857,47.123021]},"properties":{"line":"803","mode":"bus","color":"#0059a9","colorDark":"#00294f","band":1,"off":[0,1.1]}},{"type":"Feature","geometry":{"type":"Point","coordinates":[27.495904,47.176528]},"properties":{"name":"Primaria Valea Lupului - Valea Lupului","band":1,"modes":"bus","arr":["901"],"off":[0,-0.8]}},{"type":"Feature","geometry":{"type":"Point","coordinates":[27.495904,47.176528]},"properties":{"name":"Primaria Valea Lupului","band":1,"modes":"bus","arr":["901"],"off":[0,-4.1]}},{"type":"Feature","geometry":{"type":"Point","coordinates":[27.495904,47.176528]},"properties":{"line":"901","mode":"bus","color":"#0059a9","colorDark":"#00294f","band":1,"off":[0,1.1]}},{"type":"Feature","geometry":{"type":"Point","coordinates":[27.488364,47.18026]},"properties":{"name":"Str. Rubinului - Valea Lupului","band":1,"modes":"bus","arr":["902"],"off":[0,-0.8]}},{"type":"Feature","geometry":{"type":"Point","coordinates":[27.488364,47.18026]},"properties":{"line":"902","mode":"bus","color":"#0059a9","colorDark":"#00294f","band":1,"off":[0,1.1]}},{"type":"Feature","geometry":{"type":"Point","coordinates":[27.658612,47.15206]},"properties":{"name":"Dancu","band":1,"modes":"tram","arr":["3"],"off":[0,-0.8]}},{"type":"Feature","geometry":{"type":"Point","coordinates":[27.658612,47.15206]},"properties":{"line":"3","mode":"tram","color":"#d6212b","colorDark":"#7c1116","band":1,"off":[0,1.1]}},{"type":"Feature","geometry":{"type":"Point","coordinates":[27.567333,47.123947]},"properties":{"name":"Spital Elytis","band":1,"modes":"tram","arr":["9"],"off":[0,-0.8]}},{"type":"Feature","geometry":{"type":"Point","coordinates":[27.567333,47.123947]},"properties":{"line":"9","mode":"tram","color":"#d6212b","colorDark":"#7c1116","band":1,"off":[0,1.1]}},{"type":"Feature","geometry":{"type":"Point","coordinates":[27.623999,47.156272]},"properties":{"name":"Tătărași Sud","band":2,"modes":"bus","arr":["18","20","47","401"],"off":[0,-0.8]}},{"type":"Feature","geometry":{"type":"Point","coordinates":[27.623999,47.156272]},"properties":{"line":"18","mode":"bus","color":"#0059a9","colorDark":"#00294f","band":2,"off":[-5.1,1.1]}},{"type":"Feature","geometry":{"type":"Point","coordinates":[27.623999,47.156272]},"properties":{"line":"20","mode":"bus","color":"#0059a9","colorDark":"#00294f","band":2,"off":[-1.7,1.1]}},{"type":"Feature","geometry":{"type":"Point","coordinates":[27.623999,47.156272]},"properties":{"line":"47","mode":"bus","color":"#0059a9","colorDark":"#00294f","band":2,"off":[1.7,1.1]}},{"type":"Feature","geometry":{"type":"Point","coordinates":[27.623999,47.156272]},"properties":{"line":"401","mode":"bus","color":"#0059a9","colorDark":"#00294f","band":2,"off":[5.1,1.1]}},{"type":"Feature","geometry":{"type":"Point","coordinates":[27.630473,47.162158]},"properties":{"name":"Str. Mistrețului","band":2,"modes":"bus","arr":["18"],"off":[0,-0.8]}},{"type":"Feature","geometry":{"type":"Point","coordinates":[27.630473,47.162158]},"properties":{"line":"18","mode":"bus","color":"#0059a9","colorDark":"#00294f","band":2,"off":[0,1.1]}},{"type":"Feature","geometry":{"type":"Point","coordinates":[27.535544,47.172695]},"properties":{"name":"Păcurari","band":2,"modes":"tram,bus","arr":["7","19","30","43","46","702","902"],"off":[0,-0.8]}},{"type":"Feature","geometry":{"type":"Point","coordinates":[27.535544,47.172695]},"properties":{"name":"Pacurari","band":2,"modes":"tram,bus","arr":["7","19","30","43","46","702","902"],"off":[0,-1.9]}},{"type":"Feature","geometry":{"type":"Point","coordinates":[27.535544,47.172695]},"properties":{"name":"Canta","band":2,"modes":"tram,bus","arr":["7","19","30","43","46","702","902"],"off":[0,-3]}},{"type":"Feature","geometry":{"type":"Point","coordinates":[27.535544,47.172695]},"properties":{"line":"7","mode":"tram","color":"#d6212b","colorDark":"#7c1116","band":2,"off":[-6.8,1.1]}},{"type":"Feature","geometry":{"type":"Point","coordinates":[27.535544,47.172695]},"properties":{"line":"19","mode":"bus","color":"#0059a9","colorDark":"#00294f","band":2,"off":[-3.4,1.1]}},{"type":"Feature","geometry":{"type":"Point","coordinates":[27.535544,47.172695]},"properties":{"line":"30","mode":"bus","color":"#0059a9","colorDark":"#00294f","band":2,"off":[0,1.1]}},{"type":"Feature","geometry":{"type":"Point","coordinates":[27.535544,47.172695]},"properties":{"line":"43","mode":"bus","color":"#0059a9","colorDark":"#00294f","band":2,"off":[3.4,1.1]}},{"type":"Feature","geometry":{"type":"Point","coordinates":[27.535544,47.172695]},"properties":{"line":"46","mode":"bus","color":"#0059a9","colorDark":"#00294f","band":2,"off":[6.8,1.1]}},{"type":"Feature","geometry":{"type":"Point","coordinates":[27.535544,47.172695]},"properties":{"line":"702","mode":"bus","color":"#0059a9","colorDark":"#00294f","band":2,"off":[-1.7,3.1]}},{"type":"Feature","geometry":{"type":"Point","coordinates":[27.535544,47.172695]},"properties":{"line":"902","mode":"bus","color":"#0059a9","colorDark":"#00294f","band":2,"off":[1.7,3.1]}},{"type":"Feature","geometry":{"type":"Point","coordinates":[27.586397,47.152083]},"properties":{"name":"Podu Ros (4)","band":2,"modes":"bus","arr":["23","23b","501","501b"],"off":[0,-0.8]}},{"type":"Feature","geometry":{"type":"Point","coordinates":[27.586397,47.152083]},"properties":{"name":"Podu Ros","band":2,"modes":"bus","arr":["23","23b","501","501b"],"off":[0,-1.9]}},{"type":"Feature","geometry":{"type":"Point","coordinates":[27.586397,47.152083]},"properties":{"line":"23","mode":"bus","color":"#0059a9","colorDark":"#00294f","band":2,"off":[-5.1,1.1]}},{"type":"Feature","geometry":{"type":"Point","coordinates":[27.586397,47.152083]},"properties":{"line":"23b","mode":"bus","color":"#0059a9","colorDark":"#00294f","band":2,"off":[-1.7,1.1]}},{"type":"Feature","geometry":{"type":"Point","coordinates":[27.586397,47.152083]},"properties":{"line":"501","mode":"bus","color":"#0059a9","colorDark":"#00294f","band":2,"off":[1.7,1.1]}},{"type":"Feature","geometry":{"type":"Point","coordinates":[27.586397,47.152083]},"properties":{"line":"501b","mode":"bus","color":"#0059a9","colorDark":"#00294f","band":2,"off":[5.1,1.1]}},{"type":"Feature","geometry":{"type":"Point","coordinates":[27.588203,47.150498]},"properties":{"name":"Podu Roș (2)","band":2,"modes":"bus","arr":["29","202","203","801","802","802b"],"off":[0,-0.8]}},{"type":"Feature","geometry":{"type":"Point","coordinates":[27.588203,47.150498]},"properties":{"line":"29","mode":"bus","color":"#0059a9","colorDark":"#00294f","band":2,"off":[-6.8,1.1]}},{"type":"Feature","geometry":{"type":"Point","coordinates":[27.588203,47.150498]},"properties":{"line":"202","mode":"bus","color":"#0059a9","colorDark":"#00294f","band":2,"off":[-3.4,1.1]}},{"type":"Feature","geometry":{"type":"Point","coordinates":[27.588203,47.150498]},"properties":{"line":"203","mode":"bus","color":"#0059a9","colorDark":"#00294f","band":2,"off":[0,1.1]}},{"type":"Feature","geometry":{"type":"Point","coordinates":[27.588203,47.150498]},"properties":{"line":"801","mode":"bus","color":"#0059a9","colorDark":"#00294f","band":2,"off":[3.4,1.1]}},{"type":"Feature","geometry":{"type":"Point","coordinates":[27.588203,47.150498]},"properties":{"line":"802","mode":"bus","color":"#0059a9","colorDark":"#00294f","band":2,"off":[6.8,1.1]}},{"type":"Feature","geometry":{"type":"Point","coordinates":[27.588203,47.150498]},"properties":{"line":"802b","mode":"bus","color":"#0059a9","colorDark":"#00294f","band":2,"off":[0,3.1]}},{"type":"Feature","geometry":{"type":"Point","coordinates":[27.576019,47.134043]},"properties":{"name":"C.U.G. I","band":2,"modes":"bus","arr":["19","42","43","43c","301","502","503","503b"],"off":[0,-0.8]}},{"type":"Feature","geometry":{"type":"Point","coordinates":[27.576019,47.134043]},"properties":{"line":"19","mode":"bus","color":"#0059a9","colorDark":"#00294f","band":2,"off":[-6.8,1.1]}},{"type":"Feature","geometry":{"type":"Point","coordinates":[27.576019,47.134043]},"properties":{"line":"42","mode":"bus","color":"#0059a9","colorDark":"#00294f","band":2,"off":[-3.4,1.1]}},{"type":"Feature","geometry":{"type":"Point","coordinates":[27.576019,47.134043]},"properties":{"line":"43","mode":"bus","color":"#0059a9","colorDark":"#00294f","band":2,"off":[0,1.1]}},{"type":"Feature","geometry":{"type":"Point","coordinates":[27.576019,47.134043]},"properties":{"line":"43c","mode":"bus","color":"#0059a9","colorDark":"#00294f","band":2,"off":[3.4,1.1]}},{"type":"Feature","geometry":{"type":"Point","coordinates":[27.576019,47.134043]},"properties":{"line":"301","mode":"bus","color":"#0059a9","colorDark":"#00294f","band":2,"off":[6.8,1.1]}},{"type":"Feature","geometry":{"type":"Point","coordinates":[27.576019,47.134043]},"properties":{"line":"502","mode":"bus","color":"#0059a9","colorDark":"#00294f","band":2,"off":[-3.4,3.1]}},{"type":"Feature","geometry":{"type":"Point","coordinates":[27.576019,47.134043]},"properties":{"line":"503","mode":"bus","color":"#0059a9","colorDark":"#00294f","band":2,"off":[0,3.1]}},{"type":"Feature","geometry":{"type":"Point","coordinates":[27.576019,47.134043]},"properties":{"line":"503b","mode":"bus","color":"#0059a9","colorDark":"#00294f","band":2,"off":[3.4,3.1]}},{"type":"Feature","geometry":{"type":"Point","coordinates":[27.568767,47.167379]},"properties":{"name":"Str. Bacinschi","band":2,"modes":"bus","arr":["901"],"off":[0,-0.8]}},{"type":"Feature","geometry":{"type":"Point","coordinates":[27.568767,47.167379]},"properties":{"line":"901","mode":"bus","color":"#0059a9","colorDark":"#00294f","band":2,"off":[0,1.1]}},{"type":"Feature","geometry":{"type":"Point","coordinates":[27.608423,47.161514]},"properties":{"name":"Tătărași Nord","band":2,"modes":"tram,bus","arr":["11","27"],"off":[0,-0.8]}},{"type":"Feature","geometry":{"type":"Point","coordinates":[27.608423,47.161514]},"properties":{"line":"11","mode":"tram","color":"#d6212b","colorDark":"#7c1116","band":2,"off":[-1.7,1.1]}},{"type":"Feature","geometry":{"type":"Point","coordinates":[27.608423,47.161514]},"properties":{"line":"27","mode":"bus","color":"#0059a9","colorDark":"#00294f","band":2,"off":[1.7,1.1]}},{"type":"Feature","geometry":{"type":"Point","coordinates":[27.579175,47.168586]},"properties":{"name":"Piața Independenței","band":2,"modes":"bus","arr":["41"],"off":[0,-0.8]}},{"type":"Feature","geometry":{"type":"Point","coordinates":[27.579175,47.168586]},"properties":{"line":"41","mode":"bus","color":"#0059a9","colorDark":"#00294f","band":2,"off":[0,1.1]}},{"type":"Feature","geometry":{"type":"Point","coordinates":[27.468988,47.181248]},"properties":{"name":"METRO","band":2,"modes":"bus","arr":["20"],"off":[0,-0.8]}},{"type":"Feature","geometry":{"type":"Point","coordinates":[27.468988,47.181248]},"properties":{"line":"20","mode":"bus","color":"#0059a9","colorDark":"#00294f","band":2,"off":[0,1.1]}},{"type":"Feature","geometry":{"type":"Point","coordinates":[27.512975,47.169119]},"properties":{"name":"Mall Moldova","band":2,"modes":"bus","arr":["30b","43c"],"off":[0,-0.8]}},{"type":"Feature","geometry":{"type":"Point","coordinates":[27.512975,47.169119]},"properties":{"line":"30b","mode":"bus","color":"#0059a9","colorDark":"#00294f","band":2,"off":[-1.7,1.1]}},{"type":"Feature","geometry":{"type":"Point","coordinates":[27.512975,47.169119]},"properties":{"line":"43c","mode":"bus","color":"#0059a9","colorDark":"#00294f","band":2,"off":[1.7,1.1]}},{"type":"Feature","geometry":{"type":"Point","coordinates":[27.590558,47.164432]},"properties":{"name":"Tg. Cucu","band":2,"modes":"tram,bus","arr":["6","48","54","101","102","103","601"],"off":[0,-0.8]}},{"type":"Feature","geometry":{"type":"Point","coordinates":[27.590558,47.164432]},"properties":{"line":"6","mode":"tram","color":"#d6212b","colorDark":"#7c1116","band":2,"off":[-6.8,1.1]}},{"type":"Feature","geometry":{"type":"Point","coordinates":[27.590558,47.164432]},"properties":{"line":"48","mode":"bus","color":"#0059a9","colorDark":"#00294f","band":2,"off":[-3.4,1.1]}},{"type":"Feature","geometry":{"type":"Point","coordinates":[27.590558,47.164432]},"properties":{"line":"54","mode":"bus","color":"#0059a9","colorDark":"#00294f","band":2,"off":[0,1.1]}},{"type":"Feature","geometry":{"type":"Point","coordinates":[27.590558,47.164432]},"properties":{"line":"101","mode":"bus","color":"#0059a9","colorDark":"#00294f","band":2,"off":[3.4,1.1]}},{"type":"Feature","geometry":{"type":"Point","coordinates":[27.590558,47.164432]},"properties":{"line":"102","mode":"bus","color":"#0059a9","colorDark":"#00294f","band":2,"off":[6.8,1.1]}},{"type":"Feature","geometry":{"type":"Point","coordinates":[27.590558,47.164432]},"properties":{"line":"103","mode":"bus","color":"#0059a9","colorDark":"#00294f","band":2,"off":[-1.7,3.1]}},{"type":"Feature","geometry":{"type":"Point","coordinates":[27.590558,47.164432]},"properties":{"line":"601","mode":"bus","color":"#0059a9","colorDark":"#00294f","band":2,"off":[1.7,3.1]}},{"type":"Feature","geometry":{"type":"Point","coordinates":[27.527121,47.145794]},"properties":{"name":"str. Prof. Anton Nitu","band":2,"modes":"bus","arr":["23","503b"],"off":[0,-0.8]}},{"type":"Feature","geometry":{"type":"Point","coordinates":[27.527121,47.145794]},"properties":{"name":"Primaria Miroslava","band":2,"modes":"bus","arr":["23","503b"],"off":[0,-3]}},{"type":"Feature","geometry":{"type":"Point","coordinates":[27.527121,47.145794]},"properties":{"line":"23","mode":"bus","color":"#0059a9","colorDark":"#00294f","band":2,"off":[-1.7,1.1]}},{"type":"Feature","geometry":{"type":"Point","coordinates":[27.527121,47.145794]},"properties":{"line":"503b","mode":"bus","color":"#0059a9","colorDark":"#00294f","band":2,"off":[1.7,1.1]}},{"type":"Feature","geometry":{"type":"Point","coordinates":[27.486,47.11021]},"properties":{"name":"Scoala Proselnici","band":2,"modes":"bus","arr":["23b"],"off":[0,-0.8]}},{"type":"Feature","geometry":{"type":"Point","coordinates":[27.486,47.11021]},"properties":{"line":"23b","mode":"bus","color":"#0059a9","colorDark":"#00294f","band":2,"off":[0,1.1]}},{"type":"Feature","geometry":{"type":"Point","coordinates":[27.561188,47.096684]},"properties":{"name":"Blocuri Ciurea","band":2,"modes":"bus","arr":["27","44"],"off":[0,-0.8]}},{"type":"Feature","geometry":{"type":"Point","coordinates":[27.561188,47.096684]},"properties":{"line":"27","mode":"bus","color":"#0059a9","colorDark":"#00294f","band":2,"off":[-1.7,1.1]}},{"type":"Feature","geometry":{"type":"Point","coordinates":[27.561188,47.096684]},"properties":{"line":"44","mode":"bus","color":"#0059a9","colorDark":"#00294f","band":2,"off":[1.7,1.1]}},{"type":"Feature","geometry":{"type":"Point","coordinates":[27.566582,47.09664]},"properties":{"name":"Blocuri Ciurea","band":2,"modes":"bus","arr":["27","41","44"],"off":[0,-0.8]}},{"type":"Feature","geometry":{"type":"Point","coordinates":[27.566582,47.09664]},"properties":{"line":"27","mode":"bus","color":"#0059a9","colorDark":"#00294f","band":2,"off":[-3.4,1.1]}},{"type":"Feature","geometry":{"type":"Point","coordinates":[27.566582,47.09664]},"properties":{"line":"41","mode":"bus","color":"#0059a9","colorDark":"#00294f","band":2,"off":[0,1.1]}},{"type":"Feature","geometry":{"type":"Point","coordinates":[27.566582,47.09664]},"properties":{"line":"44","mode":"bus","color":"#0059a9","colorDark":"#00294f","band":2,"off":[3.4,1.1]}},{"type":"Feature","geometry":{"type":"Point","coordinates":[27.566937,47.181693]},"properties":{"name":"Triumf Rond","band":2,"modes":"bus","arr":["28"],"off":[0,-0.8]}},{"type":"Feature","geometry":{"type":"Point","coordinates":[27.566937,47.181693]},"properties":{"line":"28","mode":"bus","color":"#0059a9","colorDark":"#00294f","band":2,"off":[0,1.1]}},{"type":"Feature","geometry":{"type":"Point","coordinates":[27.570705,47.160284]},"properties":{"name":"Piața Alexandru cel Bun","band":2,"modes":"bus","arr":["52"],"off":[0,-0.8]}},{"type":"Feature","geometry":{"type":"Point","coordinates":[27.570705,47.160284]},"properties":{"line":"52","mode":"bus","color":"#0059a9","colorDark":"#00294f","band":2,"off":[0,1.1]}},{"type":"Feature","geometry":{"type":"Point","coordinates":[27.540197,47.169261]},"properties":{"name":"Dacia","band":2,"modes":"bus","arr":["28","36","44","47"],"off":[0,-0.8]}},{"type":"Feature","geometry":{"type":"Point","coordinates":[27.540197,47.169261]},"properties":{"line":"28","mode":"bus","color":"#0059a9","colorDark":"#00294f","band":2,"off":[-5.1,1.1]}},{"type":"Feature","geometry":{"type":"Point","coordinates":[27.540197,47.169261]},"properties":{"line":"36","mode":"bus","color":"#0059a9","colorDark":"#00294f","band":2,"off":[-1.7,1.1]}},{"type":"Feature","geometry":{"type":"Point","coordinates":[27.540197,47.169261]},"properties":{"line":"44","mode":"bus","color":"#0059a9","colorDark":"#00294f","band":2,"off":[1.7,1.1]}},{"type":"Feature","geometry":{"type":"Point","coordinates":[27.540197,47.169261]},"properties":{"line":"47","mode":"bus","color":"#0059a9","colorDark":"#00294f","band":2,"off":[5.1,1.1]}},{"type":"Feature","geometry":{"type":"Point","coordinates":[27.643485,47.14336]},"properties":{"name":"Țuțora","band":2,"modes":"tram,bus","arr":["5","7","8","803"],"off":[0,-0.8]}},{"type":"Feature","geometry":{"type":"Point","coordinates":[27.643485,47.14336]},"properties":{"name":"Rond Țuțora","band":2,"modes":"tram,bus","arr":["5","7","8","803"],"off":[0,-1.9]}},{"type":"Feature","geometry":{"type":"Point","coordinates":[27.643485,47.14336]},"properties":{"line":"5","mode":"tram","color":"#d6212b","colorDark":"#7c1116","band":2,"off":[-5.1,1.1]}},{"type":"Feature","geometry":{"type":"Point","coordinates":[27.643485,47.14336]},"properties":{"line":"7","mode":"tram","color":"#d6212b","colorDark":"#7c1116","band":2,"off":[-1.7,1.1]}},{"type":"Feature","geometry":{"type":"Point","coordinates":[27.643485,47.14336]},"properties":{"line":"8","mode":"tram","color":"#d6212b","colorDark":"#7c1116","band":2,"off":[1.7,1.1]}},{"type":"Feature","geometry":{"type":"Point","coordinates":[27.643485,47.14336]},"properties":{"line":"803","mode":"bus","color":"#0059a9","colorDark":"#00294f","band":2,"off":[5.1,1.1]}},{"type":"Feature","geometry":{"type":"Point","coordinates":[27.698246,47.130636]},"properties":{"name":"Tomești","band":2,"modes":"bus","arr":["29"],"off":[0,-0.8]}},{"type":"Feature","geometry":{"type":"Point","coordinates":[27.698246,47.130636]},"properties":{"line":"29","mode":"bus","color":"#0059a9","colorDark":"#00294f","band":2,"off":[0,1.1]}},{"type":"Feature","geometry":{"type":"Point","coordinates":[27.632078,47.116811]},"properties":{"name":"Bucium","band":2,"modes":"bus","arr":["30","30b","46"],"off":[0,-0.8]}},{"type":"Feature","geometry":{"type":"Point","coordinates":[27.632078,47.116811]},"properties":{"line":"30","mode":"bus","color":"#0059a9","colorDark":"#00294f","band":2,"off":[-3.4,1.1]}},{"type":"Feature","geometry":{"type":"Point","coordinates":[27.632078,47.116811]},"properties":{"line":"30b","mode":"bus","color":"#0059a9","colorDark":"#00294f","band":2,"off":[0,1.1]}},{"type":"Feature","geometry":{"type":"Point","coordinates":[27.632078,47.116811]},"properties":{"line":"46","mode":"bus","color":"#0059a9","colorDark":"#00294f","band":2,"off":[3.4,1.1]}},{"type":"Feature","geometry":{"type":"Point","coordinates":[27.531426,47.209505]},"properties":{"name":"Breazu","band":2,"modes":"bus","arr":["36"],"off":[0,-0.8]}},{"type":"Feature","geometry":{"type":"Point","coordinates":[27.531426,47.209505]},"properties":{"line":"36","mode":"bus","color":"#0059a9","colorDark":"#00294f","band":2,"off":[0,1.1]}},{"type":"Feature","geometry":{"type":"Point","coordinates":[27.558518,47.190534]},"properties":{"name":"Copou","band":2,"modes":"tram,bus","arr":["1","8","9","13","42","52","701","702"],"off":[0,-0.8]}},{"type":"Feature","geometry":{"type":"Point","coordinates":[27.558518,47.190534]},"properties":{"line":"1","mode":"tram","color":"#d6212b","colorDark":"#7c1116","band":2,"off":[-6.8,1.1]}},{"type":"Feature","geometry":{"type":"Point","coordinates":[27.558518,47.190534]},"properties":{"line":"8","mode":"tram","color":"#d6212b","colorDark":"#7c1116","band":2,"off":[-3.4,1.1]}},{"type":"Feature","geometry":{"type":"Point","coordinates":[27.558518,47.190534]},"properties":{"line":"9","mode":"tram","color":"#d6212b","colorDark":"#7c1116","band":2,"off":[0,1.1]}},{"type":"Feature","geometry":{"type":"Point","coordinates":[27.558518,47.190534]},"properties":{"line":"13","mode":"tram","color":"#d6212b","colorDark":"#7c1116","band":2,"off":[3.4,1.1]}},{"type":"Feature","geometry":{"type":"Point","coordinates":[27.558518,47.190534]},"properties":{"line":"42","mode":"bus","color":"#0059a9","colorDark":"#00294f","band":2,"off":[6.8,1.1]}},{"type":"Feature","geometry":{"type":"Point","coordinates":[27.558518,47.190534]},"properties":{"line":"52","mode":"bus","color":"#0059a9","colorDark":"#00294f","band":2,"off":[-3.4,3.1]}},{"type":"Feature","geometry":{"type":"Point","coordinates":[27.558518,47.190534]},"properties":{"line":"701","mode":"bus","color":"#0059a9","colorDark":"#00294f","band":2,"off":[0,3.1]}},{"type":"Feature","geometry":{"type":"Point","coordinates":[27.558518,47.190534]},"properties":{"line":"702","mode":"bus","color":"#0059a9","colorDark":"#00294f","band":2,"off":[3.4,3.1]}},{"type":"Feature","geometry":{"type":"Point","coordinates":[27.598007,47.180192]},"properties":{"name":"Complex Roua Residence","band":2,"modes":"bus","arr":["48"],"off":[0,-0.8]}},{"type":"Feature","geometry":{"type":"Point","coordinates":[27.598007,47.180192]},"properties":{"line":"48","mode":"bus","color":"#0059a9","colorDark":"#00294f","band":2,"off":[0,1.1]}},{"type":"Feature","geometry":{"type":"Point","coordinates":[27.57071,47.166176]},"properties":{"name":"Gară","band":2,"modes":"tram,bus","arr":["3","50"],"off":[0,-0.8]}},{"type":"Feature","geometry":{"type":"Point","coordinates":[27.57071,47.166176]},"properties":{"line":"3","mode":"tram","color":"#d6212b","colorDark":"#7c1116","band":2,"off":[-1.7,1.1]}},{"type":"Feature","geometry":{"type":"Point","coordinates":[27.57071,47.166176]},"properties":{"line":"50","mode":"bus","color":"#0059a9","colorDark":"#00294f","band":2,"off":[1.7,1.1]}},{"type":"Feature","geometry":{"type":"Point","coordinates":[27.617558,47.176404]},"properties":{"name":"Aeroport","band":2,"modes":"bus","arr":["50"],"off":[0,-0.8]}},{"type":"Feature","geometry":{"type":"Point","coordinates":[27.617558,47.176404]},"properties":{"line":"50","mode":"bus","color":"#0059a9","colorDark":"#00294f","band":2,"off":[0,1.1]}},{"type":"Feature","geometry":{"type":"Point","coordinates":[27.588063,47.174935]},"properties":{"name":"Bulevardul C.A.Rosetti","band":2,"modes":"bus","arr":["54"],"off":[0,-0.8]}},{"type":"Feature","geometry":{"type":"Point","coordinates":[27.588063,47.174935]},"properties":{"line":"54","mode":"bus","color":"#0059a9","colorDark":"#00294f","band":2,"off":[0,1.1]}},{"type":"Feature","geometry":{"type":"Point","coordinates":[27.597046,47.234801]},"properties":{"name":"Str. Ionesti - Dorobant","band":2,"modes":"bus","arr":["101"],"off":[0,-0.8]}},{"type":"Feature","geometry":{"type":"Point","coordinates":[27.597046,47.234801]},"properties":{"line":"101","mode":"bus","color":"#0059a9","colorDark":"#00294f","band":2,"off":[0,1.1]}},{"type":"Feature","geometry":{"type":"Point","coordinates":[27.603306,47.203545]},"properties":{"name":"Rond Aroneanu","band":2,"modes":"bus","arr":["102","104"],"off":[0,-0.8]}},{"type":"Feature","geometry":{"type":"Point","coordinates":[27.603306,47.203545]},"properties":{"line":"102","mode":"bus","color":"#0059a9","colorDark":"#00294f","band":2,"off":[-1.7,1.1]}},{"type":"Feature","geometry":{"type":"Point","coordinates":[27.603306,47.203545]},"properties":{"line":"104","mode":"bus","color":"#0059a9","colorDark":"#00294f","band":2,"off":[1.7,1.1]}},{"type":"Feature","geometry":{"type":"Point","coordinates":[27.587271,47.20396]},"properties":{"name":"Baza Sportiva Sorogari","band":2,"modes":"bus","arr":["103"],"off":[0,-0.8]}},{"type":"Feature","geometry":{"type":"Point","coordinates":[27.587271,47.20396]},"properties":{"line":"103","mode":"bus","color":"#0059a9","colorDark":"#00294f","band":2,"off":[0,1.1]}},{"type":"Feature","geometry":{"type":"Point","coordinates":[27.637919,47.22425]},"properties":{"name":"Pod Emil - Rediu Aldei","band":2,"modes":"bus","arr":["104"],"off":[0,-0.8]}},{"type":"Feature","geometry":{"type":"Point","coordinates":[27.637919,47.22425]},"properties":{"line":"104","mode":"bus","color":"#0059a9","colorDark":"#00294f","band":2,"off":[0,1.1]}},{"type":"Feature","geometry":{"type":"Point","coordinates":[27.664696,47.103115]},"properties":{"name":"City View Paun","band":2,"modes":"bus","arr":["202"],"off":[0,-0.8]}},{"type":"Feature","geometry":{"type":"Point","coordinates":[27.664696,47.103115]},"properties":{"line":"202","mode":"bus","color":"#0059a9","colorDark":"#00294f","band":2,"off":[0,1.1]}},{"type":"Feature","geometry":{"type":"Point","coordinates":[27.603064,47.114934]},"properties":{"name":"Rezidential Decoflor - Visan","band":2,"modes":"bus","arr":["203"],"off":[0,-0.8]}},{"type":"Feature","geometry":{"type":"Point","coordinates":[27.603064,47.114934]},"properties":{"line":"203","mode":"bus","color":"#0059a9","colorDark":"#00294f","band":2,"off":[0,1.1]}},{"type":"Feature","geometry":{"type":"Point","coordinates":[27.547726,47.065264]},"properties":{"name":"Concretica - Dumbrava","band":2,"modes":"bus","arr":["301"],"off":[0,-0.8]}},{"type":"Feature","geometry":{"type":"Point","coordinates":[27.547726,47.065264]},"properties":{"line":"301","mode":"bus","color":"#0059a9","colorDark":"#00294f","band":2,"off":[0,1.1]}},{"type":"Feature","geometry":{"type":"Point","coordinates":[27.668682,47.196172]},"properties":{"name":"Scoala Rusenii Noi","band":2,"modes":"bus","arr":["401"],"off":[0,-0.8]}},{"type":"Feature","geometry":{"type":"Point","coordinates":[27.668682,47.196172]},"properties":{"line":"401","mode":"bus","color":"#0059a9","colorDark":"#00294f","band":2,"off":[0,1.1]}},{"type":"Feature","geometry":{"type":"Point","coordinates":[27.476984,47.130055]},"properties":{"name":"Platou Vorovesti","band":2,"modes":"bus","arr":["501"],"off":[0,-0.8]}},{"type":"Feature","geometry":{"type":"Point","coordinates":[27.476984,47.130055]},"properties":{"line":"501","mode":"bus","color":"#0059a9","colorDark":"#00294f","band":2,"off":[0,1.1]}},{"type":"Feature","geometry":{"type":"Point","coordinates":[27.460991,47.113101]},"properties":{"name":"Ferma Liliac","band":2,"modes":"bus","arr":["501b"],"off":[0,-0.8]}},{"type":"Feature","geometry":{"type":"Point","coordinates":[27.460991,47.113101]},"properties":{"line":"501b","mode":"bus","color":"#0059a9","colorDark":"#00294f","band":2,"off":[0,1.1]}},{"type":"Feature","geometry":{"type":"Point","coordinates":[27.525968,47.096506]},"properties":{"name":"Str. Parcului - Ciurbesti","band":2,"modes":"bus","arr":["502"],"off":[0,-0.8]}},{"type":"Feature","geometry":{"type":"Point","coordinates":[27.525968,47.096506]},"properties":{"line":"502","mode":"bus","color":"#0059a9","colorDark":"#00294f","band":2,"off":[0,1.1]}},{"type":"Feature","geometry":{"type":"Point","coordinates":[27.537006,47.13063]},"properties":{"name":"Str. Mazuru-Valea Adanca","band":2,"modes":"bus","arr":["503"],"off":[0,-0.8]}},{"type":"Feature","geometry":{"type":"Point","coordinates":[27.537006,47.13063]},"properties":{"line":"503","mode":"bus","color":"#0059a9","colorDark":"#00294f","band":2,"off":[0,1.1]}},{"type":"Feature","geometry":{"type":"Point","coordinates":[27.511785,47.287916]},"properties":{"name":"Popricani (1)","band":2,"modes":"bus","arr":["601"],"off":[0,-0.8]}},{"type":"Feature","geometry":{"type":"Point","coordinates":[27.511785,47.287916]},"properties":{"line":"601","mode":"bus","color":"#0059a9","colorDark":"#00294f","band":2,"off":[0,1.1]}},{"type":"Feature","geometry":{"type":"Point","coordinates":[27.446192,47.265661]},"properties":{"name":"Capat Horlesti","band":2,"modes":"bus","arr":["701"],"off":[0,-0.8]}},{"type":"Feature","geometry":{"type":"Point","coordinates":[27.446192,47.265661]},"properties":{"line":"701","mode":"bus","color":"#0059a9","colorDark":"#00294f","band":2,"off":[0,1.1]}},{"type":"Feature","geometry":{"type":"Point","coordinates":[27.716191,47.107323]},"properties":{"name":"Goruni","band":2,"modes":"bus","arr":["801"],"off":[0,-0.8]}},{"type":"Feature","geometry":{"type":"Point","coordinates":[27.716191,47.107323]},"properties":{"line":"801","mode":"bus","color":"#0059a9","colorDark":"#00294f","band":2,"off":[0,1.1]}},{"type":"Feature","geometry":{"type":"Point","coordinates":[27.756718,47.103455]},"properties":{"name":"Rond Chicerea","band":2,"modes":"bus","arr":["802","802b"],"off":[0,-0.8]}},{"type":"Feature","geometry":{"type":"Point","coordinates":[27.756718,47.103455]},"properties":{"line":"802","mode":"bus","color":"#0059a9","colorDark":"#00294f","band":2,"off":[-1.7,1.1]}},{"type":"Feature","geometry":{"type":"Point","coordinates":[27.756718,47.103455]},"properties":{"line":"802b","mode":"bus","color":"#0059a9","colorDark":"#00294f","band":2,"off":[1.7,1.1]}},{"type":"Feature","geometry":{"type":"Point","coordinates":[27.818857,47.123021]},"properties":{"name":"Str. Principala - Opriseni","band":2,"modes":"bus","arr":["803"],"off":[0,-0.8]}},{"type":"Feature","geometry":{"type":"Point","coordinates":[27.818857,47.123021]},"properties":{"line":"803","mode":"bus","color":"#0059a9","colorDark":"#00294f","band":2,"off":[0,1.1]}},{"type":"Feature","geometry":{"type":"Point","coordinates":[27.495904,47.176528]},"properties":{"name":"Primaria Valea Lupului - Valea Lupului","band":2,"modes":"bus","arr":["901"],"off":[0,-0.8]}},{"type":"Feature","geometry":{"type":"Point","coordinates":[27.495904,47.176528]},"properties":{"name":"Primaria Valea Lupului","band":2,"modes":"bus","arr":["901"],"off":[0,-4.1]}},{"type":"Feature","geometry":{"type":"Point","coordinates":[27.495904,47.176528]},"properties":{"line":"901","mode":"bus","color":"#0059a9","colorDark":"#00294f","band":2,"off":[0,1.1]}},{"type":"Feature","geometry":{"type":"Point","coordinates":[27.488364,47.18026]},"properties":{"name":"Str. Rubinului - Valea Lupului","band":2,"modes":"bus","arr":["902"],"off":[0,-0.8]}},{"type":"Feature","geometry":{"type":"Point","coordinates":[27.488364,47.18026]},"properties":{"line":"902","mode":"bus","color":"#0059a9","colorDark":"#00294f","band":2,"off":[0,1.1]}},{"type":"Feature","geometry":{"type":"Point","coordinates":[27.658612,47.15206]},"properties":{"name":"Dancu","band":2,"modes":"tram","arr":["3"],"off":[0,-0.8]}},{"type":"Feature","geometry":{"type":"Point","coordinates":[27.658612,47.15206]},"properties":{"line":"3","mode":"tram","color":"#d6212b","colorDark":"#7c1116","band":2,"off":[0,1.1]}},{"type":"Feature","geometry":{"type":"Point","coordinates":[27.541786,47.167985]},"properties":{"name":"Dacia","band":2,"modes":"tram","arr":["5","6","11"],"off":[0,-0.8]}},{"type":"Feature","geometry":{"type":"Point","coordinates":[27.541786,47.167985]},"properties":{"line":"5","mode":"tram","color":"#d6212b","colorDark":"#7c1116","band":2,"off":[-3.4,1.1]}},{"type":"Feature","geometry":{"type":"Point","coordinates":[27.541786,47.167985]},"properties":{"line":"6","mode":"tram","color":"#d6212b","colorDark":"#7c1116","band":2,"off":[0,1.1]}},{"type":"Feature","geometry":{"type":"Point","coordinates":[27.541786,47.167985]},"properties":{"line":"11","mode":"tram","color":"#d6212b","colorDark":"#7c1116","band":2,"off":[3.4,1.1]}},{"type":"Feature","geometry":{"type":"Point","coordinates":[27.567333,47.123947]},"properties":{"name":"Spital Elytis","band":2,"modes":"tram","arr":["9"],"off":[0,-0.8]}},{"type":"Feature","geometry":{"type":"Point","coordinates":[27.567333,47.123947]},"properties":{"line":"9","mode":"tram","color":"#d6212b","colorDark":"#7c1116","band":2,"off":[0,1.1]}},{"type":"Feature","geometry":{"type":"Point","coordinates":[27.623999,47.156272]},"properties":{"name":"Tătărași Sud","band":3,"modes":"bus","arr":["18","20","47","401"],"off":[0,-0.8]}},{"type":"Feature","geometry":{"type":"Point","coordinates":[27.623999,47.156272]},"properties":{"line":"18","mode":"bus","color":"#0059a9","colorDark":"#00294f","band":3,"off":[-5.1,1.1]}},{"type":"Feature","geometry":{"type":"Point","coordinates":[27.623999,47.156272]},"properties":{"line":"20","mode":"bus","color":"#0059a9","colorDark":"#00294f","band":3,"off":[-1.7,1.1]}},{"type":"Feature","geometry":{"type":"Point","coordinates":[27.623999,47.156272]},"properties":{"line":"47","mode":"bus","color":"#0059a9","colorDark":"#00294f","band":3,"off":[1.7,1.1]}},{"type":"Feature","geometry":{"type":"Point","coordinates":[27.623999,47.156272]},"properties":{"line":"401","mode":"bus","color":"#0059a9","colorDark":"#00294f","band":3,"off":[5.1,1.1]}},{"type":"Feature","geometry":{"type":"Point","coordinates":[27.630473,47.162158]},"properties":{"name":"Str. Mistrețului","band":3,"modes":"bus","arr":["18"],"off":[0,-0.8]}},{"type":"Feature","geometry":{"type":"Point","coordinates":[27.630473,47.162158]},"properties":{"line":"18","mode":"bus","color":"#0059a9","colorDark":"#00294f","band":3,"off":[0,1.1]}},{"type":"Feature","geometry":{"type":"Point","coordinates":[27.53739,47.1724]},"properties":{"name":"Canta","band":3,"modes":"tram,bus","arr":["7","19","30","902"],"off":[0,-0.8]}},{"type":"Feature","geometry":{"type":"Point","coordinates":[27.53739,47.1724]},"properties":{"line":"7","mode":"tram","color":"#d6212b","colorDark":"#7c1116","band":3,"off":[-5.1,1.1]}},{"type":"Feature","geometry":{"type":"Point","coordinates":[27.53739,47.1724]},"properties":{"line":"19","mode":"bus","color":"#0059a9","colorDark":"#00294f","band":3,"off":[-1.7,1.1]}},{"type":"Feature","geometry":{"type":"Point","coordinates":[27.53739,47.1724]},"properties":{"line":"30","mode":"bus","color":"#0059a9","colorDark":"#00294f","band":3,"off":[1.7,1.1]}},{"type":"Feature","geometry":{"type":"Point","coordinates":[27.53739,47.1724]},"properties":{"line":"902","mode":"bus","color":"#0059a9","colorDark":"#00294f","band":3,"off":[5.1,1.1]}},{"type":"Feature","geometry":{"type":"Point","coordinates":[27.586397,47.152083]},"properties":{"name":"Podu Ros (4)","band":3,"modes":"bus","arr":["23","23b","501","501b"],"off":[0,-0.8]}},{"type":"Feature","geometry":{"type":"Point","coordinates":[27.586397,47.152083]},"properties":{"name":"Podu Ros","band":3,"modes":"bus","arr":["23","23b","501","501b"],"off":[0,-1.9]}},{"type":"Feature","geometry":{"type":"Point","coordinates":[27.586397,47.152083]},"properties":{"line":"23","mode":"bus","color":"#0059a9","colorDark":"#00294f","band":3,"off":[-5.1,1.1]}},{"type":"Feature","geometry":{"type":"Point","coordinates":[27.586397,47.152083]},"properties":{"line":"23b","mode":"bus","color":"#0059a9","colorDark":"#00294f","band":3,"off":[-1.7,1.1]}},{"type":"Feature","geometry":{"type":"Point","coordinates":[27.586397,47.152083]},"properties":{"line":"501","mode":"bus","color":"#0059a9","colorDark":"#00294f","band":3,"off":[1.7,1.1]}},{"type":"Feature","geometry":{"type":"Point","coordinates":[27.586397,47.152083]},"properties":{"line":"501b","mode":"bus","color":"#0059a9","colorDark":"#00294f","band":3,"off":[5.1,1.1]}},{"type":"Feature","geometry":{"type":"Point","coordinates":[27.588203,47.150498]},"properties":{"name":"Podu Roș (2)","band":3,"modes":"bus","arr":["29","202","203","801","802","802b"],"off":[0,-0.8]}},{"type":"Feature","geometry":{"type":"Point","coordinates":[27.588203,47.150498]},"properties":{"line":"29","mode":"bus","color":"#0059a9","colorDark":"#00294f","band":3,"off":[-6.8,1.1]}},{"type":"Feature","geometry":{"type":"Point","coordinates":[27.588203,47.150498]},"properties":{"line":"202","mode":"bus","color":"#0059a9","colorDark":"#00294f","band":3,"off":[-3.4,1.1]}},{"type":"Feature","geometry":{"type":"Point","coordinates":[27.588203,47.150498]},"properties":{"line":"203","mode":"bus","color":"#0059a9","colorDark":"#00294f","band":3,"off":[0,1.1]}},{"type":"Feature","geometry":{"type":"Point","coordinates":[27.588203,47.150498]},"properties":{"line":"801","mode":"bus","color":"#0059a9","colorDark":"#00294f","band":3,"off":[3.4,1.1]}},{"type":"Feature","geometry":{"type":"Point","coordinates":[27.588203,47.150498]},"properties":{"line":"802","mode":"bus","color":"#0059a9","colorDark":"#00294f","band":3,"off":[6.8,1.1]}},{"type":"Feature","geometry":{"type":"Point","coordinates":[27.588203,47.150498]},"properties":{"line":"802b","mode":"bus","color":"#0059a9","colorDark":"#00294f","band":3,"off":[0,3.1]}},{"type":"Feature","geometry":{"type":"Point","coordinates":[27.576019,47.134043]},"properties":{"name":"C.U.G. I","band":3,"modes":"bus","arr":["19","42","43","43c","301","502","503","503b"],"off":[0,-0.8]}},{"type":"Feature","geometry":{"type":"Point","coordinates":[27.576019,47.134043]},"properties":{"line":"19","mode":"bus","color":"#0059a9","colorDark":"#00294f","band":3,"off":[-6.8,1.1]}},{"type":"Feature","geometry":{"type":"Point","coordinates":[27.576019,47.134043]},"properties":{"line":"42","mode":"bus","color":"#0059a9","colorDark":"#00294f","band":3,"off":[-3.4,1.1]}},{"type":"Feature","geometry":{"type":"Point","coordinates":[27.576019,47.134043]},"properties":{"line":"43","mode":"bus","color":"#0059a9","colorDark":"#00294f","band":3,"off":[0,1.1]}},{"type":"Feature","geometry":{"type":"Point","coordinates":[27.576019,47.134043]},"properties":{"line":"43c","mode":"bus","color":"#0059a9","colorDark":"#00294f","band":3,"off":[3.4,1.1]}},{"type":"Feature","geometry":{"type":"Point","coordinates":[27.576019,47.134043]},"properties":{"line":"301","mode":"bus","color":"#0059a9","colorDark":"#00294f","band":3,"off":[6.8,1.1]}},{"type":"Feature","geometry":{"type":"Point","coordinates":[27.576019,47.134043]},"properties":{"line":"502","mode":"bus","color":"#0059a9","colorDark":"#00294f","band":3,"off":[-3.4,3.1]}},{"type":"Feature","geometry":{"type":"Point","coordinates":[27.576019,47.134043]},"properties":{"line":"503","mode":"bus","color":"#0059a9","colorDark":"#00294f","band":3,"off":[0,3.1]}},{"type":"Feature","geometry":{"type":"Point","coordinates":[27.576019,47.134043]},"properties":{"line":"503b","mode":"bus","color":"#0059a9","colorDark":"#00294f","band":3,"off":[3.4,3.1]}},{"type":"Feature","geometry":{"type":"Point","coordinates":[27.568767,47.167379]},"properties":{"name":"Str. Bacinschi","band":3,"modes":"bus","arr":["901"],"off":[0,-0.8]}},{"type":"Feature","geometry":{"type":"Point","coordinates":[27.568767,47.167379]},"properties":{"line":"901","mode":"bus","color":"#0059a9","colorDark":"#00294f","band":3,"off":[0,1.1]}},{"type":"Feature","geometry":{"type":"Point","coordinates":[27.608423,47.161514]},"properties":{"name":"Tătărași Nord","band":3,"modes":"tram,bus","arr":["11","27"],"off":[0,-0.8]}},{"type":"Feature","geometry":{"type":"Point","coordinates":[27.608423,47.161514]},"properties":{"line":"11","mode":"tram","color":"#d6212b","colorDark":"#7c1116","band":3,"off":[-1.7,1.1]}},{"type":"Feature","geometry":{"type":"Point","coordinates":[27.608423,47.161514]},"properties":{"line":"27","mode":"bus","color":"#0059a9","colorDark":"#00294f","band":3,"off":[1.7,1.1]}},{"type":"Feature","geometry":{"type":"Point","coordinates":[27.579175,47.168586]},"properties":{"name":"Piața Independenței","band":3,"modes":"bus","arr":["41"],"off":[0,-0.8]}},{"type":"Feature","geometry":{"type":"Point","coordinates":[27.579175,47.168586]},"properties":{"line":"41","mode":"bus","color":"#0059a9","colorDark":"#00294f","band":3,"off":[0,1.1]}},{"type":"Feature","geometry":{"type":"Point","coordinates":[27.533698,47.172991]},"properties":{"name":"Păcurari","band":3,"modes":"bus","arr":["43","46","702"],"off":[0,-0.8]}},{"type":"Feature","geometry":{"type":"Point","coordinates":[27.533698,47.172991]},"properties":{"name":"Pacurari","band":3,"modes":"bus","arr":["43","46","702"],"off":[0,-1.9]}},{"type":"Feature","geometry":{"type":"Point","coordinates":[27.533698,47.172991]},"properties":{"line":"43","mode":"bus","color":"#0059a9","colorDark":"#00294f","band":3,"off":[-3.4,1.1]}},{"type":"Feature","geometry":{"type":"Point","coordinates":[27.533698,47.172991]},"properties":{"line":"46","mode":"bus","color":"#0059a9","colorDark":"#00294f","band":3,"off":[0,1.1]}},{"type":"Feature","geometry":{"type":"Point","coordinates":[27.533698,47.172991]},"properties":{"line":"702","mode":"bus","color":"#0059a9","colorDark":"#00294f","band":3,"off":[3.4,1.1]}},{"type":"Feature","geometry":{"type":"Point","coordinates":[27.468988,47.181248]},"properties":{"name":"METRO","band":3,"modes":"bus","arr":["20"],"off":[0,-0.8]}},{"type":"Feature","geometry":{"type":"Point","coordinates":[27.468988,47.181248]},"properties":{"line":"20","mode":"bus","color":"#0059a9","colorDark":"#00294f","band":3,"off":[0,1.1]}},{"type":"Feature","geometry":{"type":"Point","coordinates":[27.512975,47.169119]},"properties":{"name":"Mall Moldova","band":3,"modes":"bus","arr":["30b","43c"],"off":[0,-0.8]}},{"type":"Feature","geometry":{"type":"Point","coordinates":[27.512975,47.169119]},"properties":{"line":"30b","mode":"bus","color":"#0059a9","colorDark":"#00294f","band":3,"off":[-1.7,1.1]}},{"type":"Feature","geometry":{"type":"Point","coordinates":[27.512975,47.169119]},"properties":{"line":"43c","mode":"bus","color":"#0059a9","colorDark":"#00294f","band":3,"off":[1.7,1.1]}},{"type":"Feature","geometry":{"type":"Point","coordinates":[27.590936,47.164725]},"properties":{"name":"Tg. Cucu","band":3,"modes":"bus","arr":["48","54","101","102","103","601"],"off":[0,-0.8]}},{"type":"Feature","geometry":{"type":"Point","coordinates":[27.590936,47.164725]},"properties":{"line":"48","mode":"bus","color":"#0059a9","colorDark":"#00294f","band":3,"off":[-6.8,1.1]}},{"type":"Feature","geometry":{"type":"Point","coordinates":[27.590936,47.164725]},"properties":{"line":"54","mode":"bus","color":"#0059a9","colorDark":"#00294f","band":3,"off":[-3.4,1.1]}},{"type":"Feature","geometry":{"type":"Point","coordinates":[27.590936,47.164725]},"properties":{"line":"101","mode":"bus","color":"#0059a9","colorDark":"#00294f","band":3,"off":[0,1.1]}},{"type":"Feature","geometry":{"type":"Point","coordinates":[27.590936,47.164725]},"properties":{"line":"102","mode":"bus","color":"#0059a9","colorDark":"#00294f","band":3,"off":[3.4,1.1]}},{"type":"Feature","geometry":{"type":"Point","coordinates":[27.590936,47.164725]},"properties":{"line":"103","mode":"bus","color":"#0059a9","colorDark":"#00294f","band":3,"off":[6.8,1.1]}},{"type":"Feature","geometry":{"type":"Point","coordinates":[27.590936,47.164725]},"properties":{"line":"601","mode":"bus","color":"#0059a9","colorDark":"#00294f","band":3,"off":[0,3.1]}},{"type":"Feature","geometry":{"type":"Point","coordinates":[27.528135,47.146241]},"properties":{"name":"Primaria Miroslava","band":3,"modes":"bus","arr":["23"],"off":[0,-0.8]}},{"type":"Feature","geometry":{"type":"Point","coordinates":[27.528135,47.146241]},"properties":{"line":"23","mode":"bus","color":"#0059a9","colorDark":"#00294f","band":3,"off":[0,1.1]}},{"type":"Feature","geometry":{"type":"Point","coordinates":[27.486,47.11021]},"properties":{"name":"Scoala Proselnici","band":3,"modes":"bus","arr":["23b"],"off":[0,-0.8]}},{"type":"Feature","geometry":{"type":"Point","coordinates":[27.486,47.11021]},"properties":{"line":"23b","mode":"bus","color":"#0059a9","colorDark":"#00294f","band":3,"off":[0,1.1]}},{"type":"Feature","geometry":{"type":"Point","coordinates":[27.561188,47.096684]},"properties":{"name":"Blocuri Ciurea","band":3,"modes":"bus","arr":["27","44"],"off":[0,-0.8]}},{"type":"Feature","geometry":{"type":"Point","coordinates":[27.561188,47.096684]},"properties":{"line":"27","mode":"bus","color":"#0059a9","colorDark":"#00294f","band":3,"off":[-1.7,1.1]}},{"type":"Feature","geometry":{"type":"Point","coordinates":[27.561188,47.096684]},"properties":{"line":"44","mode":"bus","color":"#0059a9","colorDark":"#00294f","band":3,"off":[1.7,1.1]}},{"type":"Feature","geometry":{"type":"Point","coordinates":[27.566582,47.09664]},"properties":{"name":"Blocuri Ciurea","band":3,"modes":"bus","arr":["27","41","44"],"off":[0,-0.8]}},{"type":"Feature","geometry":{"type":"Point","coordinates":[27.566582,47.09664]},"properties":{"line":"27","mode":"bus","color":"#0059a9","colorDark":"#00294f","band":3,"off":[-3.4,1.1]}},{"type":"Feature","geometry":{"type":"Point","coordinates":[27.566582,47.09664]},"properties":{"line":"41","mode":"bus","color":"#0059a9","colorDark":"#00294f","band":3,"off":[0,1.1]}},{"type":"Feature","geometry":{"type":"Point","coordinates":[27.566582,47.09664]},"properties":{"line":"44","mode":"bus","color":"#0059a9","colorDark":"#00294f","band":3,"off":[3.4,1.1]}},{"type":"Feature","geometry":{"type":"Point","coordinates":[27.566937,47.181693]},"properties":{"name":"Triumf Rond","band":3,"modes":"bus","arr":["28"],"off":[0,-0.8]}},{"type":"Feature","geometry":{"type":"Point","coordinates":[27.566937,47.181693]},"properties":{"line":"28","mode":"bus","color":"#0059a9","colorDark":"#00294f","band":3,"off":[0,1.1]}},{"type":"Feature","geometry":{"type":"Point","coordinates":[27.570705,47.160284]},"properties":{"name":"Piața Alexandru cel Bun","band":3,"modes":"bus","arr":["52"],"off":[0,-0.8]}},{"type":"Feature","geometry":{"type":"Point","coordinates":[27.570705,47.160284]},"properties":{"line":"52","mode":"bus","color":"#0059a9","colorDark":"#00294f","band":3,"off":[0,1.1]}},{"type":"Feature","geometry":{"type":"Point","coordinates":[27.540197,47.169261]},"properties":{"name":"Dacia","band":3,"modes":"bus","arr":["28","36","44","47"],"off":[0,-0.8]}},{"type":"Feature","geometry":{"type":"Point","coordinates":[27.540197,47.169261]},"properties":{"line":"28","mode":"bus","color":"#0059a9","colorDark":"#00294f","band":3,"off":[-5.1,1.1]}},{"type":"Feature","geometry":{"type":"Point","coordinates":[27.540197,47.169261]},"properties":{"line":"36","mode":"bus","color":"#0059a9","colorDark":"#00294f","band":3,"off":[-1.7,1.1]}},{"type":"Feature","geometry":{"type":"Point","coordinates":[27.540197,47.169261]},"properties":{"line":"44","mode":"bus","color":"#0059a9","colorDark":"#00294f","band":3,"off":[1.7,1.1]}},{"type":"Feature","geometry":{"type":"Point","coordinates":[27.540197,47.169261]},"properties":{"line":"47","mode":"bus","color":"#0059a9","colorDark":"#00294f","band":3,"off":[5.1,1.1]}},{"type":"Feature","geometry":{"type":"Point","coordinates":[27.643485,47.14336]},"properties":{"name":"Țuțora","band":3,"modes":"tram,bus","arr":["5","7","8","803"],"off":[0,-0.8]}},{"type":"Feature","geometry":{"type":"Point","coordinates":[27.643485,47.14336]},"properties":{"name":"Rond Țuțora","band":3,"modes":"tram,bus","arr":["5","7","8","803"],"off":[0,-1.9]}},{"type":"Feature","geometry":{"type":"Point","coordinates":[27.643485,47.14336]},"properties":{"line":"5","mode":"tram","color":"#d6212b","colorDark":"#7c1116","band":3,"off":[-5.1,1.1]}},{"type":"Feature","geometry":{"type":"Point","coordinates":[27.643485,47.14336]},"properties":{"line":"7","mode":"tram","color":"#d6212b","colorDark":"#7c1116","band":3,"off":[-1.7,1.1]}},{"type":"Feature","geometry":{"type":"Point","coordinates":[27.643485,47.14336]},"properties":{"line":"8","mode":"tram","color":"#d6212b","colorDark":"#7c1116","band":3,"off":[1.7,1.1]}},{"type":"Feature","geometry":{"type":"Point","coordinates":[27.643485,47.14336]},"properties":{"line":"803","mode":"bus","color":"#0059a9","colorDark":"#00294f","band":3,"off":[5.1,1.1]}},{"type":"Feature","geometry":{"type":"Point","coordinates":[27.698246,47.130636]},"properties":{"name":"Tomești","band":3,"modes":"bus","arr":["29"],"off":[0,-0.8]}},{"type":"Feature","geometry":{"type":"Point","coordinates":[27.698246,47.130636]},"properties":{"line":"29","mode":"bus","color":"#0059a9","colorDark":"#00294f","band":3,"off":[0,1.1]}},{"type":"Feature","geometry":{"type":"Point","coordinates":[27.632078,47.116811]},"properties":{"name":"Bucium","band":3,"modes":"bus","arr":["30","30b","46"],"off":[0,-0.8]}},{"type":"Feature","geometry":{"type":"Point","coordinates":[27.632078,47.116811]},"properties":{"line":"30","mode":"bus","color":"#0059a9","colorDark":"#00294f","band":3,"off":[-3.4,1.1]}},{"type":"Feature","geometry":{"type":"Point","coordinates":[27.632078,47.116811]},"properties":{"line":"30b","mode":"bus","color":"#0059a9","colorDark":"#00294f","band":3,"off":[0,1.1]}},{"type":"Feature","geometry":{"type":"Point","coordinates":[27.632078,47.116811]},"properties":{"line":"46","mode":"bus","color":"#0059a9","colorDark":"#00294f","band":3,"off":[3.4,1.1]}},{"type":"Feature","geometry":{"type":"Point","coordinates":[27.531426,47.209505]},"properties":{"name":"Breazu","band":3,"modes":"bus","arr":["36"],"off":[0,-0.8]}},{"type":"Feature","geometry":{"type":"Point","coordinates":[27.531426,47.209505]},"properties":{"line":"36","mode":"bus","color":"#0059a9","colorDark":"#00294f","band":3,"off":[0,1.1]}},{"type":"Feature","geometry":{"type":"Point","coordinates":[27.558518,47.190534]},"properties":{"name":"Copou","band":3,"modes":"tram,bus","arr":["1","8","9","13","42","52","701","702"],"off":[0,-0.8]}},{"type":"Feature","geometry":{"type":"Point","coordinates":[27.558518,47.190534]},"properties":{"line":"1","mode":"tram","color":"#d6212b","colorDark":"#7c1116","band":3,"off":[-6.8,1.1]}},{"type":"Feature","geometry":{"type":"Point","coordinates":[27.558518,47.190534]},"properties":{"line":"8","mode":"tram","color":"#d6212b","colorDark":"#7c1116","band":3,"off":[-3.4,1.1]}},{"type":"Feature","geometry":{"type":"Point","coordinates":[27.558518,47.190534]},"properties":{"line":"9","mode":"tram","color":"#d6212b","colorDark":"#7c1116","band":3,"off":[0,1.1]}},{"type":"Feature","geometry":{"type":"Point","coordinates":[27.558518,47.190534]},"properties":{"line":"13","mode":"tram","color":"#d6212b","colorDark":"#7c1116","band":3,"off":[3.4,1.1]}},{"type":"Feature","geometry":{"type":"Point","coordinates":[27.558518,47.190534]},"properties":{"line":"42","mode":"bus","color":"#0059a9","colorDark":"#00294f","band":3,"off":[6.8,1.1]}},{"type":"Feature","geometry":{"type":"Point","coordinates":[27.558518,47.190534]},"properties":{"line":"52","mode":"bus","color":"#0059a9","colorDark":"#00294f","band":3,"off":[-3.4,3.1]}},{"type":"Feature","geometry":{"type":"Point","coordinates":[27.558518,47.190534]},"properties":{"line":"701","mode":"bus","color":"#0059a9","colorDark":"#00294f","band":3,"off":[0,3.1]}},{"type":"Feature","geometry":{"type":"Point","coordinates":[27.558518,47.190534]},"properties":{"line":"702","mode":"bus","color":"#0059a9","colorDark":"#00294f","band":3,"off":[3.4,3.1]}},{"type":"Feature","geometry":{"type":"Point","coordinates":[27.598007,47.180192]},"properties":{"name":"Complex Roua Residence","band":3,"modes":"bus","arr":["48"],"off":[0,-0.8]}},{"type":"Feature","geometry":{"type":"Point","coordinates":[27.598007,47.180192]},"properties":{"line":"48","mode":"bus","color":"#0059a9","colorDark":"#00294f","band":3,"off":[0,1.1]}},{"type":"Feature","geometry":{"type":"Point","coordinates":[27.57071,47.166176]},"properties":{"name":"Gară","band":3,"modes":"tram,bus","arr":["3","50"],"off":[0,-0.8]}},{"type":"Feature","geometry":{"type":"Point","coordinates":[27.57071,47.166176]},"properties":{"line":"3","mode":"tram","color":"#d6212b","colorDark":"#7c1116","band":3,"off":[-1.7,1.1]}},{"type":"Feature","geometry":{"type":"Point","coordinates":[27.57071,47.166176]},"properties":{"line":"50","mode":"bus","color":"#0059a9","colorDark":"#00294f","band":3,"off":[1.7,1.1]}},{"type":"Feature","geometry":{"type":"Point","coordinates":[27.617558,47.176404]},"properties":{"name":"Aeroport","band":3,"modes":"bus","arr":["50"],"off":[0,-0.8]}},{"type":"Feature","geometry":{"type":"Point","coordinates":[27.617558,47.176404]},"properties":{"line":"50","mode":"bus","color":"#0059a9","colorDark":"#00294f","band":3,"off":[0,1.1]}},{"type":"Feature","geometry":{"type":"Point","coordinates":[27.588063,47.174935]},"properties":{"name":"Bulevardul C.A.Rosetti","band":3,"modes":"bus","arr":["54"],"off":[0,-0.8]}},{"type":"Feature","geometry":{"type":"Point","coordinates":[27.588063,47.174935]},"properties":{"line":"54","mode":"bus","color":"#0059a9","colorDark":"#00294f","band":3,"off":[0,1.1]}},{"type":"Feature","geometry":{"type":"Point","coordinates":[27.597046,47.234801]},"properties":{"name":"Str. Ionesti - Dorobant","band":3,"modes":"bus","arr":["101"],"off":[0,-0.8]}},{"type":"Feature","geometry":{"type":"Point","coordinates":[27.597046,47.234801]},"properties":{"line":"101","mode":"bus","color":"#0059a9","colorDark":"#00294f","band":3,"off":[0,1.1]}},{"type":"Feature","geometry":{"type":"Point","coordinates":[27.603306,47.203545]},"properties":{"name":"Rond Aroneanu","band":3,"modes":"bus","arr":["102","104"],"off":[0,-0.8]}},{"type":"Feature","geometry":{"type":"Point","coordinates":[27.603306,47.203545]},"properties":{"line":"102","mode":"bus","color":"#0059a9","colorDark":"#00294f","band":3,"off":[-1.7,1.1]}},{"type":"Feature","geometry":{"type":"Point","coordinates":[27.603306,47.203545]},"properties":{"line":"104","mode":"bus","color":"#0059a9","colorDark":"#00294f","band":3,"off":[1.7,1.1]}},{"type":"Feature","geometry":{"type":"Point","coordinates":[27.587271,47.20396]},"properties":{"name":"Baza Sportiva Sorogari","band":3,"modes":"bus","arr":["103"],"off":[0,-0.8]}},{"type":"Feature","geometry":{"type":"Point","coordinates":[27.587271,47.20396]},"properties":{"line":"103","mode":"bus","color":"#0059a9","colorDark":"#00294f","band":3,"off":[0,1.1]}},{"type":"Feature","geometry":{"type":"Point","coordinates":[27.637919,47.22425]},"properties":{"name":"Pod Emil - Rediu Aldei","band":3,"modes":"bus","arr":["104"],"off":[0,-0.8]}},{"type":"Feature","geometry":{"type":"Point","coordinates":[27.637919,47.22425]},"properties":{"line":"104","mode":"bus","color":"#0059a9","colorDark":"#00294f","band":3,"off":[0,1.1]}},{"type":"Feature","geometry":{"type":"Point","coordinates":[27.664696,47.103115]},"properties":{"name":"City View Paun","band":3,"modes":"bus","arr":["202"],"off":[0,-0.8]}},{"type":"Feature","geometry":{"type":"Point","coordinates":[27.664696,47.103115]},"properties":{"line":"202","mode":"bus","color":"#0059a9","colorDark":"#00294f","band":3,"off":[0,1.1]}},{"type":"Feature","geometry":{"type":"Point","coordinates":[27.603064,47.114934]},"properties":{"name":"Rezidential Decoflor - Visan","band":3,"modes":"bus","arr":["203"],"off":[0,-0.8]}},{"type":"Feature","geometry":{"type":"Point","coordinates":[27.603064,47.114934]},"properties":{"line":"203","mode":"bus","color":"#0059a9","colorDark":"#00294f","band":3,"off":[0,1.1]}},{"type":"Feature","geometry":{"type":"Point","coordinates":[27.547726,47.065264]},"properties":{"name":"Concretica - Dumbrava","band":3,"modes":"bus","arr":["301"],"off":[0,-0.8]}},{"type":"Feature","geometry":{"type":"Point","coordinates":[27.547726,47.065264]},"properties":{"line":"301","mode":"bus","color":"#0059a9","colorDark":"#00294f","band":3,"off":[0,1.1]}},{"type":"Feature","geometry":{"type":"Point","coordinates":[27.668682,47.196172]},"properties":{"name":"Scoala Rusenii Noi","band":3,"modes":"bus","arr":["401"],"off":[0,-0.8]}},{"type":"Feature","geometry":{"type":"Point","coordinates":[27.668682,47.196172]},"properties":{"line":"401","mode":"bus","color":"#0059a9","colorDark":"#00294f","band":3,"off":[0,1.1]}},{"type":"Feature","geometry":{"type":"Point","coordinates":[27.476984,47.130055]},"properties":{"name":"Platou Vorovesti","band":3,"modes":"bus","arr":["501"],"off":[0,-0.8]}},{"type":"Feature","geometry":{"type":"Point","coordinates":[27.476984,47.130055]},"properties":{"line":"501","mode":"bus","color":"#0059a9","colorDark":"#00294f","band":3,"off":[0,1.1]}},{"type":"Feature","geometry":{"type":"Point","coordinates":[27.460991,47.113101]},"properties":{"name":"Ferma Liliac","band":3,"modes":"bus","arr":["501b"],"off":[0,-0.8]}},{"type":"Feature","geometry":{"type":"Point","coordinates":[27.460991,47.113101]},"properties":{"line":"501b","mode":"bus","color":"#0059a9","colorDark":"#00294f","band":3,"off":[0,1.1]}},{"type":"Feature","geometry":{"type":"Point","coordinates":[27.525968,47.096506]},"properties":{"name":"Str. Parcului - Ciurbesti","band":3,"modes":"bus","arr":["502"],"off":[0,-0.8]}},{"type":"Feature","geometry":{"type":"Point","coordinates":[27.525968,47.096506]},"properties":{"line":"502","mode":"bus","color":"#0059a9","colorDark":"#00294f","band":3,"off":[0,1.1]}},{"type":"Feature","geometry":{"type":"Point","coordinates":[27.537006,47.13063]},"properties":{"name":"Str. Mazuru-Valea Adanca","band":3,"modes":"bus","arr":["503"],"off":[0,-0.8]}},{"type":"Feature","geometry":{"type":"Point","coordinates":[27.537006,47.13063]},"properties":{"line":"503","mode":"bus","color":"#0059a9","colorDark":"#00294f","band":3,"off":[0,1.1]}},{"type":"Feature","geometry":{"type":"Point","coordinates":[27.526107,47.145346]},"properties":{"name":"str. Prof. Anton Nitu","band":3,"modes":"bus","arr":["503b"],"off":[0,-0.8]}},{"type":"Feature","geometry":{"type":"Point","coordinates":[27.526107,47.145346]},"properties":{"line":"503b","mode":"bus","color":"#0059a9","colorDark":"#00294f","band":3,"off":[0,1.1]}},{"type":"Feature","geometry":{"type":"Point","coordinates":[27.511785,47.287916]},"properties":{"name":"Popricani (1)","band":3,"modes":"bus","arr":["601"],"off":[0,-0.8]}},{"type":"Feature","geometry":{"type":"Point","coordinates":[27.511785,47.287916]},"properties":{"line":"601","mode":"bus","color":"#0059a9","colorDark":"#00294f","band":3,"off":[0,1.1]}},{"type":"Feature","geometry":{"type":"Point","coordinates":[27.446192,47.265661]},"properties":{"name":"Capat Horlesti","band":3,"modes":"bus","arr":["701"],"off":[0,-0.8]}},{"type":"Feature","geometry":{"type":"Point","coordinates":[27.446192,47.265661]},"properties":{"line":"701","mode":"bus","color":"#0059a9","colorDark":"#00294f","band":3,"off":[0,1.1]}},{"type":"Feature","geometry":{"type":"Point","coordinates":[27.716191,47.107323]},"properties":{"name":"Goruni","band":3,"modes":"bus","arr":["801"],"off":[0,-0.8]}},{"type":"Feature","geometry":{"type":"Point","coordinates":[27.716191,47.107323]},"properties":{"line":"801","mode":"bus","color":"#0059a9","colorDark":"#00294f","band":3,"off":[0,1.1]}},{"type":"Feature","geometry":{"type":"Point","coordinates":[27.756718,47.103455]},"properties":{"name":"Rond Chicerea","band":3,"modes":"bus","arr":["802","802b"],"off":[0,-0.8]}},{"type":"Feature","geometry":{"type":"Point","coordinates":[27.756718,47.103455]},"properties":{"line":"802","mode":"bus","color":"#0059a9","colorDark":"#00294f","band":3,"off":[-1.7,1.1]}},{"type":"Feature","geometry":{"type":"Point","coordinates":[27.756718,47.103455]},"properties":{"line":"802b","mode":"bus","color":"#0059a9","colorDark":"#00294f","band":3,"off":[1.7,1.1]}},{"type":"Feature","geometry":{"type":"Point","coordinates":[27.818857,47.123021]},"properties":{"name":"Str. Principala - Opriseni","band":3,"modes":"bus","arr":["803"],"off":[0,-0.8]}},{"type":"Feature","geometry":{"type":"Point","coordinates":[27.818857,47.123021]},"properties":{"line":"803","mode":"bus","color":"#0059a9","colorDark":"#00294f","band":3,"off":[0,1.1]}},{"type":"Feature","geometry":{"type":"Point","coordinates":[27.495904,47.176528]},"properties":{"name":"Primaria Valea Lupului - Valea Lupului","band":3,"modes":"bus","arr":["901"],"off":[0,-0.8]}},{"type":"Feature","geometry":{"type":"Point","coordinates":[27.495904,47.176528]},"properties":{"name":"Primaria Valea Lupului","band":3,"modes":"bus","arr":["901"],"off":[0,-4.1]}},{"type":"Feature","geometry":{"type":"Point","coordinates":[27.495904,47.176528]},"properties":{"line":"901","mode":"bus","color":"#0059a9","colorDark":"#00294f","band":3,"off":[0,1.1]}},{"type":"Feature","geometry":{"type":"Point","coordinates":[27.488364,47.18026]},"properties":{"name":"Str. Rubinului - Valea Lupului","band":3,"modes":"bus","arr":["902"],"off":[0,-0.8]}},{"type":"Feature","geometry":{"type":"Point","coordinates":[27.488364,47.18026]},"properties":{"line":"902","mode":"bus","color":"#0059a9","colorDark":"#00294f","band":3,"off":[0,1.1]}},{"type":"Feature","geometry":{"type":"Point","coordinates":[27.59018,47.164138]},"properties":{"name":"Tg. Cucu","band":3,"modes":"tram","arr":["6"],"off":[0,-0.8]}},{"type":"Feature","geometry":{"type":"Point","coordinates":[27.59018,47.164138]},"properties":{"line":"6","mode":"tram","color":"#d6212b","colorDark":"#7c1116","band":3,"off":[0,1.1]}},{"type":"Feature","geometry":{"type":"Point","coordinates":[27.658612,47.15206]},"properties":{"name":"Dancu","band":3,"modes":"tram","arr":["3"],"off":[0,-0.8]}},{"type":"Feature","geometry":{"type":"Point","coordinates":[27.658612,47.15206]},"properties":{"line":"3","mode":"tram","color":"#d6212b","colorDark":"#7c1116","band":3,"off":[0,1.1]}},{"type":"Feature","geometry":{"type":"Point","coordinates":[27.541786,47.167985]},"properties":{"name":"Dacia","band":3,"modes":"tram","arr":["5","6","11"],"off":[0,-0.8]}},{"type":"Feature","geometry":{"type":"Point","coordinates":[27.541786,47.167985]},"properties":{"line":"5","mode":"tram","color":"#d6212b","colorDark":"#7c1116","band":3,"off":[-3.4,1.1]}},{"type":"Feature","geometry":{"type":"Point","coordinates":[27.541786,47.167985]},"properties":{"line":"6","mode":"tram","color":"#d6212b","colorDark":"#7c1116","band":3,"off":[0,1.1]}},{"type":"Feature","geometry":{"type":"Point","coordinates":[27.541786,47.167985]},"properties":{"line":"11","mode":"tram","color":"#d6212b","colorDark":"#7c1116","band":3,"off":[3.4,1.1]}},{"type":"Feature","geometry":{"type":"Point","coordinates":[27.567333,47.123947]},"properties":{"name":"Spital Elytis","band":3,"modes":"tram","arr":["9"],"off":[0,-0.8]}},{"type":"Feature","geometry":{"type":"Point","coordinates":[27.567333,47.123947]},"properties":{"line":"9","mode":"tram","color":"#d6212b","colorDark":"#7c1116","band":3,"off":[0,1.1]}},{"type":"Feature","geometry":{"type":"Point","coordinates":[27.623999,47.156272]},"properties":{"name":"Tătărași Sud","band":4,"modes":"bus","arr":["18","20","47","401"],"off":[0,-0.8]}},{"type":"Feature","geometry":{"type":"Point","coordinates":[27.623999,47.156272]},"properties":{"line":"18","mode":"bus","color":"#0059a9","colorDark":"#00294f","band":4,"off":[-5.1,1.1]}},{"type":"Feature","geometry":{"type":"Point","coordinates":[27.623999,47.156272]},"properties":{"line":"20","mode":"bus","color":"#0059a9","colorDark":"#00294f","band":4,"off":[-1.7,1.1]}},{"type":"Feature","geometry":{"type":"Point","coordinates":[27.623999,47.156272]},"properties":{"line":"47","mode":"bus","color":"#0059a9","colorDark":"#00294f","band":4,"off":[1.7,1.1]}},{"type":"Feature","geometry":{"type":"Point","coordinates":[27.623999,47.156272]},"properties":{"line":"401","mode":"bus","color":"#0059a9","colorDark":"#00294f","band":4,"off":[5.1,1.1]}},{"type":"Feature","geometry":{"type":"Point","coordinates":[27.630473,47.162158]},"properties":{"name":"Str. Mistrețului","band":4,"modes":"bus","arr":["18"],"off":[0,-0.8]}},{"type":"Feature","geometry":{"type":"Point","coordinates":[27.630473,47.162158]},"properties":{"line":"18","mode":"bus","color":"#0059a9","colorDark":"#00294f","band":4,"off":[0,1.1]}},{"type":"Feature","geometry":{"type":"Point","coordinates":[27.53739,47.1724]},"properties":{"name":"Canta","band":4,"modes":"tram,bus","arr":["7","19","30","902"],"off":[0,-0.8]}},{"type":"Feature","geometry":{"type":"Point","coordinates":[27.53739,47.1724]},"properties":{"line":"7","mode":"tram","color":"#d6212b","colorDark":"#7c1116","band":4,"off":[-5.1,1.1]}},{"type":"Feature","geometry":{"type":"Point","coordinates":[27.53739,47.1724]},"properties":{"line":"19","mode":"bus","color":"#0059a9","colorDark":"#00294f","band":4,"off":[-1.7,1.1]}},{"type":"Feature","geometry":{"type":"Point","coordinates":[27.53739,47.1724]},"properties":{"line":"30","mode":"bus","color":"#0059a9","colorDark":"#00294f","band":4,"off":[1.7,1.1]}},{"type":"Feature","geometry":{"type":"Point","coordinates":[27.53739,47.1724]},"properties":{"line":"902","mode":"bus","color":"#0059a9","colorDark":"#00294f","band":4,"off":[5.1,1.1]}},{"type":"Feature","geometry":{"type":"Point","coordinates":[27.586397,47.152083]},"properties":{"name":"Podu Ros (4)","band":4,"modes":"bus","arr":["23","23b","501","501b"],"off":[0,-0.8]}},{"type":"Feature","geometry":{"type":"Point","coordinates":[27.586397,47.152083]},"properties":{"name":"Podu Ros","band":4,"modes":"bus","arr":["23","23b","501","501b"],"off":[0,-1.9]}},{"type":"Feature","geometry":{"type":"Point","coordinates":[27.586397,47.152083]},"properties":{"line":"23","mode":"bus","color":"#0059a9","colorDark":"#00294f","band":4,"off":[-5.1,1.1]}},{"type":"Feature","geometry":{"type":"Point","coordinates":[27.586397,47.152083]},"properties":{"line":"23b","mode":"bus","color":"#0059a9","colorDark":"#00294f","band":4,"off":[-1.7,1.1]}},{"type":"Feature","geometry":{"type":"Point","coordinates":[27.586397,47.152083]},"properties":{"line":"501","mode":"bus","color":"#0059a9","colorDark":"#00294f","band":4,"off":[1.7,1.1]}},{"type":"Feature","geometry":{"type":"Point","coordinates":[27.586397,47.152083]},"properties":{"line":"501b","mode":"bus","color":"#0059a9","colorDark":"#00294f","band":4,"off":[5.1,1.1]}},{"type":"Feature","geometry":{"type":"Point","coordinates":[27.588203,47.150498]},"properties":{"name":"Podu Roș (2)","band":4,"modes":"bus","arr":["29","202","203","801","802","802b"],"off":[0,-0.8]}},{"type":"Feature","geometry":{"type":"Point","coordinates":[27.588203,47.150498]},"properties":{"line":"29","mode":"bus","color":"#0059a9","colorDark":"#00294f","band":4,"off":[-6.8,1.1]}},{"type":"Feature","geometry":{"type":"Point","coordinates":[27.588203,47.150498]},"properties":{"line":"202","mode":"bus","color":"#0059a9","colorDark":"#00294f","band":4,"off":[-3.4,1.1]}},{"type":"Feature","geometry":{"type":"Point","coordinates":[27.588203,47.150498]},"properties":{"line":"203","mode":"bus","color":"#0059a9","colorDark":"#00294f","band":4,"off":[0,1.1]}},{"type":"Feature","geometry":{"type":"Point","coordinates":[27.588203,47.150498]},"properties":{"line":"801","mode":"bus","color":"#0059a9","colorDark":"#00294f","band":4,"off":[3.4,1.1]}},{"type":"Feature","geometry":{"type":"Point","coordinates":[27.588203,47.150498]},"properties":{"line":"802","mode":"bus","color":"#0059a9","colorDark":"#00294f","band":4,"off":[6.8,1.1]}},{"type":"Feature","geometry":{"type":"Point","coordinates":[27.588203,47.150498]},"properties":{"line":"802b","mode":"bus","color":"#0059a9","colorDark":"#00294f","band":4,"off":[0,3.1]}},{"type":"Feature","geometry":{"type":"Point","coordinates":[27.576019,47.134043]},"properties":{"name":"C.U.G. I","band":4,"modes":"bus","arr":["19","42","43","43c","301","502","503","503b"],"off":[0,-0.8]}},{"type":"Feature","geometry":{"type":"Point","coordinates":[27.576019,47.134043]},"properties":{"line":"19","mode":"bus","color":"#0059a9","colorDark":"#00294f","band":4,"off":[-6.8,1.1]}},{"type":"Feature","geometry":{"type":"Point","coordinates":[27.576019,47.134043]},"properties":{"line":"42","mode":"bus","color":"#0059a9","colorDark":"#00294f","band":4,"off":[-3.4,1.1]}},{"type":"Feature","geometry":{"type":"Point","coordinates":[27.576019,47.134043]},"properties":{"line":"43","mode":"bus","color":"#0059a9","colorDark":"#00294f","band":4,"off":[0,1.1]}},{"type":"Feature","geometry":{"type":"Point","coordinates":[27.576019,47.134043]},"properties":{"line":"43c","mode":"bus","color":"#0059a9","colorDark":"#00294f","band":4,"off":[3.4,1.1]}},{"type":"Feature","geometry":{"type":"Point","coordinates":[27.576019,47.134043]},"properties":{"line":"301","mode":"bus","color":"#0059a9","colorDark":"#00294f","band":4,"off":[6.8,1.1]}},{"type":"Feature","geometry":{"type":"Point","coordinates":[27.576019,47.134043]},"properties":{"line":"502","mode":"bus","color":"#0059a9","colorDark":"#00294f","band":4,"off":[-3.4,3.1]}},{"type":"Feature","geometry":{"type":"Point","coordinates":[27.576019,47.134043]},"properties":{"line":"503","mode":"bus","color":"#0059a9","colorDark":"#00294f","band":4,"off":[0,3.1]}},{"type":"Feature","geometry":{"type":"Point","coordinates":[27.576019,47.134043]},"properties":{"line":"503b","mode":"bus","color":"#0059a9","colorDark":"#00294f","band":4,"off":[3.4,3.1]}},{"type":"Feature","geometry":{"type":"Point","coordinates":[27.568767,47.167379]},"properties":{"name":"Str. Bacinschi","band":4,"modes":"bus","arr":["901"],"off":[0,-0.8]}},{"type":"Feature","geometry":{"type":"Point","coordinates":[27.568767,47.167379]},"properties":{"line":"901","mode":"bus","color":"#0059a9","colorDark":"#00294f","band":4,"off":[0,1.1]}},{"type":"Feature","geometry":{"type":"Point","coordinates":[27.608423,47.161514]},"properties":{"name":"Tătărași Nord","band":4,"modes":"tram,bus","arr":["11","27"],"off":[0,-0.8]}},{"type":"Feature","geometry":{"type":"Point","coordinates":[27.608423,47.161514]},"properties":{"line":"11","mode":"tram","color":"#d6212b","colorDark":"#7c1116","band":4,"off":[-1.7,1.1]}},{"type":"Feature","geometry":{"type":"Point","coordinates":[27.608423,47.161514]},"properties":{"line":"27","mode":"bus","color":"#0059a9","colorDark":"#00294f","band":4,"off":[1.7,1.1]}},{"type":"Feature","geometry":{"type":"Point","coordinates":[27.579175,47.168586]},"properties":{"name":"Piața Independenței","band":4,"modes":"bus","arr":["41"],"off":[0,-0.8]}},{"type":"Feature","geometry":{"type":"Point","coordinates":[27.579175,47.168586]},"properties":{"line":"41","mode":"bus","color":"#0059a9","colorDark":"#00294f","band":4,"off":[0,1.1]}},{"type":"Feature","geometry":{"type":"Point","coordinates":[27.533698,47.172991]},"properties":{"name":"Păcurari","band":4,"modes":"bus","arr":["43","46","702"],"off":[0,-0.8]}},{"type":"Feature","geometry":{"type":"Point","coordinates":[27.533698,47.172991]},"properties":{"name":"Pacurari","band":4,"modes":"bus","arr":["43","46","702"],"off":[0,-1.9]}},{"type":"Feature","geometry":{"type":"Point","coordinates":[27.533698,47.172991]},"properties":{"line":"43","mode":"bus","color":"#0059a9","colorDark":"#00294f","band":4,"off":[-3.4,1.1]}},{"type":"Feature","geometry":{"type":"Point","coordinates":[27.533698,47.172991]},"properties":{"line":"46","mode":"bus","color":"#0059a9","colorDark":"#00294f","band":4,"off":[0,1.1]}},{"type":"Feature","geometry":{"type":"Point","coordinates":[27.533698,47.172991]},"properties":{"line":"702","mode":"bus","color":"#0059a9","colorDark":"#00294f","band":4,"off":[3.4,1.1]}},{"type":"Feature","geometry":{"type":"Point","coordinates":[27.468988,47.181248]},"properties":{"name":"METRO","band":4,"modes":"bus","arr":["20"],"off":[0,-0.8]}},{"type":"Feature","geometry":{"type":"Point","coordinates":[27.468988,47.181248]},"properties":{"line":"20","mode":"bus","color":"#0059a9","colorDark":"#00294f","band":4,"off":[0,1.1]}},{"type":"Feature","geometry":{"type":"Point","coordinates":[27.512975,47.169119]},"properties":{"name":"Mall Moldova","band":4,"modes":"bus","arr":["30b","43c"],"off":[0,-0.8]}},{"type":"Feature","geometry":{"type":"Point","coordinates":[27.512975,47.169119]},"properties":{"line":"30b","mode":"bus","color":"#0059a9","colorDark":"#00294f","band":4,"off":[-1.7,1.1]}},{"type":"Feature","geometry":{"type":"Point","coordinates":[27.512975,47.169119]},"properties":{"line":"43c","mode":"bus","color":"#0059a9","colorDark":"#00294f","band":4,"off":[1.7,1.1]}},{"type":"Feature","geometry":{"type":"Point","coordinates":[27.590936,47.164725]},"properties":{"name":"Tg. Cucu","band":4,"modes":"bus","arr":["48","54","101","102","103","601"],"off":[0,-0.8]}},{"type":"Feature","geometry":{"type":"Point","coordinates":[27.590936,47.164725]},"properties":{"line":"48","mode":"bus","color":"#0059a9","colorDark":"#00294f","band":4,"off":[-6.8,1.1]}},{"type":"Feature","geometry":{"type":"Point","coordinates":[27.590936,47.164725]},"properties":{"line":"54","mode":"bus","color":"#0059a9","colorDark":"#00294f","band":4,"off":[-3.4,1.1]}},{"type":"Feature","geometry":{"type":"Point","coordinates":[27.590936,47.164725]},"properties":{"line":"101","mode":"bus","color":"#0059a9","colorDark":"#00294f","band":4,"off":[0,1.1]}},{"type":"Feature","geometry":{"type":"Point","coordinates":[27.590936,47.164725]},"properties":{"line":"102","mode":"bus","color":"#0059a9","colorDark":"#00294f","band":4,"off":[3.4,1.1]}},{"type":"Feature","geometry":{"type":"Point","coordinates":[27.590936,47.164725]},"properties":{"line":"103","mode":"bus","color":"#0059a9","colorDark":"#00294f","band":4,"off":[6.8,1.1]}},{"type":"Feature","geometry":{"type":"Point","coordinates":[27.590936,47.164725]},"properties":{"line":"601","mode":"bus","color":"#0059a9","colorDark":"#00294f","band":4,"off":[0,3.1]}},{"type":"Feature","geometry":{"type":"Point","coordinates":[27.528135,47.146241]},"properties":{"name":"Primaria Miroslava","band":4,"modes":"bus","arr":["23"],"off":[0,-0.8]}},{"type":"Feature","geometry":{"type":"Point","coordinates":[27.528135,47.146241]},"properties":{"line":"23","mode":"bus","color":"#0059a9","colorDark":"#00294f","band":4,"off":[0,1.1]}},{"type":"Feature","geometry":{"type":"Point","coordinates":[27.486,47.11021]},"properties":{"name":"Scoala Proselnici","band":4,"modes":"bus","arr":["23b"],"off":[0,-0.8]}},{"type":"Feature","geometry":{"type":"Point","coordinates":[27.486,47.11021]},"properties":{"line":"23b","mode":"bus","color":"#0059a9","colorDark":"#00294f","band":4,"off":[0,1.1]}},{"type":"Feature","geometry":{"type":"Point","coordinates":[27.561188,47.096684]},"properties":{"name":"Blocuri Ciurea","band":4,"modes":"bus","arr":["27","44"],"off":[0,-0.8]}},{"type":"Feature","geometry":{"type":"Point","coordinates":[27.561188,47.096684]},"properties":{"line":"27","mode":"bus","color":"#0059a9","colorDark":"#00294f","band":4,"off":[-1.7,1.1]}},{"type":"Feature","geometry":{"type":"Point","coordinates":[27.561188,47.096684]},"properties":{"line":"44","mode":"bus","color":"#0059a9","colorDark":"#00294f","band":4,"off":[1.7,1.1]}},{"type":"Feature","geometry":{"type":"Point","coordinates":[27.566582,47.09664]},"properties":{"name":"Blocuri Ciurea","band":4,"modes":"bus","arr":["27","41","44"],"off":[0,-0.8]}},{"type":"Feature","geometry":{"type":"Point","coordinates":[27.566582,47.09664]},"properties":{"line":"27","mode":"bus","color":"#0059a9","colorDark":"#00294f","band":4,"off":[-3.4,1.1]}},{"type":"Feature","geometry":{"type":"Point","coordinates":[27.566582,47.09664]},"properties":{"line":"41","mode":"bus","color":"#0059a9","colorDark":"#00294f","band":4,"off":[0,1.1]}},{"type":"Feature","geometry":{"type":"Point","coordinates":[27.566582,47.09664]},"properties":{"line":"44","mode":"bus","color":"#0059a9","colorDark":"#00294f","band":4,"off":[3.4,1.1]}},{"type":"Feature","geometry":{"type":"Point","coordinates":[27.566937,47.181693]},"properties":{"name":"Triumf Rond","band":4,"modes":"bus","arr":["28"],"off":[0,-0.8]}},{"type":"Feature","geometry":{"type":"Point","coordinates":[27.566937,47.181693]},"properties":{"line":"28","mode":"bus","color":"#0059a9","colorDark":"#00294f","band":4,"off":[0,1.1]}},{"type":"Feature","geometry":{"type":"Point","coordinates":[27.570705,47.160284]},"properties":{"name":"Piața Alexandru cel Bun","band":4,"modes":"bus","arr":["52"],"off":[0,-0.8]}},{"type":"Feature","geometry":{"type":"Point","coordinates":[27.570705,47.160284]},"properties":{"line":"52","mode":"bus","color":"#0059a9","colorDark":"#00294f","band":4,"off":[0,1.1]}},{"type":"Feature","geometry":{"type":"Point","coordinates":[27.540197,47.169261]},"properties":{"name":"Dacia","band":4,"modes":"bus","arr":["28","36","44","47"],"off":[0,-0.8]}},{"type":"Feature","geometry":{"type":"Point","coordinates":[27.540197,47.169261]},"properties":{"line":"28","mode":"bus","color":"#0059a9","colorDark":"#00294f","band":4,"off":[-5.1,1.1]}},{"type":"Feature","geometry":{"type":"Point","coordinates":[27.540197,47.169261]},"properties":{"line":"36","mode":"bus","color":"#0059a9","colorDark":"#00294f","band":4,"off":[-1.7,1.1]}},{"type":"Feature","geometry":{"type":"Point","coordinates":[27.540197,47.169261]},"properties":{"line":"44","mode":"bus","color":"#0059a9","colorDark":"#00294f","band":4,"off":[1.7,1.1]}},{"type":"Feature","geometry":{"type":"Point","coordinates":[27.540197,47.169261]},"properties":{"line":"47","mode":"bus","color":"#0059a9","colorDark":"#00294f","band":4,"off":[5.1,1.1]}},{"type":"Feature","geometry":{"type":"Point","coordinates":[27.643485,47.14336]},"properties":{"name":"Țuțora","band":4,"modes":"tram,bus","arr":["5","7","8","803"],"off":[0,-0.8]}},{"type":"Feature","geometry":{"type":"Point","coordinates":[27.643485,47.14336]},"properties":{"name":"Rond Țuțora","band":4,"modes":"tram,bus","arr":["5","7","8","803"],"off":[0,-1.9]}},{"type":"Feature","geometry":{"type":"Point","coordinates":[27.643485,47.14336]},"properties":{"line":"5","mode":"tram","color":"#d6212b","colorDark":"#7c1116","band":4,"off":[-5.1,1.1]}},{"type":"Feature","geometry":{"type":"Point","coordinates":[27.643485,47.14336]},"properties":{"line":"7","mode":"tram","color":"#d6212b","colorDark":"#7c1116","band":4,"off":[-1.7,1.1]}},{"type":"Feature","geometry":{"type":"Point","coordinates":[27.643485,47.14336]},"properties":{"line":"8","mode":"tram","color":"#d6212b","colorDark":"#7c1116","band":4,"off":[1.7,1.1]}},{"type":"Feature","geometry":{"type":"Point","coordinates":[27.643485,47.14336]},"properties":{"line":"803","mode":"bus","color":"#0059a9","colorDark":"#00294f","band":4,"off":[5.1,1.1]}},{"type":"Feature","geometry":{"type":"Point","coordinates":[27.698246,47.130636]},"properties":{"name":"Tomești","band":4,"modes":"bus","arr":["29"],"off":[0,-0.8]}},{"type":"Feature","geometry":{"type":"Point","coordinates":[27.698246,47.130636]},"properties":{"line":"29","mode":"bus","color":"#0059a9","colorDark":"#00294f","band":4,"off":[0,1.1]}},{"type":"Feature","geometry":{"type":"Point","coordinates":[27.632078,47.116811]},"properties":{"name":"Bucium","band":4,"modes":"bus","arr":["30","30b","46"],"off":[0,-0.8]}},{"type":"Feature","geometry":{"type":"Point","coordinates":[27.632078,47.116811]},"properties":{"line":"30","mode":"bus","color":"#0059a9","colorDark":"#00294f","band":4,"off":[-3.4,1.1]}},{"type":"Feature","geometry":{"type":"Point","coordinates":[27.632078,47.116811]},"properties":{"line":"30b","mode":"bus","color":"#0059a9","colorDark":"#00294f","band":4,"off":[0,1.1]}},{"type":"Feature","geometry":{"type":"Point","coordinates":[27.632078,47.116811]},"properties":{"line":"46","mode":"bus","color":"#0059a9","colorDark":"#00294f","band":4,"off":[3.4,1.1]}},{"type":"Feature","geometry":{"type":"Point","coordinates":[27.531426,47.209505]},"properties":{"name":"Breazu","band":4,"modes":"bus","arr":["36"],"off":[0,-0.8]}},{"type":"Feature","geometry":{"type":"Point","coordinates":[27.531426,47.209505]},"properties":{"line":"36","mode":"bus","color":"#0059a9","colorDark":"#00294f","band":4,"off":[0,1.1]}},{"type":"Feature","geometry":{"type":"Point","coordinates":[27.558518,47.190534]},"properties":{"name":"Copou","band":4,"modes":"tram,bus","arr":["1","8","9","13","42","52","701","702"],"off":[0,-0.8]}},{"type":"Feature","geometry":{"type":"Point","coordinates":[27.558518,47.190534]},"properties":{"line":"1","mode":"tram","color":"#d6212b","colorDark":"#7c1116","band":4,"off":[-6.8,1.1]}},{"type":"Feature","geometry":{"type":"Point","coordinates":[27.558518,47.190534]},"properties":{"line":"8","mode":"tram","color":"#d6212b","colorDark":"#7c1116","band":4,"off":[-3.4,1.1]}},{"type":"Feature","geometry":{"type":"Point","coordinates":[27.558518,47.190534]},"properties":{"line":"9","mode":"tram","color":"#d6212b","colorDark":"#7c1116","band":4,"off":[0,1.1]}},{"type":"Feature","geometry":{"type":"Point","coordinates":[27.558518,47.190534]},"properties":{"line":"13","mode":"tram","color":"#d6212b","colorDark":"#7c1116","band":4,"off":[3.4,1.1]}},{"type":"Feature","geometry":{"type":"Point","coordinates":[27.558518,47.190534]},"properties":{"line":"42","mode":"bus","color":"#0059a9","colorDark":"#00294f","band":4,"off":[6.8,1.1]}},{"type":"Feature","geometry":{"type":"Point","coordinates":[27.558518,47.190534]},"properties":{"line":"52","mode":"bus","color":"#0059a9","colorDark":"#00294f","band":4,"off":[-3.4,3.1]}},{"type":"Feature","geometry":{"type":"Point","coordinates":[27.558518,47.190534]},"properties":{"line":"701","mode":"bus","color":"#0059a9","colorDark":"#00294f","band":4,"off":[0,3.1]}},{"type":"Feature","geometry":{"type":"Point","coordinates":[27.558518,47.190534]},"properties":{"line":"702","mode":"bus","color":"#0059a9","colorDark":"#00294f","band":4,"off":[3.4,3.1]}},{"type":"Feature","geometry":{"type":"Point","coordinates":[27.598007,47.180192]},"properties":{"name":"Complex Roua Residence","band":4,"modes":"bus","arr":["48"],"off":[0,-0.8]}},{"type":"Feature","geometry":{"type":"Point","coordinates":[27.598007,47.180192]},"properties":{"line":"48","mode":"bus","color":"#0059a9","colorDark":"#00294f","band":4,"off":[0,1.1]}},{"type":"Feature","geometry":{"type":"Point","coordinates":[27.570858,47.166023]},"properties":{"name":"Gară","band":4,"modes":"bus","arr":["50"],"off":[0,-0.8]}},{"type":"Feature","geometry":{"type":"Point","coordinates":[27.570858,47.166023]},"properties":{"line":"50","mode":"bus","color":"#0059a9","colorDark":"#00294f","band":4,"off":[0,1.1]}},{"type":"Feature","geometry":{"type":"Point","coordinates":[27.617558,47.176404]},"properties":{"name":"Aeroport","band":4,"modes":"bus","arr":["50"],"off":[0,-0.8]}},{"type":"Feature","geometry":{"type":"Point","coordinates":[27.617558,47.176404]},"properties":{"line":"50","mode":"bus","color":"#0059a9","colorDark":"#00294f","band":4,"off":[0,1.1]}},{"type":"Feature","geometry":{"type":"Point","coordinates":[27.588063,47.174935]},"properties":{"name":"Bulevardul C.A.Rosetti","band":4,"modes":"bus","arr":["54"],"off":[0,-0.8]}},{"type":"Feature","geometry":{"type":"Point","coordinates":[27.588063,47.174935]},"properties":{"line":"54","mode":"bus","color":"#0059a9","colorDark":"#00294f","band":4,"off":[0,1.1]}},{"type":"Feature","geometry":{"type":"Point","coordinates":[27.597046,47.234801]},"properties":{"name":"Str. Ionesti - Dorobant","band":4,"modes":"bus","arr":["101"],"off":[0,-0.8]}},{"type":"Feature","geometry":{"type":"Point","coordinates":[27.597046,47.234801]},"properties":{"line":"101","mode":"bus","color":"#0059a9","colorDark":"#00294f","band":4,"off":[0,1.1]}},{"type":"Feature","geometry":{"type":"Point","coordinates":[27.603306,47.203545]},"properties":{"name":"Rond Aroneanu","band":4,"modes":"bus","arr":["102","104"],"off":[0,-0.8]}},{"type":"Feature","geometry":{"type":"Point","coordinates":[27.603306,47.203545]},"properties":{"line":"102","mode":"bus","color":"#0059a9","colorDark":"#00294f","band":4,"off":[-1.7,1.1]}},{"type":"Feature","geometry":{"type":"Point","coordinates":[27.603306,47.203545]},"properties":{"line":"104","mode":"bus","color":"#0059a9","colorDark":"#00294f","band":4,"off":[1.7,1.1]}},{"type":"Feature","geometry":{"type":"Point","coordinates":[27.587271,47.20396]},"properties":{"name":"Baza Sportiva Sorogari","band":4,"modes":"bus","arr":["103"],"off":[0,-0.8]}},{"type":"Feature","geometry":{"type":"Point","coordinates":[27.587271,47.20396]},"properties":{"line":"103","mode":"bus","color":"#0059a9","colorDark":"#00294f","band":4,"off":[0,1.1]}},{"type":"Feature","geometry":{"type":"Point","coordinates":[27.637919,47.22425]},"properties":{"name":"Pod Emil - Rediu Aldei","band":4,"modes":"bus","arr":["104"],"off":[0,-0.8]}},{"type":"Feature","geometry":{"type":"Point","coordinates":[27.637919,47.22425]},"properties":{"line":"104","mode":"bus","color":"#0059a9","colorDark":"#00294f","band":4,"off":[0,1.1]}},{"type":"Feature","geometry":{"type":"Point","coordinates":[27.664696,47.103115]},"properties":{"name":"City View Paun","band":4,"modes":"bus","arr":["202"],"off":[0,-0.8]}},{"type":"Feature","geometry":{"type":"Point","coordinates":[27.664696,47.103115]},"properties":{"line":"202","mode":"bus","color":"#0059a9","colorDark":"#00294f","band":4,"off":[0,1.1]}},{"type":"Feature","geometry":{"type":"Point","coordinates":[27.603064,47.114934]},"properties":{"name":"Rezidential Decoflor - Visan","band":4,"modes":"bus","arr":["203"],"off":[0,-0.8]}},{"type":"Feature","geometry":{"type":"Point","coordinates":[27.603064,47.114934]},"properties":{"line":"203","mode":"bus","color":"#0059a9","colorDark":"#00294f","band":4,"off":[0,1.1]}},{"type":"Feature","geometry":{"type":"Point","coordinates":[27.547726,47.065264]},"properties":{"name":"Concretica - Dumbrava","band":4,"modes":"bus","arr":["301"],"off":[0,-0.8]}},{"type":"Feature","geometry":{"type":"Point","coordinates":[27.547726,47.065264]},"properties":{"line":"301","mode":"bus","color":"#0059a9","colorDark":"#00294f","band":4,"off":[0,1.1]}},{"type":"Feature","geometry":{"type":"Point","coordinates":[27.668682,47.196172]},"properties":{"name":"Scoala Rusenii Noi","band":4,"modes":"bus","arr":["401"],"off":[0,-0.8]}},{"type":"Feature","geometry":{"type":"Point","coordinates":[27.668682,47.196172]},"properties":{"line":"401","mode":"bus","color":"#0059a9","colorDark":"#00294f","band":4,"off":[0,1.1]}},{"type":"Feature","geometry":{"type":"Point","coordinates":[27.476984,47.130055]},"properties":{"name":"Platou Vorovesti","band":4,"modes":"bus","arr":["501"],"off":[0,-0.8]}},{"type":"Feature","geometry":{"type":"Point","coordinates":[27.476984,47.130055]},"properties":{"line":"501","mode":"bus","color":"#0059a9","colorDark":"#00294f","band":4,"off":[0,1.1]}},{"type":"Feature","geometry":{"type":"Point","coordinates":[27.460991,47.113101]},"properties":{"name":"Ferma Liliac","band":4,"modes":"bus","arr":["501b"],"off":[0,-0.8]}},{"type":"Feature","geometry":{"type":"Point","coordinates":[27.460991,47.113101]},"properties":{"line":"501b","mode":"bus","color":"#0059a9","colorDark":"#00294f","band":4,"off":[0,1.1]}},{"type":"Feature","geometry":{"type":"Point","coordinates":[27.525968,47.096506]},"properties":{"name":"Str. Parcului - Ciurbesti","band":4,"modes":"bus","arr":["502"],"off":[0,-0.8]}},{"type":"Feature","geometry":{"type":"Point","coordinates":[27.525968,47.096506]},"properties":{"line":"502","mode":"bus","color":"#0059a9","colorDark":"#00294f","band":4,"off":[0,1.1]}},{"type":"Feature","geometry":{"type":"Point","coordinates":[27.537006,47.13063]},"properties":{"name":"Str. Mazuru-Valea Adanca","band":4,"modes":"bus","arr":["503"],"off":[0,-0.8]}},{"type":"Feature","geometry":{"type":"Point","coordinates":[27.537006,47.13063]},"properties":{"line":"503","mode":"bus","color":"#0059a9","colorDark":"#00294f","band":4,"off":[0,1.1]}},{"type":"Feature","geometry":{"type":"Point","coordinates":[27.526107,47.145346]},"properties":{"name":"str. Prof. Anton Nitu","band":4,"modes":"bus","arr":["503b"],"off":[0,-0.8]}},{"type":"Feature","geometry":{"type":"Point","coordinates":[27.526107,47.145346]},"properties":{"line":"503b","mode":"bus","color":"#0059a9","colorDark":"#00294f","band":4,"off":[0,1.1]}},{"type":"Feature","geometry":{"type":"Point","coordinates":[27.511785,47.287916]},"properties":{"name":"Popricani (1)","band":4,"modes":"bus","arr":["601"],"off":[0,-0.8]}},{"type":"Feature","geometry":{"type":"Point","coordinates":[27.511785,47.287916]},"properties":{"line":"601","mode":"bus","color":"#0059a9","colorDark":"#00294f","band":4,"off":[0,1.1]}},{"type":"Feature","geometry":{"type":"Point","coordinates":[27.446192,47.265661]},"properties":{"name":"Capat Horlesti","band":4,"modes":"bus","arr":["701"],"off":[0,-0.8]}},{"type":"Feature","geometry":{"type":"Point","coordinates":[27.446192,47.265661]},"properties":{"line":"701","mode":"bus","color":"#0059a9","colorDark":"#00294f","band":4,"off":[0,1.1]}},{"type":"Feature","geometry":{"type":"Point","coordinates":[27.716191,47.107323]},"properties":{"name":"Goruni","band":4,"modes":"bus","arr":["801"],"off":[0,-0.8]}},{"type":"Feature","geometry":{"type":"Point","coordinates":[27.716191,47.107323]},"properties":{"line":"801","mode":"bus","color":"#0059a9","colorDark":"#00294f","band":4,"off":[0,1.1]}},{"type":"Feature","geometry":{"type":"Point","coordinates":[27.756718,47.103455]},"properties":{"name":"Rond Chicerea","band":4,"modes":"bus","arr":["802","802b"],"off":[0,-0.8]}},{"type":"Feature","geometry":{"type":"Point","coordinates":[27.756718,47.103455]},"properties":{"line":"802","mode":"bus","color":"#0059a9","colorDark":"#00294f","band":4,"off":[-1.7,1.1]}},{"type":"Feature","geometry":{"type":"Point","coordinates":[27.756718,47.103455]},"properties":{"line":"802b","mode":"bus","color":"#0059a9","colorDark":"#00294f","band":4,"off":[1.7,1.1]}},{"type":"Feature","geometry":{"type":"Point","coordinates":[27.818857,47.123021]},"properties":{"name":"Str. Principala - Opriseni","band":4,"modes":"bus","arr":["803"],"off":[0,-0.8]}},{"type":"Feature","geometry":{"type":"Point","coordinates":[27.818857,47.123021]},"properties":{"line":"803","mode":"bus","color":"#0059a9","colorDark":"#00294f","band":4,"off":[0,1.1]}},{"type":"Feature","geometry":{"type":"Point","coordinates":[27.495904,47.176528]},"properties":{"name":"Primaria Valea Lupului - Valea Lupului","band":4,"modes":"bus","arr":["901"],"off":[0,-0.8]}},{"type":"Feature","geometry":{"type":"Point","coordinates":[27.495904,47.176528]},"properties":{"name":"Primaria Valea Lupului","band":4,"modes":"bus","arr":["901"],"off":[0,-4.1]}},{"type":"Feature","geometry":{"type":"Point","coordinates":[27.495904,47.176528]},"properties":{"line":"901","mode":"bus","color":"#0059a9","colorDark":"#00294f","band":4,"off":[0,1.1]}},{"type":"Feature","geometry":{"type":"Point","coordinates":[27.488364,47.18026]},"properties":{"name":"Str. Rubinului - Valea Lupului","band":4,"modes":"bus","arr":["902"],"off":[0,-0.8]}},{"type":"Feature","geometry":{"type":"Point","coordinates":[27.488364,47.18026]},"properties":{"line":"902","mode":"bus","color":"#0059a9","colorDark":"#00294f","band":4,"off":[0,1.1]}},{"type":"Feature","geometry":{"type":"Point","coordinates":[27.59018,47.164138]},"properties":{"name":"Tg. Cucu","band":4,"modes":"tram","arr":["6"],"off":[0,-0.8]}},{"type":"Feature","geometry":{"type":"Point","coordinates":[27.59018,47.164138]},"properties":{"line":"6","mode":"tram","color":"#d6212b","colorDark":"#7c1116","band":4,"off":[0,1.1]}},{"type":"Feature","geometry":{"type":"Point","coordinates":[27.658612,47.15206]},"properties":{"name":"Dancu","band":4,"modes":"tram","arr":["3"],"off":[0,-0.8]}},{"type":"Feature","geometry":{"type":"Point","coordinates":[27.658612,47.15206]},"properties":{"line":"3","mode":"tram","color":"#d6212b","colorDark":"#7c1116","band":4,"off":[0,1.1]}},{"type":"Feature","geometry":{"type":"Point","coordinates":[27.570561,47.166328]},"properties":{"name":"Gară","band":4,"modes":"tram","arr":["3"],"off":[0,-0.8]}},{"type":"Feature","geometry":{"type":"Point","coordinates":[27.570561,47.166328]},"properties":{"line":"3","mode":"tram","color":"#d6212b","colorDark":"#7c1116","band":4,"off":[0,1.1]}},{"type":"Feature","geometry":{"type":"Point","coordinates":[27.541786,47.167985]},"properties":{"name":"Dacia","band":4,"modes":"tram","arr":["5","6","11"],"off":[0,-0.8]}},{"type":"Feature","geometry":{"type":"Point","coordinates":[27.541786,47.167985]},"properties":{"line":"5","mode":"tram","color":"#d6212b","colorDark":"#7c1116","band":4,"off":[-3.4,1.1]}},{"type":"Feature","geometry":{"type":"Point","coordinates":[27.541786,47.167985]},"properties":{"line":"6","mode":"tram","color":"#d6212b","colorDark":"#7c1116","band":4,"off":[0,1.1]}},{"type":"Feature","geometry":{"type":"Point","coordinates":[27.541786,47.167985]},"properties":{"line":"11","mode":"tram","color":"#d6212b","colorDark":"#7c1116","band":4,"off":[3.4,1.1]}},{"type":"Feature","geometry":{"type":"Point","coordinates":[27.567333,47.123947]},"properties":{"name":"Spital Elytis","band":4,"modes":"tram","arr":["9"],"off":[0,-0.8]}},{"type":"Feature","geometry":{"type":"Point","coordinates":[27.567333,47.123947]},"properties":{"line":"9","mode":"tram","color":"#d6212b","colorDark":"#7c1116","band":4,"off":[0,1.1]}}]}