{"type":"FeatureCollection","features":[{"type":"Feature","geometry":{"type":"LineString","coordinates":[[27.62391,47.15621],[27.62403,47.15612],[27.6241,47.15608],[27.62425,47.15602],[27.62433,47.15597],[27.62444,47.15612],[27.62441,47.15626],[27.62431,47.1565],[27.623695,47.1572],[27.62308,47.1579],[27.622725,47.15833],[27.62237,47.15876],[27.62231,47.15886],[27.62227,47.15897],[27.62288,47.1589],[27.62306,47.15887],[27.62355,47.15879],[27.62392,47.15872],[27.62412,47.15868],[27.62464,47.15855],[27.62484,47.15848],[27.62504,47.15841],[27.62518,47.1582],[27.62543,47.15788],[27.626055,47.15756],[27.62668,47.15724],[27.62692,47.15715],[27.62715,47.15707],[27.62732,47.15716],[27.62824,47.15761],[27.6283,47.15764],[27.62902,47.15798],[27.62907,47.15801],[27.629775,47.158375],[27.63048,47.15874],[27.63016,47.15898],[27.62994,47.15915],[27.63031,47.15918],[27.6303,47.15941],[27.630275,47.15999],[27.63025,47.16057],[27.63044,47.16078],[27.63095,47.16091],[27.63113,47.16097],[27.630805,47.161565],[27.63048,47.16216]]},"properties":{"line":"18","dir":"Str. Mistrețului","mode":"bus"}},{"type":"Feature","geometry":{"type":"LineString","coordinates":[[27.53739,47.17239],[27.53734,47.17247],[27.53733,47.17256],[27.53735,47.17265],[27.53739,47.1727],[27.53764,47.17276],[27.53814,47.17288],[27.53857,47.17289],[27.53904,47.1729],[27.53916,47.17291],[27.53931,47.17292],[27.53952,47.17293],[27.53995,47.17295],[27.54036,47.17298],[27.541105,47.173035],[27.54185,47.17309],[27.542,47.1731],[27.54265,47.17314],[27.54324,47.17318],[27.54393,47.17322],[27.54416,47.17323],[27.54454,47.17325],[27.5452,47.17328],[27.54542,47.17329],[27.54567,47.1733],[27.54596,47.17332],[27.54627,47.17333],[27.54715,47.17338],[27.54823,47.17344],[27.54843,47.17345],[27.54895,47.17348],[27.54923,47.17349],[27.54962,47.17352],[27.55007,47.17354],[27.5503,47.17355],[27.55081,47.17356],[27.55139,47.17355],[27.55157,47.17354],[27.55165,47.17353],[27.55177,47.17351],[27.55202,47.17346],[27.55211,47.17345],[27.5522,47.17343],[27.55224,47.17342],[27.55232,47.17341],[27.55247,47.17338],[27.55276,47.17332],[27.55335,47.1732],[27.55348,47.17317],[27.55422,47.17302],[27.55465,47.17293],[27.55533,47.17279],[27.55604,47.17265],[27.55638,47.17258],[27.5565,47.17256],[27.55705,47.17245],[27.55722,47.17242],[27.55757,47.17235],[27.55777,47.17231],[27.55805,47.17226],[27.5584,47.17219],[27.55889,47.17208],[27.55911,47.17202],[27.55947,47.1719],[27.5597,47.1718],[27.5601,47.17163],[27.5606,47.17141],[27.5608,47.17132],[27.56082,47.17131],[27.56094,47.17126],[27.56114,47.17117],[27.56119,47.17114],[27.56135,47.17107],[27.56145,47.17102],[27.56205,47.17074],[27.56248,47.17055],[27.56316,47.170225],[27.56384,47.1699],[27.56453,47.16958],[27.56489,47.16939],[27.5653,47.16918],[27.565875,47.168875],[27.56645,47.16857],[27.56658,47.1685],[27.56742,47.16806],[27.56798,47.16777],[27.56813,47.16769],[27.56843,47.16753],[27.56856,47.16746],[27.56866,47.1674],[27.56949,47.16696],[27.56964,47.16688],[27.56973,47.16683],[27.56978,47.16677],[27.56985,47.16669],[27.56995,47.16662],[27.57048,47.16631],[27.57092,47.16606],[27.57114,47.1659],[27.57126,47.16582],[27.57128,47.16578],[27.57131,47.16573],[27.57133,47.16571],[27.57136,47.16566],[27.57162,47.1652],[27.57194,47.16463],[27.57226,47.16406],[27.57241,47.16381],[27.57271,47.1633],[27.573,47.16277],[27.57322,47.16235],[27.57327,47.1622],[27.5733,47.16207],[27.57332,47.16193],[27.57331,47.1617],[27.57325,47.16142],[27.57324,47.16138],[27.57313,47.16078],[27.57311,47.16067],[27.57308,47.16046],[27.57305,47.16024],[27.57307,47.16002],[27.57314,47.15986],[27.57326,47.15968],[27.5737,47.15934],[27.57384,47.15926],[27.5739,47.15922],[27.57406,47.15911],[27.57465,47.15871],[27.5747,47.15865],[27.57475,47.15861],[27.57478,47.15859],[27.57489,47.15848],[27.57498,47.15837],[27.57503,47.15826],[27.57505,47.15819],[27.57504,47.15807],[27.57503,47.15796],[27.57499,47.15778],[27.57498,47.1577],[27.57476,47.15725],[27.57471,47.15716],[27.57464,47.15704],[27.57487,47.15698],[27.57491,47.15697],[27.57509,47.15693],[27.5751,47.15692],[27.57548,47.15685],[27.57568,47.15681],[27.57599,47.15674],[27.57592,47.15667],[27.57599,47.15674],[27.57629,47.15667],[27.57632,47.15666],[27.57664,47.15656],[27.57698,47.15643],[27.57755,47.15618],[27.579455,47.155275],[27.58136,47.15437],[27.58154,47.15429],[27.58172,47.1542],[27.58267,47.15378],[27.58343,47.15344],[27.5835,47.1534],[27.58354,47.15338],[27.58357,47.15337],[27.58374,47.1533],[27.584585,47.15291],[27.58543,47.15252],[27.5864,47.15207],[27.58663,47.15197],[27.58691,47.15184],[27.58722,47.1517],[27.5873,47.15167],[27.58735,47.15163],[27.58738,47.1516],[27.58722,47.15148],[27.58718,47.15145],[27.58713,47.15143],[27.58709,47.15138],[27.58705,47.15134],[27.58702,47.15129],[27.587,47.15122],[27.58701,47.15114],[27.58702,47.15112],[27.58707,47.15104],[27.58709,47.15102],[27.58711,47.151],[27.58714,47.15098],[27.58716,47.15096],[27.58722,47.15093],[27.58731,47.1509],[27.58736,47.15089],[27.58743,47.15088],[27.58765,47.15085],[27.588,47.15072],[27.58803,47.1507],[27.58825,47.15053],[27.58853,47.1503],[27.58865,47.15021],[27.58879,47.15009],[27.589,47.14993],[27.58915,47.14981],[27.58942,47.14959],[27.59006,47.14908],[27.5901,47.14905],[27.59026,47.14893],[27.59081,47.14848],[27.59131,47.14808],[27.59176,47.14772],[27.59209,47.14746],[27.59288,47.14678],[27.59275,47.14672],[27.59288,47.14678],[27.59296,47.14671],[27.59346,47.14626],[27.59355,47.14617],[27.59374,47.14597],[27.5938,47.14587],[27.59382,47.14581],[27.59383,47.14579],[27.59387,47.14577],[27.59394,47.14574],[27.59405,47.14569],[27.59421,47.14558],[27.59452,47.14537],[27.5946,47.14531],[27.59547,47.14465],[27.59598,47.14428],[27.59649,47.14391],[27.59658,47.14385],[27.597695,47.14309],[27.59881,47.14233],[27.59899,47.14221],[27.59913,47.14211],[27.59919,47.14208],[27.59933,47.14198],[27.59961,47.1418],[27.59978,47.14168],[27.60022,47.14138],[27.60038,47.14127],[27.601,47.14085],[27.60138,47.1406],[27.60149,47.14052],[27.60362,47.1391],[27.60575,47.13768],[27.60581,47.13763],[27.60588,47.13757],[27.60592,47.13749],[27.60589,47.13734],[27.60582,47.13727],[27.60573,47.13722],[27.60561,47.1372],[27.60523,47.13717],[27.60475,47.13714],[27.60452,47.13712],[27.603085,47.13703],[27.60165,47.13694],[27.60099,47.13689],[27.60033,47.13684],[27.60021,47.13683],[27.59999,47.13681],[27.59955,47.13678],[27.5992,47.13676],[27.59866,47.13672],[27.59828,47.1367],[27.59792,47.13668],[27.59676,47.13661],[27.59658,47.1366],[27.59633,47.13658],[27.59517,47.13651],[27.59488,47.13648],[27.5937,47.13639],[27.5935,47.13637],[27.593,47.13632],[27.5921,47.1362],[27.5912,47.13608],[27.59067,47.13601],[27.58998,47.135915],[27.58929,47.13582],[27.58839,47.1357],[27.5881,47.13566],[27.58749,47.13558],[27.58677,47.13547],[27.58639,47.13542],[27.58571,47.13532],[27.58544,47.13529],[27.58515,47.13527],[27.58471,47.13526],[27.58357,47.13528],[27.58336,47.13527],[27.58306,47.13523],[27.58282,47.13519],[27.58252,47.13513],[27.58222,47.13504],[27.58192,47.13494],[27.58162,47.13481],[27.58144,47.13472],[27.58118,47.13458],[27.5809,47.13439],[27.58049,47.13407],[27.58041,47.13402],[27.58036,47.13398],[27.58012,47.13381],[27.57992,47.13372],[27.57976,47.13366],[27.57956,47.13362],[27.57935,47.13361],[27.5791,47.13363],[27.57889,47.13367],[27.57845,47.13379],[27.57792,47.13393],[27.5776,47.13402],[27.57741,47.13407],[27.57722,47.1341],[27.57706,47.13412],[27.57662,47.1341],[27.57606,47.13403],[27.57582,47.13401],[27.57553,47.13398],[27.57516,47.13396],[27.57515,47.13416],[27.57523,47.13422],[27.57535,47.13428],[27.57548,47.13431],[27.57566,47.13432],[27.57602,47.13431],[27.5764,47.13388],[27.5763,47.13377],[27.57612,47.1337],[27.57585,47.13366]]},"properties":{"line":"19","dir":"0","mode":"bus"}},{"type":"Feature","geometry":{"type":"LineString","coordinates":[[27.57564,47.13366],[27.57479,47.13368],[27.57516,47.13396],[27.57545,47.13398],[27.57582,47.13401],[27.57606,47.13403],[27.57662,47.1341],[27.57685,47.13412],[27.57722,47.1341],[27.57741,47.13407],[27.5776,47.13402],[27.57792,47.13393],[27.57845,47.13379],[27.57889,47.13367],[27.5791,47.13363],[27.57935,47.13361],[27.57956,47.13362],[27.57976,47.13366],[27.57992,47.13372],[27.58012,47.13381],[27.58036,47.13398],[27.58049,47.13407],[27.5805,47.13408],[27.5809,47.13439],[27.58118,47.13458],[27.58144,47.13472],[27.58162,47.13481],[27.58192,47.13494],[27.58222,47.13504],[27.58252,47.13513],[27.58282,47.13519],[27.58306,47.13523],[27.58336,47.13527],[27.58357,47.13528],[27.58429,47.13526],[27.58515,47.13527],[27.58544,47.13529],[27.58571,47.13532],[27.58639,47.13542],[27.5865,47.13543],[27.58749,47.13558],[27.5881,47.13566],[27.58839,47.1357],[27.58929,47.13582],[27.58998,47.135915],[27.59067,47.13601],[27.5912,47.13608],[27.5921,47.1362],[27.593,47.13632],[27.5935,47.13637],[27.5937,47.13639],[27.59384,47.1364],[27.594505,47.136455],[27.59517,47.13651],[27.59633,47.13658],[27.59658,47.1366],[27.59676,47.13661],[27.59792,47.13668],[27.59828,47.1367],[27.59866,47.13672],[27.5992,47.13676],[27.59955,47.13678],[27.59999,47.13681],[27.60033,47.13684],[27.60099,47.13689],[27.60165,47.13694],[27.6032,47.13704],[27.60475,47.13714],[27.60523,47.13717],[27.60561,47.1372],[27.60573,47.13722],[27.60582,47.13727],[27.60589,47.13734],[27.60592,47.13741],[27.60588,47.13757],[27.60581,47.13763],[27.60575,47.13768],[27.60362,47.1391],[27.60149,47.14052],[27.60138,47.1406],[27.601,47.14085],[27.60038,47.14127],[27.59978,47.14168],[27.59961,47.1418],[27.59933,47.14198],[27.59928,47.14201],[27.59919,47.14208],[27.59913,47.14211],[27.59899,47.14221],[27.59881,47.14233],[27.597695,47.14309],[27.59658,47.14385],[27.59649,47.14391],[27.59598,47.14428],[27.59547,47.14465],[27.5947,47.14524],[27.5946,47.14531],[27.59452,47.14537],[27.59421,47.14558],[27.59405,47.14569],[27.59394,47.14574],[27.59387,47.14577],[27.59383,47.14579],[27.59382,47.14581],[27.5938,47.14587],[27.59374,47.14597],[27.59355,47.14617],[27.59346,47.14626],[27.59296,47.14671],[27.59288,47.14678],[27.59209,47.14746],[27.59176,47.14772],[27.59131,47.14808],[27.59081,47.14848],[27.59026,47.14893],[27.5901,47.14905],[27.59006,47.14908],[27.58942,47.14959],[27.58915,47.14981],[27.589,47.14993],[27.58879,47.15009],[27.58865,47.15021],[27.58856,47.15028],[27.58853,47.1503],[27.58803,47.1507],[27.588,47.15072],[27.58794,47.15107],[27.58796,47.15116],[27.58795,47.15127],[27.58792,47.15133],[27.58789,47.15137],[27.58788,47.15138],[27.58787,47.15139],[27.58784,47.15143],[27.58779,47.15145],[27.58776,47.15147],[27.58768,47.15154],[27.58769,47.15157],[27.5877,47.1516],[27.58802,47.15196],[27.58804,47.15199],[27.58812,47.15208],[27.58809,47.15209],[27.58805,47.15211],[27.5879,47.15217],[27.5874,47.15239],[27.58737,47.1524],[27.58688,47.15261],[27.58675,47.15267],[27.58662,47.15272],[27.58629,47.15287],[27.58521,47.15333],[27.58435,47.1537],[27.58431,47.15372],[27.58426,47.15374],[27.5841,47.15382],[27.58401,47.15386],[27.58373,47.15399],[27.58295,47.15434],[27.58217,47.15469],[27.58207,47.15474],[27.58205,47.15475],[27.58125,47.155125],[27.58045,47.1555],[27.58016,47.15563],[27.57928,47.156045],[27.5784,47.15646],[27.57737,47.15694],[27.57712,47.15704],[27.57689,47.15713],[27.57657,47.15731],[27.57655,47.15732],[27.57632,47.15749],[27.57611,47.15767],[27.57594,47.15784],[27.57579,47.15802],[27.57577,47.15804],[27.57561,47.15813],[27.57556,47.15816],[27.57534,47.15828],[27.57497,47.15853],[27.57487,47.15855],[27.57478,47.15859],[27.57475,47.15861],[27.5747,47.15865],[27.57465,47.15871],[27.57406,47.15911],[27.5739,47.15922],[27.57384,47.15926],[27.5737,47.15934],[27.57326,47.15968],[27.57314,47.15986],[27.57307,47.16002],[27.57305,47.16024],[27.57308,47.16042],[27.57311,47.16067],[27.57313,47.16078],[27.57322,47.16128],[27.57324,47.16138],[27.57331,47.1617],[27.57332,47.16193],[27.5733,47.16207],[27.57327,47.1622],[27.57322,47.16235],[27.573,47.16277],[27.57271,47.1633],[27.57241,47.16381],[27.57226,47.16406],[27.57194,47.16463],[27.57162,47.1652],[27.57148,47.16544],[27.57136,47.16566],[27.57133,47.16571],[27.57131,47.16573],[27.57128,47.16578],[27.57126,47.16582],[27.57092,47.16606],[27.57048,47.16631],[27.56995,47.16662],[27.56985,47.16669],[27.56978,47.16677],[27.56973,47.16683],[27.56964,47.16688],[27.56949,47.16696],[27.56874,47.16736],[27.56866,47.1674],[27.56856,47.16746],[27.56813,47.16769],[27.56798,47.16777],[27.56742,47.16806],[27.56658,47.1685],[27.56645,47.16857],[27.565875,47.168875],[27.5653,47.16918],[27.56489,47.16939],[27.56453,47.16958],[27.56384,47.1699],[27.56316,47.170225],[27.56248,47.17055],[27.56205,47.17074],[27.56135,47.17107],[27.56119,47.17114],[27.56114,47.17117],[27.56094,47.17126],[27.56082,47.17131],[27.5608,47.17132],[27.5606,47.17141],[27.5601,47.17163],[27.5597,47.1718],[27.55947,47.1719],[27.55911,47.17202],[27.55889,47.17208],[27.5584,47.17219],[27.55805,47.17226],[27.55777,47.17231],[27.55757,47.17235],[27.55722,47.17242],[27.55705,47.17245],[27.5565,47.17256],[27.55638,47.17258],[27.55604,47.17265],[27.55533,47.17279],[27.55465,47.17293],[27.55422,47.17302],[27.55348,47.17317],[27.55335,47.1732],[27.55302,47.17327],[27.55276,47.17332],[27.55247,47.17338],[27.55232,47.17341],[27.55224,47.17342],[27.5522,47.17343],[27.55211,47.17345],[27.55202,47.17346],[27.55177,47.17351],[27.55165,47.17353],[27.55157,47.17354],[27.5515,47.17355],[27.55127,47.17356],[27.55044,47.17355],[27.54962,47.17352],[27.54923,47.17349],[27.54895,47.17348],[27.54843,47.17345],[27.54823,47.17344],[27.54715,47.17338],[27.54627,47.17333],[27.54612,47.17332],[27.54567,47.1733],[27.54542,47.17329],[27.5452,47.17328],[27.54463,47.17325],[27.54416,47.17323],[27.54401,47.17322],[27.54324,47.17318],[27.54265,47.17314],[27.542,47.1731],[27.54185,47.17309],[27.541105,47.173035],[27.54036,47.17298],[27.53995,47.17295],[27.53952,47.17293],[27.53931,47.17292],[27.53916,47.17291],[27.53904,47.1729],[27.53857,47.17289],[27.53814,47.17288],[27.53764,47.17276],[27.53739,47.1727],[27.53735,47.17265],[27.53734,47.17264],[27.53733,47.17256],[27.53734,47.17247],[27.53739,47.17239],[27.53746,47.17232],[27.53758,47.17228],[27.53774,47.17229],[27.5378,47.17231]]},"properties":{"line":"19","dir":"1","mode":"bus"}},{"type":"Feature","geometry":{"type":"LineString","coordinates":[[27.62401,47.1563],[27.62388,47.15639],[27.62361,47.15649],[27.62357,47.15652],[27.62344,47.15662],[27.62279,47.15709],[27.62262,47.15722],[27.62217,47.15754],[27.62151,47.15798],[27.62092,47.15841],[27.62077,47.15853],[27.62068,47.15871],[27.62046,47.15887],[27.62043,47.15889],[27.62031,47.15896],[27.62019,47.15902],[27.62003,47.15909],[27.61985,47.15914],[27.61952,47.15919],[27.61933,47.15921],[27.61919,47.15923],[27.61859,47.15932],[27.61845,47.1593],[27.61823,47.15933],[27.61786,47.15939],[27.61757,47.15944],[27.61744,47.15946],[27.61715,47.1595],[27.61701,47.15952],[27.61684,47.15955],[27.61655,47.15959],[27.61637,47.15962],[27.616,47.15967],[27.61573,47.15971],[27.61552,47.15975],[27.61522,47.15979],[27.6152,47.1598],[27.61499,47.1599],[27.6146,47.15995],[27.61443,47.15998],[27.61433,47.15999],[27.61406,47.16003],[27.61396,47.16004],[27.61341,47.16012],[27.61322,47.1601],[27.61316,47.16011],[27.61248,47.16022],[27.61213,47.16027],[27.61185,47.16034],[27.6118,47.16036],[27.61116,47.16057],[27.61044,47.16082],[27.60951,47.16115],[27.60903,47.16133],[27.60885,47.16139],[27.6087,47.16144],[27.60866,47.16145],[27.60861,47.16147],[27.60853,47.16149],[27.60849,47.1615],[27.60848,47.16151],[27.60814,47.16162],[27.60802,47.16169],[27.60795,47.16174],[27.60802,47.16176],[27.60811,47.16177],[27.60827,47.16178],[27.60864,47.16176],[27.60837,47.16178],[27.60811,47.16177],[27.60806,47.16176],[27.60795,47.16174],[27.60802,47.16169],[27.60814,47.16162],[27.60834,47.16155],[27.60848,47.16151],[27.60849,47.1615],[27.60853,47.16149],[27.60861,47.16147],[27.60866,47.16145],[27.60869,47.16144],[27.60885,47.16139],[27.60903,47.16133],[27.60951,47.16115],[27.61044,47.16082],[27.61116,47.16057],[27.6118,47.16036],[27.61213,47.16027],[27.61248,47.16022],[27.61242,47.16021],[27.61213,47.16017],[27.61163,47.16012],[27.61062,47.16013],[27.609695,47.160115],[27.60877,47.1601],[27.60838,47.16006],[27.60805,47.16003],[27.60735,47.15997],[27.60687,47.15993],[27.60631,47.15987],[27.60584,47.1598],[27.60572,47.15977],[27.605005,47.15965],[27.60429,47.15953],[27.60389,47.15945],[27.603185,47.159325],[27.60248,47.1592],[27.60154,47.159],[27.60129,47.15893],[27.6011,47.15885],[27.60055,47.15939],[27.60052,47.15942],[27.60045,47.15949],[27.60028,47.15965],[27.60002,47.15991],[27.59982,47.16012],[27.59975,47.16019],[27.5997,47.16024],[27.59941,47.16053],[27.59896,47.16101],[27.59821,47.16175],[27.59815,47.16183],[27.59802,47.16194],[27.597595,47.162515],[27.59717,47.16309],[27.59711,47.16317],[27.5971,47.16319],[27.59708,47.1632],[27.59701,47.16331],[27.59661,47.16388],[27.59646,47.16408],[27.59634,47.16425],[27.59626,47.16438],[27.59615,47.16453],[27.59614,47.16454],[27.59592,47.16484],[27.595615,47.16525],[27.59531,47.16566],[27.59508,47.16598],[27.59495,47.16615],[27.59486,47.16628],[27.5948,47.16635],[27.59479,47.16637],[27.59453,47.16672],[27.59439,47.16691],[27.59419,47.16684],[27.59383,47.16671],[27.59353,47.16656],[27.5934,47.16648],[27.5933,47.16642],[27.59323,47.16636],[27.59318,47.1663],[27.59314,47.16624],[27.59309,47.16615],[27.593,47.1659],[27.59295,47.16577],[27.59286,47.16565],[27.59262,47.16534],[27.59228,47.1649],[27.59216,47.16495],[27.59191,47.16505],[27.59173,47.16513],[27.59145,47.16523],[27.5911,47.16532],[27.59077,47.16541],[27.59042,47.16549],[27.59025,47.16554],[27.58978,47.16567],[27.58933,47.16579],[27.58886,47.1659],[27.5887,47.16594],[27.58828,47.16605],[27.5874,47.16626],[27.58723,47.1663],[27.58658,47.16647],[27.58632,47.16654],[27.5856,47.1667],[27.585,47.16684],[27.58388,47.16713],[27.58338,47.16725],[27.58323,47.16729],[27.58288,47.16738],[27.58212,47.16758],[27.58136,47.16778],[27.58122,47.16782],[27.58118,47.16783],[27.58092,47.16791],[27.5808,47.16796],[27.58058,47.16804],[27.58053,47.16806],[27.58033,47.16813],[27.5794,47.1685],[27.57934,47.16852],[27.57918,47.16859],[27.57897,47.16867],[27.57891,47.1687],[27.57875,47.16878],[27.57823,47.16902],[27.57805,47.16908],[27.57764,47.16922],[27.57745,47.16929],[27.57738,47.16933],[27.57726,47.16939],[27.57719,47.16945],[27.57714,47.16949],[27.57704,47.16957],[27.57705,47.16963],[27.57704,47.16973],[27.57699,47.16977],[27.57694,47.16982],[27.5769,47.16984],[27.57682,47.16987],[27.57671,47.16989],[27.57664,47.1699],[27.57597,47.16991],[27.57584,47.16993],[27.57478,47.17005],[27.57457,47.17004],[27.57454,47.17005],[27.57413,47.17014],[27.57383,47.17021],[27.57317,47.17043],[27.57282,47.1705],[27.57196,47.17066],[27.57183,47.17068],[27.57172,47.17071],[27.57163,47.17073],[27.57124,47.17082],[27.57117,47.17083],[27.57108,47.17085],[27.5699,47.17112],[27.56926,47.17127],[27.56887,47.17137],[27.56848,47.17149],[27.56803,47.17165],[27.56724,47.17198],[27.56645,47.17231],[27.56621,47.17239],[27.56579,47.17245],[27.56547,47.17246],[27.56528,47.17243],[27.56505,47.17239],[27.56483,47.17233],[27.56443,47.17223],[27.5641,47.17221],[27.56375,47.17226],[27.56275,47.17259],[27.56244,47.17269],[27.56231,47.17273],[27.56192,47.17286],[27.56166,47.17295],[27.56098,47.17319],[27.56052,47.17332],[27.56041,47.17334],[27.56014,47.17339],[27.55983,47.17344],[27.55906,47.17356],[27.55888,47.17358],[27.55775,47.17375],[27.55714,47.17383],[27.55667,47.1739],[27.55614,47.17397],[27.55572,47.17402],[27.55548,47.17403],[27.55492,47.17408],[27.55397,47.17415],[27.55356,47.17418],[27.55321,47.17421],[27.55258,47.17426],[27.55195,47.17431],[27.55166,47.17433],[27.55137,47.17435],[27.55121,47.17436],[27.55105,47.17437],[27.55091,47.17438],[27.55044,47.17442],[27.55029,47.17443],[27.5497,47.17448],[27.54899,47.17452],[27.54846,47.17455],[27.54756,47.17459],[27.54671,47.17463],[27.54598,47.17466],[27.54525,47.17469],[27.54423,47.17474],[27.54381,47.17476],[27.54358,47.17477],[27.54237,47.17472],[27.54184,47.1746],[27.5412,47.17437],[27.541,47.1743],[27.54022,47.17397],[27.53982,47.17382],[27.53956,47.17375],[27.53934,47.17371],[27.5391,47.17367],[27.53885,47.17364],[27.53877,47.17363],[27.53841,47.17357],[27.53817,47.17353],[27.53772,47.17347],[27.5374,47.17343],[27.53675,47.17336],[27.53664,47.17334],[27.53644,47.17332],[27.53613,47.17328],[27.53585,47.17325],[27.5355,47.1732],[27.53457,47.17308],[27.53446,47.17309],[27.53429,47.17307],[27.53415,47.17306],[27.53372,47.17302],[27.53366,47.17301],[27.53317,47.17297],[27.53289,47.17294],[27.53287,47.17295],[27.53285,47.17296],[27.53279,47.17299],[27.53272,47.173],[27.53265,47.17299],[27.5326,47.17297],[27.53255,47.17294],[27.53252,47.17291],[27.53221,47.17285],[27.53091,47.17268],[27.53039,47.1726],[27.52975,47.17258],[27.52919,47.17257],[27.526975,47.17256],[27.52476,47.17255],[27.523945,47.172535],[27.52313,47.17252],[27.52258,47.17254],[27.52246,47.17253],[27.52126,47.172495],[27.52006,47.17246],[27.51969,47.17245],[27.51884,47.17244],[27.51809,47.17242],[27.51727,47.17243],[27.5168,47.17245],[27.5164,47.1725],[27.51593,47.17256],[27.51535,47.17263],[27.51493,47.17268],[27.51427,47.17278],[27.51366,47.17286],[27.51272,47.17299],[27.51257,47.17304],[27.5125,47.17307],[27.51246,47.17311],[27.51242,47.17314],[27.51233,47.17317],[27.51224,47.17316],[27.51217,47.17315],[27.51212,47.17312],[27.51207,47.17304],[27.51208,47.17299],[27.51211,47.17295],[27.51214,47.17291],[27.51215,47.17281],[27.51214,47.17276],[27.51209,47.17267],[27.51201,47.17262],[27.51193,47.17258],[27.51156,47.17254],[27.51082,47.172545],[27.51008,47.17255],[27.50992,47.17253],[27.50982,47.17248],[27.50973,47.1724],[27.50963,47.17222],[27.50934,47.17171],[27.50924,47.17149],[27.50921,47.17131],[27.50939,47.1705],[27.50948,47.17007],[27.50955,47.16977],[27.50953,47.16957],[27.50948,47.16954],[27.50945,47.16951],[27.50944,47.16946],[27.50945,47.16942],[27.50947,47.16938],[27.50951,47.16935],[27.50957,47.16933],[27.50963,47.16932],[27.50972,47.16933],[27.50976,47.16935],[27.5098,47.16937],[27.51081,47.16929],[27.51182,47.16921],[27.51197,47.16917],[27.51202,47.16913],[27.51208,47.16911],[27.51216,47.1691],[27.51221,47.16911],[27.51225,47.16913],[27.51229,47.16915],[27.51232,47.16918],[27.51244,47.16917],[27.51252,47.16916],[27.51345,47.16908],[27.51356,47.16907],[27.51372,47.16905],[27.51383,47.16904],[27.51386,47.169],[27.51391,47.16896],[27.51398,47.16894],[27.51412,47.16895],[27.51418,47.16897],[27.51423,47.16901],[27.51425,47.16905],[27.51426,47.1691],[27.51424,47.16915],[27.5142,47.16919],[27.51414,47.16922],[27.51407,47.16923],[27.51408,47.16929],[27.51414,47.16993],[27.51416,47.1701],[27.51481,47.17006],[27.51536,47.17009],[27.51624,47.17019],[27.51627,47.17014],[27.51631,47.17011],[27.51636,47.17008],[27.51642,47.17007],[27.5165,47.17008],[27.51654,47.17009],[27.51659,47.17012],[27.51662,47.17015],[27.51664,47.17019],[27.51663,47.17024],[27.51661,47.17028],[27.51657,47.17031],[27.51651,47.17033],[27.51645,47.17034],[27.51634,47.17032],[27.51629,47.17029],[27.51626,47.17026],[27.51624,47.17022],[27.51536,47.17009],[27.51505,47.17007],[27.51481,47.17006],[27.51416,47.1701],[27.51414,47.16993],[27.51408,47.16929],[27.51407,47.16923],[27.51395,47.16922],[27.51389,47.1692],[27.51385,47.16916],[27.51375,47.16917],[27.51245,47.16928],[27.51232,47.16932],[27.51229,47.16934],[27.51226,47.16936],[27.51221,47.16938],[27.51216,47.16939],[27.51207,47.16938],[27.51203,47.16937],[27.512,47.16935],[27.51197,47.16932],[27.51184,47.16934],[27.510835,47.16942],[27.50983,47.1695],[27.50981,47.16953],[27.50978,47.16956],[27.50974,47.16958],[27.5097,47.16959],[27.50955,47.16977],[27.50948,47.17007],[27.50939,47.1705],[27.50921,47.17131],[27.50924,47.17149],[27.50934,47.17171],[27.50963,47.17222],[27.50973,47.1724],[27.50982,47.17248],[27.50992,47.17253],[27.51008,47.17255],[27.51124,47.17254],[27.51187,47.17252],[27.51197,47.17253],[27.51207,47.17256],[27.51211,47.1726],[27.5122,47.17269],[27.51226,47.17276],[27.5123,47.17281],[27.51237,47.17288],[27.51242,47.17289],[27.51249,47.17298],[27.5125,47.17307],[27.51246,47.17311],[27.51242,47.17314],[27.51233,47.17317],[27.51224,47.17316],[27.51217,47.17315],[27.51212,47.17312],[27.51199,47.17311],[27.51111,47.17321],[27.51038,47.17331],[27.51005,47.17335],[27.50965,47.17341],[27.508925,47.17352],[27.5082,47.17363],[27.50745,47.17375],[27.5067,47.17387],[27.50652,47.1739],[27.50636,47.17392],[27.50611,47.17396],[27.50519,47.17411],[27.50422,47.17427],[27.5031,47.17446],[27.50234,47.17458],[27.50145,47.17473],[27.50054,47.17489],[27.49984,47.17501],[27.49897,47.17518],[27.49884,47.1752],[27.49882,47.17521],[27.49844,47.17529],[27.49831,47.17532],[27.4981,47.17536],[27.49788,47.17541],[27.496275,47.175755],[27.49467,47.1761],[27.49392,47.176265],[27.49317,47.17643],[27.49239,47.17658],[27.49215,47.17663],[27.49129,47.17677],[27.49121,47.17678],[27.49077,47.17688],[27.49,47.17706],[27.48897,47.17728],[27.48867,47.17734],[27.4884,47.1774],[27.48819,47.17745],[27.48797,47.17753],[27.487185,47.177705],[27.4864,47.17788],[27.48523,47.178155],[27.48406,47.17843],[27.482985,47.178665],[27.48191,47.1789],[27.48158,47.17894],[27.48082,47.17911],[27.47968,47.179365],[27.47854,47.17962],[27.477455,47.17986],[27.47637,47.1801],[27.47568,47.180255],[27.47499,47.18041],[27.47409,47.18062],[27.47391,47.18066],[27.47366,47.18071],[27.4734,47.18077],[27.47296,47.18086],[27.4726,47.18095],[27.47258,47.18099],[27.47256,47.18102],[27.47252,47.18104],[27.47248,47.18106],[27.47233,47.18104],[27.4723,47.18103],[27.47188,47.18112],[27.47161,47.18118],[27.47114,47.18128],[27.47016,47.18149],[27.46925,47.18168],[27.46908,47.18172],[27.469,47.18168],[27.46893,47.18164],[27.4689,47.18161],[27.46887,47.18156],[27.46884,47.1815],[27.46877,47.18136],[27.46868,47.18125],[27.46896,47.18119],[27.46898,47.18125]]},"properties":{"line":"20","dir":"0","mode":"bus"}},{"type":"Feature","geometry":{"type":"LineString","coordinates":[[27.46899,47.18119],[27.46908,47.18145],[27.46912,47.18152],[27.46919,47.18155],[27.46927,47.18156],[27.46939,47.18154],[27.46968,47.18148],[27.46992,47.18146],[27.47016,47.18149],[27.47114,47.18128],[27.47161,47.18118],[27.47188,47.18112],[27.47225,47.18094],[27.47227,47.18089],[27.47229,47.18087],[27.47233,47.18085],[27.47238,47.18083],[27.47251,47.18084],[27.47254,47.18086],[27.4734,47.18077],[27.47366,47.18071],[27.47391,47.18066],[27.47499,47.18041],[27.47568,47.180255],[27.47637,47.1801],[27.477455,47.17986],[27.47854,47.17962],[27.47968,47.179365],[27.48082,47.17911],[27.48158,47.17894],[27.48188,47.17884],[27.482755,47.178645],[27.48363,47.17845],[27.48408,47.17834],[27.48476,47.17819],[27.485585,47.178005],[27.48641,47.17782],[27.48718,47.17764],[27.48795,47.17746],[27.48819,47.17745],[27.4884,47.1774],[27.48867,47.17734],[27.489335,47.1772],[27.49,47.17706],[27.49077,47.17688],[27.49121,47.17678],[27.49129,47.17677],[27.49192,47.17663],[27.49212,47.17655],[27.49312,47.17635],[27.4939,47.17617],[27.49468,47.17599],[27.49518,47.17588],[27.496515,47.175605],[27.49785,47.17533],[27.49805,47.17529],[27.49828,47.17524],[27.49841,47.17521],[27.49879,47.17512],[27.49913,47.17505],[27.49936,47.175],[27.49996,47.17491],[27.50027,47.17486],[27.50084,47.17476],[27.50107,47.17472],[27.502,47.17457],[27.50221,47.17453],[27.50281,47.17443],[27.50317,47.17437],[27.50337,47.17434],[27.50407,47.17422],[27.50488,47.17409],[27.50525,47.17403],[27.50609,47.1739],[27.50611,47.17389],[27.50651,47.17382],[27.50658,47.17381],[27.507325,47.17369],[27.50807,47.17357],[27.5092,47.17342],[27.5096,47.17337],[27.51023,47.17326],[27.51065,47.17316],[27.51137,47.17303],[27.51175,47.17297],[27.51193,47.17294],[27.51201,47.17291],[27.51206,47.17286],[27.51201,47.1727],[27.51196,47.17266],[27.5118,47.17261],[27.51131,47.17254],[27.51008,47.17255],[27.50992,47.17253],[27.50982,47.17248],[27.50973,47.1724],[27.50963,47.17222],[27.50934,47.17171],[27.50924,47.17149],[27.50921,47.17131],[27.50939,47.1705],[27.50948,47.17007],[27.50955,47.16977],[27.50953,47.16957],[27.50948,47.16954],[27.50945,47.16951],[27.50944,47.16946],[27.50945,47.16942],[27.50947,47.16938],[27.50951,47.16935],[27.50957,47.16933],[27.50963,47.16932],[27.50972,47.16933],[27.50976,47.16935],[27.5098,47.16937],[27.51081,47.16929],[27.51182,47.16921],[27.51197,47.16917],[27.51202,47.16913],[27.51208,47.16911],[27.51216,47.1691],[27.51221,47.16911],[27.51225,47.16913],[27.51229,47.16915],[27.51232,47.16918],[27.51244,47.16917],[27.51252,47.16916],[27.51298,47.16912],[27.51356,47.16907],[27.51372,47.16905],[27.51383,47.16904],[27.51386,47.169],[27.51391,47.16896],[27.51398,47.16894],[27.51412,47.16895],[27.51418,47.16897],[27.51423,47.16901],[27.51425,47.16905],[27.51426,47.1691],[27.51424,47.16915],[27.5142,47.16919],[27.51414,47.16922],[27.51407,47.16923],[27.51408,47.16929],[27.51414,47.16993],[27.51416,47.1701],[27.51481,47.17006],[27.51536,47.17009],[27.51624,47.17019],[27.51627,47.17014],[27.51631,47.17011],[27.51636,47.17008],[27.51642,47.17007],[27.5165,47.17008],[27.51654,47.17009],[27.51659,47.17012],[27.51662,47.17015],[27.51664,47.17019],[27.51663,47.17024],[27.51661,47.17028],[27.51657,47.17031],[27.51651,47.17033],[27.51645,47.17034],[27.51634,47.17032],[27.51629,47.17029],[27.51626,47.17026],[27.51624,47.17022],[27.51536,47.17009],[27.51515,47.17008],[27.51481,47.17006],[27.51416,47.1701],[27.51414,47.16993],[27.51408,47.16929],[27.51407,47.16923],[27.51395,47.16922],[27.51389,47.1692],[27.51385,47.16916],[27.51375,47.16917],[27.51245,47.16928],[27.51232,47.16932],[27.51229,47.16934],[27.51226,47.16936],[27.51221,47.16938],[27.51216,47.16939],[27.51207,47.16938],[27.51203,47.16937],[27.512,47.16935],[27.51197,47.16932],[27.51184,47.16934],[27.510835,47.16942],[27.50983,47.1695],[27.50981,47.16953],[27.50978,47.16956],[27.50974,47.16958],[27.5097,47.16959],[27.50955,47.16977],[27.50948,47.17007],[27.50939,47.1705],[27.50921,47.17131],[27.50924,47.17149],[27.50934,47.17171],[27.50963,47.17222],[27.50973,47.1724],[27.50982,47.17248],[27.50992,47.17253],[27.51008,47.17255],[27.51124,47.17254],[27.51187,47.17252],[27.51197,47.17253],[27.51207,47.17256],[27.51211,47.1726],[27.5122,47.17269],[27.51226,47.17276],[27.5123,47.17281],[27.51237,47.17288],[27.51242,47.17289],[27.51276,47.1729],[27.5136,47.1728],[27.51383,47.17277],[27.51404,47.17274],[27.51418,47.17272],[27.51526,47.17257],[27.5164,47.17242],[27.51679,47.17238],[27.51729,47.17235],[27.51805,47.172355],[27.51881,47.17236],[27.51942,47.17238],[27.52019,47.17239],[27.52138,47.17243],[27.52257,47.17247],[27.52313,47.17252],[27.523945,47.172535],[27.52476,47.17255],[27.52607,47.17257],[27.52791,47.172575],[27.52975,47.17258],[27.53039,47.1726],[27.53108,47.17261],[27.53182,47.17269],[27.53256,47.17277],[27.53259,47.17275],[27.53264,47.17273],[27.5327,47.17272],[27.53282,47.17273],[27.53286,47.17276],[27.53288,47.17278],[27.53291,47.17281],[27.53322,47.17286],[27.53357,47.17292],[27.53368,47.17293],[27.53417,47.173],[27.53432,47.17302],[27.53447,47.17305],[27.53457,47.17308],[27.5355,47.1732],[27.53585,47.17325],[27.53613,47.17328],[27.53644,47.17332],[27.53664,47.17334],[27.53675,47.17336],[27.53738,47.17343],[27.53772,47.17347],[27.53817,47.17353],[27.53841,47.17357],[27.53861,47.1736],[27.53877,47.17363],[27.53885,47.17364],[27.5391,47.17367],[27.53934,47.17371],[27.53956,47.17375],[27.53982,47.17382],[27.54022,47.17397],[27.541,47.1743],[27.5412,47.17437],[27.54184,47.1746],[27.54237,47.17472],[27.54284,47.17477],[27.54381,47.17476],[27.54423,47.17474],[27.54525,47.17469],[27.54598,47.17466],[27.54671,47.17463],[27.54756,47.17459],[27.54846,47.17455],[27.54899,47.17452],[27.5497,47.17448],[27.55029,47.17443],[27.55091,47.17438],[27.55105,47.17437],[27.55121,47.17436],[27.55137,47.17435],[27.55166,47.17433],[27.55195,47.17431],[27.55231,47.17428],[27.55258,47.17426],[27.55321,47.17421],[27.55356,47.17418],[27.55397,47.17415],[27.55492,47.17408],[27.55548,47.17403],[27.55572,47.17402],[27.55614,47.17397],[27.55667,47.1739],[27.55714,47.17383],[27.55775,47.17375],[27.55846,47.17364],[27.55888,47.17358],[27.55983,47.17344],[27.56014,47.17339],[27.56041,47.17334],[27.56052,47.17332],[27.56098,47.17319],[27.56166,47.17295],[27.56192,47.17286],[27.56231,47.17273],[27.56244,47.17269],[27.56275,47.17259],[27.56375,47.17226],[27.5641,47.17221],[27.56443,47.17223],[27.56483,47.17233],[27.56505,47.17239],[27.56528,47.17243],[27.56547,47.17246],[27.56579,47.17245],[27.56621,47.17239],[27.56645,47.17231],[27.56724,47.17198],[27.56803,47.17165],[27.56848,47.17149],[27.56887,47.17137],[27.56926,47.17127],[27.5699,47.17112],[27.57092,47.17089],[27.57108,47.17085],[27.57124,47.17082],[27.57163,47.17073],[27.57172,47.17071],[27.57183,47.17068],[27.57196,47.17066],[27.57282,47.1705],[27.57317,47.17043],[27.57383,47.17021],[27.57413,47.17014],[27.57454,47.17005],[27.57457,47.17004],[27.5747,47.16994],[27.57487,47.16991],[27.57501,47.16989],[27.57529,47.16986],[27.57571,47.16981],[27.5758,47.1698],[27.5759,47.16978],[27.576,47.16976],[27.5761,47.16973],[27.5763,47.16964],[27.57629,47.16961],[27.57631,47.16956],[27.57633,47.16951],[27.5764,47.16945],[27.57648,47.16941],[27.57655,47.16938],[27.57662,47.16937],[27.57691,47.16929],[27.57696,47.16927],[27.57716,47.16921],[27.57725,47.16918],[27.57754,47.16908],[27.57817,47.16888],[27.57871,47.16873],[27.57897,47.16867],[27.57934,47.16852],[27.5794,47.1685],[27.58033,47.16813],[27.58053,47.16806],[27.58058,47.16804],[27.5808,47.16796],[27.58085,47.16794],[27.58092,47.16791],[27.58118,47.16783],[27.58122,47.16782],[27.58136,47.16778],[27.58212,47.16758],[27.58288,47.16738],[27.58323,47.16729],[27.58338,47.16725],[27.58388,47.16713],[27.585,47.16684],[27.5856,47.1667],[27.58632,47.16654],[27.58658,47.16647],[27.58723,47.1663],[27.5874,47.16626],[27.58828,47.16605],[27.5887,47.16594],[27.58886,47.1659],[27.58931,47.16579],[27.58978,47.16567],[27.59025,47.16554],[27.59042,47.16549],[27.59056,47.1653],[27.59094,47.16473],[27.59105,47.16456],[27.59111,47.16446],[27.59119,47.16438],[27.59125,47.16434],[27.59134,47.16432],[27.59144,47.1643],[27.59157,47.16427],[27.59174,47.1642],[27.59175,47.16421],[27.59181,47.16428],[27.59214,47.16472],[27.59228,47.1649],[27.59262,47.16534],[27.59286,47.16565],[27.59295,47.16577],[27.593,47.1659],[27.59309,47.16615],[27.59314,47.16624],[27.59318,47.1663],[27.59323,47.16636],[27.5933,47.16642],[27.5934,47.16648],[27.59353,47.16656],[27.59383,47.16671],[27.59419,47.16684],[27.59439,47.16691],[27.59453,47.16672],[27.59466,47.16654],[27.59479,47.16637],[27.5948,47.16635],[27.59486,47.16628],[27.59508,47.16598],[27.59531,47.16566],[27.595615,47.16525],[27.59592,47.16484],[27.59614,47.16454],[27.59626,47.16438],[27.59634,47.16425],[27.59646,47.16408],[27.59661,47.16388],[27.59701,47.16331],[27.59708,47.1632],[27.5971,47.16319],[27.59711,47.16317],[27.59717,47.16309],[27.597595,47.162515],[27.59802,47.16194],[27.59815,47.16183],[27.59821,47.16175],[27.59896,47.16101],[27.59941,47.16053],[27.5997,47.16024],[27.59975,47.16019],[27.59977,47.16017],[27.59982,47.16012],[27.60002,47.15991],[27.60028,47.15965],[27.60045,47.15949],[27.60055,47.15939],[27.6011,47.15885],[27.60129,47.15893],[27.60154,47.159],[27.60248,47.1592],[27.603185,47.159325],[27.60389,47.15945],[27.60429,47.15953],[27.605005,47.15965],[27.60572,47.15977],[27.60584,47.1598],[27.60631,47.15987],[27.60687,47.15993],[27.60735,47.15997],[27.60805,47.16003],[27.60838,47.16006],[27.60877,47.1601],[27.6092,47.16013],[27.610065,47.160125],[27.61093,47.16012],[27.61213,47.16017],[27.61242,47.16021],[27.61248,47.16022],[27.61316,47.16011],[27.61321,47.16008],[27.61331,47.16004],[27.61337,47.16001],[27.61361,47.15997],[27.61391,47.15993],[27.61401,47.15991],[27.61428,47.15987],[27.61435,47.15986],[27.61494,47.15977],[27.61507,47.15978],[27.6152,47.1598],[27.61522,47.15979],[27.61552,47.15975],[27.61573,47.15971],[27.616,47.15967],[27.61637,47.15962],[27.61655,47.15959],[27.61684,47.15955],[27.61701,47.15952],[27.61715,47.1595],[27.61744,47.15946],[27.61757,47.15944],[27.61786,47.15939],[27.61823,47.15933],[27.61845,47.1593],[27.61857,47.15923],[27.61891,47.15917],[27.61903,47.15915],[27.6193,47.15911],[27.61949,47.15908],[27.61978,47.15903],[27.61995,47.15899],[27.62007,47.15893],[27.62016,47.15887],[27.62055,47.15861],[27.62077,47.15853],[27.62092,47.15841],[27.62151,47.15798],[27.62217,47.15754],[27.62262,47.15722],[27.62279,47.15709],[27.62344,47.15662],[27.62357,47.15652],[27.62361,47.15649],[27.62368,47.15633],[27.62379,47.15625],[27.62385,47.1562],[27.62387,47.15619]]},"properties":{"line":"20","dir":"1","mode":"bus"}},{"type":"Feature","geometry":{"type":"LineString","coordinates":[[27.5864,47.15207],[27.58663,47.15197],[27.58691,47.15184],[27.58722,47.1517],[27.5873,47.15167],[27.58735,47.15163],[27.58738,47.1516],[27.58722,47.15148],[27.58718,47.15145],[27.58713,47.15143],[27.58709,47.15138],[27.58705,47.15134],[27.58702,47.15129],[27.587,47.15122],[27.58701,47.15114],[27.58702,47.15112],[27.58697,47.151],[27.58691,47.15087],[27.58676,47.1507],[27.58669,47.15061],[27.58653,47.15042],[27.58646,47.15033],[27.58638,47.15024],[27.58605,47.14984],[27.58598,47.14976],[27.58594,47.14971],[27.58577,47.1495],[27.58568,47.1494],[27.58549,47.14917],[27.58521,47.14882],[27.58505,47.14864],[27.58485,47.14842],[27.58479,47.14835],[27.58474,47.1483],[27.58436,47.14784],[27.58398,47.14738],[27.58376,47.14713],[27.582615,47.14577],[27.58147,47.14441],[27.58114,47.14401],[27.58108,47.14393],[27.58098,47.1438],[27.58087,47.14365],[27.5808,47.14355],[27.58056,47.14321],[27.58044,47.14301],[27.5803,47.14272],[27.5801,47.14226],[27.57985,47.14156],[27.57973,47.14119],[27.57951,47.14065],[27.57939,47.1404],[27.57928,47.14016],[27.57912,47.13991],[27.57894,47.13972],[27.5787,47.13948],[27.57863,47.13942],[27.57849,47.13946],[27.57828,47.13964],[27.57819,47.13971],[27.57789,47.13996],[27.57738,47.14042],[27.57723,47.14056],[27.57713,47.14063],[27.57702,47.14069],[27.57684,47.14076],[27.57648,47.14088],[27.57587,47.14109],[27.57526,47.1413],[27.57485,47.14147],[27.57451,47.14163],[27.573345,47.142335],[27.57218,47.14304],[27.57166,47.14336],[27.5715,47.14345],[27.57123,47.14357],[27.57081,47.14373],[27.57048,47.14387],[27.569765,47.14415],[27.56905,47.14443],[27.56883,47.14449],[27.56808,47.14469],[27.56788,47.14475],[27.56725,47.14504],[27.56672,47.14533],[27.566,47.14572],[27.565165,47.146155],[27.56433,47.14659],[27.56385,47.14685],[27.563285,47.147205],[27.56272,47.14756],[27.56248,47.14769],[27.56193,47.14794],[27.56163,47.14807],[27.56138,47.14817],[27.56072,47.14845],[27.56023,47.14865],[27.56005,47.14869],[27.55982,47.14868],[27.55959,47.14865],[27.5594,47.14859],[27.55923,47.14851],[27.55908,47.14842],[27.55895,47.14829],[27.55866,47.147875],[27.55837,47.14746],[27.5583,47.1474],[27.55823,47.14734],[27.55815,47.1473],[27.55807,47.14725],[27.5579,47.1472],[27.55772,47.14716],[27.556935,47.147035],[27.55615,47.14691],[27.55601,47.14689],[27.55517,47.14675],[27.5542,47.1466],[27.55389,47.14654],[27.55375,47.14652],[27.55362,47.1465],[27.55277,47.146355],[27.55192,47.14621],[27.5513,47.1461],[27.55055,47.14599],[27.55018,47.14593],[27.54969,47.14584],[27.5495,47.14581],[27.547715,47.14552],[27.54593,47.14523],[27.5457,47.1452],[27.54541,47.14515],[27.54497,47.14514],[27.5439,47.14513],[27.54225,47.145125],[27.5406,47.14512],[27.53987,47.1451],[27.53932,47.14507],[27.53911,47.14505],[27.53896,47.14502],[27.53884,47.14499],[27.53872,47.14494],[27.53865,47.14489],[27.53818,47.14437],[27.5381,47.14434],[27.53801,47.14431],[27.53784,47.14428],[27.53769,47.14429],[27.53753,47.14432],[27.53698,47.1445],[27.53648,47.14467],[27.53565,47.14496],[27.53482,47.14525],[27.5337,47.14563],[27.53324,47.14579],[27.53272,47.14597],[27.5319,47.14626],[27.53166,47.14635],[27.53138,47.14644],[27.53097,47.14656],[27.53081,47.14659],[27.53066,47.1466],[27.53021,47.14659],[27.52979,47.14655],[27.52896,47.14641],[27.52813,47.14627]]},"properties":{"line":"23","dir":"0","mode":"bus"}},{"type":"Feature","geometry":{"type":"LineString","coordinates":[[27.52813,47.14627],[27.52896,47.14641],[27.52979,47.14655],[27.53021,47.14659],[27.53043,47.1466],[27.53081,47.14659],[27.53097,47.14656],[27.53138,47.14644],[27.53166,47.14635],[27.53202,47.14622],[27.53272,47.14597],[27.53324,47.14579],[27.5337,47.14563],[27.53482,47.14525],[27.53565,47.14496],[27.53648,47.14467],[27.53698,47.1445],[27.53753,47.14432],[27.53769,47.14429],[27.53784,47.14428],[27.53801,47.14431],[27.5381,47.14434],[27.53818,47.14437],[27.53865,47.14489],[27.53872,47.14494],[27.53884,47.14499],[27.53896,47.14502],[27.53911,47.14505],[27.5397,47.1451],[27.54017,47.14511],[27.5406,47.14512],[27.54219,47.145125],[27.54378,47.14513],[27.54453,47.14514],[27.54541,47.14515],[27.5457,47.1452],[27.54593,47.14523],[27.547665,47.145515],[27.5494,47.1458],[27.54969,47.14584],[27.55018,47.14593],[27.55055,47.14599],[27.5513,47.1461],[27.55192,47.14621],[27.55277,47.146355],[27.55362,47.1465],[27.55375,47.14652],[27.55389,47.14654],[27.5542,47.1466],[27.55517,47.14675],[27.55521,47.14676],[27.55615,47.14691],[27.556935,47.147035],[27.55772,47.14716],[27.5579,47.1472],[27.55807,47.14725],[27.55815,47.1473],[27.55823,47.14734],[27.5583,47.1474],[27.55837,47.14746],[27.55866,47.147875],[27.55895,47.14829],[27.55908,47.14842],[27.55923,47.14851],[27.5594,47.14859],[27.55959,47.14865],[27.55982,47.14868],[27.56005,47.14869],[27.56023,47.14865],[27.56072,47.14845],[27.56138,47.14817],[27.56163,47.14807],[27.56211,47.14786],[27.56248,47.14769],[27.56272,47.14756],[27.563285,47.147205],[27.56385,47.14685],[27.56433,47.14659],[27.565165,47.146155],[27.566,47.14572],[27.56672,47.14533],[27.56725,47.14504],[27.56788,47.14475],[27.56808,47.14469],[27.56905,47.14443],[27.57008,47.14403],[27.57048,47.14387],[27.57081,47.14373],[27.57123,47.14357],[27.5715,47.14345],[27.57166,47.14336],[27.57218,47.14304],[27.57205,47.14295],[27.57249,47.14267],[27.57205,47.14295],[27.57218,47.14304],[27.573345,47.142335],[27.57451,47.14163],[27.57485,47.14147],[27.57526,47.1413],[27.57587,47.14109],[27.57648,47.14088],[27.57684,47.14076],[27.57702,47.14069],[27.57713,47.14063],[27.57723,47.14056],[27.57738,47.14042],[27.57789,47.13996],[27.57828,47.13964],[27.57849,47.13946],[27.57863,47.13942],[27.57865,47.13941],[27.57872,47.13939],[27.57883,47.13938],[27.57905,47.13959],[27.5791,47.13964],[27.57919,47.13974],[27.57938,47.13998],[27.5796,47.14038],[27.57964,47.14047],[27.57969,47.1406],[27.57988,47.1411],[27.5802,47.14195],[27.58028,47.14218],[27.58031,47.14225],[27.58033,47.14231],[27.58039,47.14248],[27.5804,47.14249],[27.58065,47.14304],[27.58071,47.14313],[27.5809,47.14341],[27.58093,47.14346],[27.58132,47.14395],[27.58166,47.14435],[27.58278,47.14568],[27.5839,47.14701],[27.58415,47.14731],[27.584535,47.14777],[27.58492,47.14823],[27.58502,47.14835],[27.58536,47.14877],[27.58547,47.14889],[27.58564,47.1491],[27.58593,47.14944],[27.58597,47.14949],[27.58621,47.14977],[27.58648,47.15009],[27.58655,47.15016],[27.58668,47.15031],[27.58686,47.15054],[27.58696,47.15065],[27.58708,47.15079],[27.58716,47.15085],[27.58731,47.1509],[27.58736,47.15089],[27.58743,47.15088],[27.58759,47.15089],[27.58766,47.1509],[27.58773,47.15093],[27.5878,47.15096],[27.58786,47.15099],[27.58794,47.15107],[27.58796,47.15116],[27.58795,47.15127],[27.58792,47.15133],[27.58789,47.15137],[27.58788,47.15138],[27.58787,47.15139],[27.58784,47.15143],[27.58779,47.15145],[27.58776,47.15147],[27.58768,47.15154],[27.58769,47.15157],[27.5877,47.1516],[27.58802,47.15196],[27.58804,47.15199],[27.58812,47.15208],[27.58809,47.15209],[27.58805,47.15211],[27.5879,47.15217],[27.5874,47.15239],[27.58737,47.1524],[27.58688,47.15261],[27.58675,47.15267],[27.58662,47.15272],[27.58629,47.15287],[27.58521,47.15333],[27.58435,47.1537],[27.58431,47.15372],[27.58426,47.15374],[27.5841,47.15382],[27.58403,47.15378],[27.58379,47.15359],[27.58362,47.15347],[27.58358,47.1534],[27.58357,47.15337],[27.58374,47.1533],[27.584585,47.15291],[27.58543,47.15252],[27.5864,47.15207]]},"properties":{"line":"23","dir":"1","mode":"bus"}},{"type":"Feature","geometry":{"type":"LineString","coordinates":[[27.58639,47.15209],[27.58667,47.15196],[27.58691,47.15184],[27.58718,47.1517],[27.58724,47.15166],[27.58728,47.15163],[27.5873,47.15158],[27.58728,47.15152],[27.5872,47.15144],[27.58715,47.15142],[27.58709,47.15137],[27.58705,47.15132],[27.58703,47.15126],[27.58702,47.1512],[27.58703,47.15114],[27.58696,47.15097],[27.58692,47.15091],[27.5869,47.15087],[27.58676,47.1507],[27.58651,47.1504],[27.58646,47.15033],[27.58638,47.15024],[27.58605,47.14984],[27.586,47.14978],[27.58598,47.14976],[27.58594,47.14971],[27.58577,47.1495],[27.58573,47.14945],[27.58568,47.1494],[27.58549,47.14917],[27.58521,47.14882],[27.58505,47.14864],[27.58484,47.1484],[27.58477,47.14831],[27.58475,47.14828],[27.584355,47.147815],[27.58396,47.14735],[27.5837,47.14705],[27.58297,47.146185],[27.58224,47.14532],[27.5817,47.14468],[27.58147,47.14441],[27.58114,47.14401],[27.58108,47.14393],[27.58098,47.1438],[27.58087,47.14365],[27.58074,47.14351],[27.58056,47.14321],[27.58044,47.14301],[27.58028,47.14272],[27.58021,47.14256],[27.58017,47.14247],[27.5801,47.14228],[27.57998,47.14195],[27.57985,47.14159],[27.57968,47.14116],[27.57951,47.14065],[27.57947,47.14056],[27.57939,47.1404],[27.57933,47.14027],[27.57928,47.14016],[27.57912,47.13991],[27.57894,47.13972],[27.5787,47.13948],[27.57863,47.13942],[27.57853,47.13945],[27.57849,47.13946],[27.57828,47.13964],[27.57819,47.13972],[27.57818,47.13973],[27.5779,47.13997],[27.57738,47.14042],[27.57723,47.14056],[27.57713,47.14063],[27.57702,47.14069],[27.57684,47.14076],[27.57648,47.14088],[27.57587,47.14109],[27.57526,47.1413],[27.57485,47.14147],[27.57451,47.14163],[27.573475,47.14226],[27.57244,47.14289],[27.57218,47.14304],[27.57166,47.14336],[27.5715,47.14345],[27.57123,47.14357],[27.57081,47.14373],[27.57048,47.14387],[27.56982,47.14413],[27.56905,47.14443],[27.56883,47.14449],[27.56872,47.14451],[27.56808,47.14469],[27.56788,47.14475],[27.56725,47.14504],[27.56672,47.14533],[27.566,47.14572],[27.565165,47.146155],[27.56433,47.14659],[27.56385,47.14685],[27.563285,47.147205],[27.56272,47.14756],[27.56248,47.14769],[27.56192,47.14794],[27.5617,47.14803],[27.56146,47.14814],[27.56138,47.14817],[27.5611,47.14829],[27.56072,47.14845],[27.56023,47.14865],[27.56005,47.14869],[27.55982,47.14868],[27.55959,47.14865],[27.5594,47.14859],[27.55923,47.14851],[27.55908,47.14842],[27.55895,47.14829],[27.55866,47.147875],[27.55837,47.14746],[27.5583,47.1474],[27.55823,47.14734],[27.55815,47.1473],[27.55807,47.14725],[27.5579,47.1472],[27.55772,47.14716],[27.55758,47.14714],[27.556865,47.147025],[27.55615,47.14691],[27.55601,47.14689],[27.55587,47.14687],[27.55559,47.14682],[27.55536,47.14678],[27.55525,47.14676],[27.55517,47.14675],[27.5542,47.1466],[27.55389,47.14654],[27.55375,47.14652],[27.55362,47.1465],[27.55277,47.146355],[27.55192,47.14621],[27.5513,47.1461],[27.55055,47.14599],[27.55018,47.14593],[27.54969,47.14585],[27.5495,47.14582],[27.54939,47.1458],[27.54766,47.145515],[27.54593,47.14523],[27.5457,47.1452],[27.54548,47.14516],[27.54537,47.14515],[27.54524,47.14514],[27.54457,47.145135],[27.5439,47.14513],[27.54225,47.145125],[27.5406,47.14512],[27.54025,47.14511],[27.53987,47.1451],[27.53952,47.14509],[27.53932,47.14507],[27.53911,47.14505],[27.53896,47.14502],[27.53884,47.14499],[27.53872,47.14494],[27.53865,47.14489],[27.53861,47.14485],[27.53832,47.1445],[27.53824,47.14442],[27.53817,47.14437],[27.5381,47.14434],[27.53802,47.14431],[27.53794,47.14429],[27.53784,47.14428],[27.53769,47.14429],[27.53758,47.14431],[27.53742,47.14435],[27.53698,47.1445],[27.53648,47.14467],[27.53565,47.14496],[27.53482,47.14525],[27.5337,47.14563],[27.53324,47.14579],[27.53272,47.14597],[27.53194,47.14625],[27.5319,47.14626],[27.5318,47.1463],[27.53166,47.14635],[27.53138,47.14644],[27.53112,47.14652],[27.53097,47.14656],[27.53081,47.14659],[27.53066,47.1466],[27.53004,47.14658],[27.52979,47.14655],[27.52928,47.14646],[27.52892,47.1464],[27.52868,47.14636],[27.52768,47.1462],[27.5275,47.14617],[27.52756,47.146],[27.52761,47.14587],[27.52768,47.14568],[27.5277,47.14564],[27.52774,47.14555],[27.52795,47.14524],[27.52789,47.14522],[27.52783,47.14519],[27.52723,47.14498],[27.5267,47.14478],[27.5266,47.14475],[27.52696,47.144295],[27.52732,47.14384],[27.52741,47.14373],[27.52794,47.14306],[27.52847,47.14239],[27.5286,47.14223],[27.52894,47.14177],[27.52901,47.14166],[27.5291,47.14148],[27.52914,47.14139],[27.52917,47.14128],[27.52921,47.14111],[27.52925,47.14091],[27.52927,47.14074],[27.52928,47.14061],[27.52925,47.13997],[27.52917,47.13959],[27.5291,47.13939],[27.52898,47.13918],[27.52879,47.13888],[27.52866,47.13859],[27.52853,47.13826],[27.52844,47.13793],[27.52834,47.13752],[27.52826,47.13721],[27.52805,47.13649],[27.52791,47.13602],[27.52777,47.13555],[27.52772,47.13539],[27.52766,47.13522],[27.52757,47.13508],[27.52747,47.13496],[27.52708,47.13458],[27.52701,47.13451],[27.52696,47.13446],[27.52667,47.13415],[27.52662,47.13406],[27.52659,47.13398],[27.52656,47.13386],[27.52664,47.13316],[27.52669,47.13277],[27.5267,47.13239],[27.52669,47.13217],[27.52666,47.13195],[27.52659,47.13171],[27.52648,47.13144],[27.52625,47.13091],[27.52611,47.13061],[27.52594,47.1303],[27.52573,47.13005],[27.5255,47.12981],[27.52497,47.12932],[27.5246,47.12883],[27.52423,47.12834],[27.52373,47.127705],[27.52323,47.12707],[27.52296,47.1267],[27.52282,47.1264],[27.522615,47.125915],[27.52241,47.12543],[27.52236,47.12534],[27.52219,47.12513],[27.52213,47.12508],[27.52204,47.12498],[27.52198,47.12492],[27.52184,47.12478],[27.52172,47.12462],[27.52164,47.12448],[27.52154,47.12432],[27.52141,47.12401],[27.52137,47.1239],[27.52139,47.12366],[27.52149,47.12312],[27.52159,47.12258],[27.52161,47.12242],[27.5216,47.12225],[27.52154,47.12214],[27.52146,47.12201],[27.52133,47.12187],[27.52124,47.12177],[27.521,47.1216],[27.52082,47.12147],[27.52059,47.12128],[27.52041,47.12107],[27.52008,47.12052],[27.51983,47.1201],[27.51935,47.11934],[27.51902,47.11895],[27.51894,47.11888],[27.51871,47.11864],[27.51844,47.11839],[27.51805,47.11809],[27.51762,47.11778],[27.5175,47.11766],[27.51728,47.11742],[27.51723,47.11733],[27.51721,47.11724],[27.51722,47.11705],[27.51726,47.11684],[27.5174,47.11653],[27.51756,47.11617],[27.51759,47.11611],[27.51765,47.11601],[27.51772,47.11586],[27.51777,47.11572],[27.51778,47.11563],[27.51775,47.11551],[27.51771,47.11544],[27.51766,47.11537],[27.51756,47.1153],[27.51745,47.11524],[27.51718,47.11516],[27.51664,47.115],[27.51614,47.11485],[27.51497,47.1145],[27.51476,47.11444],[27.51381,47.11415],[27.51326,47.114],[27.51312,47.11394],[27.51296,47.11386],[27.51279,47.11376],[27.51269,47.11369],[27.51255,47.11356],[27.51244,47.11342],[27.51229,47.11316],[27.51221,47.11299],[27.51216,47.11283],[27.51213,47.11263],[27.51209,47.11237],[27.51202,47.11215],[27.51193,47.1119],[27.51181,47.11164],[27.51153,47.11094],[27.5114,47.11073],[27.51128,47.1106],[27.5111,47.11044],[27.51085,47.11028],[27.51064,47.11014],[27.51005,47.109875],[27.50946,47.10961],[27.5091,47.10946],[27.50858,47.10929],[27.50837,47.10924],[27.50809,47.10917],[27.5079,47.10913],[27.50769,47.1091],[27.50642,47.10895],[27.50529,47.10884],[27.50498,47.10882],[27.5048,47.10881],[27.50441,47.10884],[27.50392,47.10892],[27.50373,47.10896],[27.5035,47.10903],[27.50319,47.10911],[27.50267,47.1092],[27.50247,47.10923],[27.50154,47.10942],[27.50132,47.10948],[27.50111,47.10957],[27.50062,47.1098],[27.50027,47.10997],[27.50021,47.11001],[27.50011,47.11006],[27.5,47.1101],[27.49984,47.11013],[27.49973,47.11014],[27.49963,47.11013],[27.49954,47.1101],[27.49946,47.11006],[27.49929,47.10995],[27.4991,47.10983],[27.49894,47.10968],[27.49888,47.10964],[27.49881,47.10956],[27.4987,47.10938],[27.49861,47.10926],[27.49843,47.10912],[27.49817,47.10895],[27.49791,47.10879],[27.4974,47.10855],[27.49717,47.10848],[27.49694,47.1084],[27.49681,47.10837],[27.49667,47.10835],[27.49599,47.10833],[27.49515,47.10832],[27.49484,47.10833],[27.49466,47.10834],[27.49436,47.10836],[27.49407,47.10841],[27.493075,47.1086],[27.49208,47.10879],[27.49108,47.10899],[27.49008,47.10919],[27.49002,47.10923],[27.48957,47.10933],[27.48881,47.10946],[27.48814,47.10957],[27.48761,47.10967],[27.48673,47.10988],[27.48597,47.11015],[27.486,47.11021]]},"properties":{"line":"23b","dir":"0","mode":"bus"}},{"type":"Feature","geometry":{"type":"LineString","coordinates":[[27.486,47.1102],[27.48597,47.11015],[27.48673,47.10988],[27.48761,47.10967],[27.48814,47.10957],[27.48881,47.10946],[27.48957,47.10933],[27.49002,47.10923],[27.49008,47.10919],[27.49108,47.10899],[27.49208,47.10879],[27.493075,47.1086],[27.49407,47.10841],[27.49436,47.10836],[27.49466,47.10834],[27.49484,47.10833],[27.49515,47.10832],[27.49599,47.10833],[27.49667,47.10835],[27.49681,47.10837],[27.49694,47.1084],[27.49717,47.10848],[27.4974,47.10855],[27.49791,47.10879],[27.49817,47.10895],[27.49843,47.10912],[27.49861,47.10926],[27.4987,47.10938],[27.49881,47.10956],[27.49888,47.10964],[27.49894,47.10968],[27.4991,47.10983],[27.49929,47.10995],[27.49946,47.11006],[27.49954,47.1101],[27.49963,47.11013],[27.49973,47.11014],[27.49984,47.11013],[27.5,47.1101],[27.50011,47.11006],[27.50014,47.11004],[27.50027,47.10997],[27.50062,47.1098],[27.50111,47.10957],[27.50132,47.10948],[27.50154,47.10942],[27.50247,47.10923],[27.50267,47.1092],[27.50319,47.10911],[27.5035,47.10903],[27.50373,47.10896],[27.50392,47.10892],[27.50441,47.10884],[27.5046,47.10881],[27.50498,47.10882],[27.50529,47.10884],[27.50642,47.10895],[27.50769,47.1091],[27.5079,47.10913],[27.50809,47.10917],[27.50835,47.10924],[27.50858,47.10929],[27.5091,47.10946],[27.50946,47.10961],[27.51005,47.109875],[27.51064,47.11014],[27.51085,47.11028],[27.5111,47.11044],[27.51128,47.1106],[27.5114,47.11073],[27.51153,47.11094],[27.51181,47.11164],[27.51193,47.1119],[27.51202,47.11215],[27.51209,47.11237],[27.51213,47.11263],[27.51216,47.11283],[27.51221,47.11299],[27.51229,47.11316],[27.51244,47.11342],[27.51255,47.11356],[27.51269,47.11369],[27.51279,47.11376],[27.51296,47.11386],[27.51312,47.11394],[27.51326,47.114],[27.51381,47.11415],[27.51476,47.11444],[27.51497,47.1145],[27.51614,47.11485],[27.51664,47.115],[27.51718,47.11516],[27.51745,47.11524],[27.51756,47.1153],[27.51766,47.11537],[27.51771,47.11544],[27.51775,47.11551],[27.51778,47.11563],[27.51777,47.11572],[27.51772,47.11586],[27.51765,47.11601],[27.51759,47.11611],[27.5174,47.11653],[27.51726,47.11684],[27.51722,47.11705],[27.51721,47.11724],[27.51723,47.11733],[27.51728,47.11742],[27.5175,47.11766],[27.51762,47.11778],[27.51805,47.11809],[27.51844,47.11839],[27.51871,47.11864],[27.51894,47.11888],[27.51902,47.11895],[27.51935,47.11934],[27.51983,47.1201],[27.52008,47.12052],[27.52041,47.12107],[27.52059,47.12128],[27.52082,47.12147],[27.521,47.1216],[27.52124,47.12177],[27.52133,47.12187],[27.52146,47.12201],[27.52154,47.12214],[27.5216,47.12225],[27.52161,47.12242],[27.52159,47.12258],[27.52149,47.12312],[27.52139,47.12366],[27.52137,47.12376],[27.52141,47.12401],[27.52154,47.12432],[27.52164,47.12448],[27.52172,47.12462],[27.52184,47.12478],[27.52198,47.12492],[27.52204,47.12498],[27.52213,47.12508],[27.52219,47.12513],[27.52236,47.12534],[27.52241,47.12543],[27.522615,47.125915],[27.52282,47.1264],[27.52296,47.1267],[27.52323,47.12707],[27.52373,47.127705],[27.52423,47.12834],[27.5246,47.12883],[27.52497,47.12932],[27.5255,47.12981],[27.52573,47.13005],[27.52594,47.1303],[27.52611,47.13061],[27.52625,47.13091],[27.52648,47.13144],[27.52659,47.13171],[27.52666,47.13195],[27.52669,47.13217],[27.5267,47.13239],[27.52669,47.13277],[27.52664,47.13316],[27.52656,47.13374],[27.52659,47.13398],[27.52662,47.13406],[27.52667,47.13415],[27.52696,47.13446],[27.52701,47.13451],[27.52708,47.13458],[27.52747,47.13496],[27.52757,47.13508],[27.52766,47.13522],[27.52772,47.13539],[27.52777,47.13555],[27.52791,47.13602],[27.52805,47.13649],[27.52826,47.13721],[27.52834,47.13752],[27.52844,47.13793],[27.52853,47.13826],[27.52866,47.13859],[27.52879,47.13888],[27.52898,47.13918],[27.5291,47.13939],[27.52917,47.13959],[27.52925,47.13997],[27.52928,47.1402],[27.52927,47.14074],[27.52925,47.14091],[27.52921,47.14111],[27.52917,47.14128],[27.52914,47.14139],[27.5291,47.14148],[27.52901,47.14166],[27.52894,47.14177],[27.5286,47.14223],[27.52847,47.14239],[27.52794,47.14306],[27.52741,47.14373],[27.52732,47.14384],[27.52696,47.144295],[27.5266,47.14475],[27.5267,47.14478],[27.52783,47.14519],[27.52789,47.14522],[27.52795,47.14524],[27.52774,47.14555],[27.5277,47.14564],[27.52761,47.14587],[27.52756,47.146],[27.5275,47.14617],[27.52768,47.1462],[27.52813,47.14627],[27.52868,47.14636],[27.52892,47.1464],[27.52928,47.14646],[27.52979,47.14655],[27.53004,47.14658],[27.53026,47.1466],[27.53081,47.14659],[27.53097,47.14656],[27.53112,47.14652],[27.53138,47.14644],[27.53166,47.14635],[27.5318,47.1463],[27.53194,47.14625],[27.53202,47.14622],[27.53272,47.14597],[27.53324,47.14579],[27.5337,47.14563],[27.53482,47.14525],[27.53565,47.14496],[27.53648,47.14467],[27.53698,47.1445],[27.53742,47.14435],[27.53758,47.14431],[27.53769,47.14429],[27.53784,47.14428],[27.53794,47.14429],[27.53802,47.14431],[27.5381,47.14434],[27.53817,47.14437],[27.53824,47.14442],[27.53832,47.1445],[27.53861,47.14485],[27.53865,47.14489],[27.53872,47.14494],[27.53884,47.14499],[27.53896,47.14502],[27.53911,47.14505],[27.53925,47.14507],[27.53952,47.14509],[27.5397,47.1451],[27.54017,47.14511],[27.54048,47.14512],[27.54213,47.145125],[27.54378,47.14513],[27.54453,47.14514],[27.54537,47.14515],[27.54548,47.14516],[27.5457,47.1452],[27.54593,47.14523],[27.54766,47.145515],[27.54939,47.1458],[27.54969,47.14585],[27.55018,47.14593],[27.55055,47.14599],[27.5513,47.1461],[27.55192,47.14621],[27.55277,47.146355],[27.55362,47.1465],[27.55375,47.14652],[27.55389,47.14654],[27.5542,47.1466],[27.55517,47.14675],[27.55521,47.14676],[27.55536,47.14678],[27.55559,47.14682],[27.55587,47.14687],[27.55615,47.14691],[27.556865,47.147025],[27.55758,47.14714],[27.55772,47.14716],[27.5579,47.1472],[27.55807,47.14725],[27.55815,47.1473],[27.55823,47.14734],[27.5583,47.1474],[27.55837,47.14746],[27.55866,47.147875],[27.55895,47.14829],[27.55908,47.14842],[27.55923,47.14851],[27.5594,47.14859],[27.55959,47.14865],[27.55982,47.14868],[27.56005,47.14869],[27.56023,47.14865],[27.56072,47.14845],[27.5611,47.14829],[27.56138,47.14817],[27.56146,47.14814],[27.5617,47.14803],[27.56211,47.14786],[27.56248,47.14769],[27.56272,47.14756],[27.563285,47.147205],[27.56385,47.14685],[27.56433,47.14659],[27.565165,47.146155],[27.566,47.14572],[27.56672,47.14533],[27.56725,47.14504],[27.56788,47.14475],[27.56808,47.14469],[27.56872,47.14451],[27.56905,47.14443],[27.56982,47.14413],[27.57008,47.14403],[27.57048,47.14387],[27.57081,47.14373],[27.57123,47.14357],[27.5715,47.14345],[27.57166,47.14336],[27.57218,47.14304],[27.57244,47.14289],[27.57264,47.14277],[27.573575,47.1422],[27.57451,47.14163],[27.57485,47.14147],[27.57526,47.1413],[27.57587,47.14109],[27.57648,47.14088],[27.57684,47.14076],[27.57702,47.14069],[27.57713,47.14063],[27.57723,47.14056],[27.57738,47.14042],[27.5779,47.13997],[27.57818,47.13973],[27.57828,47.13964],[27.57849,47.13946],[27.57853,47.13945],[27.57863,47.13942],[27.57868,47.1394],[27.57873,47.13939],[27.57883,47.13938],[27.57879,47.13935],[27.57883,47.13938],[27.5791,47.13964],[27.57919,47.13974],[27.57938,47.13998],[27.57954,47.14035],[27.57962,47.14052],[27.57969,47.14069],[27.57983,47.14106],[27.58015,47.14192],[27.58027,47.14219],[27.58029,47.14225],[27.58034,47.14243],[27.58037,47.14248],[27.58048,47.14268],[27.58065,47.14304],[27.58067,47.14307],[27.58075,47.14319],[27.5809,47.14341],[27.58093,47.14346],[27.58105,47.14361],[27.58132,47.14395],[27.58166,47.14435],[27.5817,47.14441],[27.58188,47.14462],[27.582865,47.14581],[27.58385,47.147],[27.58411,47.1473],[27.584505,47.14776],[27.5849,47.14822],[27.58491,47.14825],[27.585,47.14834],[27.58535,47.14877],[27.58563,47.1491],[27.58592,47.14944],[27.5862,47.14977],[27.5864,47.15],[27.58654,47.15016],[27.58659,47.15023],[27.5866,47.15024],[27.58668,47.15034],[27.58686,47.15054],[27.58696,47.15065],[27.58708,47.15079],[27.58712,47.15083],[27.58715,47.15085],[27.58718,47.15086],[27.58724,47.15088],[27.58738,47.15087],[27.58746,47.15086],[27.58776,47.15078],[27.58798,47.15068],[27.58797,47.15071],[27.58794,47.15082],[27.58795,47.15088],[27.58799,47.15095],[27.58804,47.151],[27.58808,47.15107],[27.58813,47.15111],[27.58814,47.15112],[27.58818,47.15116],[27.58825,47.15118],[27.58844,47.15116],[27.58865,47.15109],[27.5889,47.15101],[27.58892,47.15103],[27.58894,47.15105],[27.58896,47.15108],[27.58897,47.1511],[27.58899,47.15113],[27.58867,47.15122],[27.58809,47.15135],[27.58794,47.15139],[27.58788,47.15141],[27.58781,47.15143],[27.58779,47.15147],[27.58778,47.15152],[27.58779,47.15156],[27.58801,47.15181],[27.58806,47.15187],[27.58808,47.15189],[27.5881,47.15191],[27.58798,47.15196],[27.58795,47.15198],[27.58791,47.15199],[27.58778,47.15204],[27.58788,47.15216],[27.5877,47.15224],[27.58749,47.15233],[27.58739,47.15237],[27.58688,47.15261],[27.58675,47.15267],[27.5866,47.15273],[27.58629,47.15287],[27.58516,47.15333],[27.58432,47.1537],[27.58421,47.15375],[27.58414,47.15379],[27.58411,47.1538],[27.58403,47.15374],[27.58377,47.15354],[27.58359,47.15341],[27.58355,47.15335],[27.5837,47.15329],[27.584565,47.152905],[27.58543,47.15252],[27.58639,47.15209]]},"properties":{"line":"23b","dir":"1","mode":"bus"}},{"type":"Feature","geometry":{"type":"LineString","coordinates":[[27.6083,47.16159],[27.60848,47.16151],[27.60853,47.16149],[27.60861,47.16147],[27.60866,47.16145],[27.6087,47.16144],[27.60903,47.16133],[27.60972,47.16109],[27.61041,47.16085],[27.61117,47.16059],[27.6118,47.16038],[27.61214,47.16028],[27.61331,47.1601],[27.61376,47.16003],[27.61384,47.16002],[27.61405,47.15999],[27.61423,47.15996],[27.61438,47.15994],[27.61497,47.15985],[27.61507,47.15984],[27.61523,47.15981],[27.61553,47.15977],[27.61574,47.15973],[27.61601,47.15969],[27.61636,47.15964],[27.61656,47.15961],[27.61685,47.15957],[27.61701,47.15954],[27.61716,47.15952],[27.61745,47.15948],[27.61758,47.15946],[27.61787,47.15941],[27.61824,47.15936],[27.61894,47.15925],[27.61908,47.15923],[27.61918,47.15921],[27.61952,47.15916],[27.61972,47.15913],[27.61986,47.1591],[27.62016,47.159],[27.62022,47.15896],[27.62058,47.15869],[27.6209,47.15846],[27.62153,47.15801],[27.62217,47.15754],[27.62262,47.15722],[27.62279,47.15709],[27.62344,47.15662],[27.62357,47.15652],[27.62376,47.15639],[27.62394,47.15625],[27.62396,47.15624],[27.62399,47.15622],[27.62407,47.15616],[27.62409,47.15614],[27.62428,47.156],[27.6246,47.15577],[27.6249,47.15555],[27.6251,47.1554],[27.62535,47.15508],[27.62539,47.15498],[27.62545,47.15465],[27.62537,47.15435],[27.62515,47.15407],[27.62488,47.15382],[27.6246,47.15367],[27.62411,47.15353],[27.62359,47.15343],[27.62317,47.15334],[27.62307,47.15331],[27.623,47.1533],[27.62274,47.15324],[27.62237,47.15313],[27.62234,47.15311],[27.62221,47.15302],[27.6219,47.15283],[27.62182,47.15275],[27.62163,47.15233],[27.62157,47.15213],[27.62155,47.15207],[27.62154,47.15203],[27.62141,47.15159],[27.62138,47.15149],[27.62123,47.15102],[27.62119,47.1509],[27.62111,47.15063],[27.62106,47.15047],[27.62103,47.15035],[27.62087,47.14984],[27.62073,47.149375],[27.62059,47.14891],[27.62052,47.14868],[27.62044,47.14841],[27.62042,47.14835],[27.62039,47.14822],[27.62036,47.14814],[27.620125,47.14736],[27.61989,47.14658],[27.61979,47.14626],[27.61976,47.14616],[27.61969,47.14592],[27.61962,47.14567],[27.61938,47.1457],[27.618535,47.14582],[27.61769,47.14594],[27.61753,47.14597],[27.61717,47.14602],[27.61633,47.14614],[27.61606,47.14617],[27.61378,47.146495],[27.6115,47.14682],[27.61086,47.14691],[27.61075,47.14693],[27.61051,47.14696],[27.61037,47.14698],[27.61009,47.14702],[27.60985,47.14705],[27.60978,47.14702],[27.60974,47.14698],[27.60972,47.14695],[27.6097,47.1469],[27.60961,47.14656],[27.60956,47.14642],[27.60947,47.1463],[27.6093,47.14622],[27.60899,47.14607],[27.6086,47.14588],[27.60798,47.145575],[27.60736,47.14527],[27.60723,47.14521],[27.60706,47.14513],[27.60639,47.14481],[27.60595,47.1446],[27.60502,47.14416],[27.60414,47.14375],[27.60365,47.14351],[27.60333,47.14336],[27.60282,47.14312],[27.60259,47.14301],[27.60216,47.14281],[27.60166,47.14257],[27.601025,47.14227],[27.60039,47.14197],[27.59978,47.14168],[27.60022,47.14138],[27.60038,47.14127],[27.60098,47.14087],[27.60135,47.14062],[27.60149,47.14052],[27.60365,47.139075],[27.60581,47.13763],[27.60588,47.13757],[27.60592,47.13749],[27.60589,47.13734],[27.60582,47.13727],[27.60573,47.13722],[27.60561,47.1372],[27.60526,47.13717],[27.60475,47.13714],[27.60454,47.13712],[27.603095,47.13703],[27.60165,47.13694],[27.60042,47.13685],[27.60033,47.13684],[27.60021,47.13683],[27.59955,47.13678],[27.59866,47.13672],[27.59828,47.1367],[27.59792,47.13668],[27.597105,47.13663],[27.59629,47.13658],[27.59515,47.13651],[27.59488,47.13649],[27.59467,47.13647],[27.5937,47.13639],[27.59353,47.13638],[27.593,47.13632],[27.5921,47.1362],[27.5912,47.13608],[27.59067,47.13601],[27.58998,47.135915],[27.58929,47.13582],[27.58839,47.1357],[27.5881,47.13566],[27.58747,47.13558],[27.58721,47.13554],[27.58677,47.13547],[27.58659,47.13544],[27.58639,47.13542],[27.58571,47.13532],[27.58544,47.13529],[27.58515,47.13527],[27.58471,47.13526],[27.58357,47.13528],[27.58336,47.13527],[27.58306,47.13523],[27.58282,47.13519],[27.58252,47.13513],[27.58222,47.13504],[27.58192,47.13494],[27.58162,47.13481],[27.58144,47.13472],[27.58118,47.13458],[27.5809,47.13439],[27.58049,47.13407],[27.58042,47.13402],[27.5804,47.134],[27.58012,47.13381],[27.57992,47.13372],[27.57976,47.13366],[27.57956,47.13362],[27.57935,47.13361],[27.5791,47.13363],[27.57889,47.13367],[27.57845,47.13379],[27.57792,47.13393],[27.5776,47.13402],[27.57741,47.13407],[27.57722,47.1341],[27.57706,47.13412],[27.57662,47.1341],[27.57606,47.13403],[27.57582,47.13401],[27.57553,47.13398],[27.57516,47.13396],[27.57483,47.13397],[27.57426,47.13398],[27.57391,47.13401],[27.57364,47.13405],[27.57347,47.13408],[27.57311,47.13419],[27.57272,47.1343],[27.57258,47.13409],[27.5725,47.13398],[27.57211,47.13338],[27.5721,47.13337],[27.57198,47.13319],[27.57159,47.13264],[27.57118,47.13208],[27.57076,47.1315],[27.57068,47.1314],[27.57049,47.13111],[27.57017,47.13065],[27.56985,47.13019],[27.56929,47.12941],[27.56918,47.12924],[27.56912,47.12917],[27.56903,47.12904],[27.56889,47.12885],[27.56882,47.12875],[27.5687,47.12859],[27.568415,47.12817],[27.56813,47.12775],[27.56767,47.12709],[27.5675,47.12683],[27.56738,47.12656],[27.56733,47.1264],[27.56729,47.12617],[27.56727,47.12509],[27.56725,47.12401],[27.56718,47.12377],[27.56685,47.12328],[27.566505,47.12274],[27.56616,47.1222],[27.56608,47.12208],[27.56599,47.12194],[27.56586,47.12173],[27.56555,47.12125],[27.56552,47.12119],[27.56547,47.12113],[27.56541,47.12103],[27.56536,47.12095],[27.56497,47.12032],[27.56446,47.1195],[27.56445,47.11948],[27.5643,47.11925],[27.56405,47.11887],[27.56372,47.11837],[27.563385,47.117825],[27.56305,47.11728],[27.563,47.11722],[27.5627,47.11672],[27.56251,47.11641],[27.56211,47.11576],[27.56163,47.115],[27.56156,47.11488],[27.56111,47.11419],[27.56103,47.11406],[27.56098,47.11399],[27.56079,47.11368],[27.56063,47.11339],[27.56058,47.11327],[27.56055,47.11315],[27.56054,47.11302],[27.560555,47.11256],[27.56057,47.1121],[27.56055,47.112],[27.56012,47.11139],[27.55999,47.11122],[27.55987,47.11106],[27.55961,47.11074],[27.55957,47.11069],[27.55943,47.11051],[27.55932,47.11037],[27.55913,47.11013],[27.55905,47.10995],[27.55904,47.1098],[27.55909,47.10957],[27.559245,47.109075],[27.5594,47.10858],[27.55951,47.10818],[27.55956,47.10783],[27.559585,47.106725],[27.55961,47.10562],[27.55962,47.10482],[27.55963,47.10455],[27.55965,47.10397],[27.55966,47.10353],[27.5597,47.1021],[27.55974,47.10067],[27.55973,47.1003],[27.55972,47.10011],[27.559375,47.09865],[27.55903,47.09719],[27.55902,47.09712],[27.55899,47.09702],[27.55894,47.09688],[27.559625,47.096825],[27.56031,47.09677],[27.56062,47.09675],[27.56119,47.09669]]},"properties":{"line":"27","dir":"0","mode":"bus"}},{"type":"Feature","geometry":{"type":"LineString","coordinates":[[27.56658,47.09664],[27.5665,47.09622],[27.565405,47.09631],[27.56431,47.0964],[27.56361,47.096465],[27.56291,47.09653],[27.56278,47.09654],[27.56218,47.09661],[27.56169,47.09665],[27.5614,47.09667],[27.56062,47.09675],[27.56031,47.09677],[27.559625,47.096825],[27.55894,47.09688],[27.55899,47.09702],[27.559,47.09705],[27.55902,47.09712],[27.55937,47.098615],[27.55972,47.10011],[27.55973,47.1003],[27.55974,47.10046],[27.5597,47.101995],[27.55966,47.10353],[27.55965,47.10397],[27.55963,47.10455],[27.55962,47.10482],[27.55959,47.106325],[27.55956,47.10783],[27.55951,47.10818],[27.5594,47.10858],[27.559245,47.109075],[27.55909,47.10957],[27.55904,47.1098],[27.55905,47.10995],[27.55913,47.11013],[27.55932,47.11037],[27.55939,47.11045],[27.55943,47.11051],[27.55957,47.11069],[27.55987,47.11106],[27.55999,47.11122],[27.56012,47.11139],[27.56055,47.112],[27.56057,47.1121],[27.560555,47.11256],[27.56054,47.11302],[27.56055,47.11315],[27.56058,47.11327],[27.56063,47.11339],[27.56079,47.11368],[27.56098,47.11399],[27.56099,47.114],[27.56103,47.11406],[27.56156,47.11488],[27.56163,47.115],[27.56211,47.11576],[27.56251,47.11641],[27.5627,47.11672],[27.56272,47.11675],[27.563,47.11722],[27.56336,47.117795],[27.56372,47.11837],[27.56405,47.11887],[27.5643,47.11925],[27.56445,47.11948],[27.56471,47.1199],[27.56497,47.12032],[27.56536,47.12095],[27.56541,47.12103],[27.56547,47.12113],[27.56552,47.12119],[27.56555,47.12125],[27.56586,47.12173],[27.56599,47.12194],[27.56608,47.12208],[27.56616,47.1222],[27.566505,47.12274],[27.56685,47.12328],[27.567,47.1235],[27.56718,47.12377],[27.56725,47.12396],[27.56729,47.12441],[27.56731,47.125405],[27.56733,47.1264],[27.56738,47.12656],[27.5675,47.12683],[27.56767,47.12709],[27.56813,47.12775],[27.56865,47.12852],[27.5687,47.12859],[27.56882,47.12875],[27.56889,47.12885],[27.56903,47.12904],[27.56912,47.12917],[27.56918,47.12924],[27.569515,47.129715],[27.56985,47.13019],[27.57017,47.13065],[27.57049,47.13111],[27.57068,47.1314],[27.57076,47.1315],[27.57118,47.13208],[27.57159,47.13264],[27.57198,47.13319],[27.57211,47.13338],[27.5725,47.13398],[27.57258,47.13409],[27.57272,47.1343],[27.57311,47.13419],[27.57347,47.13408],[27.57364,47.13405],[27.57391,47.13401],[27.57426,47.13398],[27.5746,47.13397],[27.57516,47.13396],[27.57545,47.13398],[27.57582,47.13401],[27.57606,47.13403],[27.57662,47.1341],[27.57685,47.13412],[27.57722,47.1341],[27.57741,47.13407],[27.5776,47.13402],[27.57792,47.13393],[27.57845,47.13379],[27.57889,47.13367],[27.5791,47.13363],[27.57935,47.13361],[27.57956,47.13362],[27.57976,47.13366],[27.57992,47.13372],[27.58012,47.13381],[27.5804,47.134],[27.58049,47.13407],[27.5805,47.13408],[27.5809,47.13439],[27.58118,47.13458],[27.58144,47.13472],[27.58162,47.13481],[27.58192,47.13494],[27.58222,47.13504],[27.58252,47.13513],[27.58282,47.13519],[27.58306,47.13523],[27.58336,47.13527],[27.58357,47.13528],[27.58429,47.13526],[27.58515,47.13527],[27.58544,47.13529],[27.58571,47.13532],[27.58639,47.13542],[27.5865,47.13543],[27.58659,47.13544],[27.58721,47.13554],[27.58747,47.13558],[27.5881,47.13566],[27.58839,47.1357],[27.58929,47.13582],[27.58998,47.135915],[27.59067,47.13601],[27.5912,47.13608],[27.5921,47.1362],[27.593,47.13632],[27.59353,47.13638],[27.5937,47.13639],[27.59384,47.1364],[27.59467,47.13647],[27.59515,47.13651],[27.59629,47.13658],[27.597105,47.13663],[27.59792,47.13668],[27.59828,47.1367],[27.59866,47.13672],[27.59955,47.13678],[27.60033,47.13684],[27.60042,47.13685],[27.60165,47.13694],[27.603095,47.13703],[27.60454,47.13712],[27.60475,47.13714],[27.60526,47.13717],[27.60561,47.1372],[27.60586,47.13723],[27.60595,47.13724],[27.60605,47.13726],[27.60616,47.13728],[27.60627,47.13732],[27.60624,47.13734],[27.60581,47.13763],[27.60365,47.139075],[27.60149,47.14052],[27.60135,47.14062],[27.60098,47.14087],[27.60038,47.14127],[27.59978,47.14168],[27.60008,47.14182],[27.60039,47.14197],[27.601025,47.14227],[27.60166,47.14257],[27.60216,47.14281],[27.60282,47.14312],[27.60333,47.14336],[27.60365,47.14351],[27.60414,47.14375],[27.60502,47.14416],[27.60595,47.1446],[27.606505,47.144865],[27.60706,47.14513],[27.60723,47.14521],[27.60736,47.14527],[27.60798,47.145575],[27.6086,47.14588],[27.60881,47.14598],[27.60899,47.14607],[27.6093,47.14622],[27.60947,47.1463],[27.61013,47.14661],[27.61037,47.14672],[27.6105,47.14676],[27.61057,47.14678],[27.6107,47.14676],[27.613045,47.14644],[27.61539,47.14612],[27.61589,47.14605],[27.61677,47.14593],[27.61765,47.14581],[27.61885,47.14563],[27.61886,47.14562],[27.61957,47.14552],[27.61962,47.14567],[27.61969,47.14592],[27.61976,47.14616],[27.61979,47.14624],[27.61989,47.14658],[27.620095,47.147255],[27.6203,47.14793],[27.62036,47.14814],[27.62039,47.14822],[27.62042,47.14833],[27.62044,47.14841],[27.62052,47.14868],[27.620695,47.14926],[27.62087,47.14984],[27.62095,47.15008],[27.62103,47.15035],[27.62106,47.15047],[27.62111,47.15063],[27.62119,47.1509],[27.62123,47.15102],[27.62138,47.15149],[27.62141,47.15159],[27.62154,47.15203],[27.62157,47.15213],[27.62163,47.15233],[27.62182,47.15275],[27.6219,47.15283],[27.62207,47.15294],[27.62221,47.15302],[27.62234,47.15311],[27.62237,47.15313],[27.62274,47.15324],[27.623,47.1533],[27.62307,47.15331],[27.62317,47.15334],[27.62359,47.15343],[27.62411,47.15353],[27.6246,47.15367],[27.62488,47.15382],[27.62515,47.15407],[27.62537,47.15435],[27.62545,47.15465],[27.62539,47.15498],[27.62535,47.15508],[27.6251,47.1554],[27.6249,47.15555],[27.6246,47.15577],[27.62428,47.156],[27.62409,47.15614],[27.62407,47.15616],[27.62399,47.15622],[27.62394,47.15625],[27.62376,47.15639],[27.62357,47.15652],[27.62344,47.15662],[27.62279,47.15709],[27.62262,47.15722],[27.62217,47.15754],[27.62153,47.15801],[27.6209,47.15846],[27.62058,47.15869],[27.62039,47.15883],[27.62022,47.15896],[27.62016,47.159],[27.61986,47.1591],[27.61972,47.15913],[27.61952,47.15916],[27.61918,47.15921],[27.61908,47.15923],[27.61824,47.15936],[27.61787,47.15941],[27.61758,47.15946],[27.61745,47.15948],[27.61716,47.15952],[27.61701,47.15954],[27.61685,47.15957],[27.61656,47.15961],[27.61636,47.15964],[27.61601,47.15969],[27.61574,47.15973],[27.61553,47.15977],[27.61523,47.15981],[27.61507,47.15984],[27.61497,47.15985],[27.61458,47.15991],[27.61438,47.15994],[27.61423,47.15996],[27.61405,47.15999],[27.61384,47.16002],[27.61376,47.16003],[27.61295,47.160155],[27.61214,47.16028],[27.6118,47.16038],[27.61117,47.16059],[27.61041,47.16085],[27.60972,47.16109],[27.60903,47.16133],[27.609,47.16134]]},"properties":{"line":"27","dir":"1","mode":"bus"}},{"type":"Feature","geometry":{"type":"LineString","coordinates":[[27.56692,47.18171],[27.56677,47.18163],[27.56657,47.18154],[27.56661,47.1815],[27.5667,47.18138],[27.56683,47.18124],[27.56692,47.18112],[27.56705,47.18097],[27.56707,47.18094],[27.56712,47.18089],[27.56727,47.18071],[27.56739,47.18057],[27.56751,47.18043],[27.56757,47.18036],[27.56763,47.18029],[27.56803,47.1798],[27.56851,47.17923],[27.56862,47.1791],[27.56867,47.17904],[27.56918,47.178425],[27.56969,47.17781],[27.57027,47.1771],[27.57058,47.17675],[27.57115,47.17605],[27.57121,47.17598],[27.57132,47.17584],[27.57139,47.17576],[27.57141,47.17574],[27.57151,47.17562],[27.57157,47.17555],[27.57161,47.1755],[27.57171,47.17538],[27.572,47.17506],[27.57207,47.17497],[27.57225,47.17476],[27.57228,47.17473],[27.57248,47.1745],[27.57255,47.17442],[27.5726,47.17436],[27.57285,47.17406],[27.57295,47.17395],[27.57316,47.17371],[27.57331,47.17353],[27.57351,47.17329],[27.57397,47.172725],[27.57443,47.17216],[27.57508,47.17141],[27.57535,47.17109],[27.57542,47.171],[27.5756,47.17067],[27.57604,47.17012],[27.57614,47.16993],[27.57634,47.16971],[27.57635,47.16965],[27.57637,47.16958],[27.5764,47.16954],[27.57644,47.1695],[27.57649,47.16947],[27.57653,47.16945],[27.5766,47.16943],[27.5767,47.16942],[27.57694,47.16934],[27.57722,47.16925],[27.57726,47.16923],[27.57731,47.16922],[27.57735,47.1692],[27.57737,47.16919],[27.57826,47.16887],[27.5785,47.1688],[27.57874,47.16873],[27.57897,47.16867],[27.57908,47.16863],[27.57938,47.16851],[27.57952,47.16846],[27.58032,47.16814],[27.58035,47.16813],[27.58051,47.16807],[27.58072,47.16799],[27.58085,47.16795],[27.58086,47.16794],[27.58094,47.16792],[27.58116,47.16786],[27.58133,47.16781],[27.5814,47.16779],[27.582285,47.16757],[27.58317,47.16735],[27.58325,47.16733],[27.58391,47.16716],[27.58495,47.16689],[27.58535,47.16679],[27.58632,47.16654],[27.58658,47.16647],[27.58723,47.1663],[27.5874,47.16626],[27.58821,47.16606],[27.5887,47.16594],[27.58886,47.1659],[27.58978,47.16568],[27.59046,47.1655],[27.59096,47.16473],[27.59101,47.16465],[27.59108,47.16456],[27.59113,47.16449],[27.59123,47.16441],[27.59138,47.16435],[27.59153,47.1643],[27.59164,47.16427],[27.59175,47.16424],[27.59195,47.16416],[27.59287,47.16375],[27.5929,47.16373],[27.59317,47.16361],[27.59323,47.16358],[27.5935,47.16345],[27.59367,47.16331],[27.59444,47.16271],[27.59466,47.16239],[27.59468,47.16235],[27.5947,47.16233],[27.59472,47.16213],[27.59475,47.16197],[27.59473,47.16187],[27.59465,47.16165],[27.59459,47.16163],[27.59436,47.16156],[27.59432,47.16155],[27.59428,47.16153],[27.59423,47.16152],[27.59384,47.1614],[27.59356,47.16131],[27.59262,47.16102],[27.59259,47.16101],[27.59251,47.16099],[27.59174,47.16075],[27.59161,47.16071],[27.5912,47.16059],[27.59088,47.16049],[27.59048,47.16036],[27.58996,47.1602],[27.58983,47.16016],[27.58913,47.15995],[27.58908,47.15993],[27.58887,47.15987],[27.58866,47.1598],[27.58828,47.15969],[27.58781,47.15955],[27.58764,47.1595],[27.58744,47.15943],[27.58715,47.15935],[27.58643,47.15911],[27.5859,47.15893],[27.58576,47.15887],[27.58563,47.1588],[27.58554,47.15873],[27.58537,47.15858],[27.58525,47.15843],[27.58518,47.15828],[27.58514,47.1581],[27.58513,47.15786],[27.58512,47.15773],[27.5851,47.15733],[27.58504,47.15654],[27.58508,47.15642],[27.58532,47.156],[27.58545,47.15581],[27.58562,47.15554],[27.58564,47.15552],[27.58568,47.15543],[27.58575,47.15535],[27.58618,47.15494],[27.58622,47.1549],[27.58636,47.15476],[27.58641,47.15471],[27.58661,47.15453],[27.58695,47.1542],[27.58728,47.1539],[27.58747,47.15372],[27.5875,47.15369],[27.58777,47.15344],[27.58793,47.15328],[27.58808,47.15314],[27.58813,47.15298],[27.58817,47.15286],[27.58814,47.15255],[27.58811,47.15247],[27.58802,47.15232],[27.58797,47.15225],[27.5879,47.15217],[27.5878,47.15207],[27.58738,47.1516],[27.58722,47.15148],[27.58718,47.15145],[27.58713,47.15143],[27.58709,47.15138],[27.58705,47.15134],[27.58702,47.15129],[27.587,47.15122],[27.58701,47.15114],[27.58702,47.15112],[27.58697,47.151],[27.58691,47.15087],[27.58676,47.1507],[27.58669,47.15061],[27.58653,47.15042],[27.58646,47.15033],[27.58638,47.15024],[27.58605,47.14984],[27.58598,47.14976],[27.58594,47.14971],[27.58577,47.1495],[27.58568,47.1494],[27.58549,47.14917],[27.58521,47.14882],[27.58505,47.14864],[27.58485,47.14842],[27.58479,47.14835],[27.58474,47.1483],[27.58436,47.14784],[27.58398,47.14738],[27.58376,47.14713],[27.582615,47.14577],[27.58147,47.14441],[27.58133,47.14436],[27.58123,47.14437],[27.5812,47.14438],[27.58117,47.14439],[27.58115,47.14441],[27.58114,47.14442],[27.58113,47.14444],[27.58111,47.14447],[27.5811,47.14451],[27.58112,47.14455],[27.58115,47.14459],[27.58132,47.14474],[27.58135,47.14476],[27.58142,47.14481],[27.58161,47.14497],[27.58181,47.14519],[27.58198,47.14539],[27.5821,47.14553],[27.58178,47.14574],[27.58145,47.14597],[27.58107,47.14622],[27.58058,47.14655],[27.5799,47.14699],[27.57924,47.14741],[27.57867,47.14779],[27.57782,47.14837],[27.57773,47.14842],[27.57763,47.14845],[27.5772,47.14849],[27.57644,47.14853],[27.57634,47.1486],[27.57617,47.14872],[27.57609,47.14878],[27.57585,47.14898],[27.57531,47.1494],[27.57476,47.14984],[27.57466,47.14992],[27.57454,47.15002],[27.57406,47.1504],[27.57382,47.15059],[27.57376,47.15064],[27.57349,47.1509],[27.57345,47.15094],[27.57326,47.15112],[27.57281,47.15155],[27.57274,47.15162],[27.57254,47.15182],[27.57218,47.15218],[27.57207,47.15229],[27.57144,47.1529],[27.57079,47.15352],[27.57065,47.15365],[27.57054,47.15376],[27.57045,47.15384],[27.57041,47.15389],[27.57038,47.15398],[27.57039,47.15435],[27.570385,47.15522],[27.57038,47.15609],[27.57039,47.15717],[27.5704,47.15825],[27.57041,47.15834],[27.57042,47.15849],[27.57043,47.15854],[27.57047,47.15903],[27.57051,47.15952],[27.57052,47.15964],[27.57053,47.15987],[27.57048,47.16001],[27.57044,47.16012],[27.57056,47.1602],[27.57061,47.16022],[27.57071,47.16028],[27.57095,47.16043],[27.57107,47.1605],[27.57125,47.16061],[27.57135,47.16069],[27.57142,47.16078],[27.57144,47.16106],[27.57143,47.16116],[27.57139,47.16132],[27.57128,47.16147],[27.57084,47.16179],[27.57036,47.16209],[27.57007,47.16227],[27.56965,47.16194],[27.56941,47.16176],[27.56901,47.16145],[27.56884,47.1615],[27.56801,47.161755],[27.56718,47.16201],[27.56711,47.16204],[27.56698,47.1621],[27.56687,47.16216],[27.56606,47.16255],[27.565505,47.16282],[27.56495,47.16309],[27.56482,47.16315],[27.56477,47.16325],[27.56449,47.16338],[27.56415,47.16354],[27.56401,47.16355],[27.562915,47.16408],[27.56182,47.16461],[27.5618,47.16463],[27.56161,47.16472],[27.56145,47.16479],[27.56034,47.16533],[27.55923,47.16587],[27.55882,47.16607],[27.55871,47.16618],[27.55836,47.16636],[27.55764,47.16671],[27.55752,47.16678],[27.5575,47.16682],[27.55749,47.16684],[27.55747,47.16687],[27.55743,47.16689],[27.55737,47.1669],[27.55732,47.16691],[27.55723,47.1669],[27.55718,47.16689],[27.55712,47.16685],[27.55694,47.16681],[27.55635,47.1668],[27.55622,47.16678],[27.555135,47.166775],[27.55405,47.16677],[27.552855,47.16679],[27.55166,47.16681],[27.55105,47.16677],[27.55091,47.16676],[27.548865,47.166755],[27.54682,47.16675],[27.545915,47.16674],[27.54501,47.16673],[27.54374,47.16672],[27.5435,47.16673],[27.54326,47.16681],[27.54307,47.16691],[27.54253,47.16735],[27.54199,47.16779],[27.54159,47.16811],[27.54136,47.16829],[27.54118,47.16844],[27.54106,47.16854],[27.5405,47.16908],[27.54025,47.16933]]},"properties":{"line":"28","dir":"0","mode":"bus"}},{"type":"Feature","geometry":{"type":"LineString","coordinates":[[27.54078,47.16881],[27.54106,47.16854],[27.54118,47.16844],[27.54136,47.16829],[27.54159,47.16811],[27.54199,47.16779],[27.54253,47.16735],[27.54307,47.16691],[27.54326,47.16681],[27.5435,47.16673],[27.54374,47.16672],[27.54396,47.16668],[27.54445,47.16669],[27.54485,47.16673],[27.545525,47.16674],[27.5462,47.16675],[27.54714,47.166755],[27.54808,47.16676],[27.548985,47.166735],[27.54989,47.16671],[27.55069,47.16672],[27.55079,47.16676],[27.55105,47.16677],[27.553195,47.166775],[27.55534,47.16678],[27.55635,47.16675],[27.55695,47.16674],[27.55709,47.16671],[27.55713,47.16667],[27.55718,47.16663],[27.55727,47.16661],[27.55735,47.16662],[27.55745,47.16665],[27.55759,47.16662],[27.55865,47.16612],[27.55882,47.16607],[27.55923,47.16587],[27.56034,47.16533],[27.56145,47.16479],[27.56161,47.16472],[27.5618,47.16463],[27.56182,47.16461],[27.562915,47.16408],[27.56401,47.16355],[27.5642,47.16345],[27.56434,47.16339],[27.56438,47.16337],[27.56476,47.16318],[27.56482,47.16315],[27.56495,47.16309],[27.565505,47.16282],[27.56606,47.16255],[27.56614,47.16243],[27.56685,47.1621],[27.56711,47.16204],[27.56718,47.16201],[27.56726,47.16196],[27.56773,47.1617],[27.5686,47.16121],[27.56898,47.161],[27.569615,47.160615],[27.57025,47.16023],[27.57044,47.16012],[27.57048,47.16002],[27.57053,47.15987],[27.57052,47.15964],[27.57051,47.15952],[27.57047,47.15903],[27.57043,47.15854],[27.57042,47.15849],[27.57041,47.15834],[27.5704,47.15825],[27.57038,47.15748],[27.570385,47.156625],[27.57039,47.15577],[27.570385,47.154875],[27.57038,47.15398],[27.57041,47.15389],[27.57045,47.15384],[27.57054,47.15376],[27.57065,47.15365],[27.57079,47.15352],[27.57144,47.1529],[27.57207,47.15229],[27.57218,47.15218],[27.57249,47.15187],[27.57274,47.15162],[27.57281,47.15155],[27.57326,47.15112],[27.57345,47.15094],[27.57349,47.1509],[27.57376,47.15064],[27.57382,47.15059],[27.57406,47.1504],[27.57466,47.14992],[27.57476,47.14984],[27.57488,47.14975],[27.57531,47.1494],[27.57585,47.14898],[27.57609,47.14878],[27.57617,47.14872],[27.57634,47.1486],[27.57644,47.14853],[27.57667,47.14849],[27.57763,47.14845],[27.57773,47.14842],[27.57782,47.14837],[27.57853,47.14789],[27.57924,47.14741],[27.57985,47.14702],[27.5799,47.14699],[27.58058,47.14655],[27.58107,47.14622],[27.58145,47.14597],[27.58178,47.14574],[27.5821,47.14553],[27.58237,47.14535],[27.58266,47.14515],[27.58252,47.14498],[27.58237,47.14479],[27.5823,47.14468],[27.58223,47.14456],[27.58215,47.14438],[27.58212,47.14432],[27.5821,47.14428],[27.58207,47.14423],[27.58205,47.1442],[27.58202,47.14417],[27.58198,47.14415],[27.58179,47.14416],[27.58175,47.14417],[27.58173,47.14418],[27.5817,47.14419],[27.58167,47.14421],[27.58165,47.14423],[27.58163,47.14425],[27.58166,47.14435],[27.58278,47.14568],[27.5839,47.14701],[27.58415,47.14731],[27.584535,47.14777],[27.58492,47.14823],[27.58502,47.14835],[27.58536,47.14877],[27.58547,47.14889],[27.58564,47.1491],[27.58593,47.14944],[27.58597,47.14949],[27.58621,47.14977],[27.58648,47.15009],[27.58655,47.15016],[27.58668,47.15031],[27.58686,47.15054],[27.58696,47.15065],[27.58708,47.15079],[27.58716,47.15085],[27.58731,47.1509],[27.58736,47.15089],[27.58743,47.15088],[27.58759,47.15089],[27.58766,47.1509],[27.58773,47.15093],[27.5878,47.15096],[27.58786,47.15099],[27.58794,47.15107],[27.58796,47.15116],[27.58795,47.15127],[27.58792,47.15133],[27.58789,47.15137],[27.58788,47.15138],[27.58787,47.15139],[27.58784,47.15143],[27.58779,47.15145],[27.58776,47.15147],[27.58779,47.15154],[27.58812,47.15194],[27.58821,47.15204],[27.58826,47.15214],[27.5883,47.1522],[27.58836,47.15231],[27.58846,47.15254],[27.58843,47.15267],[27.5884,47.15281],[27.58815,47.15307],[27.58808,47.15314],[27.58793,47.15328],[27.58777,47.15344],[27.5875,47.15369],[27.58747,47.15372],[27.58732,47.15385],[27.58695,47.1542],[27.58661,47.15453],[27.58641,47.15471],[27.58636,47.15476],[27.58622,47.1549],[27.58618,47.15494],[27.58575,47.15535],[27.58568,47.15543],[27.58564,47.15552],[27.58562,47.15554],[27.58545,47.15581],[27.58532,47.156],[27.58508,47.15642],[27.58504,47.1565],[27.5851,47.15733],[27.58512,47.15773],[27.58513,47.15782],[27.58514,47.1581],[27.58518,47.15828],[27.58525,47.15843],[27.58537,47.15858],[27.58554,47.15873],[27.58563,47.1588],[27.58576,47.15887],[27.5859,47.15893],[27.58643,47.15911],[27.58705,47.15932],[27.58715,47.15935],[27.58744,47.15943],[27.58764,47.1595],[27.58781,47.15955],[27.58828,47.15969],[27.58866,47.1598],[27.58908,47.15993],[27.58913,47.15995],[27.58983,47.16016],[27.58996,47.1602],[27.59048,47.16036],[27.59088,47.16049],[27.5912,47.16059],[27.59161,47.16071],[27.59174,47.16075],[27.59251,47.16099],[27.59259,47.16101],[27.59262,47.16102],[27.59323,47.16121],[27.59384,47.1614],[27.59409,47.16147],[27.59423,47.16152],[27.59428,47.16153],[27.59432,47.16155],[27.59436,47.16156],[27.59459,47.16163],[27.59465,47.16165],[27.59493,47.16174],[27.59508,47.16179],[27.59504,47.16184],[27.59491,47.16199],[27.5947,47.16233],[27.59468,47.16235],[27.59466,47.16239],[27.59444,47.16271],[27.59367,47.16331],[27.5935,47.16345],[27.59323,47.16358],[27.59317,47.16361],[27.5929,47.16373],[27.59287,47.16375],[27.59195,47.16416],[27.59175,47.16424],[27.59164,47.16427],[27.59153,47.1643],[27.59138,47.16435],[27.59123,47.16441],[27.59113,47.16449],[27.59108,47.16456],[27.59101,47.16465],[27.590735,47.165075],[27.59046,47.1655],[27.58978,47.16568],[27.58933,47.16579],[27.58886,47.1659],[27.5887,47.16594],[27.58821,47.16606],[27.5874,47.16626],[27.58723,47.1663],[27.58658,47.16647],[27.58632,47.16654],[27.58535,47.16679],[27.58495,47.16689],[27.58391,47.16716],[27.58325,47.16733],[27.58317,47.16735],[27.582285,47.16757],[27.5814,47.16779],[27.58133,47.16781],[27.58116,47.16786],[27.58094,47.16792],[27.58086,47.16794],[27.58072,47.16799],[27.58051,47.16807],[27.58035,47.16813],[27.58032,47.16814],[27.57952,47.16846],[27.57938,47.16851],[27.57918,47.16859],[27.57908,47.16863],[27.57897,47.16867],[27.57875,47.16876],[27.57823,47.16902],[27.57791,47.16914],[27.57763,47.16925],[27.57745,47.16932],[27.5774,47.16934],[27.57728,47.16941],[27.57717,47.1695],[27.5771,47.16956],[27.57706,47.16961],[27.57707,47.16965],[27.57706,47.16974],[27.57702,47.1698],[27.57696,47.16986],[27.57687,47.1699],[27.57681,47.16991],[27.57673,47.16992],[27.57634,47.17006],[27.57626,47.17011],[27.57618,47.1702],[27.576,47.17042],[27.57576,47.17071],[27.57558,47.17088],[27.57542,47.171],[27.57535,47.17109],[27.57508,47.17141],[27.57443,47.17216],[27.57397,47.172725],[27.57351,47.17329],[27.57331,47.17353],[27.57316,47.17371],[27.57295,47.17395],[27.57285,47.17406],[27.5726,47.17436],[27.57255,47.17442],[27.57248,47.1745],[27.57228,47.17473],[27.57225,47.17476],[27.572,47.17506],[27.57173,47.17537],[27.57171,47.17538],[27.57161,47.1755],[27.57157,47.17555],[27.57151,47.17562],[27.57141,47.17574],[27.57139,47.17576],[27.57132,47.17584],[27.57121,47.17598],[27.57115,47.17605],[27.57058,47.17675],[27.57027,47.1771],[27.56969,47.17781],[27.56918,47.178425],[27.56867,47.17904],[27.56862,47.1791],[27.56851,47.17923],[27.56803,47.1798],[27.56763,47.18029],[27.56757,47.18036],[27.56751,47.18043],[27.56727,47.18071],[27.5672,47.1808],[27.56712,47.18089],[27.56707,47.18094],[27.56705,47.18097],[27.56692,47.18112],[27.56683,47.18124],[27.5667,47.18138],[27.56661,47.1815],[27.56657,47.18154],[27.56677,47.18163],[27.56692,47.18171]]},"properties":{"line":"28","dir":"1","mode":"bus"}},{"type":"Feature","geometry":{"type":"LineString","coordinates":[[27.58836,47.15044],[27.58803,47.1507],[27.588,47.15072],[27.58804,47.15097],[27.58805,47.15102],[27.58807,47.15104],[27.58808,47.15105],[27.58809,47.15107],[27.58811,47.15108],[27.58814,47.1511],[27.58825,47.15116],[27.58833,47.1512],[27.5884,47.15121],[27.5887,47.15113],[27.58884,47.15109],[27.58888,47.15107],[27.589,47.15104],[27.58931,47.15094],[27.58975,47.1508],[27.58984,47.15078],[27.59029,47.15062],[27.59056,47.15053],[27.59062,47.15051],[27.5913,47.15029],[27.59198,47.15007],[27.5921,47.15003],[27.5924,47.14994],[27.59271,47.14984],[27.593395,47.14962],[27.59408,47.1494],[27.59417,47.14937],[27.59433,47.1493],[27.59448,47.14922],[27.59453,47.14921],[27.59459,47.1492],[27.59477,47.14915],[27.59544,47.14897],[27.59619,47.14884],[27.597495,47.148655],[27.5988,47.14847],[27.59885,47.14846],[27.599895,47.148315],[27.60094,47.14817],[27.60102,47.14815],[27.6014,47.1481],[27.60172,47.14806],[27.60225,47.14798],[27.6024,47.14796],[27.60326,47.14784],[27.60345,47.14782],[27.60453,47.14766],[27.60569,47.14751],[27.60612,47.14744],[27.60703,47.1473],[27.60802,47.14715],[27.60901,47.147],[27.60932,47.14696],[27.60956,47.14692],[27.6097,47.1469],[27.60977,47.14689],[27.61017,47.14683],[27.61026,47.14682],[27.61057,47.14678],[27.6107,47.14676],[27.612875,47.146465],[27.61505,47.14617],[27.61539,47.14612],[27.61652,47.145965],[27.61765,47.14581],[27.61885,47.14563],[27.61886,47.14562],[27.61901,47.1456],[27.61912,47.14559],[27.61957,47.14552],[27.62048,47.14539],[27.62068,47.14536],[27.622125,47.145165],[27.62357,47.14497],[27.624395,47.14485],[27.62522,47.14473],[27.62616,47.1446],[27.626995,47.14448],[27.62783,47.14436],[27.628705,47.14424],[27.62958,47.14412],[27.62971,47.1441],[27.63028,47.14402],[27.631025,47.14391],[27.63177,47.1438],[27.6325,47.1437],[27.633245,47.143595],[27.63399,47.14349],[27.63422,47.14345],[27.63508,47.14333],[27.63544,47.14328],[27.63578,47.14327],[27.63649,47.14324],[27.637495,47.14325],[27.6385,47.14326],[27.63945,47.14328],[27.64013,47.1433],[27.641255,47.143325],[27.64238,47.14335],[27.64289,47.14336],[27.64349,47.14337],[27.64425,47.14338],[27.64566,47.1434],[27.64707,47.14342],[27.64736,47.14348],[27.64806,47.14349],[27.64843,47.1435],[27.64963,47.143505],[27.65083,47.14351],[27.6521,47.1435],[27.65317,47.14349],[27.65331,47.14347],[27.6539,47.1434],[27.65472,47.14324],[27.65566,47.14293],[27.65573,47.14291],[27.6568,47.14249],[27.65757,47.14219],[27.65834,47.14189],[27.65922,47.14155],[27.6601,47.14121],[27.6603,47.14113],[27.66076,47.14096],[27.66085,47.14092],[27.6615,47.14067],[27.663825,47.13976],[27.66615,47.13885],[27.6664,47.13876],[27.66641,47.13875],[27.66643,47.13874],[27.66702,47.13851],[27.6684,47.137975],[27.66978,47.13744],[27.67078,47.137],[27.671485,47.136695],[27.67219,47.13639],[27.67295,47.13608],[27.67333,47.13596],[27.67335,47.13595],[27.67367,47.13586],[27.67427,47.13572],[27.67475,47.13566],[27.675445,47.13557],[27.67614,47.13548],[27.67715,47.13535],[27.67793,47.13524],[27.67871,47.13513],[27.67984,47.135],[27.681025,47.13484],[27.68221,47.13468],[27.68307,47.13447],[27.68364,47.13434],[27.68455,47.13411],[27.68546,47.13388],[27.68648,47.13365],[27.6875,47.1334],[27.68852,47.13315],[27.68874,47.13309],[27.68921,47.13297],[27.68988,47.13281],[27.69102,47.13253],[27.69216,47.13225],[27.6928,47.13209],[27.69316,47.132],[27.69473,47.131625],[27.6963,47.13125],[27.6969,47.13109],[27.6975,47.13094],[27.69786,47.13082],[27.698,47.13074],[27.69814,47.13065],[27.69821,47.13059]]},"properties":{"line":"29","dir":"0","mode":"bus"}},{"type":"Feature","geometry":{"type":"LineString","coordinates":[[27.69804,47.13071],[27.698,47.13074],[27.69786,47.13082],[27.6975,47.13094],[27.6969,47.13109],[27.6963,47.13125],[27.69473,47.131625],[27.69316,47.132],[27.693,47.13204],[27.6928,47.13209],[27.69216,47.13225],[27.69102,47.13253],[27.68988,47.13281],[27.68921,47.13297],[27.68874,47.13309],[27.68852,47.13315],[27.6875,47.1334],[27.68648,47.13365],[27.68546,47.13388],[27.68455,47.13411],[27.68364,47.13434],[27.68338,47.1344],[27.68221,47.13468],[27.681025,47.13484],[27.67984,47.135],[27.67871,47.13513],[27.67793,47.13524],[27.67715,47.13535],[27.67614,47.13548],[27.675445,47.13557],[27.67475,47.13566],[27.67463,47.13567],[27.67427,47.13572],[27.67367,47.13586],[27.67335,47.13595],[27.67295,47.13608],[27.67219,47.13639],[27.671485,47.136695],[27.67078,47.137],[27.66978,47.13744],[27.668815,47.137815],[27.66785,47.13819],[27.66714,47.138465],[27.66643,47.13874],[27.66641,47.13875],[27.6664,47.13876],[27.66615,47.13885],[27.663825,47.13976],[27.6615,47.14067],[27.66085,47.14092],[27.66076,47.14096],[27.6603,47.14113],[27.6601,47.14121],[27.659335,47.141505],[27.65857,47.1418],[27.657685,47.142145],[27.6568,47.14249],[27.65573,47.14291],[27.65566,47.14293],[27.65472,47.14324],[27.6539,47.1434],[27.65331,47.14347],[27.65317,47.14349],[27.6521,47.1435],[27.65131,47.14351],[27.650165,47.143505],[27.64902,47.1435],[27.64814,47.14349],[27.64781,47.14348],[27.64708,47.14352],[27.64633,47.143505],[27.64558,47.14349],[27.644675,47.143475],[27.64377,47.14346],[27.64246,47.14345],[27.64198,47.14344],[27.64105,47.14343],[27.64012,47.14342],[27.63944,47.14341],[27.63849,47.1434],[27.63749,47.14339],[27.63649,47.14338],[27.63622,47.1434],[27.63549,47.14343],[27.63511,47.14348],[27.63427,47.1436],[27.633045,47.14377],[27.63182,47.14394],[27.631075,47.14405],[27.63033,47.14416],[27.628675,47.144395],[27.62702,47.14463],[27.62619,47.14475],[27.62526,47.14488],[27.624435,47.144995],[27.62361,47.14511],[27.62347,47.14513],[27.62235,47.14529],[27.62151,47.14541],[27.62073,47.14551],[27.61962,47.14567],[27.61938,47.1457],[27.61906,47.14575],[27.618375,47.145845],[27.61769,47.14594],[27.61753,47.14597],[27.61717,47.14602],[27.61633,47.14614],[27.61606,47.14617],[27.61498,47.146325],[27.6139,47.14648],[27.61367,47.14651],[27.612585,47.146665],[27.6115,47.14682],[27.61086,47.14691],[27.61075,47.14693],[27.61051,47.14696],[27.61037,47.14698],[27.61009,47.14702],[27.60985,47.14705],[27.60978,47.14702],[27.60974,47.14698],[27.60973,47.14697],[27.60972,47.14695],[27.6097,47.1469],[27.60961,47.14656],[27.60956,47.14642],[27.60947,47.1463],[27.6093,47.14622],[27.60918,47.14616],[27.60899,47.14607],[27.6086,47.14588],[27.60798,47.145575],[27.60736,47.14527],[27.60734,47.14526],[27.60723,47.14521],[27.60706,47.14513],[27.60689,47.14505],[27.60639,47.14481],[27.60595,47.1446],[27.6056,47.14444],[27.60502,47.14416],[27.6046,47.14396],[27.60367,47.14352],[27.60361,47.14349],[27.60333,47.14336],[27.60284,47.14314],[27.60259,47.14302],[27.60216,47.14281],[27.60166,47.14257],[27.60109,47.1423],[27.60052,47.14203],[27.60039,47.14197],[27.60004,47.14181],[27.59978,47.14168],[27.59961,47.1418],[27.59933,47.14198],[27.59928,47.14201],[27.59919,47.14208],[27.59913,47.14211],[27.59899,47.14221],[27.59881,47.14233],[27.597695,47.14309],[27.59658,47.14385],[27.59649,47.14391],[27.59598,47.14428],[27.59547,47.14465],[27.5947,47.14524],[27.5946,47.14531],[27.59452,47.14537],[27.59428,47.14562],[27.59419,47.14572],[27.59413,47.14581],[27.59415,47.14586],[27.59413,47.14591],[27.59409,47.14595],[27.59405,47.14596],[27.59402,47.14597],[27.59398,47.14598],[27.59384,47.14603],[27.59356,47.1462],[27.59346,47.14626],[27.59296,47.14671],[27.59288,47.14678],[27.59209,47.14746],[27.59176,47.14772],[27.59131,47.14808],[27.59081,47.14848],[27.59026,47.14893],[27.5901,47.14905],[27.59006,47.14908],[27.58942,47.14959],[27.58915,47.14981],[27.589,47.14993],[27.58879,47.15009],[27.58865,47.15021],[27.58856,47.15028]]},"properties":{"line":"29","dir":"1","mode":"bus"}},{"type":"Feature","geometry":{"type":"LineString","coordinates":[[27.53739,47.17239],[27.53734,47.17247],[27.53733,47.17256],[27.53735,47.17265],[27.53739,47.1727],[27.53764,47.17276],[27.53814,47.17288],[27.53857,47.17289],[27.53904,47.1729],[27.53916,47.17291],[27.53931,47.17292],[27.53952,47.17293],[27.53995,47.17295],[27.54036,47.17298],[27.541105,47.173035],[27.54185,47.17309],[27.542,47.1731],[27.54265,47.17314],[27.54324,47.17318],[27.54393,47.17322],[27.54416,47.17323],[27.54454,47.17325],[27.5452,47.17328],[27.54542,47.17329],[27.54567,47.1733],[27.54596,47.17332],[27.54627,47.17333],[27.54715,47.17338],[27.54823,47.17344],[27.54843,47.17345],[27.54895,47.17348],[27.54923,47.17349],[27.54962,47.17352],[27.55007,47.17354],[27.5503,47.17355],[27.55081,47.17356],[27.55139,47.17355],[27.55157,47.17354],[27.55165,47.17353],[27.55177,47.17351],[27.55202,47.17346],[27.55211,47.17345],[27.5522,47.17343],[27.55224,47.17342],[27.55232,47.17341],[27.55247,47.17338],[27.55276,47.17332],[27.55335,47.1732],[27.55348,47.17317],[27.55422,47.17302],[27.55465,47.17293],[27.55533,47.17279],[27.55604,47.17265],[27.55638,47.17258],[27.5565,47.17256],[27.55705,47.17245],[27.55722,47.17242],[27.55757,47.17235],[27.55777,47.17231],[27.55805,47.17226],[27.5584,47.17219],[27.55889,47.17208],[27.55911,47.17202],[27.55947,47.1719],[27.5597,47.1718],[27.5601,47.17163],[27.5606,47.17141],[27.5608,47.17132],[27.56082,47.17131],[27.56094,47.17126],[27.56114,47.17117],[27.56119,47.17114],[27.56135,47.17107],[27.56145,47.17102],[27.56205,47.17074],[27.56248,47.17055],[27.56316,47.170225],[27.56384,47.1699],[27.56453,47.16958],[27.56489,47.16939],[27.5653,47.16918],[27.565875,47.168875],[27.56645,47.16857],[27.56658,47.1685],[27.56742,47.16806],[27.56798,47.16777],[27.56813,47.16769],[27.56843,47.16753],[27.56856,47.16746],[27.56866,47.1674],[27.56949,47.16696],[27.56964,47.16688],[27.56973,47.16683],[27.56978,47.16677],[27.56985,47.16669],[27.56995,47.16662],[27.57048,47.16631],[27.57092,47.16606],[27.57114,47.1659],[27.57126,47.16582],[27.57128,47.16578],[27.57131,47.16573],[27.57133,47.16571],[27.57136,47.16566],[27.57162,47.1652],[27.57194,47.16463],[27.57226,47.16406],[27.57241,47.16381],[27.57271,47.1633],[27.573,47.16277],[27.57322,47.16235],[27.57327,47.1622],[27.5733,47.16207],[27.57332,47.16193],[27.57331,47.1617],[27.57325,47.16142],[27.57324,47.16138],[27.57313,47.16078],[27.57311,47.16067],[27.57308,47.16046],[27.57305,47.16024],[27.57307,47.16002],[27.57314,47.15986],[27.57326,47.15968],[27.5737,47.15934],[27.57384,47.15926],[27.5739,47.15922],[27.57406,47.15911],[27.57465,47.15871],[27.5747,47.15865],[27.57475,47.15861],[27.57478,47.15859],[27.57489,47.15848],[27.57498,47.15837],[27.57503,47.15826],[27.57505,47.15819],[27.57504,47.15807],[27.57503,47.15796],[27.57499,47.15778],[27.57498,47.1577],[27.57476,47.15725],[27.57471,47.15716],[27.57464,47.15704],[27.57461,47.15699],[27.57453,47.15684],[27.57451,47.15681],[27.57446,47.15673],[27.57444,47.15669],[27.57426,47.1564],[27.57417,47.15625],[27.57407,47.15609],[27.57381,47.1556],[27.5737,47.15531],[27.57362,47.15501],[27.57357,47.15473],[27.57356,47.15444],[27.57357,47.15419],[27.5736,47.15399],[27.57362,47.15385],[27.57371,47.1536],[27.57376,47.15346],[27.5739,47.15315],[27.57399,47.15298],[27.5743,47.15258],[27.57476,47.15216],[27.57537,47.15175],[27.57597,47.151315],[27.57657,47.15088],[27.57725,47.15039],[27.5774,47.15029],[27.57748,47.15023],[27.57753,47.15019],[27.57767,47.15009],[27.57811,47.14977],[27.57821,47.14971],[27.57858,47.14944],[27.57865,47.1494],[27.57869,47.14937],[27.57871,47.14936],[27.57872,47.14935],[27.57874,47.14934],[27.57877,47.14932],[27.57885,47.14926],[27.57892,47.14922],[27.57898,47.14918],[27.57977,47.14868],[27.58056,47.14818],[27.58084,47.14801],[27.58095,47.14794],[27.58118,47.14779],[27.58127,47.14774],[27.58154,47.14758],[27.58194,47.14735],[27.58195,47.14734],[27.58203,47.14729],[27.58219,47.14719],[27.58224,47.14717],[27.58258,47.14696],[27.58272,47.1469],[27.58285,47.14683],[27.58319,47.14669],[27.58369,47.14647],[27.58418,47.1463],[27.58444,47.14622],[27.58453,47.1462],[27.58471,47.14616],[27.58495,47.14613],[27.58507,47.14612],[27.58523,47.14611],[27.58567,47.1461],[27.5861,47.14609],[27.58682,47.14608],[27.58731,47.14607],[27.58815,47.14606],[27.58835,47.14607],[27.58863,47.14608],[27.58892,47.1461],[27.58907,47.14611],[27.58928,47.14614],[27.58966,47.14621],[27.59004,47.14633],[27.5902,47.14637],[27.59025,47.1464],[27.59034,47.14643],[27.59051,47.14651],[27.59098,47.14674],[27.59138,47.147],[27.59146,47.14706],[27.59177,47.14726],[27.59209,47.14746],[27.59288,47.14678],[27.59275,47.14672],[27.59288,47.14678],[27.59296,47.14671],[27.59346,47.14626],[27.59355,47.14617],[27.59374,47.14597],[27.5938,47.14587],[27.59382,47.14581],[27.59383,47.14579],[27.59387,47.14577],[27.59394,47.14574],[27.59405,47.14569],[27.59421,47.14558],[27.59452,47.14537],[27.5946,47.14531],[27.59547,47.14465],[27.59598,47.14428],[27.59649,47.14391],[27.59658,47.14385],[27.597695,47.14309],[27.59881,47.14233],[27.59899,47.14221],[27.59913,47.14211],[27.59919,47.14208],[27.59933,47.14198],[27.59961,47.1418],[27.59978,47.14168],[27.60022,47.14138],[27.60038,47.14127],[27.601,47.14085],[27.60138,47.1406],[27.60149,47.14052],[27.60362,47.1391],[27.60575,47.13768],[27.60581,47.13763],[27.60627,47.13732],[27.60651,47.13715],[27.60683,47.13693],[27.60763,47.13639],[27.60776,47.13628],[27.60818,47.13601],[27.60842,47.13585],[27.6085,47.1358],[27.60854,47.13578],[27.60884,47.13557],[27.60901,47.13546],[27.6093,47.13526],[27.6097,47.135],[27.60982,47.13492],[27.60999,47.1348],[27.61005,47.13476],[27.61027,47.13462],[27.61032,47.13458],[27.61072,47.1343],[27.61092,47.13418],[27.61145,47.13383],[27.61198,47.13345],[27.61239,47.13317],[27.61261,47.13295],[27.61275,47.13277],[27.61285,47.13263],[27.61291,47.13251],[27.61309,47.132025],[27.61327,47.13154],[27.61349,47.13115],[27.61371,47.13088],[27.61383,47.13073],[27.61385,47.1307],[27.61394,47.13059],[27.61407,47.13043],[27.61423,47.13023],[27.61485,47.12946],[27.61541,47.12883],[27.6155,47.12871],[27.61587,47.12827],[27.61607,47.12805],[27.61626,47.12783],[27.61636,47.12772],[27.61649,47.12757],[27.6165,47.12756],[27.61688,47.12709],[27.61696,47.127],[27.61709,47.12686],[27.61732,47.12668],[27.61761,47.12648],[27.61806,47.1262],[27.61866,47.12585],[27.61898,47.12566],[27.61997,47.12507],[27.62056,47.12474],[27.62115,47.12441],[27.6212,47.12438],[27.62149,47.12421],[27.62169,47.12409],[27.62206,47.12388],[27.62216,47.12383],[27.62238,47.1237],[27.62244,47.12367],[27.62274,47.12349],[27.62306,47.1233],[27.62323,47.12315],[27.62392,47.12251],[27.62436,47.12207],[27.62463,47.12183],[27.62525,47.12139],[27.62566,47.1211],[27.62579,47.12101],[27.62626,47.12066],[27.62656,47.12051],[27.62687,47.12038],[27.62746,47.12013],[27.62805,47.11988],[27.62896,47.11949],[27.62965,47.11915],[27.62977,47.11909],[27.62992,47.11901],[27.63016,47.11888],[27.63056,47.11866],[27.63082,47.1185],[27.63111,47.11834],[27.63148,47.11811],[27.63169,47.11782],[27.63185,47.11745],[27.63204,47.11687],[27.63201,47.11678]]},"properties":{"line":"30","dir":"0","mode":"bus"}},{"type":"Feature","geometry":{"type":"LineString","coordinates":[[27.63211,47.11659],[27.63204,47.11687],[27.63185,47.11745],[27.63169,47.11782],[27.63148,47.11811],[27.63111,47.11834],[27.63082,47.1185],[27.63056,47.11866],[27.62992,47.11901],[27.62981,47.11907],[27.62977,47.11909],[27.62965,47.11915],[27.62896,47.11949],[27.62805,47.11988],[27.62746,47.12013],[27.62687,47.12038],[27.62656,47.12051],[27.62626,47.12066],[27.62579,47.121],[27.62566,47.1211],[27.625145,47.121465],[27.62463,47.12183],[27.62436,47.12207],[27.62392,47.12251],[27.62323,47.12315],[27.62306,47.1233],[27.62274,47.12349],[27.62244,47.12367],[27.62238,47.1237],[27.62206,47.12388],[27.62169,47.12409],[27.62149,47.12421],[27.6212,47.12438],[27.62115,47.12441],[27.6211,47.12444],[27.620535,47.124755],[27.61997,47.12507],[27.61898,47.12566],[27.61866,47.12585],[27.61806,47.1262],[27.61761,47.12648],[27.61732,47.12668],[27.61709,47.12686],[27.61696,47.127],[27.61688,47.12709],[27.61649,47.12757],[27.61636,47.12772],[27.61626,47.12783],[27.61622,47.12788],[27.61607,47.12805],[27.61587,47.12827],[27.6155,47.12871],[27.61541,47.12883],[27.61485,47.12946],[27.61423,47.13023],[27.61407,47.13043],[27.61402,47.13049],[27.61385,47.1307],[27.61383,47.13073],[27.61371,47.13088],[27.61349,47.13115],[27.61327,47.13154],[27.61309,47.132025],[27.61291,47.13251],[27.61285,47.13263],[27.61275,47.13277],[27.61261,47.13295],[27.61239,47.13317],[27.61198,47.13345],[27.61145,47.13383],[27.61092,47.13418],[27.61072,47.1343],[27.61027,47.13462],[27.61005,47.13476],[27.60999,47.1348],[27.60982,47.13492],[27.6097,47.135],[27.6093,47.13526],[27.60935,47.13529],[27.6093,47.13526],[27.60901,47.13546],[27.60884,47.13557],[27.60854,47.13578],[27.6085,47.1358],[27.60842,47.13585],[27.60818,47.13601],[27.60776,47.13628],[27.60763,47.13639],[27.60683,47.13693],[27.60651,47.13715],[27.60627,47.13732],[27.60581,47.13763],[27.60575,47.13768],[27.60362,47.1391],[27.60149,47.14052],[27.60138,47.1406],[27.601,47.14085],[27.60038,47.14127],[27.59978,47.14168],[27.59961,47.1418],[27.59933,47.14198],[27.59928,47.14201],[27.59919,47.14208],[27.59913,47.14211],[27.59899,47.14221],[27.59881,47.14233],[27.597695,47.14309],[27.59658,47.14385],[27.59649,47.14391],[27.59598,47.14428],[27.59547,47.14465],[27.5947,47.14524],[27.5946,47.14531],[27.59452,47.14537],[27.59421,47.14558],[27.59405,47.14569],[27.59394,47.14574],[27.59387,47.14577],[27.59383,47.14579],[27.59382,47.14581],[27.5938,47.14587],[27.59374,47.14597],[27.59355,47.14617],[27.59346,47.14626],[27.59296,47.14671],[27.59288,47.14678],[27.59209,47.14746],[27.59216,47.14751],[27.59209,47.14746],[27.59177,47.14726],[27.59146,47.14706],[27.59098,47.14674],[27.59051,47.14651],[27.59034,47.14643],[27.59025,47.1464],[27.5902,47.14638],[27.59005,47.14633],[27.58966,47.14621],[27.58928,47.14614],[27.58907,47.14611],[27.58892,47.1461],[27.58863,47.14608],[27.58835,47.14607],[27.58815,47.14606],[27.58731,47.14607],[27.58682,47.14608],[27.5861,47.14609],[27.58597,47.1461],[27.58529,47.14611],[27.58507,47.14612],[27.58495,47.14613],[27.58471,47.14616],[27.58453,47.1462],[27.58444,47.14622],[27.58418,47.1463],[27.58369,47.14647],[27.58319,47.14669],[27.58285,47.14683],[27.58272,47.1469],[27.58258,47.14696],[27.58224,47.14717],[27.58219,47.14719],[27.58203,47.14729],[27.58195,47.14733],[27.58194,47.14735],[27.58127,47.14774],[27.58118,47.14779],[27.58095,47.14794],[27.58084,47.14801],[27.58056,47.14818],[27.579815,47.14865],[27.57907,47.14912],[27.57898,47.14918],[27.57892,47.14922],[27.57885,47.14926],[27.57877,47.14932],[27.57874,47.14934],[27.57872,47.14935],[27.57871,47.14936],[27.57869,47.14937],[27.57865,47.1494],[27.57858,47.14944],[27.57821,47.14971],[27.57811,47.14977],[27.57767,47.15009],[27.57753,47.15019],[27.57748,47.15023],[27.5774,47.15029],[27.57657,47.15088],[27.57597,47.151315],[27.57537,47.15175],[27.57476,47.15216],[27.5743,47.15258],[27.57399,47.15298],[27.5739,47.15315],[27.57376,47.15346],[27.57371,47.1536],[27.57362,47.15385],[27.5736,47.15399],[27.57357,47.15419],[27.57356,47.15444],[27.57357,47.15473],[27.57362,47.15501],[27.5737,47.15531],[27.57381,47.1556],[27.57407,47.15609],[27.57417,47.15625],[27.57426,47.1564],[27.5744,47.15663],[27.57444,47.15669],[27.57451,47.15681],[27.57453,47.15684],[27.57461,47.15699],[27.57464,47.15704],[27.57471,47.15716],[27.57476,47.15725],[27.57498,47.1577],[27.57499,47.15778],[27.57503,47.15796],[27.57504,47.15807],[27.57505,47.15814],[27.57503,47.15826],[27.57498,47.15837],[27.57489,47.15848],[27.57478,47.15859],[27.57475,47.15861],[27.5747,47.15865],[27.57465,47.15871],[27.57406,47.15911],[27.5739,47.15922],[27.57384,47.15926],[27.5737,47.15934],[27.57326,47.15968],[27.57314,47.15986],[27.57307,47.16002],[27.57305,47.16024],[27.57308,47.16042],[27.57311,47.16067],[27.57313,47.16078],[27.57322,47.16128],[27.57324,47.16138],[27.57331,47.1617],[27.57332,47.16193],[27.5733,47.16207],[27.57327,47.1622],[27.57322,47.16235],[27.573,47.16277],[27.57271,47.1633],[27.57241,47.16381],[27.57226,47.16406],[27.57194,47.16463],[27.57162,47.1652],[27.57148,47.16544],[27.57136,47.16566],[27.57133,47.16571],[27.57131,47.16573],[27.57128,47.16578],[27.57126,47.16582],[27.57092,47.16606],[27.57048,47.16631],[27.56995,47.16662],[27.56985,47.16669],[27.56978,47.16677],[27.56973,47.16683],[27.56964,47.16688],[27.56949,47.16696],[27.56874,47.16736],[27.56866,47.1674],[27.56856,47.16746],[27.56813,47.16769],[27.56798,47.16777],[27.56742,47.16806],[27.56658,47.1685],[27.56645,47.16857],[27.565875,47.168875],[27.5653,47.16918],[27.56489,47.16939],[27.56453,47.16958],[27.56384,47.1699],[27.56316,47.170225],[27.56248,47.17055],[27.56205,47.17074],[27.56135,47.17107],[27.56119,47.17114],[27.56114,47.17117],[27.56094,47.17126],[27.56082,47.17131],[27.5608,47.17132],[27.5606,47.17141],[27.5601,47.17163],[27.5597,47.1718],[27.55947,47.1719],[27.55911,47.17202],[27.55889,47.17208],[27.5584,47.17219],[27.55805,47.17226],[27.55777,47.17231],[27.55757,47.17235],[27.55722,47.17242],[27.55705,47.17245],[27.5565,47.17256],[27.55638,47.17258],[27.55604,47.17265],[27.55533,47.17279],[27.55465,47.17293],[27.55422,47.17302],[27.55348,47.17317],[27.55335,47.1732],[27.55302,47.17327],[27.55276,47.17332],[27.55247,47.17338],[27.55232,47.17341],[27.55224,47.17342],[27.5522,47.17343],[27.55211,47.17345],[27.55202,47.17346],[27.55177,47.17351],[27.55165,47.17353],[27.55157,47.17354],[27.5515,47.17355],[27.55127,47.17356],[27.55044,47.17355],[27.54962,47.17352],[27.54923,47.17349],[27.54895,47.17348],[27.54843,47.17345],[27.54823,47.17344],[27.54715,47.17338],[27.54627,47.17333],[27.54612,47.17332],[27.54567,47.1733],[27.54542,47.17329],[27.5452,47.17328],[27.54463,47.17325],[27.54416,47.17323],[27.54401,47.17322],[27.54324,47.17318],[27.54265,47.17314],[27.542,47.1731],[27.54185,47.17309],[27.541105,47.173035],[27.54036,47.17298],[27.53995,47.17295],[27.53952,47.17293],[27.53931,47.17292],[27.53916,47.17291],[27.53904,47.1729],[27.53857,47.17289],[27.53814,47.17288],[27.53803,47.17282],[27.53797,47.17277],[27.53794,47.17273],[27.53793,47.17268],[27.53794,47.17261],[27.53795,47.17251],[27.53794,47.17242],[27.53789,47.17234],[27.53783,47.17232]]},"properties":{"line":"30","dir":"1","mode":"bus"}},{"type":"Feature","geometry":{"type":"LineString","coordinates":[[27.51298,47.16912],[27.51356,47.16907],[27.51372,47.16905],[27.51383,47.16904],[27.51386,47.169],[27.51391,47.16896],[27.51398,47.16894],[27.51412,47.16895],[27.51418,47.16897],[27.51423,47.16901],[27.51425,47.16905],[27.51426,47.1691],[27.51424,47.16915],[27.5142,47.16919],[27.51414,47.16922],[27.51407,47.16923],[27.51408,47.16929],[27.51414,47.16993],[27.51416,47.1701],[27.51481,47.17006],[27.51536,47.17009],[27.51624,47.17019],[27.51627,47.17014],[27.51631,47.17011],[27.51636,47.17008],[27.51642,47.17007],[27.5165,47.17008],[27.51654,47.17009],[27.51659,47.17012],[27.51662,47.17015],[27.51664,47.17019],[27.51663,47.17024],[27.51661,47.17028],[27.51657,47.17031],[27.51651,47.17033],[27.51645,47.17034],[27.51634,47.17032],[27.51629,47.17029],[27.51626,47.17026],[27.51624,47.17022],[27.51536,47.17009],[27.51515,47.17008],[27.51481,47.17006],[27.51416,47.1701],[27.51414,47.16993],[27.51408,47.16929],[27.51407,47.16923],[27.51395,47.16922],[27.51389,47.1692],[27.51385,47.16916],[27.51375,47.16917],[27.51245,47.16928],[27.51232,47.16932],[27.51229,47.16934],[27.51226,47.16936],[27.51221,47.16938],[27.51216,47.16939],[27.51207,47.16938],[27.51203,47.16937],[27.512,47.16935],[27.51197,47.16932],[27.51184,47.16934],[27.510835,47.16942],[27.50983,47.1695],[27.50981,47.16953],[27.50978,47.16956],[27.50974,47.16958],[27.5097,47.16959],[27.50955,47.16977],[27.50948,47.17007],[27.50939,47.1705],[27.50921,47.17131],[27.50924,47.17149],[27.50934,47.17171],[27.50963,47.17222],[27.50973,47.1724],[27.50982,47.17248],[27.50992,47.17253],[27.51008,47.17255],[27.51124,47.17254],[27.51187,47.17252],[27.51197,47.17253],[27.51207,47.17256],[27.51211,47.1726],[27.5122,47.17269],[27.51226,47.17276],[27.5123,47.17281],[27.51237,47.17288],[27.51242,47.17289],[27.51276,47.1729],[27.5136,47.1728],[27.51383,47.17277],[27.51404,47.17274],[27.51418,47.17272],[27.51526,47.17257],[27.5164,47.17242],[27.51679,47.17238],[27.51729,47.17235],[27.51805,47.172355],[27.51881,47.17236],[27.51942,47.17238],[27.52019,47.17239],[27.52138,47.17243],[27.52257,47.17247],[27.52313,47.17252],[27.523945,47.172535],[27.52476,47.17255],[27.5258,47.17246],[27.52684,47.17237],[27.528115,47.172315],[27.52939,47.17226],[27.530665,47.172235],[27.53194,47.17221],[27.53253,47.17224],[27.53277,47.17223],[27.53383,47.17222],[27.5343,47.17221],[27.53476,47.1722],[27.53543,47.17221],[27.53575,47.17222],[27.53612,47.17226],[27.53634,47.17231],[27.53651,47.17236],[27.53683,47.17248],[27.53688,47.1725],[27.5372,47.17261],[27.53743,47.17269],[27.53748,47.17271],[27.53768,47.17276],[27.53793,47.17281],[27.53815,47.17285],[27.53857,47.17287],[27.53904,47.17288],[27.53951,47.17289],[27.53998,47.1729],[27.54038,47.17292],[27.54168,47.17305],[27.54186,47.17307],[27.54209,47.17308],[27.54267,47.17311],[27.54327,47.17315],[27.54366,47.17318],[27.54417,47.17321],[27.54447,47.17322],[27.54455,47.17323],[27.54506,47.17326],[27.54521,47.17327],[27.54539,47.17328],[27.54588,47.1733],[27.5461,47.17331],[27.54626,47.17332],[27.54636,47.17333],[27.54715,47.17336],[27.54822,47.17342],[27.54895,47.17344],[27.54923,47.17345],[27.54962,47.17347],[27.55008,47.17349],[27.55032,47.17351],[27.5508,47.17352],[27.55151,47.17351],[27.55165,47.17349],[27.55179,47.17347],[27.55206,47.17342],[27.55231,47.17338],[27.55249,47.17334],[27.55272,47.17329],[27.55278,47.17328],[27.55334,47.17317],[27.55351,47.17313],[27.55375,47.17308],[27.5542,47.17299],[27.55463,47.1729],[27.55543,47.17274],[27.55601,47.17262],[27.55636,47.17255],[27.55648,47.17253],[27.55704,47.17243],[27.55723,47.17239],[27.55755,47.17233],[27.55775,47.17229],[27.558,47.17224],[27.55841,47.17215],[27.55892,47.17204],[27.55906,47.17201],[27.55931,47.17193],[27.55966,47.1718],[27.56003,47.17164],[27.56018,47.17157],[27.56058,47.17139],[27.56069,47.17134],[27.56079,47.17129],[27.56116,47.17112],[27.56138,47.17102],[27.56143,47.171],[27.56205,47.17071],[27.56246,47.17052],[27.563145,47.170205],[27.56383,47.16989],[27.56445,47.16957],[27.5645,47.16955],[27.56486,47.16936],[27.56527,47.16914],[27.565855,47.168835],[27.56644,47.16853],[27.56655,47.16847],[27.56739,47.16802],[27.56783,47.1678],[27.56794,47.16773],[27.56809,47.16766],[27.56828,47.16756],[27.56839,47.1675],[27.56853,47.16743],[27.56864,47.16737],[27.56946,47.16693],[27.56971,47.1668],[27.56972,47.16676],[27.56981,47.16667],[27.56991,47.16661],[27.57051,47.16627],[27.57055,47.16625],[27.57069,47.16617],[27.57091,47.16605],[27.57111,47.16588],[27.57118,47.16583],[27.57123,47.1658],[27.57128,47.16571],[27.57136,47.16556],[27.57144,47.16543],[27.57158,47.16519],[27.57183,47.164745],[27.57208,47.1643],[27.57223,47.16405],[27.57238,47.1638],[27.57248,47.16362],[27.57267,47.16328],[27.57299,47.16272],[27.57319,47.16235],[27.57325,47.1622],[27.57328,47.16204],[27.5733,47.16192],[27.57328,47.1615],[27.57327,47.16146],[27.57324,47.1614],[27.57321,47.16135],[27.57312,47.1612],[27.57304,47.16075],[27.57301,47.16058],[27.57299,47.16045],[27.57306,47.16017],[27.57308,47.16015],[27.5731,47.16003],[27.57313,47.15996],[27.57321,47.15982],[27.57331,47.15968],[27.57344,47.15956],[27.57375,47.15933],[27.57385,47.15927],[27.57393,47.15922],[27.57402,47.15913],[27.57408,47.15907],[27.57419,47.15896],[27.57455,47.15874],[27.57458,47.15871],[27.5747,47.15862],[27.57478,47.15857],[27.57487,47.15846],[27.57492,47.15837],[27.57496,47.15828],[27.57499,47.15819],[27.57501,47.15812],[27.57502,47.15803],[27.57501,47.15795],[27.57498,47.15781],[27.57495,47.1577],[27.57474,47.15728],[27.57459,47.15702],[27.57456,47.15698],[27.57452,47.15694],[27.57439,47.15684],[27.57435,47.15676],[27.5743,47.15668],[27.57386,47.15586],[27.57375,47.15564],[27.5737,47.15556],[27.57362,47.15535],[27.57356,47.15518],[27.57351,47.15498],[27.57349,47.15491],[27.57346,47.15468],[27.57345,47.15439],[27.57347,47.15417],[27.5735,47.15398],[27.57354,47.15378],[27.57362,47.15355],[27.5737,47.15335],[27.5738,47.15317],[27.57387,47.15305],[27.57393,47.15295],[27.5741,47.15272],[27.57432,47.15246],[27.57458,47.15221],[27.57491,47.15194],[27.57527,47.15167],[27.57588,47.15124],[27.57649,47.15081],[27.57696,47.15047],[27.57713,47.15035],[27.57745,47.15012],[27.57786,47.14983],[27.57802,47.14972],[27.57812,47.14966],[27.57844,47.14942],[27.57862,47.1493],[27.57878,47.14918],[27.57888,47.14912],[27.57921,47.14888],[27.58002,47.14835],[27.5805,47.14805],[27.5814,47.14749],[27.58142,47.14748],[27.58185,47.14722],[27.58197,47.14715],[27.58213,47.14705],[27.58244,47.14686],[27.58251,47.14682],[27.58279,47.14668],[27.58363,47.14635],[27.58401,47.14622],[27.58436,47.14611],[27.58451,47.14607],[27.58464,47.14604],[27.58493,47.146],[27.58516,47.14599],[27.586015,47.14598],[27.58687,47.14597],[27.58816,47.14596],[27.58909,47.14599],[27.58944,47.14604],[27.58974,47.1461],[27.58988,47.14614],[27.59007,47.14619],[27.59021,47.14623],[27.59025,47.14624],[27.59035,47.14629],[27.5906,47.14639],[27.59091,47.14656],[27.59136,47.14691],[27.59181,47.14726],[27.59201,47.14743],[27.59204,47.14746],[27.59207,47.14743],[27.59284,47.14676],[27.59289,47.14672],[27.5929,47.14671],[27.59295,47.14666],[27.59346,47.14626],[27.59355,47.14617],[27.59374,47.14597],[27.5938,47.14587],[27.59382,47.14581],[27.59384,47.14578],[27.59388,47.14575],[27.59392,47.14573],[27.59403,47.14564],[27.59423,47.1455],[27.59451,47.14536],[27.5947,47.14522],[27.59484,47.14511],[27.59501,47.14497],[27.5951,47.14489],[27.59545,47.14463],[27.59578,47.14438],[27.59604,47.14418],[27.59645,47.14388],[27.59654,47.14382],[27.597665,47.143065],[27.59879,47.14231],[27.59896,47.1422],[27.59911,47.1421],[27.59916,47.14206],[27.5993,47.14197],[27.59954,47.14181],[27.59976,47.14166],[27.59998,47.14151],[27.6002,47.14136],[27.60035,47.14126],[27.60099,47.14083],[27.60137,47.14058],[27.60147,47.14051],[27.60361,47.13907],[27.60575,47.13763],[27.6058,47.1376],[27.60626,47.13728],[27.60653,47.1371],[27.60681,47.13692],[27.60761,47.13638],[27.60777,47.13627],[27.60817,47.136],[27.60841,47.13584],[27.60842,47.13583],[27.60852,47.13576],[27.60884,47.13557],[27.60901,47.13546],[27.6093,47.13526],[27.6097,47.135],[27.60982,47.13492],[27.60999,47.1348],[27.61005,47.13476],[27.61027,47.13462],[27.61032,47.13458],[27.61072,47.1343],[27.61096,47.13416],[27.61131,47.13392],[27.61198,47.13345],[27.61238,47.13316],[27.61261,47.13295],[27.61275,47.13277],[27.61285,47.13263],[27.61291,47.13251],[27.61299,47.13228],[27.61306,47.13208],[27.61322,47.13164],[27.61326,47.13155],[27.61337,47.13132],[27.61349,47.13115],[27.61371,47.13088],[27.61383,47.13073],[27.61385,47.1307],[27.61394,47.13059],[27.61407,47.13043],[27.61423,47.13023],[27.61485,47.12946],[27.61541,47.12883],[27.6155,47.12871],[27.61587,47.12827],[27.61607,47.12805],[27.61624,47.12782],[27.61634,47.1277],[27.61647,47.12755],[27.61651,47.12751],[27.61693,47.12699],[27.61696,47.12697],[27.61709,47.12685],[27.61731,47.12666],[27.61751,47.12651],[27.61804,47.12617],[27.61865,47.12583],[27.61896,47.12564],[27.61996,47.12507],[27.6204,47.1248],[27.62111,47.12439],[27.62117,47.12436],[27.62149,47.12421],[27.62169,47.12409],[27.62206,47.12388],[27.62216,47.12383],[27.62238,47.1237],[27.62244,47.12367],[27.62274,47.12349],[27.62306,47.1233],[27.62325,47.12316],[27.62392,47.12251],[27.62437,47.12207],[27.62465,47.12185],[27.62517,47.12144],[27.6253,47.12135],[27.62566,47.1211],[27.62579,47.12101],[27.62599,47.12086],[27.62626,47.12066],[27.62656,47.12051],[27.62687,47.12038],[27.62746,47.12013],[27.62805,47.11988],[27.62827,47.11978],[27.62896,47.11949],[27.62965,47.11915],[27.62977,47.11909],[27.62992,47.11901],[27.63016,47.11888],[27.63056,47.11866],[27.63082,47.1185],[27.63111,47.11834],[27.63148,47.11811],[27.63169,47.11782],[27.63185,47.11745],[27.63204,47.11687],[27.63201,47.11678]]},"properties":{"line":"30b","dir":"0","mode":"bus"}},{"type":"Feature","geometry":{"type":"LineString","coordinates":[[27.63211,47.11659],[27.63204,47.11687],[27.63185,47.11745],[27.63169,47.11782],[27.63148,47.11811],[27.63111,47.11834],[27.63082,47.1185],[27.63056,47.11866],[27.62992,47.11901],[27.62981,47.11907],[27.62977,47.11909],[27.62965,47.11915],[27.62896,47.11949],[27.62827,47.11978],[27.62805,47.11988],[27.62746,47.12013],[27.62687,47.12038],[27.62656,47.12051],[27.62626,47.12066],[27.62599,47.12086],[27.62579,47.121],[27.62566,47.1211],[27.62517,47.12144],[27.62465,47.12185],[27.62437,47.12207],[27.62392,47.12251],[27.62325,47.12316],[27.62306,47.1233],[27.62274,47.12349],[27.62244,47.12367],[27.62238,47.1237],[27.62206,47.12388],[27.62169,47.12409],[27.62149,47.12421],[27.62117,47.12436],[27.62111,47.12439],[27.62106,47.12442],[27.6204,47.1248],[27.61996,47.12507],[27.61896,47.12564],[27.61865,47.12583],[27.61804,47.12617],[27.61751,47.12651],[27.61731,47.12666],[27.61709,47.12685],[27.61696,47.12697],[27.61693,47.12699],[27.61651,47.12751],[27.61634,47.1277],[27.61624,47.12782],[27.6162,47.12787],[27.61607,47.12805],[27.61587,47.12827],[27.6155,47.12871],[27.61541,47.12883],[27.61485,47.12946],[27.61423,47.13023],[27.61407,47.13043],[27.61402,47.13049],[27.61385,47.1307],[27.61383,47.13073],[27.61371,47.13088],[27.61349,47.13115],[27.61337,47.13132],[27.61326,47.13155],[27.61322,47.13164],[27.61306,47.13208],[27.61299,47.13228],[27.61291,47.13251],[27.61285,47.13263],[27.61275,47.13277],[27.61261,47.13295],[27.61238,47.13316],[27.61198,47.13345],[27.61131,47.13392],[27.61096,47.13416],[27.61072,47.1343],[27.61027,47.13462],[27.61005,47.13476],[27.60999,47.1348],[27.60982,47.13492],[27.6097,47.135],[27.6093,47.13526],[27.60904,47.13544],[27.60901,47.13546],[27.60884,47.13557],[27.60852,47.13576],[27.60842,47.13583],[27.60841,47.13584],[27.60817,47.136],[27.60777,47.13627],[27.60761,47.13638],[27.60681,47.13692],[27.60653,47.1371],[27.60626,47.13728],[27.6058,47.1376],[27.60575,47.13763],[27.60361,47.13907],[27.60147,47.14051],[27.60137,47.14058],[27.60099,47.14083],[27.60035,47.14126],[27.59998,47.14151],[27.59976,47.14166],[27.59954,47.14181],[27.5993,47.14197],[27.59926,47.142],[27.59916,47.14206],[27.59911,47.1421],[27.59896,47.1422],[27.59879,47.14231],[27.597665,47.143065],[27.59654,47.14382],[27.59645,47.14388],[27.59604,47.14418],[27.59578,47.14438],[27.59545,47.14463],[27.5951,47.14489],[27.59501,47.14497],[27.59484,47.14511],[27.5947,47.14522],[27.59468,47.14523],[27.59451,47.14536],[27.59439,47.14554],[27.59422,47.1457],[27.59416,47.1458],[27.59415,47.14587],[27.59412,47.14591],[27.59409,47.14594],[27.59403,47.14596],[27.59398,47.14597],[27.59384,47.14603],[27.59356,47.1462],[27.59346,47.14626],[27.59295,47.14666],[27.5929,47.14671],[27.59284,47.14676],[27.59207,47.14743],[27.59204,47.14746],[27.59201,47.14743],[27.59168,47.14722],[27.59143,47.14707],[27.59051,47.14651],[27.59019,47.14639],[27.59009,47.14636],[27.58981,47.14627],[27.58955,47.14619],[27.5892,47.14613],[27.58891,47.1461],[27.58846,47.14608],[27.58817,47.14607],[27.587075,47.14609],[27.58598,47.14611],[27.58536,47.14612],[27.58509,47.14613],[27.58493,47.14614],[27.58468,47.14617],[27.58444,47.14623],[27.5844,47.14624],[27.58423,47.1463],[27.58395,47.14639],[27.58368,47.14649],[27.58318,47.14668],[27.58284,47.14682],[27.58267,47.1469],[27.58248,47.147],[27.58232,47.1471],[27.58226,47.14714],[27.58209,47.14724],[27.58198,47.14731],[27.58163,47.14753],[27.58145,47.14763],[27.58123,47.14777],[27.58096,47.14793],[27.58088,47.14798],[27.58014,47.14845],[27.57933,47.14897],[27.57912,47.14912],[27.57892,47.14927],[27.57824,47.14973],[27.57816,47.1498],[27.57759,47.15021],[27.57718,47.1505],[27.57664,47.15089],[27.576025,47.151325],[27.57541,47.15176],[27.57504,47.15202],[27.57469,47.15231],[27.57448,47.15251],[27.57428,47.15274],[27.57409,47.153],[27.57396,47.15319],[27.57387,47.15341],[27.57379,47.15358],[27.57376,47.15369],[27.57371,47.15384],[27.57366,47.15418],[27.57363,47.15444],[27.57366,47.15474],[27.57369,47.15501],[27.57377,47.15524],[27.57383,47.1554],[27.57391,47.1556],[27.57415,47.15606],[27.57426,47.15623],[27.57433,47.15639],[27.57438,47.15647],[27.57448,47.15664],[27.57451,47.15669],[27.57456,47.1568],[27.57459,47.15702],[27.57474,47.15728],[27.57495,47.1577],[27.57503,47.15779],[27.5751,47.15787],[27.57525,47.15808],[27.57534,47.15825],[27.57539,47.15835],[27.57544,47.15844],[27.57545,47.15849],[27.57547,47.15855],[27.57548,47.15865],[27.57549,47.15874],[27.57546,47.15898],[27.57541,47.15902],[27.57534,47.15907],[27.57525,47.1591],[27.57517,47.15911],[27.57507,47.15912],[27.57493,47.1591],[27.57482,47.15906],[27.57471,47.15904],[27.57457,47.15903],[27.57444,47.15904],[27.57429,47.15907],[27.57418,47.15911],[27.57405,47.15916],[27.57393,47.15922],[27.57385,47.15927],[27.57375,47.15933],[27.57344,47.15956],[27.57331,47.15968],[27.57321,47.15982],[27.57313,47.15996],[27.5731,47.16003],[27.57308,47.16012],[27.5731,47.16018],[27.57319,47.16037],[27.57323,47.16056],[27.57326,47.16073],[27.57333,47.16118],[27.57331,47.16126],[27.57329,47.16135],[27.57327,47.16146],[27.57328,47.1615],[27.5733,47.16163],[27.57328,47.16204],[27.57325,47.1622],[27.57319,47.16235],[27.57299,47.16272],[27.57267,47.16328],[27.57248,47.16362],[27.57238,47.1638],[27.57223,47.16405],[27.57208,47.1643],[27.57183,47.164745],[27.57158,47.16519],[27.57144,47.16543],[27.57136,47.16556],[27.57128,47.16571],[27.57123,47.1658],[27.57122,47.16584],[27.57124,47.16593],[27.57121,47.16596],[27.57117,47.16601],[27.57107,47.16611],[27.57099,47.16617],[27.57092,47.16622],[27.57073,47.16634],[27.57069,47.16636],[27.57043,47.16651],[27.57004,47.16671],[27.56996,47.16675],[27.56976,47.16679],[27.56971,47.1668],[27.56946,47.16693],[27.56871,47.16733],[27.56864,47.16737],[27.56853,47.16743],[27.56839,47.1675],[27.56828,47.16756],[27.56809,47.16766],[27.56794,47.16773],[27.56783,47.1678],[27.56739,47.16802],[27.56655,47.16847],[27.56644,47.16853],[27.565855,47.168835],[27.56527,47.16914],[27.56486,47.16936],[27.5645,47.16955],[27.56445,47.16957],[27.56383,47.16989],[27.563145,47.170205],[27.56246,47.17052],[27.56205,47.17071],[27.56138,47.17102],[27.56116,47.17112],[27.56079,47.17129],[27.56069,47.17134],[27.56058,47.17139],[27.56018,47.17157],[27.56003,47.17164],[27.55966,47.1718],[27.55931,47.17193],[27.55906,47.17201],[27.55892,47.17204],[27.55841,47.17215],[27.558,47.17224],[27.55775,47.17229],[27.55755,47.17233],[27.55723,47.17239],[27.55704,47.17243],[27.55648,47.17253],[27.55636,47.17255],[27.55601,47.17262],[27.55543,47.17274],[27.55463,47.1729],[27.5542,47.17299],[27.55375,47.17308],[27.55351,47.17313],[27.55334,47.17317],[27.553,47.17323],[27.55278,47.17328],[27.55272,47.17329],[27.55269,47.17332],[27.55262,47.17341],[27.55231,47.17347],[27.5521,47.17351],[27.55202,47.17352],[27.55184,47.17348],[27.55179,47.17347],[27.55165,47.17349],[27.55151,47.17351],[27.55128,47.17352],[27.55051,47.17351],[27.54962,47.17347],[27.54923,47.17345],[27.54895,47.17344],[27.54822,47.17342],[27.54715,47.17336],[27.54636,47.17333],[27.54626,47.17332],[27.5461,47.17331],[27.54588,47.1733],[27.54539,47.17328],[27.54521,47.17327],[27.54506,47.17326],[27.54463,47.17323],[27.54447,47.17322],[27.54417,47.17321],[27.54366,47.17318],[27.54327,47.17315],[27.54267,47.17311],[27.54209,47.17308],[27.54186,47.17307],[27.54168,47.17305],[27.54038,47.17292],[27.53998,47.1729],[27.53969,47.17289],[27.53916,47.17288],[27.53857,47.17287],[27.53815,47.17285],[27.53793,47.17281],[27.53768,47.17276],[27.53748,47.17271],[27.53743,47.17269],[27.5372,47.17261],[27.53701,47.17254],[27.53688,47.1725],[27.53651,47.17236],[27.53634,47.17231],[27.53612,47.17226],[27.53575,47.17222],[27.53543,47.17221],[27.53513,47.1722],[27.5343,47.17221],[27.53383,47.17222],[27.53353,47.17223],[27.53253,47.17224],[27.53197,47.17229],[27.53117,47.17232],[27.53082,47.17235],[27.53056,47.17238],[27.53034,47.17244],[27.52959,47.17279],[27.52932,47.17286],[27.52904,47.17289],[27.52851,47.17286],[27.52788,47.17277],[27.52687,47.17265],[27.52645,47.17257],[27.525605,47.17256],[27.52476,47.17255],[27.52365,47.17253],[27.52313,47.17252],[27.52258,47.17254],[27.52246,47.17253],[27.521315,47.1725],[27.52017,47.17247],[27.52006,47.17246],[27.5196,47.17245],[27.51884,47.17244],[27.51809,47.17242],[27.51727,47.17243],[27.5168,47.17245],[27.5164,47.1725],[27.51593,47.17256],[27.51535,47.17263],[27.51493,47.17268],[27.51427,47.17278],[27.51366,47.17286],[27.51272,47.17299],[27.51257,47.17304],[27.5125,47.17307],[27.51246,47.17311],[27.51242,47.17314],[27.51233,47.17317],[27.51224,47.17316],[27.51217,47.17315],[27.51212,47.17312],[27.51207,47.17304],[27.51208,47.17299],[27.51211,47.17295],[27.51214,47.17291],[27.51215,47.17281],[27.51214,47.17276],[27.51209,47.17267],[27.51201,47.17262],[27.51193,47.17258],[27.51156,47.17254],[27.51082,47.172545],[27.51008,47.17255],[27.50992,47.17253],[27.50982,47.17248],[27.50973,47.1724],[27.50963,47.17222],[27.50934,47.17171],[27.50924,47.17149],[27.50921,47.17131],[27.50939,47.1705],[27.50948,47.17007],[27.50955,47.16977],[27.50953,47.16957],[27.50948,47.16954],[27.50945,47.16951],[27.50944,47.16946],[27.50945,47.16942],[27.50947,47.16938],[27.50951,47.16935],[27.50957,47.16933],[27.50963,47.16932],[27.50972,47.16933],[27.50976,47.16935],[27.5098,47.16937],[27.51081,47.16929],[27.51182,47.16921],[27.51197,47.16917],[27.51202,47.16913],[27.51208,47.16911],[27.51216,47.1691],[27.51221,47.16911],[27.51225,47.16913],[27.51229,47.16915],[27.51232,47.16918],[27.51244,47.16917],[27.51252,47.16916],[27.51298,47.16912]]},"properties":{"line":"30b","dir":"1","mode":"bus"}},{"type":"Feature","geometry":{"type":"LineString","coordinates":[[27.54078,47.16881],[27.54106,47.16854],[27.54112,47.16849],[27.54136,47.16829],[27.54159,47.16811],[27.54199,47.16779],[27.54253,47.16735],[27.54307,47.16691],[27.54326,47.16681],[27.54348,47.16672],[27.54426,47.16673],[27.54523,47.16674],[27.5462,47.16675],[27.54714,47.166755],[27.54808,47.16676],[27.54961,47.166765],[27.55114,47.16677],[27.55324,47.166775],[27.55534,47.16678],[27.55629,47.166745],[27.55724,47.16671],[27.55727,47.16668],[27.55731,47.16666],[27.55735,47.16665],[27.5574,47.16664],[27.55745,47.16665],[27.55768,47.16663],[27.55793,47.16651],[27.55838,47.1663],[27.559915,47.165545],[27.56145,47.16479],[27.56179,47.16463],[27.56184,47.1646],[27.56302,47.164025],[27.5642,47.16345],[27.56437,47.16337],[27.56473,47.1632],[27.56495,47.16309],[27.56587,47.16264],[27.56679,47.16219],[27.56684,47.16217],[27.56688,47.16215],[27.56698,47.1621],[27.56707,47.16206],[27.56718,47.16201],[27.56801,47.161755],[27.56884,47.1615],[27.569,47.16145],[27.56936,47.16134],[27.57046,47.161],[27.57074,47.16093],[27.57101,47.1609],[27.57124,47.16089],[27.57218,47.1609],[27.57312,47.16091],[27.57335,47.16089],[27.5736,47.16085],[27.57386,47.16078],[27.57419,47.16065],[27.57446,47.16051],[27.57467,47.16035],[27.57476,47.16025],[27.57484,47.16016],[27.57497,47.15993],[27.57508,47.15976],[27.57515,47.15964],[27.57521,47.15953],[27.57524,47.15944],[27.57522,47.15933],[27.57516,47.15925],[27.57509,47.15918],[27.57497,47.15911],[27.57489,47.15909],[27.57482,47.15906],[27.57469,47.15903],[27.57432,47.15906],[27.57418,47.15911],[27.5739,47.15922],[27.57384,47.15926],[27.5737,47.15934],[27.57326,47.15968],[27.57314,47.15986],[27.57307,47.16002],[27.57305,47.16024],[27.57308,47.16042],[27.57311,47.16067],[27.57313,47.16078],[27.57322,47.16128],[27.57324,47.16138],[27.57332,47.16179],[27.5733,47.16207],[27.57327,47.1622],[27.57322,47.16235],[27.57299,47.16279],[27.57271,47.1633],[27.57243,47.16381],[27.57226,47.16406],[27.57194,47.16463],[27.57162,47.1652],[27.57148,47.16544],[27.57136,47.16566],[27.57133,47.16571],[27.5713,47.16572],[27.57127,47.16579],[27.57126,47.16587],[27.57127,47.16594],[27.57129,47.16602],[27.57132,47.16609],[27.57137,47.16616],[27.57143,47.16622],[27.5715,47.16628],[27.57159,47.16632],[27.57168,47.16635],[27.57263,47.16672],[27.57343,47.167055],[27.57423,47.16739],[27.57481,47.16721],[27.57499,47.16715],[27.57518,47.16709],[27.576245,47.166795],[27.57731,47.1665],[27.57752,47.16644],[27.57851,47.16618],[27.57913,47.16601],[27.57939,47.16594],[27.57992,47.16579],[27.5804,47.16567],[27.58074,47.16557],[27.58077,47.16556],[27.58097,47.16551],[27.58143,47.16538],[27.58174,47.16529],[27.58194,47.16556],[27.58199,47.16563],[27.5822,47.16592],[27.58231,47.16607],[27.58254,47.1664],[27.58285,47.16683],[27.58296,47.167],[27.58317,47.16735],[27.582285,47.16757],[27.5814,47.16779],[27.58133,47.16781],[27.58094,47.16792],[27.58086,47.16794],[27.5807,47.168],[27.58051,47.16807],[27.58035,47.16813],[27.58032,47.16814],[27.5795,47.16845],[27.57942,47.16848],[27.57937,47.1685],[27.57917,47.16858],[27.57906,47.16862],[27.57892,47.16867],[27.57874,47.16875],[27.5782,47.16898],[27.57787,47.1691],[27.57758,47.16921],[27.57741,47.16928],[27.57737,47.1693],[27.5772,47.16938],[27.57705,47.16948],[27.57691,47.16959],[27.57695,47.16965],[27.57696,47.16971],[27.57694,47.16978],[27.5769,47.16985],[27.57683,47.16991],[27.57674,47.16995],[27.57663,47.16997],[27.57633,47.17005],[27.57624,47.17011],[27.57615,47.17018],[27.57595,47.17041],[27.57571,47.17069],[27.57568,47.17071],[27.57555,47.17086],[27.57542,47.171],[27.57535,47.17109],[27.57508,47.17141],[27.57443,47.17216],[27.57397,47.172725],[27.57351,47.17329],[27.57331,47.17353],[27.57315,47.17371],[27.57289,47.17403],[27.57255,47.17442],[27.57248,47.1745],[27.57228,47.17473],[27.57205,47.175],[27.572,47.17506],[27.57173,47.17537],[27.57171,47.17538],[27.57161,47.1755],[27.57157,47.17555],[27.57151,47.17562],[27.57141,47.17574],[27.57139,47.17576],[27.57132,47.17584],[27.57121,47.17598],[27.57058,47.17675],[27.57031,47.17706],[27.56969,47.17781],[27.56918,47.178425],[27.56867,47.17904],[27.56862,47.1791],[27.56851,47.17923],[27.56803,47.1798],[27.56768,47.18023],[27.56766,47.18025],[27.56751,47.18043],[27.5672,47.1808],[27.56712,47.18089],[27.56707,47.18094],[27.56705,47.18097],[27.56692,47.18112],[27.5667,47.18138],[27.56661,47.1815],[27.56653,47.18159],[27.56617,47.182005],[27.56581,47.18242],[27.56522,47.18314],[27.56511,47.18327],[27.56494,47.18348],[27.56493,47.1835],[27.56487,47.18357],[27.56476,47.1837],[27.56452,47.18397],[27.56435,47.18417],[27.56422,47.18431],[27.56416,47.18438],[27.5638,47.18479],[27.56329,47.18538],[27.56308,47.18564],[27.56283,47.18595],[27.56273,47.18607],[27.56263,47.18619],[27.56258,47.18624],[27.56203,47.18687],[27.56148,47.1875],[27.56134,47.18759],[27.56122,47.18769],[27.56111,47.1878],[27.56103,47.18791],[27.56097,47.18803],[27.56094,47.18816],[27.56064,47.18852],[27.560305,47.18892],[27.55997,47.18932],[27.55961,47.18974],[27.55925,47.19016],[27.55922,47.19021],[27.55918,47.19031],[27.55916,47.1904],[27.55918,47.19059],[27.55916,47.19071],[27.55911,47.19077],[27.55906,47.19082],[27.55899,47.19086],[27.55891,47.19088],[27.55878,47.19091],[27.55858,47.19092],[27.55853,47.19098],[27.55836,47.19119],[27.55823,47.19134],[27.55796,47.19164],[27.55756,47.1921],[27.55738,47.19232],[27.55733,47.19238],[27.5568,47.193],[27.5563,47.1936],[27.55595,47.19401],[27.55591,47.19406],[27.55589,47.19409],[27.555535,47.19452],[27.55518,47.19495],[27.55469,47.19551],[27.55446,47.19575],[27.55409,47.19596],[27.55382,47.19611],[27.55285,47.19665],[27.55256,47.19682],[27.55239,47.19692],[27.55217,47.19704],[27.55196,47.19714],[27.55163,47.19723],[27.55085,47.19736],[27.55032,47.19744],[27.54953,47.19759],[27.54842,47.19779],[27.54726,47.19798],[27.5461,47.19817],[27.54537,47.19829],[27.54519,47.19832],[27.54479,47.19839],[27.5439,47.19854],[27.54337,47.19863],[27.54319,47.19869],[27.54304,47.19878],[27.54282,47.19893],[27.54206,47.19952],[27.54179,47.19972],[27.54112,47.20022],[27.54081,47.20046],[27.54062,47.2005],[27.53985,47.200525],[27.53908,47.20055],[27.53873,47.20059],[27.53836,47.20069],[27.53818,47.20076],[27.5379,47.20088],[27.53781,47.20091],[27.53677,47.20137],[27.53623,47.20159],[27.53611,47.20167],[27.53582,47.20188],[27.53532,47.20225],[27.5351,47.20243],[27.53493,47.20256],[27.5347,47.20275],[27.53464,47.2028],[27.53453,47.20289],[27.53378,47.20349],[27.53245,47.20453],[27.53112,47.20557],[27.53089,47.20576],[27.5308,47.20589],[27.53072,47.20606],[27.5307,47.20625],[27.53074,47.20659],[27.53083,47.20707],[27.53105,47.20774],[27.53113,47.20793],[27.53137,47.20844],[27.53155,47.20888],[27.53157,47.20897],[27.53158,47.20908],[27.53156,47.20918],[27.53152,47.20927],[27.53143,47.20951]]},"properties":{"line":"36","dir":"0","mode":"bus"}},{"type":"Feature","geometry":{"type":"LineString","coordinates":[[27.53156,47.20967],[27.53151,47.20966],[27.53144,47.20964],[27.53138,47.20962],[27.53152,47.20927],[27.53156,47.20918],[27.53158,47.20908],[27.53157,47.20897],[27.53155,47.20888],[27.53137,47.20844],[27.53113,47.20793],[27.53105,47.20774],[27.53083,47.20707],[27.53074,47.20659],[27.5307,47.20625],[27.53072,47.20606],[27.5308,47.20589],[27.53089,47.20576],[27.53112,47.20557],[27.53245,47.20453],[27.53378,47.20349],[27.53453,47.20289],[27.53464,47.2028],[27.53465,47.20279],[27.5347,47.20275],[27.5351,47.20243],[27.53532,47.20225],[27.53582,47.20188],[27.53611,47.20167],[27.53623,47.20159],[27.53677,47.20137],[27.53774,47.20094],[27.53781,47.20091],[27.5379,47.20088],[27.53836,47.20069],[27.53873,47.20059],[27.53908,47.20055],[27.53985,47.200525],[27.54062,47.2005],[27.54081,47.20046],[27.54112,47.20022],[27.54168,47.1998],[27.54206,47.19952],[27.54282,47.19893],[27.54304,47.19878],[27.54319,47.19869],[27.54337,47.19863],[27.5439,47.19854],[27.54464,47.19842],[27.54519,47.19832],[27.54537,47.19829],[27.5461,47.19817],[27.54726,47.19798],[27.54842,47.19779],[27.54953,47.19759],[27.55027,47.19745],[27.55032,47.19744],[27.550975,47.197335],[27.55163,47.19723],[27.55196,47.19714],[27.55217,47.19704],[27.55239,47.19692],[27.55256,47.19682],[27.55285,47.19665],[27.55382,47.19611],[27.55446,47.19575],[27.55469,47.19551],[27.55476,47.19543],[27.55518,47.19495],[27.555535,47.19452],[27.55589,47.19409],[27.55591,47.19406],[27.55595,47.19401],[27.5563,47.1936],[27.5568,47.193],[27.55733,47.19238],[27.55738,47.19232],[27.55756,47.1921],[27.55796,47.19164],[27.55823,47.19134],[27.55836,47.19119],[27.55853,47.19098],[27.55858,47.19092],[27.55857,47.19087],[27.55849,47.19078],[27.55846,47.1907],[27.55847,47.19059],[27.5585,47.19054],[27.55851,47.19053],[27.55855,47.19049],[27.55862,47.19044],[27.55871,47.1904],[27.55897,47.19032],[27.55919,47.1902],[27.55925,47.19016],[27.55961,47.18974],[27.55997,47.18932],[27.560305,47.18892],[27.56064,47.18852],[27.56094,47.18816],[27.56097,47.18803],[27.56103,47.18791],[27.56111,47.1878],[27.56122,47.18769],[27.56134,47.18759],[27.56148,47.1875],[27.56193,47.186985],[27.56238,47.18647],[27.56258,47.18624],[27.56263,47.18619],[27.56273,47.18607],[27.56283,47.18595],[27.56329,47.18538],[27.5638,47.18479],[27.56396,47.1846],[27.56416,47.18438],[27.56422,47.18431],[27.56435,47.18417],[27.56452,47.18397],[27.56476,47.1837],[27.56487,47.18357],[27.56494,47.18348],[27.56511,47.18327],[27.56522,47.18314],[27.56581,47.18242],[27.56617,47.182005],[27.56653,47.18159],[27.56661,47.1815],[27.5667,47.18138],[27.56692,47.18112],[27.56705,47.18097],[27.56707,47.18094],[27.56712,47.18089],[27.56739,47.18057],[27.56751,47.18043],[27.56766,47.18025],[27.56768,47.18023],[27.56803,47.1798],[27.56851,47.17923],[27.56862,47.1791],[27.56867,47.17904],[27.56918,47.178425],[27.56969,47.17781],[27.57031,47.17706],[27.57058,47.17675],[27.57121,47.17598],[27.57132,47.17584],[27.57139,47.17576],[27.57141,47.17574],[27.57151,47.17562],[27.57157,47.17555],[27.57161,47.1755],[27.57171,47.17538],[27.572,47.17506],[27.57205,47.175],[27.57207,47.17497],[27.57228,47.17473],[27.57248,47.1745],[27.57255,47.17442],[27.57289,47.17403],[27.57315,47.17371],[27.57331,47.17353],[27.57351,47.17329],[27.57397,47.172725],[27.57443,47.17216],[27.57508,47.17141],[27.57535,47.17109],[27.57542,47.171],[27.57561,47.17067],[27.57601,47.17012],[27.57609,47.16999],[27.57612,47.16994],[27.57614,47.16991],[27.57619,47.16974],[27.57621,47.16962],[27.57625,47.16956],[27.57634,47.1695],[27.57644,47.16946],[27.57665,47.16913],[27.57675,47.169],[27.57678,47.16896],[27.57679,47.16889],[27.5768,47.16885],[27.57685,47.16869],[27.57693,47.16832],[27.57694,47.16831],[27.57699,47.16807],[27.57711,47.16757],[27.57712,47.16753],[27.57718,47.16736],[27.57726,47.1671],[27.57748,47.16676],[27.57756,47.1666],[27.57752,47.16644],[27.57731,47.1665],[27.576245,47.166795],[27.57518,47.16709],[27.57499,47.16715],[27.57481,47.16721],[27.57423,47.16739],[27.57343,47.167055],[27.57263,47.16672],[27.57168,47.16635],[27.57159,47.16632],[27.5715,47.16628],[27.5713,47.16621],[27.57102,47.1661],[27.57118,47.1659],[27.57127,47.16578],[27.5713,47.16572],[27.57133,47.16571],[27.57136,47.16566],[27.57162,47.1652],[27.57194,47.16463],[27.57226,47.16406],[27.57243,47.16381],[27.57271,47.1633],[27.57299,47.16279],[27.57322,47.16235],[27.57327,47.1622],[27.5733,47.16207],[27.57332,47.16193],[27.57325,47.16142],[27.57324,47.16138],[27.57313,47.16078],[27.57311,47.16067],[27.57308,47.16046],[27.57305,47.16024],[27.57307,47.16002],[27.57314,47.15986],[27.57326,47.15968],[27.5737,47.15934],[27.57384,47.15926],[27.5739,47.15922],[27.57406,47.15911],[27.57466,47.15871],[27.5747,47.15866],[27.57475,47.15861],[27.57482,47.15858],[27.5749,47.15855],[27.57499,47.15853],[27.57526,47.15856],[27.57534,47.15859],[27.57541,47.15864],[27.57546,47.15869],[27.57548,47.15873],[27.57549,47.15878],[27.5755,47.15883],[27.57549,47.15888],[27.57547,47.15892],[27.57546,47.15913],[27.57543,47.1593],[27.57539,47.15943],[27.5753,47.15959],[27.57521,47.15972],[27.5751,47.15987],[27.57499,47.16],[27.57484,47.16016],[27.57476,47.16025],[27.57467,47.16035],[27.57446,47.16051],[27.57419,47.16065],[27.57386,47.16078],[27.5736,47.16085],[27.57335,47.16089],[27.57312,47.16091],[27.57218,47.1609],[27.57124,47.16089],[27.57101,47.1609],[27.57074,47.16093],[27.57046,47.161],[27.56936,47.16134],[27.569,47.16145],[27.56884,47.1615],[27.56801,47.161755],[27.56718,47.16201],[27.56707,47.16206],[27.56698,47.1621],[27.56688,47.16215],[27.56684,47.16217],[27.565895,47.16263],[27.56495,47.16309],[27.56473,47.1632],[27.56458,47.16327],[27.56437,47.16337],[27.5642,47.16345],[27.56302,47.164025],[27.56184,47.1646],[27.56179,47.16463],[27.56145,47.16479],[27.559915,47.165545],[27.55838,47.1663],[27.55793,47.16651],[27.55768,47.16663],[27.55745,47.16665],[27.5574,47.16664],[27.55735,47.16665],[27.55731,47.16666],[27.55727,47.16668],[27.55724,47.16671],[27.55707,47.16678],[27.55556,47.166775],[27.55405,47.16677],[27.55245,47.166765],[27.55085,47.16676],[27.548835,47.166755],[27.54682,47.16675],[27.545915,47.16674],[27.54501,47.16673],[27.54395,47.16672],[27.54326,47.16681],[27.54307,47.16691],[27.54253,47.16735],[27.54199,47.16779],[27.54159,47.16811],[27.54136,47.16829],[27.54112,47.16849],[27.54106,47.16854],[27.5405,47.16908],[27.54023,47.16932]]},"properties":{"line":"36","dir":"1","mode":"bus"}},{"type":"Feature","geometry":{"type":"LineString","coordinates":[[27.57918,47.16859],[27.57908,47.16863],[27.57897,47.16867],[27.57874,47.16873],[27.5785,47.1688],[27.57826,47.16887],[27.57737,47.16919],[27.57735,47.1692],[27.57731,47.16922],[27.57726,47.16923],[27.57722,47.16925],[27.57694,47.16934],[27.5767,47.16942],[27.57674,47.16943],[27.5767,47.16942],[27.57666,47.16943],[27.57653,47.16945],[27.57649,47.16947],[27.57644,47.1695],[27.5764,47.16954],[27.57637,47.16958],[27.57635,47.16964],[27.57634,47.16971],[27.57638,47.16978],[27.57647,47.16986],[27.57655,47.1699],[27.57663,47.16992],[27.57681,47.16991],[27.57687,47.1699],[27.57696,47.16986],[27.57702,47.1698],[27.57706,47.16974],[27.57707,47.16969],[27.57706,47.16961],[27.5771,47.16956],[27.57717,47.1695],[27.57728,47.16941],[27.5774,47.16934],[27.57745,47.16932],[27.57763,47.16925],[27.57791,47.16914],[27.57823,47.16902],[27.57875,47.16876],[27.57897,47.16867],[27.57908,47.16863],[27.57938,47.16851],[27.57935,47.16847],[27.57949,47.16842],[27.58049,47.16805],[27.58078,47.16794],[27.58084,47.16792],[27.58139,47.16778],[27.58165,47.16771],[27.5824,47.167515],[27.58315,47.16732],[27.58395,47.16712],[27.58494,47.16686],[27.58617,47.16654],[27.5863,47.1665],[27.58736,47.1662],[27.5874,47.16626],[27.58821,47.16606],[27.5887,47.16594],[27.58886,47.1659],[27.58978,47.16568],[27.59046,47.1655],[27.59096,47.16473],[27.59101,47.16465],[27.59108,47.16456],[27.59113,47.16449],[27.59123,47.16441],[27.59138,47.16435],[27.59153,47.1643],[27.59164,47.16427],[27.59175,47.16424],[27.59195,47.16416],[27.59287,47.16375],[27.5929,47.16373],[27.59317,47.16361],[27.59323,47.16358],[27.5935,47.16345],[27.59367,47.16331],[27.59444,47.16271],[27.59466,47.16239],[27.59468,47.16235],[27.5947,47.16233],[27.59472,47.16213],[27.59475,47.16197],[27.59473,47.16187],[27.59465,47.16165],[27.59459,47.16163],[27.59436,47.16156],[27.59432,47.16155],[27.59428,47.16153],[27.59423,47.16152],[27.59384,47.1614],[27.59356,47.16131],[27.59262,47.16102],[27.59259,47.16101],[27.59251,47.16099],[27.59174,47.16075],[27.59161,47.16071],[27.5912,47.16059],[27.59088,47.16049],[27.59048,47.16036],[27.58996,47.1602],[27.58983,47.16016],[27.58913,47.15995],[27.58908,47.15993],[27.58887,47.15987],[27.58866,47.1598],[27.58828,47.15969],[27.58781,47.15955],[27.58764,47.1595],[27.58744,47.15943],[27.58715,47.15935],[27.58643,47.15911],[27.5859,47.15893],[27.58576,47.15887],[27.58563,47.1588],[27.58554,47.15873],[27.58537,47.15858],[27.58525,47.15843],[27.58518,47.15828],[27.58514,47.1581],[27.58513,47.15786],[27.58512,47.15773],[27.5851,47.15733],[27.58504,47.15654],[27.58508,47.15642],[27.58532,47.156],[27.58545,47.15581],[27.58562,47.15554],[27.58564,47.15552],[27.58568,47.15543],[27.58575,47.15535],[27.58618,47.15494],[27.58622,47.1549],[27.58636,47.15476],[27.5864,47.15472],[27.58641,47.15471],[27.58661,47.15453],[27.58695,47.1542],[27.58729,47.15389],[27.58747,47.15372],[27.5875,47.15369],[27.58777,47.15344],[27.58793,47.15328],[27.58808,47.15314],[27.58813,47.15298],[27.58817,47.15286],[27.58814,47.15255],[27.58811,47.15247],[27.58802,47.15232],[27.58797,47.15225],[27.5879,47.15217],[27.5878,47.15207],[27.58738,47.1516],[27.58722,47.15148],[27.58718,47.15145],[27.58713,47.15143],[27.58709,47.15138],[27.58705,47.15134],[27.58702,47.15129],[27.587,47.15122],[27.58701,47.15114],[27.58702,47.15112],[27.58697,47.151],[27.58691,47.15087],[27.58676,47.1507],[27.58669,47.15061],[27.58653,47.15042],[27.58646,47.15033],[27.58638,47.15024],[27.58605,47.14984],[27.58598,47.14976],[27.58594,47.14971],[27.58577,47.1495],[27.58568,47.1494],[27.58549,47.14917],[27.58521,47.14882],[27.58505,47.14864],[27.58485,47.14842],[27.58479,47.14835],[27.58474,47.1483],[27.58436,47.14784],[27.58398,47.14738],[27.58376,47.14713],[27.582615,47.14577],[27.58147,47.14441],[27.58114,47.14401],[27.58108,47.14393],[27.58098,47.1438],[27.58087,47.14365],[27.5808,47.14355],[27.58056,47.14321],[27.58044,47.14301],[27.5803,47.14272],[27.5801,47.14226],[27.57985,47.14156],[27.57973,47.14119],[27.57951,47.14065],[27.57939,47.1404],[27.57928,47.14016],[27.57912,47.13991],[27.57894,47.13972],[27.5787,47.13948],[27.57863,47.13942],[27.57847,47.1393],[27.57836,47.13921],[27.57785,47.13881],[27.57753,47.13855],[27.57705,47.13816],[27.5767,47.13788],[27.57606,47.13738],[27.575595,47.137005],[27.57513,47.13663],[27.57499,47.13652],[27.574535,47.136165],[27.57408,47.13581],[27.57374,47.13555],[27.57346,47.13528],[27.57315,47.13494],[27.57294,47.13468],[27.57275,47.13443],[27.57266,47.13431],[27.57255,47.13414],[27.57244,47.13399],[27.57203,47.13339],[27.5719,47.1332],[27.57152,47.13265],[27.57113,47.13209],[27.57072,47.1315],[27.57067,47.13143],[27.57059,47.13131],[27.570195,47.130755],[27.5698,47.1302],[27.56925,47.12942],[27.5691,47.12921],[27.56898,47.12903],[27.56853,47.128405],[27.56808,47.12778],[27.56805,47.12774],[27.56759,47.12708],[27.56743,47.12683],[27.56732,47.12654],[27.56727,47.12636],[27.56725,47.12599],[27.56726,47.12527],[27.56728,47.12468],[27.56727,47.12443],[27.56725,47.12418],[27.56721,47.124],[27.56706,47.12357],[27.5669,47.12331],[27.56653,47.122755],[27.56616,47.1222],[27.56608,47.12208],[27.56599,47.12194],[27.56586,47.12173],[27.56555,47.12125],[27.56552,47.12119],[27.56547,47.12113],[27.56541,47.12103],[27.56534,47.12092],[27.565,47.12037],[27.56473,47.119935],[27.56446,47.1195],[27.56445,47.11948],[27.56432,47.11928],[27.5643,47.11925],[27.56428,47.11923],[27.56405,47.11887],[27.56389,47.11863],[27.56372,47.11837],[27.56357,47.11812],[27.56343,47.1179],[27.56305,47.11728],[27.56282,47.11692],[27.5627,47.11672],[27.56265,47.11664],[27.56238,47.1162],[27.56211,47.11576],[27.56163,47.115],[27.56156,47.11488],[27.56111,47.11419],[27.56097,47.11399],[27.56078,47.11369],[27.56061,47.11339],[27.56059,47.11331],[27.56055,47.11315],[27.56054,47.11302],[27.56053,47.11219],[27.56051,47.11207],[27.56049,47.11197],[27.56042,47.11185],[27.56007,47.11138],[27.55999,47.11128],[27.55986,47.1111],[27.55958,47.11075],[27.5594,47.11051],[27.55913,47.11014],[27.55908,47.11006],[27.55905,47.10995],[27.55904,47.1098],[27.55909,47.10956],[27.55926,47.10903],[27.5594,47.10858],[27.55951,47.10818],[27.55956,47.10783],[27.55959,47.106725],[27.55962,47.10562],[27.55963,47.1053],[27.55964,47.10474],[27.55965,47.10415],[27.55966,47.10395],[27.55967,47.10351],[27.55968,47.10308],[27.559695,47.10251],[27.55971,47.10194],[27.559725,47.101305],[27.55974,47.10067],[27.55972,47.10011],[27.559535,47.099335],[27.55935,47.09856],[27.559185,47.097875],[27.55902,47.09719],[27.55894,47.09688],[27.559625,47.096825],[27.56031,47.09677],[27.56062,47.09675],[27.56119,47.09669],[27.5614,47.09667],[27.56169,47.09665],[27.56226,47.09659],[27.56278,47.09654],[27.56291,47.09653],[27.56361,47.096465],[27.56431,47.0964],[27.56514,47.09634],[27.56582,47.09628],[27.5665,47.09622],[27.56658,47.09664]]},"properties":{"line":"41","dir":"0","mode":"bus"}},{"type":"Feature","geometry":{"type":"LineString","coordinates":[[27.56658,47.09664],[27.5665,47.09622],[27.56582,47.09628],[27.56514,47.09634],[27.56431,47.0964],[27.56361,47.096465],[27.56291,47.09653],[27.56278,47.09654],[27.56226,47.09659],[27.56169,47.09665],[27.5614,47.09667],[27.56062,47.09675],[27.56031,47.09677],[27.559625,47.096825],[27.55894,47.09688],[27.55899,47.09705],[27.55917,47.097805],[27.55935,47.09856],[27.559535,47.099335],[27.55972,47.10011],[27.55973,47.10033],[27.55974,47.10046],[27.559725,47.1012],[27.55971,47.10194],[27.559695,47.10251],[27.55968,47.10308],[27.55967,47.10351],[27.55966,47.1038],[27.55965,47.10415],[27.55964,47.10458],[27.55963,47.10497],[27.55962,47.10562],[27.55959,47.106725],[27.55956,47.10783],[27.55951,47.10818],[27.5594,47.10858],[27.55926,47.10903],[27.55909,47.10956],[27.55904,47.1098],[27.55905,47.10995],[27.55908,47.11006],[27.55913,47.11014],[27.55937,47.11046],[27.5594,47.11051],[27.55986,47.1111],[27.55999,47.11128],[27.56007,47.11138],[27.56042,47.11185],[27.56049,47.11197],[27.56051,47.11207],[27.56053,47.11219],[27.56054,47.11302],[27.56055,47.11315],[27.56059,47.11331],[27.56061,47.11339],[27.56078,47.11369],[27.56097,47.11399],[27.56098,47.114],[27.56127,47.11444],[27.56156,47.11488],[27.56163,47.115],[27.56211,47.11576],[27.56238,47.1162],[27.56265,47.11664],[27.5627,47.11672],[27.56272,47.11675],[27.56282,47.11692],[27.563125,47.11741],[27.56343,47.1179],[27.56357,47.11812],[27.56372,47.11837],[27.56389,47.11863],[27.56405,47.11887],[27.56428,47.11923],[27.5643,47.11925],[27.56432,47.11928],[27.56445,47.11948],[27.564725,47.119925],[27.565,47.12037],[27.56534,47.12092],[27.56541,47.12103],[27.56547,47.12113],[27.56552,47.12119],[27.56555,47.12125],[27.56586,47.12173],[27.56599,47.12194],[27.56608,47.12208],[27.56616,47.1222],[27.56653,47.122755],[27.5669,47.12331],[27.56702,47.1235],[27.56706,47.12357],[27.56721,47.124],[27.56725,47.12418],[27.56727,47.12443],[27.56728,47.12468],[27.56726,47.12527],[27.56725,47.12599],[27.56727,47.12636],[27.56732,47.12654],[27.56743,47.12683],[27.56759,47.12708],[27.56805,47.12774],[27.56808,47.12778],[27.56862,47.12853],[27.56898,47.12903],[27.5691,47.12921],[27.56945,47.129705],[27.5698,47.1302],[27.570195,47.130755],[27.57059,47.13131],[27.57067,47.13143],[27.57072,47.1315],[27.57113,47.13209],[27.57152,47.13265],[27.5719,47.1332],[27.57238,47.13389],[27.57244,47.13399],[27.57255,47.13414],[27.57266,47.13431],[27.57275,47.13443],[27.57294,47.13468],[27.57315,47.13494],[27.57346,47.13528],[27.57374,47.13555],[27.57408,47.13581],[27.574535,47.136165],[27.57499,47.13652],[27.57513,47.13663],[27.575595,47.137005],[27.57606,47.13738],[27.5767,47.13788],[27.57705,47.13816],[27.57728,47.13835],[27.57753,47.13855],[27.57785,47.13881],[27.57847,47.1393],[27.57863,47.13942],[27.5787,47.13948],[27.57894,47.13972],[27.57912,47.13991],[27.57928,47.14016],[27.57939,47.1404],[27.57951,47.14065],[27.57973,47.14119],[27.57985,47.14156],[27.5801,47.14226],[27.5803,47.14271],[27.58044,47.14301],[27.58048,47.14308],[27.58056,47.14321],[27.5808,47.14355],[27.58087,47.14365],[27.58098,47.1438],[27.58108,47.14393],[27.58114,47.14401],[27.58147,47.14441],[27.582615,47.14577],[27.58376,47.14713],[27.58398,47.14738],[27.58436,47.14784],[27.58474,47.1483],[27.58479,47.14835],[27.58485,47.14842],[27.58505,47.14864],[27.58521,47.14882],[27.58549,47.14917],[27.58568,47.1494],[27.58577,47.1495],[27.58594,47.14971],[27.58605,47.14984],[27.58629,47.15013],[27.58638,47.15024],[27.58646,47.15033],[27.58653,47.15042],[27.58669,47.15061],[27.58676,47.15058],[27.5868,47.15057],[27.58686,47.15054],[27.58696,47.15065],[27.58708,47.15079],[27.58716,47.15085],[27.58731,47.1509],[27.58736,47.15089],[27.58743,47.15088],[27.58759,47.15089],[27.58766,47.1509],[27.58773,47.15093],[27.5878,47.15096],[27.58786,47.15099],[27.58794,47.15107],[27.58795,47.15111],[27.58796,47.15116],[27.58795,47.15127],[27.58792,47.15133],[27.58789,47.15137],[27.58788,47.15138],[27.58787,47.15139],[27.58784,47.15143],[27.58779,47.15145],[27.58776,47.15147],[27.58779,47.15154],[27.58812,47.15194],[27.58821,47.15204],[27.58826,47.15214],[27.5883,47.1522],[27.58836,47.15231],[27.58846,47.15254],[27.58843,47.15267],[27.5884,47.15281],[27.58815,47.15307],[27.58808,47.15314],[27.58793,47.15328],[27.58777,47.15344],[27.5875,47.15369],[27.58747,47.15372],[27.58732,47.15385],[27.58695,47.1542],[27.58661,47.15453],[27.58641,47.15471],[27.58636,47.15476],[27.58622,47.1549],[27.58618,47.15494],[27.58575,47.15535],[27.58568,47.15543],[27.58564,47.15552],[27.58562,47.15554],[27.58545,47.15581],[27.58532,47.156],[27.58508,47.15642],[27.58504,47.1565],[27.5851,47.15733],[27.58512,47.15773],[27.58513,47.15782],[27.58514,47.1581],[27.58518,47.15828],[27.58525,47.15843],[27.58537,47.15858],[27.58554,47.15873],[27.58563,47.1588],[27.58576,47.15887],[27.5859,47.15893],[27.58643,47.15911],[27.58705,47.15932],[27.58715,47.15935],[27.58744,47.15943],[27.58764,47.1595],[27.58781,47.15955],[27.58828,47.15969],[27.58866,47.1598],[27.58908,47.15993],[27.58913,47.15995],[27.58983,47.16016],[27.58996,47.1602],[27.59048,47.16036],[27.59088,47.16049],[27.5912,47.16059],[27.59161,47.16071],[27.59174,47.16075],[27.59251,47.16099],[27.59259,47.16101],[27.59262,47.16102],[27.59323,47.16121],[27.59384,47.1614],[27.59409,47.16147],[27.59423,47.16152],[27.59428,47.16153],[27.59432,47.16155],[27.59436,47.16156],[27.59459,47.16163],[27.59465,47.16165],[27.59493,47.16174],[27.59497,47.16175],[27.59508,47.16179],[27.59504,47.16184],[27.59491,47.16199],[27.5947,47.16233],[27.59468,47.16235],[27.59466,47.16239],[27.59444,47.16271],[27.59367,47.16331],[27.5935,47.16345],[27.59323,47.16358],[27.59317,47.16361],[27.5929,47.16373],[27.59287,47.16375],[27.59195,47.16416],[27.59175,47.16424],[27.59164,47.16427],[27.59153,47.1643],[27.59138,47.16435],[27.59123,47.16441],[27.59122,47.16442],[27.59113,47.16449],[27.59108,47.16456],[27.59101,47.16465],[27.590735,47.165075],[27.59046,47.1655],[27.58978,47.16568],[27.58942,47.16577],[27.58886,47.1659],[27.5887,47.16594],[27.58821,47.16606],[27.5874,47.16626],[27.58723,47.1663],[27.58683,47.16641],[27.58658,47.16647],[27.58632,47.16654],[27.58535,47.16679],[27.58495,47.16689],[27.58391,47.16716],[27.58325,47.16733],[27.58317,47.16735],[27.582285,47.16757],[27.5814,47.16779],[27.58133,47.16781],[27.58116,47.16786],[27.58094,47.16792],[27.58086,47.16794],[27.58072,47.16799],[27.58051,47.16807],[27.58035,47.16813],[27.58032,47.16814],[27.57952,47.16846],[27.57938,47.16851],[27.57918,47.16859]]},"properties":{"line":"41","dir":"1","mode":"bus"}},{"type":"Feature","geometry":{"type":"LineString","coordinates":[[27.55851,47.19053],[27.55855,47.19049],[27.55862,47.19044],[27.55871,47.1904],[27.55897,47.19032],[27.55919,47.1902],[27.55925,47.19016],[27.55961,47.18974],[27.55997,47.18932],[27.560305,47.18892],[27.56064,47.18852],[27.56094,47.18816],[27.56097,47.18803],[27.56103,47.18791],[27.56111,47.1878],[27.56122,47.18769],[27.56134,47.18759],[27.56148,47.1875],[27.56193,47.186985],[27.56238,47.18647],[27.56258,47.18624],[27.56263,47.18619],[27.56273,47.18607],[27.56283,47.18595],[27.56329,47.18538],[27.5638,47.18479],[27.56396,47.1846],[27.56416,47.18438],[27.56422,47.18431],[27.56435,47.18417],[27.56452,47.18397],[27.56476,47.1837],[27.56487,47.18357],[27.56494,47.18348],[27.56511,47.18327],[27.56522,47.18314],[27.56581,47.18242],[27.56617,47.182005],[27.56653,47.18159],[27.56661,47.1815],[27.5667,47.18138],[27.56692,47.18112],[27.56705,47.18097],[27.56707,47.18094],[27.56712,47.18089],[27.56739,47.18057],[27.56751,47.18043],[27.56766,47.18025],[27.56768,47.18023],[27.56803,47.1798],[27.56851,47.17923],[27.56862,47.1791],[27.56867,47.17904],[27.56918,47.178425],[27.56969,47.17781],[27.57031,47.17706],[27.57058,47.17675],[27.57121,47.17598],[27.57132,47.17584],[27.57139,47.17576],[27.57141,47.17574],[27.57151,47.17562],[27.57157,47.17555],[27.57161,47.1755],[27.57171,47.17538],[27.572,47.17506],[27.57205,47.175],[27.57207,47.17497],[27.57228,47.17473],[27.57248,47.1745],[27.57255,47.17442],[27.57289,47.17403],[27.57315,47.17371],[27.57331,47.17353],[27.57351,47.17329],[27.57397,47.172725],[27.57443,47.17216],[27.57508,47.17141],[27.57535,47.17109],[27.57542,47.171],[27.57561,47.17067],[27.57601,47.17012],[27.57609,47.16999],[27.57612,47.16994],[27.57614,47.16991],[27.57619,47.16974],[27.57621,47.16962],[27.57625,47.16956],[27.57634,47.1695],[27.57644,47.16946],[27.57652,47.16945],[27.57668,47.16946],[27.57676,47.16948],[27.57711,47.16927],[27.57722,47.16924],[27.57731,47.16921],[27.57736,47.16919],[27.57749,47.16915],[27.57826,47.16887],[27.57875,47.16872],[27.57892,47.16867],[27.57906,47.16862],[27.57937,47.1685],[27.57942,47.16848],[27.5795,47.16845],[27.58032,47.16814],[27.58035,47.16813],[27.58051,47.16807],[27.5807,47.168],[27.58085,47.16795],[27.58086,47.16794],[27.58094,47.16792],[27.58133,47.16781],[27.5814,47.16779],[27.582285,47.16757],[27.58317,47.16735],[27.58325,47.16733],[27.58391,47.16716],[27.58495,47.16689],[27.58535,47.16679],[27.58624,47.16656],[27.58658,47.16647],[27.58723,47.1663],[27.5874,47.16626],[27.58821,47.16606],[27.5887,47.16594],[27.58886,47.1659],[27.5896,47.16573],[27.58978,47.16568],[27.59044,47.16551],[27.59093,47.16472],[27.59098,47.16464],[27.59105,47.16455],[27.59108,47.16452],[27.59115,47.16445],[27.59123,47.16437],[27.59143,47.16435],[27.59175,47.16425],[27.59195,47.16416],[27.59287,47.16375],[27.5929,47.16373],[27.59317,47.16361],[27.59323,47.16358],[27.5935,47.16345],[27.59365,47.16333],[27.59444,47.16271],[27.59466,47.16239],[27.59491,47.16198],[27.59497,47.16191],[27.59507,47.16178],[27.59534,47.16155],[27.5954,47.1615],[27.59557,47.16136],[27.59569,47.16126],[27.59632,47.16086],[27.59678,47.16065],[27.59684,47.16063],[27.59703,47.16055],[27.59729,47.16046],[27.59798,47.16017],[27.59842,47.15997],[27.59884,47.15976],[27.59913,47.15961],[27.59956,47.15933],[27.59973,47.15921],[27.5998,47.15916],[27.59992,47.15908],[27.60003,47.159],[27.60009,47.15896],[27.60013,47.15893],[27.60036,47.15878],[27.60039,47.15876],[27.60042,47.15874],[27.60046,47.15873],[27.6005,47.15874],[27.60054,47.15875],[27.60089,47.15884],[27.60108,47.1589],[27.60114,47.15884],[27.60127,47.15871],[27.60163,47.15835],[27.60169,47.1583],[27.60225,47.15774],[27.60236,47.15763],[27.60299,47.157],[27.60318,47.15681],[27.60322,47.1568],[27.60331,47.15671],[27.60338,47.15661],[27.60344,47.15655],[27.60355,47.15643],[27.60361,47.15638],[27.60385,47.15614],[27.60391,47.15608],[27.60394,47.15605],[27.60399,47.15599],[27.60404,47.15595],[27.6041,47.15588],[27.60419,47.15576],[27.60425,47.15566],[27.60428,47.15562],[27.60433,47.15548],[27.60435,47.15533],[27.60438,47.15521],[27.60437,47.15508],[27.60435,47.15494],[27.60432,47.15484],[27.60427,47.15469],[27.60426,47.15467],[27.60419,47.15444],[27.60418,47.15439],[27.60404,47.15394],[27.60402,47.15386],[27.60398,47.15375],[27.60333,47.15386],[27.60304,47.15391],[27.6028,47.15394],[27.60263,47.15396],[27.60226,47.15395],[27.60138,47.15378],[27.6008,47.15366],[27.60056,47.1536],[27.6004,47.15354],[27.60025,47.15347],[27.60008,47.15336],[27.59993,47.15325],[27.59966,47.15305],[27.599185,47.1527],[27.59871,47.15235],[27.59863,47.15229],[27.59854,47.15223],[27.59817,47.15195],[27.59811,47.15191],[27.59726,47.15129],[27.59721,47.15125],[27.59663,47.15082],[27.59662,47.15081],[27.59657,47.15078],[27.59644,47.15068],[27.59626,47.15055],[27.59591,47.15029],[27.59586,47.15026],[27.59552,47.14999],[27.59517,47.14974],[27.59481,47.14947],[27.59456,47.14928],[27.59391,47.1488],[27.59322,47.14829],[27.59267,47.14788],[27.59209,47.14746],[27.59288,47.14678],[27.59293,47.14674],[27.59296,47.14671],[27.59347,47.14627],[27.59393,47.14586],[27.59462,47.14533],[27.59547,47.14465],[27.59598,47.14428],[27.59649,47.14391],[27.59658,47.14385],[27.59768,47.1431],[27.59878,47.14235],[27.59899,47.14221],[27.59913,47.14211],[27.59919,47.14208],[27.59927,47.14202],[27.59978,47.14168],[27.60022,47.14138],[27.60038,47.14127],[27.60098,47.14087],[27.60135,47.14062],[27.60149,47.14052],[27.60365,47.139075],[27.60581,47.13763],[27.60588,47.13757],[27.60592,47.13749],[27.60589,47.13734],[27.60582,47.13727],[27.60573,47.13722],[27.60561,47.1372],[27.60526,47.13717],[27.60475,47.13714],[27.60454,47.13712],[27.603095,47.13703],[27.60165,47.13694],[27.60042,47.13685],[27.60033,47.13684],[27.60021,47.13683],[27.59955,47.13678],[27.59866,47.13672],[27.59828,47.1367],[27.59792,47.13668],[27.597105,47.13663],[27.59629,47.13658],[27.59515,47.13651],[27.59488,47.13649],[27.59467,47.13647],[27.5937,47.13639],[27.59353,47.13638],[27.593,47.13632],[27.5921,47.1362],[27.5912,47.13608],[27.59067,47.13601],[27.58998,47.135915],[27.58929,47.13582],[27.58839,47.1357],[27.5881,47.13566],[27.58747,47.13558],[27.58721,47.13554],[27.58677,47.13547],[27.58659,47.13544],[27.58639,47.13542],[27.58571,47.13532],[27.58544,47.13529],[27.58515,47.13527],[27.58471,47.13526],[27.58357,47.13528],[27.58336,47.13527],[27.58306,47.13523],[27.58282,47.13519],[27.58252,47.13513],[27.58222,47.13504],[27.58192,47.13494],[27.58162,47.13481],[27.58144,47.13472],[27.58118,47.13458],[27.5809,47.13439],[27.58049,47.13407],[27.58042,47.13402],[27.5804,47.134],[27.58012,47.13381],[27.57992,47.13372],[27.57976,47.13366],[27.57956,47.13362],[27.57935,47.13361],[27.5791,47.13363],[27.57889,47.13367],[27.57845,47.13379],[27.57792,47.13393],[27.5776,47.13402],[27.57741,47.13407],[27.57722,47.1341],[27.57706,47.13412],[27.57662,47.1341],[27.57606,47.13403]]},"properties":{"line":"42","dir":"0","mode":"bus"}},{"type":"Feature","geometry":{"type":"LineString","coordinates":[[27.57564,47.13366],[27.5749,47.13367],[27.57483,47.13397],[27.57516,47.13396],[27.57545,47.13398],[27.57582,47.13401],[27.57606,47.13403],[27.57662,47.1341],[27.57685,47.13412],[27.57722,47.1341],[27.57741,47.13407],[27.5776,47.13402],[27.57792,47.13393],[27.57845,47.13379],[27.57889,47.13367],[27.5791,47.13363],[27.57935,47.13361],[27.57956,47.13362],[27.57976,47.13366],[27.57992,47.13372],[27.58012,47.13381],[27.5804,47.134],[27.58049,47.13407],[27.5805,47.13408],[27.5809,47.13439],[27.58118,47.13458],[27.58144,47.13472],[27.58162,47.13481],[27.58192,47.13494],[27.58222,47.13504],[27.58252,47.13513],[27.58282,47.13519],[27.58306,47.13523],[27.58336,47.13527],[27.58357,47.13528],[27.58429,47.13526],[27.58515,47.13527],[27.58544,47.13529],[27.58571,47.13532],[27.58639,47.13542],[27.5865,47.13543],[27.58659,47.13544],[27.58721,47.13554],[27.58747,47.13558],[27.5881,47.13566],[27.58839,47.1357],[27.58929,47.13582],[27.58998,47.135915],[27.59067,47.13601],[27.5912,47.13608],[27.5921,47.1362],[27.593,47.13632],[27.59353,47.13638],[27.5937,47.13639],[27.59384,47.1364],[27.59467,47.13647],[27.59515,47.13651],[27.59629,47.13658],[27.597105,47.13663],[27.59792,47.13668],[27.59828,47.1367],[27.59866,47.13672],[27.59955,47.13678],[27.60033,47.13684],[27.60042,47.13685],[27.60165,47.13694],[27.603095,47.13703],[27.60454,47.13712],[27.60475,47.13714],[27.60526,47.13717],[27.60561,47.1372],[27.60573,47.13722],[27.60582,47.13727],[27.60589,47.13734],[27.60592,47.13741],[27.60588,47.13757],[27.60581,47.13763],[27.60365,47.139075],[27.60149,47.14052],[27.60135,47.14062],[27.60098,47.14087],[27.60038,47.14127],[27.59978,47.14168],[27.59928,47.14201],[27.59927,47.14202],[27.59919,47.14208],[27.59913,47.14211],[27.59899,47.14221],[27.59878,47.14235],[27.59768,47.1431],[27.59658,47.14385],[27.59649,47.14391],[27.59598,47.14428],[27.59547,47.14465],[27.59472,47.14525],[27.59462,47.14533],[27.59393,47.14586],[27.59347,47.14627],[27.59296,47.14671],[27.59288,47.14678],[27.59209,47.14746],[27.59267,47.14788],[27.59322,47.14829],[27.59391,47.1488],[27.59456,47.14928],[27.59481,47.14947],[27.5951,47.14969],[27.59517,47.14974],[27.59552,47.14999],[27.59586,47.15026],[27.59591,47.15029],[27.59626,47.15055],[27.59644,47.15068],[27.59657,47.15078],[27.59662,47.15081],[27.59721,47.15125],[27.59726,47.15129],[27.59811,47.15191],[27.59817,47.15195],[27.59849,47.15219],[27.59854,47.15223],[27.59863,47.15229],[27.59871,47.15235],[27.599185,47.1527],[27.59966,47.15305],[27.59993,47.15325],[27.60008,47.15336],[27.60025,47.15347],[27.6004,47.15354],[27.60056,47.1536],[27.6008,47.15366],[27.60138,47.15378],[27.60226,47.15395],[27.60245,47.15396],[27.6028,47.15394],[27.60304,47.15391],[27.60333,47.15386],[27.60351,47.15383],[27.60398,47.15375],[27.60402,47.15386],[27.60404,47.15394],[27.60418,47.15439],[27.60419,47.15444],[27.60426,47.15467],[27.60427,47.15469],[27.60432,47.15484],[27.60435,47.15494],[27.60437,47.15508],[27.60438,47.15521],[27.60435,47.15533],[27.60433,47.15548],[27.60428,47.15562],[27.60425,47.15566],[27.60419,47.15576],[27.6041,47.15588],[27.60404,47.15595],[27.60399,47.15599],[27.60394,47.15605],[27.60391,47.15608],[27.60385,47.15614],[27.60361,47.15638],[27.60355,47.15643],[27.60344,47.15655],[27.60339,47.1566],[27.60331,47.15668],[27.60322,47.1568],[27.60318,47.15681],[27.60299,47.157],[27.60236,47.15763],[27.60225,47.15774],[27.60169,47.1583],[27.60163,47.15835],[27.60127,47.15871],[27.60114,47.15884],[27.60108,47.1589],[27.60089,47.15884],[27.60054,47.15875],[27.6005,47.15874],[27.60046,47.15873],[27.60042,47.15874],[27.60039,47.15876],[27.60036,47.15878],[27.60013,47.15893],[27.60007,47.15898],[27.60003,47.159],[27.59992,47.15908],[27.5998,47.15916],[27.59973,47.15921],[27.59956,47.15933],[27.59913,47.15961],[27.59884,47.15976],[27.59842,47.15997],[27.59798,47.16017],[27.59729,47.16046],[27.59703,47.16055],[27.59684,47.16063],[27.59678,47.16065],[27.59632,47.16086],[27.59609,47.161],[27.59569,47.16126],[27.5954,47.1615],[27.59534,47.16155],[27.59507,47.16178],[27.59497,47.16191],[27.59491,47.16198],[27.59466,47.16239],[27.59444,47.16271],[27.59365,47.16333],[27.5935,47.16345],[27.59323,47.16358],[27.59317,47.16361],[27.5929,47.16373],[27.59287,47.16375],[27.59195,47.16416],[27.59175,47.16425],[27.59143,47.16435],[27.59123,47.16437],[27.59115,47.16445],[27.59108,47.16452],[27.59105,47.16455],[27.59098,47.16464],[27.59071,47.165075],[27.59044,47.16551],[27.58978,47.16568],[27.5896,47.16573],[27.58934,47.16579],[27.58886,47.1659],[27.5887,47.16594],[27.58821,47.16606],[27.5874,47.16626],[27.58723,47.1663],[27.58658,47.16647],[27.58624,47.16656],[27.58535,47.16679],[27.58495,47.16689],[27.58391,47.16716],[27.58325,47.16733],[27.58317,47.16735],[27.582285,47.16757],[27.5814,47.16779],[27.58133,47.16781],[27.58094,47.16792],[27.58086,47.16794],[27.5807,47.168],[27.58051,47.16807],[27.58035,47.16813],[27.58032,47.16814],[27.5795,47.16845],[27.57942,47.16848],[27.57937,47.1685],[27.57917,47.16858],[27.57906,47.16862],[27.57892,47.16867],[27.57874,47.16875],[27.5782,47.16898],[27.57787,47.1691],[27.57758,47.16921],[27.57741,47.16928],[27.57737,47.1693],[27.5772,47.16938],[27.57705,47.16948],[27.57691,47.16959],[27.57695,47.16965],[27.57696,47.16971],[27.57694,47.16978],[27.5769,47.16985],[27.57683,47.16991],[27.57674,47.16995],[27.57663,47.16997],[27.57633,47.17005],[27.57624,47.17011],[27.57615,47.17018],[27.57595,47.17041],[27.57571,47.17069],[27.57568,47.17071],[27.57555,47.17086],[27.57542,47.171],[27.57535,47.17109],[27.57508,47.17141],[27.57443,47.17216],[27.57397,47.172725],[27.57351,47.17329],[27.57331,47.17353],[27.57315,47.17371],[27.57289,47.17403],[27.57255,47.17442],[27.57248,47.1745],[27.57228,47.17473],[27.57205,47.175],[27.572,47.17506],[27.57173,47.17537],[27.57171,47.17538],[27.57161,47.1755],[27.57157,47.17555],[27.57151,47.17562],[27.57141,47.17574],[27.57139,47.17576],[27.57132,47.17584],[27.57121,47.17598],[27.57058,47.17675],[27.57031,47.17706],[27.56969,47.17781],[27.56918,47.178425],[27.56867,47.17904],[27.56862,47.1791],[27.56851,47.17923],[27.56803,47.1798],[27.56768,47.18023],[27.56766,47.18025],[27.56751,47.18043],[27.5672,47.1808],[27.56712,47.18089],[27.56707,47.18094],[27.56705,47.18097],[27.56692,47.18112],[27.5667,47.18138],[27.56661,47.1815],[27.56653,47.18159],[27.56617,47.182005],[27.56581,47.18242],[27.56522,47.18314],[27.56511,47.18327],[27.56494,47.18348],[27.56493,47.1835],[27.56487,47.18357],[27.56476,47.1837],[27.56452,47.18397],[27.56435,47.18417],[27.56422,47.18431],[27.56416,47.18438],[27.5638,47.18479],[27.56329,47.18538],[27.56308,47.18564],[27.56283,47.18595],[27.56273,47.18607],[27.56263,47.18619],[27.56258,47.18624],[27.56203,47.18687],[27.56148,47.1875],[27.56134,47.18759],[27.56122,47.18769],[27.56111,47.1878],[27.56103,47.18791],[27.56097,47.18803],[27.56094,47.18816],[27.56064,47.18852],[27.560305,47.18892],[27.55997,47.18932],[27.55961,47.18974],[27.55925,47.19016],[27.55922,47.19021],[27.55918,47.19031],[27.55916,47.1904],[27.55918,47.19059],[27.55916,47.19071],[27.55911,47.19077],[27.55909,47.19079]]},"properties":{"line":"42","dir":"1","mode":"bus"}},{"type":"Feature","geometry":{"type":"LineString","coordinates":[[27.53368,47.17292],[27.53367,47.17297],[27.53416,47.17304],[27.53429,47.17306],[27.53452,47.17311],[27.53549,47.17322],[27.53585,47.17327],[27.53605,47.17329],[27.53611,47.1733],[27.53643,47.17334],[27.53659,47.17336],[27.53675,47.17338],[27.53737,47.17346],[27.53771,47.1735],[27.53808,47.17356],[27.5386,47.17362],[27.53881,47.17364],[27.53885,47.17365],[27.53909,47.17369],[27.53932,47.17372],[27.53973,47.17384],[27.54035,47.174095],[27.54097,47.17435],[27.54118,47.17442],[27.54135,47.17448],[27.54187,47.17467],[27.54238,47.17477],[27.54287,47.17482],[27.54381,47.17481],[27.54402,47.1748],[27.54422,47.17479],[27.54447,47.17478],[27.54526,47.17474],[27.54599,47.174715],[27.54672,47.17469],[27.54681,47.17468],[27.54769,47.17463],[27.54847,47.17459],[27.54899,47.17456],[27.54972,47.17451],[27.55081,47.17443],[27.55102,47.17441],[27.55122,47.1744],[27.55138,47.17438],[27.55161,47.17437],[27.55196,47.17434],[27.55235,47.17431],[27.55261,47.17429],[27.55321,47.17424],[27.55357,47.17421],[27.55379,47.1742],[27.55489,47.17411],[27.55539,47.17407],[27.55566,47.17405],[27.55571,47.17404],[27.55613,47.17399],[27.55667,47.17392],[27.55711,47.17387],[27.55765,47.1738],[27.55848,47.17368],[27.55875,47.17364],[27.55894,47.17362],[27.55917,47.17358],[27.5594,47.17354],[27.55986,47.17347],[27.56022,47.17341],[27.56036,47.17339],[27.56057,47.17335],[27.56082,47.17328],[27.56109,47.1732],[27.5617,47.17299],[27.56234,47.17277],[27.56245,47.17273],[27.56312,47.17251],[27.5638,47.17228],[27.56411,47.17224],[27.56448,47.17227],[27.56486,47.17237],[27.56505,47.17242],[27.56528,47.17248],[27.56548,47.1725],[27.56582,47.17248],[27.56617,47.17243],[27.56722,47.17202],[27.5679,47.17176],[27.56858,47.1715],[27.56916,47.17133],[27.56991,47.17116],[27.57093,47.17093],[27.57109,47.1709],[27.57163,47.17078],[27.57171,47.17076],[27.57179,47.17075],[27.57196,47.17071],[27.57298,47.17051],[27.57408,47.17018],[27.57454,47.17008],[27.57474,47.17003],[27.57494,47.16997],[27.57531,47.16992],[27.57575,47.16986],[27.57576,47.16985],[27.57592,47.16982],[27.57605,47.16978],[27.57635,47.16965],[27.57637,47.16958],[27.5764,47.16954],[27.57644,47.1695],[27.57649,47.16947],[27.57653,47.16945],[27.5766,47.16943],[27.5767,47.16942],[27.57694,47.16934],[27.57722,47.16925],[27.57726,47.16923],[27.57731,47.16922],[27.57735,47.1692],[27.57737,47.16919],[27.57826,47.16887],[27.5785,47.1688],[27.57874,47.16873],[27.57897,47.16867],[27.57908,47.16863],[27.57938,47.16851],[27.57952,47.16846],[27.58032,47.16814],[27.58035,47.16813],[27.58051,47.16807],[27.58072,47.16799],[27.58086,47.16794],[27.58084,47.16792],[27.58086,47.16794],[27.58094,47.16792],[27.58116,47.16786],[27.58133,47.16781],[27.5814,47.16779],[27.582285,47.16757],[27.58317,47.16735],[27.58325,47.16733],[27.58391,47.16716],[27.58495,47.16689],[27.58535,47.16679],[27.58632,47.16654],[27.58639,47.16652],[27.58658,47.16647],[27.58723,47.1663],[27.5874,47.16626],[27.58821,47.16606],[27.5887,47.16594],[27.58886,47.1659],[27.58978,47.16568],[27.59046,47.1655],[27.59096,47.16473],[27.59101,47.16465],[27.59108,47.16456],[27.59113,47.16449],[27.59123,47.16441],[27.59138,47.16435],[27.59153,47.1643],[27.59164,47.16427],[27.59175,47.16424],[27.59195,47.16416],[27.59287,47.16375],[27.5929,47.16373],[27.59317,47.16361],[27.59323,47.16358],[27.5935,47.16345],[27.59365,47.16333],[27.59367,47.16331],[27.59444,47.16271],[27.59466,47.16239],[27.59468,47.16235],[27.5947,47.16233],[27.59491,47.16199],[27.59504,47.16184],[27.59508,47.16179],[27.59522,47.16165],[27.59534,47.16155],[27.59557,47.16136],[27.59569,47.16126],[27.59632,47.16086],[27.59678,47.16065],[27.59689,47.16061],[27.59701,47.16056],[27.59729,47.16046],[27.59776,47.16026],[27.59798,47.16017],[27.59813,47.1601],[27.59842,47.15997],[27.59884,47.15976],[27.59912,47.15961],[27.59956,47.15933],[27.59971,47.15922],[27.5998,47.15916],[27.60006,47.15896],[27.60008,47.15895],[27.60036,47.15876],[27.60043,47.15874],[27.60048,47.15873],[27.60059,47.15876],[27.60061,47.15877],[27.60087,47.15884],[27.60108,47.1589],[27.60114,47.15884],[27.60127,47.15871],[27.60169,47.1583],[27.60195,47.15803],[27.60225,47.15774],[27.60236,47.15763],[27.603,47.15698],[27.60318,47.15681],[27.60331,47.15668],[27.60338,47.15661],[27.60344,47.15655],[27.60355,47.15643],[27.60385,47.15614],[27.60391,47.15608],[27.60394,47.15605],[27.60399,47.15599],[27.60406,47.15592],[27.6041,47.15588],[27.60419,47.15576],[27.60428,47.15562],[27.60433,47.15548],[27.60435,47.15533],[27.60438,47.15521],[27.60437,47.15508],[27.60435,47.15494],[27.60432,47.15484],[27.60427,47.15469],[27.60426,47.15467],[27.60419,47.15444],[27.60418,47.15439],[27.60404,47.15394],[27.60402,47.15386],[27.60398,47.15375],[27.60361,47.15381],[27.60346,47.15384],[27.6028,47.15394],[27.60263,47.15396],[27.60226,47.15395],[27.60138,47.15378],[27.6008,47.15366],[27.60056,47.1536],[27.6004,47.15354],[27.60025,47.15347],[27.60008,47.15336],[27.59993,47.15325],[27.59966,47.15305],[27.59946,47.1529],[27.59871,47.15235],[27.59854,47.15223],[27.59817,47.15195],[27.59811,47.15191],[27.59726,47.15129],[27.59721,47.15125],[27.59663,47.15082],[27.59662,47.15081],[27.59657,47.15078],[27.59626,47.15055],[27.59591,47.15029],[27.59586,47.15026],[27.59552,47.14999],[27.59481,47.14947],[27.59468,47.14937],[27.59461,47.14933],[27.59458,47.1493],[27.59455,47.14928],[27.59448,47.14922],[27.59444,47.1492],[27.5944,47.14917],[27.59421,47.14902],[27.59391,47.1488],[27.59322,47.14829],[27.59309,47.14819],[27.59279,47.14798],[27.59267,47.14788],[27.59245,47.14772],[27.59209,47.14746],[27.59288,47.14678],[27.59291,47.14676],[27.59296,47.14671],[27.59346,47.14626],[27.59355,47.14617],[27.59374,47.14597],[27.5938,47.14587],[27.59382,47.14581],[27.59383,47.14579],[27.59387,47.14577],[27.59394,47.14574],[27.59405,47.14569],[27.59421,47.14558],[27.59452,47.14537],[27.5946,47.14531],[27.59547,47.14465],[27.59555,47.14459],[27.59602,47.14425],[27.59649,47.14391],[27.59658,47.14385],[27.597695,47.14309],[27.59881,47.14233],[27.59899,47.14221],[27.59913,47.14211],[27.59919,47.14208],[27.59933,47.14198],[27.59961,47.1418],[27.59978,47.14168],[27.60022,47.14138],[27.60038,47.14127],[27.601,47.14085],[27.60138,47.1406],[27.60149,47.14052],[27.602575,47.139795],[27.60366,47.13907],[27.604705,47.138375],[27.60575,47.13768],[27.60581,47.13763],[27.60588,47.13757],[27.60592,47.13749],[27.60589,47.13734],[27.60582,47.13727],[27.60573,47.13722],[27.60561,47.1372],[27.60523,47.13717],[27.60475,47.13714],[27.60452,47.13712],[27.603305,47.13704],[27.60209,47.13696],[27.60165,47.13694],[27.60099,47.13689],[27.60033,47.13684],[27.60021,47.13683],[27.59999,47.13681],[27.59955,47.13678],[27.5992,47.13676],[27.59866,47.13672],[27.59828,47.1367],[27.59792,47.13668],[27.59758,47.13666],[27.59676,47.13661],[27.59658,47.1366],[27.59633,47.13658],[27.59517,47.13651],[27.59488,47.13648],[27.5937,47.13639],[27.5935,47.13637],[27.593,47.13632],[27.592225,47.136215],[27.59145,47.13611],[27.5912,47.13608],[27.59067,47.13601],[27.58998,47.135915],[27.58929,47.13582],[27.58839,47.1357],[27.5881,47.13566],[27.58749,47.13558],[27.58677,47.13547],[27.58639,47.13542],[27.58571,47.13532],[27.58544,47.13529],[27.58515,47.13527],[27.58471,47.13526],[27.58377,47.13527],[27.58357,47.13528],[27.58336,47.13527],[27.58306,47.13523],[27.58282,47.13519],[27.58252,47.13513],[27.58222,47.13504],[27.58192,47.13494],[27.58162,47.13481],[27.58144,47.13472],[27.58118,47.13458],[27.5809,47.13439],[27.58049,47.13407],[27.58041,47.13402],[27.58036,47.13398],[27.58012,47.13381],[27.57992,47.13372],[27.57976,47.13366],[27.57956,47.13362],[27.57935,47.13361],[27.5791,47.13363],[27.57889,47.13367],[27.57845,47.13379],[27.57838,47.13381],[27.57792,47.13393],[27.5776,47.13402],[27.57741,47.13407],[27.57722,47.1341],[27.57706,47.13412],[27.57662,47.1341],[27.57606,47.13403]]},"properties":{"line":"43","dir":"0","mode":"bus"}},{"type":"Feature","geometry":{"type":"LineString","coordinates":[[27.57564,47.13366],[27.57479,47.13368],[27.57516,47.13396],[27.57545,47.13398],[27.57582,47.13401],[27.57606,47.13403],[27.57662,47.1341],[27.57685,47.13412],[27.57722,47.1341],[27.57729,47.13409],[27.57741,47.13407],[27.5776,47.13402],[27.57792,47.13393],[27.57845,47.13379],[27.57889,47.13367],[27.5791,47.13363],[27.57935,47.13361],[27.57956,47.13362],[27.57976,47.13366],[27.57992,47.13372],[27.58012,47.13381],[27.58036,47.13398],[27.58049,47.13407],[27.5805,47.13408],[27.5809,47.13439],[27.58118,47.13458],[27.58144,47.13472],[27.58162,47.13481],[27.58192,47.13494],[27.58222,47.13504],[27.58252,47.13513],[27.58282,47.13519],[27.58306,47.13523],[27.58317,47.13525],[27.58336,47.13527],[27.58357,47.13528],[27.58429,47.13526],[27.58515,47.13527],[27.58544,47.13529],[27.58571,47.13532],[27.58639,47.13542],[27.58653,47.13544],[27.58749,47.13558],[27.5881,47.13566],[27.58839,47.1357],[27.58929,47.13582],[27.59028,47.13595],[27.59067,47.13601],[27.5912,47.13608],[27.5921,47.1362],[27.593,47.13632],[27.5935,47.13637],[27.5937,47.13639],[27.59384,47.1364],[27.594505,47.136455],[27.59517,47.13651],[27.59633,47.13658],[27.59658,47.1366],[27.59676,47.13661],[27.59738,47.13665],[27.59792,47.13668],[27.59828,47.1367],[27.59866,47.13672],[27.5992,47.13676],[27.59955,47.13678],[27.59999,47.13681],[27.60033,47.13684],[27.60099,47.13689],[27.60165,47.13694],[27.60283,47.13701],[27.60379,47.137075],[27.60475,47.13714],[27.60523,47.13717],[27.60561,47.1372],[27.60586,47.13723],[27.60595,47.13724],[27.60605,47.13726],[27.60616,47.13728],[27.60627,47.13732],[27.60581,47.13763],[27.60575,47.13768],[27.604155,47.138745],[27.60256,47.13981],[27.602025,47.140165],[27.60149,47.14052],[27.60138,47.1406],[27.601,47.14085],[27.60038,47.14127],[27.59978,47.14168],[27.59961,47.1418],[27.59933,47.14198],[27.59928,47.14201],[27.59919,47.14208],[27.59913,47.14211],[27.59899,47.14221],[27.59881,47.14233],[27.59781,47.14301],[27.59681,47.14369],[27.59658,47.14385],[27.59649,47.14391],[27.59598,47.14428],[27.59547,47.14465],[27.5947,47.14524],[27.5946,47.14531],[27.59452,47.14537],[27.59428,47.14562],[27.59419,47.14572],[27.59413,47.14581],[27.59415,47.14586],[27.59413,47.14591],[27.59409,47.14595],[27.59405,47.14596],[27.59402,47.14597],[27.59398,47.14598],[27.59384,47.14603],[27.59356,47.1462],[27.59346,47.14626],[27.59296,47.14671],[27.59288,47.14678],[27.59209,47.14746],[27.59245,47.14772],[27.59267,47.14788],[27.59279,47.14798],[27.59309,47.14819],[27.5931,47.1482],[27.59322,47.14829],[27.59391,47.1488],[27.59421,47.14902],[27.5944,47.14917],[27.59444,47.1492],[27.59448,47.14922],[27.59455,47.14928],[27.59458,47.1493],[27.59461,47.14933],[27.59468,47.14937],[27.59481,47.14947],[27.5951,47.14969],[27.59552,47.14999],[27.59586,47.15026],[27.59591,47.15029],[27.59626,47.15055],[27.59657,47.15078],[27.59662,47.15081],[27.59674,47.1509],[27.59721,47.15125],[27.59726,47.15129],[27.59811,47.15191],[27.59817,47.15195],[27.59849,47.15219],[27.59854,47.15223],[27.59871,47.15235],[27.599185,47.1527],[27.59966,47.15305],[27.59986,47.1532],[27.59993,47.15325],[27.60008,47.15336],[27.60025,47.15347],[27.6004,47.15354],[27.60056,47.1536],[27.6008,47.15366],[27.60138,47.15378],[27.60226,47.15395],[27.60245,47.15396],[27.6028,47.15394],[27.60346,47.15384],[27.60351,47.15383],[27.60361,47.15381],[27.60398,47.15375],[27.60402,47.15386],[27.60404,47.15394],[27.60418,47.15439],[27.60419,47.15444],[27.60426,47.15467],[27.60427,47.15469],[27.60432,47.15484],[27.60435,47.15494],[27.60437,47.15508],[27.60438,47.15521],[27.60435,47.15533],[27.60433,47.15548],[27.60428,47.15562],[27.60419,47.15576],[27.6041,47.15588],[27.60406,47.15592],[27.60399,47.15599],[27.60394,47.15605],[27.60391,47.15608],[27.60385,47.15614],[27.60355,47.15643],[27.60344,47.15655],[27.60339,47.1566],[27.60331,47.15668],[27.60318,47.15681],[27.603,47.15698],[27.60236,47.15763],[27.60225,47.15774],[27.60185,47.15813],[27.60169,47.1583],[27.60127,47.15871],[27.60114,47.15884],[27.60108,47.1589],[27.60089,47.15884],[27.60061,47.15877],[27.60059,47.15876],[27.60048,47.15873],[27.60043,47.15874],[27.60036,47.15876],[27.60006,47.15896],[27.60005,47.15897],[27.5998,47.15916],[27.59971,47.15922],[27.59956,47.15933],[27.59912,47.15961],[27.59884,47.15976],[27.59842,47.15997],[27.59813,47.1601],[27.59803,47.16015],[27.59798,47.16017],[27.59729,47.16046],[27.59701,47.16056],[27.59689,47.16061],[27.59678,47.16065],[27.59632,47.16086],[27.59609,47.161],[27.59569,47.16126],[27.59534,47.16155],[27.59522,47.16165],[27.59508,47.16179],[27.59504,47.16184],[27.59491,47.16199],[27.5947,47.16233],[27.59468,47.16235],[27.59466,47.16239],[27.59444,47.16271],[27.59367,47.16331],[27.5935,47.16345],[27.59323,47.16358],[27.59317,47.16361],[27.59293,47.16372],[27.5929,47.16373],[27.59287,47.16375],[27.59195,47.16416],[27.59175,47.16424],[27.59164,47.16427],[27.59153,47.1643],[27.59138,47.16435],[27.59123,47.16441],[27.59113,47.16449],[27.59108,47.16456],[27.59101,47.16465],[27.590735,47.165075],[27.59046,47.1655],[27.58978,47.16568],[27.58934,47.16579],[27.58886,47.1659],[27.5887,47.16594],[27.58821,47.16606],[27.5874,47.16626],[27.58723,47.1663],[27.58658,47.16647],[27.58632,47.16654],[27.58535,47.16679],[27.58495,47.16689],[27.58391,47.16716],[27.58336,47.1673],[27.58325,47.16733],[27.58317,47.16735],[27.582285,47.16757],[27.5814,47.16779],[27.58133,47.16781],[27.58116,47.16786],[27.58094,47.16792],[27.58086,47.16794],[27.58072,47.16799],[27.58051,47.16807],[27.58035,47.16813],[27.58032,47.16814],[27.57952,47.16846],[27.57938,47.16851],[27.57918,47.16859],[27.57908,47.16863],[27.57897,47.16867],[27.57875,47.16876],[27.57823,47.16902],[27.57791,47.16914],[27.57763,47.16925],[27.57745,47.16932],[27.5774,47.16934],[27.57728,47.16941],[27.57717,47.1695],[27.5771,47.16956],[27.57706,47.16961],[27.57707,47.16965],[27.57706,47.16974],[27.57702,47.1698],[27.57696,47.16986],[27.57687,47.1699],[27.57681,47.16991],[27.57673,47.16992],[27.57655,47.1699],[27.5765,47.16991],[27.57614,47.16993],[27.57584,47.16994],[27.57498,47.17002],[27.57474,47.17003],[27.57454,47.17008],[27.57408,47.17018],[27.57298,47.17051],[27.57196,47.17071],[27.57179,47.17075],[27.57171,47.17076],[27.57163,47.17078],[27.5712,47.17088],[27.57109,47.1709],[27.56991,47.17116],[27.56916,47.17133],[27.56858,47.1715],[27.5679,47.17176],[27.56722,47.17202],[27.56617,47.17243],[27.56582,47.17248],[27.56548,47.1725],[27.56528,47.17248],[27.56505,47.17242],[27.56486,47.17237],[27.56448,47.17227],[27.56411,47.17224],[27.5638,47.17228],[27.5629,47.17258],[27.56245,47.17273],[27.56234,47.17277],[27.5617,47.17299],[27.56109,47.1732],[27.56082,47.17328],[27.56057,47.17335],[27.56036,47.17339],[27.56022,47.17341],[27.55986,47.17347],[27.5594,47.17354],[27.55917,47.17358],[27.55908,47.1736],[27.55894,47.17362],[27.55875,47.17364],[27.55765,47.1738],[27.55711,47.17387],[27.55667,47.17392],[27.55613,47.17399],[27.55571,47.17404],[27.55539,47.17407],[27.55489,47.17411],[27.55405,47.17418],[27.55379,47.1742],[27.55357,47.17421],[27.55321,47.17424],[27.55261,47.17429],[27.55196,47.17434],[27.55161,47.17437],[27.55138,47.17438],[27.55122,47.1744],[27.55102,47.17441],[27.55081,47.17443],[27.55045,47.17446],[27.54972,47.17451],[27.54899,47.17456],[27.54847,47.17459],[27.54773,47.17463],[27.54681,47.17468],[27.54672,47.17469],[27.54599,47.174715],[27.54526,47.17474],[27.54447,47.17478],[27.54414,47.1748],[27.54381,47.17481],[27.54358,47.17482],[27.54238,47.17477],[27.54187,47.17467],[27.54118,47.17442],[27.54111,47.1744],[27.54097,47.17435],[27.54035,47.174095],[27.53973,47.17384],[27.53932,47.17372],[27.53909,47.17369],[27.53885,47.17365],[27.53864,47.17373],[27.53814,47.17367],[27.53764,47.1736],[27.53737,47.17357],[27.53679,47.1735],[27.53656,47.17348],[27.53616,47.17343],[27.53589,47.17339],[27.535115,47.173295],[27.53434,47.1732],[27.5337,47.17312]]},"properties":{"line":"43","dir":"1","mode":"bus"}},{"type":"Feature","geometry":{"type":"LineString","coordinates":[[27.51298,47.16912],[27.51356,47.16907],[27.51372,47.16905],[27.51383,47.16904],[27.51386,47.169],[27.51391,47.16896],[27.51398,47.16894],[27.51412,47.16895],[27.51418,47.16897],[27.51423,47.16901],[27.51425,47.16905],[27.51426,47.1691],[27.51424,47.16915],[27.5142,47.16919],[27.51414,47.16922],[27.51407,47.16923],[27.51408,47.16929],[27.51414,47.16993],[27.51416,47.1701],[27.51481,47.17006],[27.51536,47.17009],[27.51624,47.17019],[27.51627,47.17014],[27.51631,47.17011],[27.51636,47.17008],[27.51642,47.17007],[27.5165,47.17008],[27.51654,47.17009],[27.51659,47.17012],[27.51662,47.17015],[27.51664,47.17019],[27.51663,47.17024],[27.51661,47.17028],[27.51657,47.17031],[27.51651,47.17033],[27.51645,47.17034],[27.51634,47.17032],[27.51629,47.17029],[27.51626,47.17026],[27.51624,47.17022],[27.51536,47.17009],[27.51515,47.17008],[27.51481,47.17006],[27.51416,47.1701],[27.51414,47.16993],[27.51408,47.16929],[27.51407,47.16923],[27.51395,47.16922],[27.51389,47.1692],[27.51385,47.16916],[27.51375,47.16917],[27.51245,47.16928],[27.51232,47.16932],[27.51229,47.16934],[27.51226,47.16936],[27.51221,47.16938],[27.51216,47.16939],[27.51207,47.16938],[27.51203,47.16937],[27.512,47.16935],[27.51197,47.16932],[27.51184,47.16934],[27.510835,47.16942],[27.50983,47.1695],[27.50981,47.16953],[27.50978,47.16956],[27.50974,47.16958],[27.5097,47.16959],[27.50955,47.16977],[27.50948,47.17007],[27.50939,47.1705],[27.50921,47.17131],[27.50924,47.17149],[27.50934,47.17171],[27.50963,47.17222],[27.50973,47.1724],[27.50982,47.17248],[27.50992,47.17253],[27.51008,47.17255],[27.51124,47.17254],[27.51187,47.17252],[27.51197,47.17253],[27.51207,47.17256],[27.51211,47.1726],[27.5122,47.17269],[27.51226,47.17276],[27.5123,47.17281],[27.51237,47.17288],[27.51242,47.17289],[27.51276,47.1729],[27.5136,47.1728],[27.51383,47.17277],[27.51404,47.17274],[27.51418,47.17272],[27.51526,47.17257],[27.5164,47.17242],[27.51679,47.17238],[27.51729,47.17235],[27.51805,47.172355],[27.51881,47.17236],[27.51942,47.17238],[27.52019,47.17239],[27.52138,47.17243],[27.52257,47.17247],[27.52313,47.17252],[27.523945,47.172535],[27.52476,47.17255],[27.52607,47.17257],[27.52791,47.172575],[27.52975,47.17258],[27.53039,47.1726],[27.53108,47.17261],[27.53182,47.17269],[27.53256,47.17277],[27.53259,47.17275],[27.53264,47.17273],[27.5327,47.17272],[27.53282,47.17273],[27.53286,47.17276],[27.53288,47.17278],[27.53291,47.17281],[27.53322,47.17286],[27.53357,47.17292],[27.53368,47.17293],[27.53417,47.173],[27.53432,47.17302],[27.53447,47.17305],[27.53457,47.17308],[27.5355,47.1732],[27.53585,47.17325],[27.53613,47.17328],[27.53644,47.17332],[27.53664,47.17334],[27.53675,47.17336],[27.53738,47.17343],[27.53772,47.17347],[27.53817,47.17353],[27.53841,47.17357],[27.53861,47.1736],[27.53877,47.17363],[27.53885,47.17364],[27.5391,47.17367],[27.53934,47.17371],[27.53956,47.17375],[27.53982,47.17382],[27.54022,47.17397],[27.541,47.1743],[27.5412,47.17437],[27.54184,47.1746],[27.54237,47.17472],[27.54284,47.17477],[27.54381,47.17476],[27.54423,47.17474],[27.54525,47.17469],[27.54598,47.17466],[27.54671,47.17463],[27.54756,47.17459],[27.54846,47.17455],[27.54899,47.17452],[27.5497,47.17448],[27.55029,47.17443],[27.55091,47.17438],[27.55105,47.17437],[27.55121,47.17436],[27.55137,47.17435],[27.55166,47.17433],[27.55195,47.17431],[27.55231,47.17428],[27.55258,47.17426],[27.55321,47.17421],[27.55356,47.17418],[27.55397,47.17415],[27.55492,47.17408],[27.55548,47.17403],[27.55572,47.17402],[27.55614,47.17397],[27.55667,47.1739],[27.55714,47.17383],[27.55775,47.17375],[27.55846,47.17364],[27.55888,47.17358],[27.55983,47.17344],[27.56014,47.17339],[27.56041,47.17334],[27.56052,47.17332],[27.56098,47.17319],[27.56166,47.17295],[27.56192,47.17286],[27.56231,47.17273],[27.56244,47.17269],[27.56275,47.17259],[27.56375,47.17226],[27.5641,47.17221],[27.56443,47.17223],[27.56483,47.17233],[27.56505,47.17239],[27.56528,47.17243],[27.56547,47.17246],[27.56579,47.17245],[27.56621,47.17239],[27.56645,47.17231],[27.56724,47.17198],[27.56803,47.17165],[27.56848,47.17149],[27.56887,47.17137],[27.56926,47.17127],[27.5699,47.17112],[27.57092,47.17089],[27.57108,47.17085],[27.57124,47.17082],[27.57163,47.17073],[27.57172,47.17071],[27.57183,47.17068],[27.57196,47.17066],[27.57282,47.1705],[27.57317,47.17043],[27.57383,47.17021],[27.57413,47.17014],[27.57454,47.17005],[27.57457,47.17004],[27.5747,47.16994],[27.57487,47.16991],[27.57501,47.16989],[27.57529,47.16986],[27.57571,47.16981],[27.5758,47.1698],[27.5759,47.16978],[27.576,47.16976],[27.5761,47.16973],[27.5763,47.16964],[27.57629,47.16961],[27.57631,47.16956],[27.57633,47.16951],[27.5764,47.16945],[27.57648,47.16941],[27.57655,47.16938],[27.57662,47.16937],[27.57691,47.16929],[27.57696,47.16927],[27.57716,47.16921],[27.57725,47.16918],[27.57754,47.16908],[27.57817,47.16888],[27.57871,47.16873],[27.57897,47.16867],[27.57934,47.16852],[27.5794,47.1685],[27.58033,47.16813],[27.58053,47.16806],[27.58058,47.16804],[27.5808,47.16796],[27.58085,47.16794],[27.58092,47.16791],[27.58118,47.16783],[27.58122,47.16782],[27.58136,47.16778],[27.58212,47.16758],[27.58288,47.16738],[27.58323,47.16729],[27.58338,47.16725],[27.58388,47.16713],[27.585,47.16684],[27.5856,47.1667],[27.58632,47.16654],[27.58658,47.16647],[27.58723,47.1663],[27.5874,47.16626],[27.58828,47.16605],[27.5887,47.16594],[27.58886,47.1659],[27.58931,47.16579],[27.58978,47.16567],[27.59025,47.16554],[27.59042,47.16549],[27.59056,47.1653],[27.59094,47.16473],[27.59105,47.16456],[27.59111,47.16446],[27.59119,47.16438],[27.59125,47.16434],[27.59134,47.16432],[27.59144,47.1643],[27.59157,47.16427],[27.59174,47.1642],[27.59194,47.1641],[27.59255,47.16383],[27.59316,47.16356],[27.59327,47.16351],[27.59331,47.16349],[27.59336,47.16347],[27.59356,47.16337],[27.59364,47.16333],[27.59375,47.16326],[27.59392,47.16313],[27.59428,47.16282],[27.59441,47.16271],[27.59466,47.16235],[27.59468,47.16232],[27.59491,47.16199],[27.59496,47.16193],[27.59502,47.16184],[27.59506,47.16179],[27.59514,47.16171],[27.59527,47.16159],[27.59531,47.16157],[27.59545,47.16145],[27.59556,47.16137],[27.5957,47.16126],[27.59593,47.16109],[27.59611,47.16096],[27.5962,47.16091],[27.59639,47.1608],[27.59663,47.16068],[27.59686,47.16058],[27.5969,47.16057],[27.59711,47.16048],[27.59737,47.16038],[27.59761,47.16028],[27.59807,47.1601],[27.59845,47.15993],[27.59873,47.15978],[27.599,47.15964],[27.59913,47.15956],[27.59954,47.1593],[27.59968,47.15921],[27.59971,47.15918],[27.59972,47.15915],[27.59974,47.15908],[27.60001,47.15889],[27.60015,47.15879],[27.60018,47.15877],[27.60028,47.15878],[27.60036,47.15876],[27.60042,47.15874],[27.60052,47.15873],[27.60067,47.15874],[27.60086,47.15877],[27.60092,47.15879],[27.6011,47.15885],[27.60112,47.15878],[27.60115,47.15872],[27.60117,47.1587],[27.60121,47.15862],[27.60174,47.15809],[27.60217,47.15767],[27.602735,47.15713],[27.6033,47.15659],[27.60332,47.15656],[27.60346,47.15642],[27.6039,47.15597],[27.60394,47.15593],[27.60396,47.1559],[27.60403,47.15585],[27.6041,47.15576],[27.6042,47.15561],[27.60427,47.15548],[27.60428,47.15534],[27.6043,47.15523],[27.60431,47.15509],[27.60429,47.15496],[27.60426,47.15483],[27.60419,47.15461],[27.60414,47.15444],[27.60413,47.15439],[27.60397,47.15387],[27.60395,47.15379],[27.60348,47.15385],[27.60307,47.15391],[27.6028,47.15394],[27.60263,47.15396],[27.60226,47.15395],[27.60138,47.15378],[27.6008,47.15366],[27.60056,47.1536],[27.6004,47.15354],[27.60025,47.15347],[27.60008,47.15336],[27.59993,47.15325],[27.59966,47.15305],[27.599185,47.1527],[27.59871,47.15235],[27.59861,47.15228],[27.59854,47.15223],[27.59817,47.15195],[27.59811,47.15191],[27.59762,47.15155],[27.59726,47.15129],[27.59721,47.15125],[27.59663,47.15082],[27.59662,47.15081],[27.59657,47.15078],[27.59626,47.15055],[27.59591,47.15029],[27.59588,47.15027],[27.59552,47.14999],[27.59518,47.14974],[27.59481,47.14947],[27.59468,47.14937],[27.59459,47.14931],[27.59456,47.14929],[27.59453,47.14926],[27.59447,47.14921],[27.59444,47.1492],[27.59421,47.14902],[27.59391,47.1488],[27.59323,47.1483],[27.59309,47.14819],[27.59279,47.14798],[27.59267,47.14788],[27.59242,47.14772],[27.59204,47.14746],[27.59207,47.14743],[27.59284,47.14676],[27.59289,47.14672],[27.5929,47.14671],[27.59295,47.14666],[27.59346,47.14626],[27.59355,47.14617],[27.59374,47.14597],[27.5938,47.14587],[27.59382,47.14581],[27.59384,47.14578],[27.59388,47.14575],[27.59392,47.14573],[27.59403,47.14564],[27.59423,47.1455],[27.59451,47.14536],[27.5947,47.14522],[27.59484,47.14511],[27.59501,47.14497],[27.5951,47.14489],[27.59545,47.14463],[27.59578,47.14438],[27.59604,47.14418],[27.59645,47.14388],[27.59654,47.14382],[27.597665,47.143065],[27.59879,47.14231],[27.59896,47.1422],[27.59911,47.1421],[27.59916,47.14206],[27.5993,47.14197],[27.59954,47.14181],[27.59976,47.14166],[27.59998,47.14151],[27.6002,47.14136],[27.60035,47.14126],[27.60099,47.14083],[27.60137,47.14058],[27.60147,47.14051],[27.60361,47.13907],[27.60575,47.13763],[27.6058,47.1376],[27.60586,47.13746],[27.60588,47.1374],[27.60586,47.13733],[27.6058,47.13728],[27.60569,47.13722],[27.60557,47.13716],[27.60521,47.13714],[27.60476,47.1371],[27.60452,47.13709],[27.60309,47.137],[27.60166,47.13691],[27.60061,47.13684],[27.60021,47.13681],[27.59996,47.13679],[27.59955,47.13677],[27.59919,47.13674],[27.59794,47.13666],[27.59729,47.13662],[27.59674,47.13659],[27.59654,47.13658],[27.59633,47.13656],[27.59595,47.13653],[27.59517,47.13647],[27.59488,47.13645],[27.59461,47.13643],[27.59446,47.13642],[27.59402,47.13639],[27.59365,47.13637],[27.59353,47.13636],[27.59324,47.13633],[27.59222,47.13619],[27.5912,47.13605],[27.59071,47.13599],[27.59001,47.135895],[27.58931,47.1358],[27.58841,47.13567],[27.58814,47.13563],[27.58779,47.13558],[27.58749,47.13554],[27.5869,47.13547],[27.58678,47.13545],[27.58642,47.1354],[27.58595,47.13533],[27.58554,47.13528],[27.58517,47.13526],[27.58426,47.13525],[27.58335,47.13524],[27.58306,47.1352],[27.58278,47.13515],[27.5824,47.13507],[27.58209,47.13497],[27.58186,47.13489],[27.58153,47.13474],[27.5813,47.13462],[27.58103,47.13446],[27.58082,47.13432],[27.5806,47.13413],[27.58044,47.13401],[27.58029,47.13389],[27.58016,47.1338],[27.57996,47.1337],[27.57977,47.13365],[27.57955,47.13361],[27.5793,47.1336],[27.57906,47.13362],[27.57871,47.13369],[27.57831,47.13379],[27.57786,47.13392],[27.57753,47.13402],[27.57735,47.13407],[27.57716,47.1341],[27.57699,47.13411],[27.57678,47.1341],[27.57654,47.13407],[27.57603,47.13401]]},"properties":{"line":"43c","dir":"0","mode":"bus"}},{"type":"Feature","geometry":{"type":"LineString","coordinates":[[27.57564,47.13366],[27.5748,47.13367],[27.57558,47.13396],[27.57582,47.13399],[27.57603,47.13401],[27.57654,47.13407],[27.57678,47.1341],[27.57699,47.13411],[27.57716,47.1341],[27.57735,47.13407],[27.57753,47.13402],[27.57786,47.13392],[27.57831,47.13379],[27.57871,47.13369],[27.57906,47.13362],[27.5793,47.1336],[27.57955,47.13361],[27.57977,47.13365],[27.57996,47.1337],[27.58016,47.1338],[27.58029,47.13389],[27.58044,47.134],[27.58052,47.13407],[27.5806,47.13413],[27.58082,47.13432],[27.58103,47.13446],[27.5813,47.13462],[27.58153,47.13474],[27.58186,47.13489],[27.58209,47.13497],[27.5824,47.13507],[27.58278,47.13515],[27.58306,47.1352],[27.58335,47.13524],[27.58371,47.13526],[27.584625,47.13527],[27.58554,47.13528],[27.58595,47.13533],[27.58642,47.1354],[27.5865,47.13541],[27.5869,47.13547],[27.58749,47.13554],[27.58779,47.13558],[27.58814,47.13563],[27.58841,47.13567],[27.58931,47.1358],[27.59001,47.135895],[27.59071,47.13599],[27.5912,47.13605],[27.59222,47.13619],[27.59324,47.13633],[27.59353,47.13636],[27.59365,47.13637],[27.59384,47.13638],[27.59402,47.13639],[27.59446,47.13642],[27.59461,47.13643],[27.59517,47.13647],[27.59595,47.13653],[27.59633,47.13656],[27.59654,47.13658],[27.59674,47.13659],[27.59729,47.13662],[27.59794,47.13666],[27.59919,47.13674],[27.59955,47.13677],[27.59996,47.13679],[27.60013,47.13681],[27.60037,47.13682],[27.60061,47.13684],[27.60166,47.13691],[27.60307,47.137],[27.60448,47.13709],[27.60476,47.1371],[27.60481,47.13711],[27.60521,47.13714],[27.60557,47.13716],[27.60588,47.13719],[27.60597,47.13721],[27.60611,47.13722],[27.60619,47.13724],[27.60626,47.13728],[27.6058,47.1376],[27.60575,47.13763],[27.60361,47.13907],[27.60147,47.14051],[27.60137,47.14058],[27.60099,47.14083],[27.60035,47.14126],[27.59998,47.14151],[27.59976,47.14166],[27.59954,47.14181],[27.5993,47.14197],[27.59926,47.142],[27.59916,47.14206],[27.59911,47.1421],[27.59896,47.1422],[27.59879,47.14231],[27.597665,47.143065],[27.59654,47.14382],[27.59645,47.14388],[27.59604,47.14418],[27.59578,47.14438],[27.59545,47.14463],[27.5951,47.14489],[27.59501,47.14497],[27.59484,47.14511],[27.5947,47.14522],[27.59468,47.14523],[27.59451,47.14536],[27.59439,47.14554],[27.59422,47.1457],[27.59416,47.1458],[27.59415,47.14587],[27.59412,47.14591],[27.59409,47.14594],[27.59403,47.14596],[27.59398,47.14597],[27.59384,47.14603],[27.59356,47.1462],[27.59346,47.14626],[27.59295,47.14666],[27.5929,47.14671],[27.59284,47.14676],[27.59207,47.14743],[27.59204,47.14746],[27.59242,47.14772],[27.59267,47.14788],[27.59279,47.14798],[27.59309,47.14819],[27.59323,47.1483],[27.59391,47.1488],[27.59421,47.14902],[27.59444,47.1492],[27.59447,47.14921],[27.59453,47.14926],[27.59456,47.14929],[27.59459,47.14931],[27.59468,47.14937],[27.59481,47.14947],[27.59511,47.14968],[27.59518,47.14974],[27.59552,47.14999],[27.59588,47.15027],[27.59591,47.15029],[27.59626,47.15055],[27.59657,47.15078],[27.59662,47.15081],[27.59721,47.15125],[27.59726,47.15129],[27.59762,47.15155],[27.59811,47.15191],[27.59817,47.15195],[27.59849,47.15219],[27.59854,47.15223],[27.59861,47.15228],[27.59871,47.15235],[27.599185,47.1527],[27.59966,47.15305],[27.59993,47.15325],[27.60008,47.15336],[27.60025,47.15347],[27.6004,47.15354],[27.60056,47.1536],[27.6008,47.15366],[27.60138,47.15378],[27.60226,47.15395],[27.60245,47.15396],[27.6028,47.15394],[27.60307,47.15391],[27.60348,47.15385],[27.60395,47.15379],[27.60397,47.15378],[27.60405,47.15377],[27.60408,47.15386],[27.60423,47.15438],[27.60425,47.15443],[27.6043,47.15459],[27.60434,47.1547],[27.60438,47.15482],[27.60439,47.15483],[27.6044,47.15488],[27.60445,47.15507],[27.60443,47.15532],[27.60441,47.15549],[27.60436,47.15563],[27.60429,47.15577],[27.60426,47.15581],[27.60419,47.15588],[27.60409,47.15599],[27.60394,47.15616],[27.60367,47.15644],[27.60354,47.15657],[27.60348,47.15662],[27.60339,47.15671],[27.6033,47.1568],[27.60325,47.15685],[27.60304,47.15701],[27.6024,47.15764],[27.60174,47.15831],[27.60135,47.15868],[27.60115,47.15883],[27.6011,47.15885],[27.60092,47.15879],[27.60086,47.15877],[27.60067,47.15874],[27.60052,47.15873],[27.60048,47.15874],[27.60036,47.15876],[27.60031,47.1588],[27.60025,47.15886],[27.60023,47.15888],[27.60007,47.15899],[27.60006,47.159],[27.59993,47.15908],[27.5998,47.15914],[27.59971,47.15918],[27.59968,47.15921],[27.59954,47.1593],[27.59913,47.15956],[27.599,47.15964],[27.59873,47.15978],[27.59845,47.15993],[27.59807,47.1601],[27.59761,47.16028],[27.59737,47.16038],[27.59711,47.16048],[27.5969,47.16057],[27.59686,47.16058],[27.59663,47.16068],[27.59639,47.1608],[27.5962,47.16091],[27.59611,47.16096],[27.59607,47.16099],[27.59593,47.16109],[27.5957,47.16126],[27.59545,47.16145],[27.59531,47.16157],[27.59527,47.16159],[27.59514,47.16171],[27.59506,47.16179],[27.59502,47.16184],[27.59496,47.16193],[27.59491,47.16199],[27.59468,47.16232],[27.59466,47.16235],[27.59441,47.16271],[27.59428,47.16282],[27.59392,47.16313],[27.59375,47.16326],[27.59364,47.16333],[27.59356,47.16337],[27.59336,47.16347],[27.59331,47.16349],[27.59327,47.16351],[27.59316,47.16356],[27.59255,47.16383],[27.59194,47.1641],[27.59174,47.1642],[27.59157,47.16427],[27.59144,47.1643],[27.59134,47.16432],[27.59125,47.16434],[27.59119,47.16438],[27.59111,47.16446],[27.59105,47.16456],[27.59056,47.1653],[27.59042,47.16549],[27.59025,47.16554],[27.58978,47.16567],[27.58933,47.16579],[27.58886,47.1659],[27.5887,47.16594],[27.58828,47.16605],[27.5874,47.16626],[27.58723,47.1663],[27.58658,47.16647],[27.58632,47.16654],[27.5856,47.1667],[27.585,47.16684],[27.58388,47.16713],[27.58338,47.16725],[27.58323,47.16729],[27.58288,47.16738],[27.58212,47.16758],[27.58136,47.16778],[27.58122,47.16782],[27.58118,47.16783],[27.58092,47.16791],[27.5808,47.16796],[27.58058,47.16804],[27.58053,47.16806],[27.58033,47.16813],[27.5794,47.1685],[27.57934,47.16852],[27.57918,47.16859],[27.57897,47.16867],[27.57891,47.1687],[27.57875,47.16878],[27.57823,47.16902],[27.57805,47.16908],[27.57764,47.16922],[27.57745,47.16929],[27.57738,47.16933],[27.57726,47.16939],[27.57719,47.16945],[27.57714,47.16949],[27.57704,47.16957],[27.57705,47.16963],[27.57704,47.16973],[27.57699,47.16977],[27.57694,47.16982],[27.5769,47.16984],[27.57682,47.16987],[27.57671,47.16989],[27.57664,47.1699],[27.57597,47.16991],[27.57584,47.16993],[27.57478,47.17005],[27.57457,47.17004],[27.57454,47.17005],[27.57413,47.17014],[27.57383,47.17021],[27.57317,47.17043],[27.57282,47.1705],[27.57196,47.17066],[27.57183,47.17068],[27.57172,47.17071],[27.57163,47.17073],[27.57124,47.17082],[27.57117,47.17083],[27.57108,47.17085],[27.5699,47.17112],[27.56926,47.17127],[27.56887,47.17137],[27.56848,47.17149],[27.56803,47.17165],[27.56724,47.17198],[27.56645,47.17231],[27.56621,47.17239],[27.56579,47.17245],[27.56547,47.17246],[27.56528,47.17243],[27.56505,47.17239],[27.56483,47.17233],[27.56443,47.17223],[27.5641,47.17221],[27.56375,47.17226],[27.56275,47.17259],[27.56244,47.17269],[27.56231,47.17273],[27.56192,47.17286],[27.56166,47.17295],[27.56098,47.17319],[27.56052,47.17332],[27.56041,47.17334],[27.56014,47.17339],[27.55983,47.17344],[27.55906,47.17356],[27.55888,47.17358],[27.55775,47.17375],[27.55714,47.17383],[27.55667,47.1739],[27.55614,47.17397],[27.55572,47.17402],[27.55548,47.17403],[27.55492,47.17408],[27.55397,47.17415],[27.55356,47.17418],[27.55321,47.17421],[27.55258,47.17426],[27.55195,47.17431],[27.55166,47.17433],[27.55137,47.17435],[27.55121,47.17436],[27.55105,47.17437],[27.55091,47.17438],[27.55044,47.17442],[27.55029,47.17443],[27.5497,47.17448],[27.54899,47.17452],[27.54846,47.17455],[27.54756,47.17459],[27.54671,47.17463],[27.54598,47.17466],[27.54525,47.17469],[27.54423,47.17474],[27.54381,47.17476],[27.54358,47.17477],[27.54237,47.17472],[27.54184,47.1746],[27.5412,47.17437],[27.541,47.1743],[27.54022,47.17397],[27.53982,47.17382],[27.53956,47.17375],[27.53934,47.17371],[27.5391,47.17367],[27.53885,47.17364],[27.53877,47.17363],[27.53841,47.17357],[27.53817,47.17353],[27.53772,47.17347],[27.5374,47.17343],[27.53675,47.17336],[27.53664,47.17334],[27.53644,47.17332],[27.53613,47.17328],[27.53585,47.17325],[27.5355,47.1732],[27.53457,47.17308],[27.53446,47.17309],[27.53429,47.17307],[27.53415,47.17306],[27.53372,47.17302],[27.53366,47.17301],[27.53317,47.17297],[27.53289,47.17294],[27.53287,47.17295],[27.53285,47.17296],[27.53279,47.17299],[27.53272,47.173],[27.53265,47.17299],[27.5326,47.17297],[27.53255,47.17294],[27.53252,47.17291],[27.53221,47.17285],[27.53091,47.17268],[27.53039,47.1726],[27.52975,47.17258],[27.52919,47.17257],[27.526975,47.17256],[27.52476,47.17255],[27.52365,47.17253],[27.52313,47.17252],[27.52258,47.17254],[27.52246,47.17253],[27.52141,47.1725],[27.52036,47.17247],[27.52006,47.17246],[27.5196,47.17245],[27.51884,47.17244],[27.51809,47.17242],[27.51727,47.17243],[27.5168,47.17245],[27.5164,47.1725],[27.51593,47.17256],[27.51535,47.17263],[27.51493,47.17268],[27.51427,47.17278],[27.51366,47.17286],[27.51272,47.17299],[27.51257,47.17304],[27.5125,47.17307],[27.51246,47.17311],[27.51242,47.17314],[27.51233,47.17317],[27.51224,47.17316],[27.51217,47.17315],[27.51212,47.17312],[27.51207,47.17304],[27.51208,47.17299],[27.51211,47.17295],[27.51214,47.17291],[27.51215,47.17281],[27.51214,47.17276],[27.51209,47.17267],[27.51201,47.17262],[27.51193,47.17258],[27.51156,47.17254],[27.51082,47.172545],[27.51008,47.17255],[27.50992,47.17253],[27.50982,47.17248],[27.50973,47.1724],[27.50963,47.17222],[27.50934,47.17171],[27.50924,47.17149],[27.50921,47.17131],[27.50939,47.1705],[27.50948,47.17007],[27.50955,47.16977],[27.50953,47.16957],[27.50948,47.16954],[27.50945,47.16951],[27.50944,47.16946],[27.50945,47.16942],[27.50947,47.16938],[27.50951,47.16935],[27.50957,47.16933],[27.50963,47.16932],[27.50972,47.16933],[27.50976,47.16935],[27.5098,47.16937],[27.51081,47.16929],[27.51182,47.16921],[27.51197,47.16917],[27.51202,47.16913],[27.51208,47.16911],[27.51216,47.1691],[27.51221,47.16911],[27.51225,47.16913],[27.51229,47.16915],[27.51232,47.16918],[27.51244,47.16917],[27.51252,47.16916],[27.51298,47.16912]]},"properties":{"line":"43c","dir":"1","mode":"bus"}},{"type":"Feature","geometry":{"type":"LineString","coordinates":[[27.54078,47.16881],[27.54106,47.16854],[27.54118,47.16844],[27.54136,47.16829],[27.54159,47.16811],[27.54199,47.16779],[27.54253,47.16735],[27.54307,47.16691],[27.54326,47.16681],[27.5435,47.16673],[27.54374,47.16672],[27.54396,47.16668],[27.54445,47.16669],[27.54485,47.16673],[27.545525,47.16674],[27.5462,47.16675],[27.54714,47.166755],[27.54808,47.16676],[27.548985,47.166735],[27.54989,47.16671],[27.55069,47.16672],[27.55079,47.16676],[27.55105,47.16677],[27.553195,47.166775],[27.55534,47.16678],[27.55635,47.16675],[27.55695,47.16674],[27.55709,47.16671],[27.55713,47.16667],[27.55718,47.16663],[27.55727,47.16661],[27.55735,47.16662],[27.55745,47.16665],[27.55759,47.16662],[27.55865,47.16612],[27.55882,47.16607],[27.55923,47.16587],[27.56034,47.16533],[27.56145,47.16479],[27.56161,47.16472],[27.5618,47.16463],[27.56182,47.16461],[27.562915,47.16408],[27.56401,47.16355],[27.5642,47.16345],[27.56434,47.16339],[27.56438,47.16337],[27.56476,47.16318],[27.56482,47.16315],[27.56495,47.16309],[27.565505,47.16282],[27.56606,47.16255],[27.56614,47.16243],[27.56685,47.1621],[27.56705,47.16207],[27.56711,47.16204],[27.56718,47.16201],[27.56773,47.1617],[27.5686,47.16121],[27.56898,47.161],[27.569615,47.160615],[27.57025,47.16023],[27.57044,47.16012],[27.57048,47.16002],[27.57053,47.15987],[27.57052,47.15964],[27.57051,47.15952],[27.57047,47.15903],[27.57043,47.15854],[27.57042,47.15849],[27.57041,47.15834],[27.5704,47.15825],[27.57038,47.15748],[27.570385,47.156625],[27.57039,47.15577],[27.570385,47.154875],[27.57038,47.15398],[27.57041,47.15389],[27.57045,47.15384],[27.57054,47.15376],[27.57065,47.15365],[27.57079,47.15352],[27.57144,47.1529],[27.57207,47.15229],[27.57218,47.15218],[27.57249,47.15187],[27.57274,47.15162],[27.57281,47.15155],[27.57326,47.15112],[27.57345,47.15094],[27.57349,47.1509],[27.57376,47.15064],[27.57382,47.15059],[27.57406,47.1504],[27.57466,47.14992],[27.57476,47.14984],[27.57488,47.14975],[27.57531,47.1494],[27.57585,47.14898],[27.57609,47.14878],[27.57617,47.14872],[27.57634,47.1486],[27.57644,47.14853],[27.57667,47.14849],[27.57763,47.14845],[27.57773,47.14842],[27.57782,47.14837],[27.57853,47.14789],[27.57924,47.14741],[27.57985,47.14702],[27.5799,47.14699],[27.58058,47.14655],[27.58107,47.14622],[27.58145,47.14597],[27.58178,47.14574],[27.5821,47.14553],[27.58237,47.14535],[27.58266,47.14515],[27.58305,47.14488],[27.58323,47.14475],[27.58348,47.14457],[27.58382,47.14432],[27.58407,47.1441],[27.58427,47.14385],[27.58436,47.14373],[27.58473,47.14319],[27.58505,47.14267],[27.58542,47.14203],[27.58545,47.14195],[27.58546,47.1419],[27.58547,47.14184],[27.58551,47.141285],[27.58555,47.14073],[27.58552,47.14026],[27.58548,47.14011],[27.58542,47.13994],[27.58531,47.13968],[27.58521,47.13951],[27.58519,47.13947],[27.58492,47.13899],[27.58467,47.13855],[27.58442,47.13811],[27.58432,47.13797],[27.58424,47.13786],[27.58416,47.13778],[27.58407,47.13769],[27.5838,47.13748],[27.58323,47.13707],[27.58262,47.13666],[27.58216,47.13651],[27.58181,47.13646],[27.58169,47.13643],[27.58158,47.13642],[27.58074,47.13627],[27.58058,47.13621],[27.58045,47.13613],[27.57979,47.13564],[27.57948,47.13542],[27.5794,47.13538],[27.57929,47.13534],[27.5791,47.13531],[27.57892,47.13527],[27.57868,47.13525],[27.57837,47.13522],[27.57832,47.13521],[27.57804,47.13519],[27.57777,47.13517],[27.57766,47.13516],[27.57759,47.13514],[27.57754,47.1351],[27.57741,47.13487],[27.57726,47.1346],[27.57718,47.13453],[27.57708,47.13446],[27.57696,47.13441],[27.57639,47.13432],[27.5763,47.13431],[27.57566,47.13432],[27.57548,47.13431],[27.57535,47.13428],[27.57523,47.13422],[27.57515,47.13416],[27.57516,47.13396],[27.57479,47.13397],[27.57426,47.13398],[27.57391,47.13401],[27.57364,47.13405],[27.57347,47.13408],[27.57314,47.1342],[27.57299,47.13426],[27.57291,47.13432],[27.57287,47.13435],[27.57282,47.13438],[27.57275,47.13443],[27.57266,47.13431],[27.57255,47.13414],[27.57244,47.13399],[27.57203,47.13339],[27.5719,47.1332],[27.57152,47.13265],[27.57113,47.13209],[27.57072,47.1315],[27.57067,47.13143],[27.57059,47.13131],[27.570195,47.130755],[27.5698,47.1302],[27.56925,47.12942],[27.5691,47.12921],[27.56898,47.12903],[27.56853,47.128405],[27.56808,47.12778],[27.56805,47.12774],[27.56759,47.12708],[27.56743,47.12683],[27.56732,47.12654],[27.56727,47.12636],[27.56725,47.12599],[27.56726,47.12527],[27.56728,47.12468],[27.56727,47.12443],[27.56725,47.12418],[27.56721,47.124],[27.56706,47.12357],[27.5669,47.12331],[27.56653,47.122755],[27.56616,47.1222],[27.56608,47.12208],[27.56599,47.12194],[27.56586,47.12173],[27.56555,47.12125],[27.56552,47.12119],[27.56547,47.12113],[27.56541,47.12103],[27.56534,47.12092],[27.565,47.12037],[27.56473,47.119935],[27.56446,47.1195],[27.56445,47.11948],[27.56432,47.11928],[27.5643,47.11925],[27.56428,47.11923],[27.56405,47.11887],[27.56389,47.11863],[27.56372,47.11837],[27.56357,47.11812],[27.56343,47.1179],[27.56305,47.11728],[27.56282,47.11692],[27.5627,47.11672],[27.56265,47.11664],[27.56238,47.1162],[27.56211,47.11576],[27.56163,47.115],[27.56156,47.11488],[27.56111,47.11419],[27.56097,47.11399],[27.56078,47.11369],[27.56061,47.11339],[27.56059,47.11331],[27.56055,47.11315],[27.56054,47.11302],[27.56053,47.11219],[27.56051,47.11207],[27.56049,47.11197],[27.56042,47.11185],[27.56007,47.11138],[27.55999,47.11128],[27.55986,47.1111],[27.55958,47.11075],[27.5594,47.11051],[27.55913,47.11014],[27.55908,47.11006],[27.55905,47.10995],[27.55904,47.1098],[27.55909,47.10956],[27.55926,47.10903],[27.5594,47.10858],[27.55951,47.10818],[27.55956,47.10783],[27.55959,47.106725],[27.55962,47.10562],[27.55963,47.1053],[27.55964,47.10474],[27.55965,47.10415],[27.55966,47.10395],[27.55967,47.10351],[27.55968,47.10308],[27.559695,47.10251],[27.55971,47.10194],[27.559725,47.101305],[27.55974,47.10067],[27.55972,47.10011],[27.559535,47.099335],[27.55935,47.09856],[27.559185,47.097875],[27.55902,47.09719],[27.55894,47.09688],[27.559625,47.096825],[27.56031,47.09677],[27.56062,47.09675],[27.56119,47.09669]]},"properties":{"line":"44","dir":"0","mode":"bus"}},{"type":"Feature","geometry":{"type":"LineString","coordinates":[[27.56658,47.09664],[27.5665,47.09622],[27.56582,47.09628],[27.56514,47.09634],[27.56431,47.0964],[27.56361,47.096465],[27.56291,47.09653],[27.56278,47.09654],[27.56226,47.09659],[27.56169,47.09665],[27.5614,47.09667],[27.56062,47.09675],[27.56031,47.09677],[27.559625,47.096825],[27.55894,47.09688],[27.55899,47.09705],[27.55917,47.097805],[27.55935,47.09856],[27.559535,47.099335],[27.55972,47.10011],[27.55973,47.10033],[27.55974,47.10046],[27.559725,47.1012],[27.55971,47.10194],[27.559695,47.10251],[27.55968,47.10308],[27.55967,47.10351],[27.55966,47.1038],[27.55965,47.10415],[27.55964,47.10458],[27.55963,47.10497],[27.55962,47.10562],[27.55959,47.106725],[27.55956,47.10783],[27.55951,47.10818],[27.5594,47.10858],[27.55926,47.10903],[27.55909,47.10956],[27.55904,47.1098],[27.55905,47.10995],[27.55908,47.11006],[27.55913,47.11014],[27.55937,47.11046],[27.5594,47.11051],[27.55986,47.1111],[27.55999,47.11128],[27.56007,47.11138],[27.56042,47.11185],[27.56049,47.11197],[27.56051,47.11207],[27.56053,47.11219],[27.56054,47.11302],[27.56055,47.11315],[27.56059,47.11331],[27.56061,47.11339],[27.56078,47.11369],[27.56097,47.11399],[27.56098,47.114],[27.56127,47.11444],[27.56156,47.11488],[27.56163,47.115],[27.56211,47.11576],[27.56238,47.1162],[27.56265,47.11664],[27.5627,47.11672],[27.56272,47.11675],[27.56282,47.11692],[27.563125,47.11741],[27.56343,47.1179],[27.56357,47.11812],[27.56372,47.11837],[27.56389,47.11863],[27.56405,47.11887],[27.56428,47.11923],[27.56429,47.11925],[27.56432,47.11928],[27.56445,47.11948],[27.564725,47.119925],[27.565,47.12037],[27.56534,47.12092],[27.56541,47.12103],[27.56547,47.12113],[27.56552,47.12119],[27.56555,47.12125],[27.56586,47.12173],[27.56599,47.12194],[27.56608,47.12208],[27.56616,47.1222],[27.56653,47.122755],[27.5669,47.12331],[27.56702,47.1235],[27.56706,47.12357],[27.56724,47.12375],[27.56736,47.12395],[27.56737,47.12397],[27.56741,47.1241],[27.56744,47.1242],[27.56746,47.12443],[27.56747,47.1245],[27.56745,47.12534],[27.56743,47.12574],[27.56745,47.12626],[27.56754,47.12663],[27.56775,47.12699],[27.56788,47.12718],[27.56826,47.12772],[27.56828,47.12775],[27.56841,47.12793],[27.5688,47.12847],[27.56916,47.12897],[27.56937,47.12926],[27.56968,47.12971],[27.56999,47.13016],[27.570415,47.130765],[27.57084,47.13137],[27.57147,47.13226],[27.5721,47.13315],[27.57219,47.13328],[27.57257,47.13381],[27.57291,47.13432],[27.57299,47.13426],[27.57314,47.1342],[27.57347,47.13408],[27.57364,47.13405],[27.57391,47.13401],[27.57426,47.13398],[27.57452,47.13397],[27.57535,47.13366],[27.57612,47.1337],[27.5763,47.13377],[27.5764,47.13388],[27.5763,47.13431],[27.57639,47.13432],[27.57696,47.13441],[27.57708,47.13446],[27.57718,47.13453],[27.57726,47.1346],[27.57736,47.13478],[27.57754,47.1351],[27.57759,47.13514],[27.57766,47.13516],[27.57777,47.13517],[27.57804,47.13519],[27.57832,47.13521],[27.57837,47.13522],[27.57868,47.13525],[27.57892,47.13527],[27.5791,47.13531],[27.57929,47.13534],[27.5794,47.13538],[27.57948,47.13542],[27.57979,47.13564],[27.58045,47.13613],[27.58058,47.13621],[27.58074,47.13627],[27.58143,47.13639],[27.58169,47.13643],[27.58181,47.13646],[27.58216,47.13651],[27.58262,47.13666],[27.58323,47.13707],[27.5838,47.13748],[27.58407,47.13769],[27.58416,47.13778],[27.58424,47.13786],[27.58432,47.13797],[27.58442,47.13811],[27.58467,47.13855],[27.58492,47.13899],[27.58519,47.13947],[27.58522,47.13953],[27.58531,47.13968],[27.58542,47.13994],[27.58548,47.14011],[27.58552,47.14026],[27.58555,47.14073],[27.58551,47.141285],[27.58547,47.14184],[27.58546,47.1419],[27.58545,47.14195],[27.58542,47.14203],[27.58505,47.14267],[27.58473,47.14319],[27.58436,47.14373],[27.58427,47.14385],[27.58407,47.1441],[27.58382,47.14432],[27.58348,47.14457],[27.58343,47.1446],[27.58323,47.14475],[27.58305,47.14488],[27.58266,47.14515],[27.58237,47.14535],[27.5821,47.14553],[27.58178,47.14574],[27.58145,47.14597],[27.58107,47.14622],[27.58058,47.14655],[27.5799,47.14699],[27.57924,47.14741],[27.57867,47.14779],[27.57782,47.14837],[27.57773,47.14842],[27.57763,47.14845],[27.5772,47.14849],[27.57644,47.14853],[27.57634,47.1486],[27.57617,47.14872],[27.57609,47.14878],[27.57585,47.14898],[27.57531,47.1494],[27.57476,47.14984],[27.57466,47.14992],[27.57454,47.15002],[27.57406,47.1504],[27.57382,47.15059],[27.57376,47.15064],[27.57349,47.1509],[27.57345,47.15094],[27.57326,47.15112],[27.57281,47.15155],[27.57274,47.15162],[27.57254,47.15182],[27.57218,47.15218],[27.57207,47.15229],[27.57144,47.1529],[27.57079,47.15352],[27.57065,47.15365],[27.57054,47.15376],[27.57045,47.15384],[27.57041,47.15389],[27.57038,47.15398],[27.57039,47.15435],[27.570385,47.15522],[27.57038,47.15609],[27.57039,47.15717],[27.5704,47.15825],[27.57041,47.15834],[27.57042,47.15849],[27.57043,47.15854],[27.57047,47.15903],[27.57051,47.15952],[27.57052,47.15964],[27.57053,47.15987],[27.57048,47.16001],[27.57044,47.16012],[27.57056,47.1602],[27.57061,47.16022],[27.57071,47.16028],[27.57095,47.16043],[27.57107,47.1605],[27.57125,47.16061],[27.57135,47.16069],[27.57142,47.16078],[27.57144,47.16106],[27.57143,47.16116],[27.57139,47.16132],[27.57128,47.16147],[27.57084,47.16179],[27.57036,47.16209],[27.57007,47.16227],[27.569445,47.16264],[27.56882,47.16301],[27.568185,47.16333],[27.56755,47.16365],[27.566825,47.16401],[27.5661,47.16437],[27.56569,47.16456],[27.56513,47.164825],[27.56457,47.16509],[27.56388,47.16542],[27.56313,47.16577],[27.56238,47.16612],[27.56164,47.16647],[27.5609,47.16682],[27.56071,47.16691],[27.56009,47.1672],[27.55928,47.16758],[27.55887,47.16778],[27.55878,47.16784],[27.55859,47.16799],[27.55834,47.16824],[27.55827,47.16831],[27.55823,47.16836],[27.55795,47.16858],[27.55793,47.16863],[27.55791,47.16866],[27.55788,47.16868],[27.55785,47.1687],[27.5578,47.16871],[27.55775,47.16872],[27.55749,47.16882],[27.55731,47.16889],[27.55667,47.16911],[27.5566,47.16913],[27.55608,47.16927],[27.55596,47.1693],[27.55576,47.16933],[27.55571,47.16934],[27.55548,47.16936],[27.55508,47.16937],[27.55412,47.16938],[27.55316,47.16939],[27.55195,47.16941],[27.55074,47.16943],[27.55003,47.16944],[27.54981,47.16945],[27.54898,47.169455],[27.54815,47.16946],[27.54729,47.16947],[27.54643,47.16948],[27.545495,47.16949],[27.54456,47.1695],[27.54386,47.169505],[27.54316,47.16951],[27.54219,47.16952],[27.54134,47.16953],[27.54061,47.16954]]},"properties":{"line":"44","dir":"1","mode":"bus"}},{"type":"Feature","geometry":{"type":"LineString","coordinates":[[27.53367,47.17297],[27.53416,47.17304],[27.53429,47.17306],[27.53452,47.17311],[27.53549,47.17322],[27.53585,47.17327],[27.53611,47.1733],[27.53643,47.17334],[27.53659,47.17336],[27.53675,47.17338],[27.53737,47.17346],[27.53771,47.1735],[27.53808,47.17356],[27.5386,47.17362],[27.53881,47.17364],[27.53885,47.17365],[27.53909,47.17369],[27.53912,47.17357],[27.53929,47.17359],[27.5395,47.17365],[27.53982,47.17374],[27.54011,47.17384],[27.54037,47.17393],[27.54069,47.17406],[27.54129,47.17429],[27.54137,47.17432],[27.5416,47.17441],[27.54176,47.17447],[27.542,47.17456],[27.54233,47.17465],[27.5426,47.17469],[27.54298,47.1747],[27.54381,47.17469],[27.54406,47.17468],[27.54422,47.17467],[27.54525,47.17464],[27.54599,47.17461],[27.54681,47.17456],[27.54749,47.17451],[27.54848,47.17445],[27.54897,47.17442],[27.54969,47.17438],[27.55098,47.17427],[27.55136,47.17424],[27.55159,47.17422],[27.55194,47.1742],[27.55228,47.17418],[27.55259,47.17417],[27.55319,47.17412],[27.55355,47.1741],[27.55451,47.17401],[27.55537,47.17396],[27.55558,47.17395],[27.5561,47.17391],[27.55665,47.17383],[27.55707,47.17377],[27.55831,47.17359],[27.55844,47.17357],[27.55914,47.17349],[27.55982,47.17337],[27.56013,47.17332],[27.56022,47.17341],[27.56036,47.17339],[27.56057,47.17335],[27.56082,47.17328],[27.56109,47.1732],[27.5617,47.17299],[27.56234,47.17277],[27.56245,47.17273],[27.563125,47.172505],[27.5638,47.17228],[27.56411,47.17224],[27.56448,47.17227],[27.56486,47.17237],[27.56505,47.17242],[27.56528,47.17248],[27.56548,47.1725],[27.56582,47.17248],[27.56617,47.17243],[27.56722,47.17202],[27.5679,47.17176],[27.56858,47.1715],[27.56916,47.17133],[27.56991,47.17116],[27.57094,47.17093],[27.57109,47.1709],[27.57163,47.17078],[27.57171,47.17076],[27.57179,47.17075],[27.57196,47.17071],[27.57298,47.17051],[27.57408,47.17018],[27.57454,47.17008],[27.57474,47.17003],[27.57494,47.16997],[27.57531,47.16992],[27.57576,47.16985],[27.57592,47.16982],[27.57605,47.16978],[27.57635,47.16965],[27.57637,47.16958],[27.5764,47.16954],[27.57644,47.1695],[27.57649,47.16947],[27.57653,47.16945],[27.5766,47.16943],[27.5767,47.16942],[27.57694,47.16934],[27.57722,47.16925],[27.57726,47.16923],[27.57731,47.16922],[27.57735,47.1692],[27.57737,47.16919],[27.57826,47.16887],[27.5785,47.1688],[27.57874,47.16873],[27.57897,47.16867],[27.57908,47.16863],[27.57938,47.16851],[27.57935,47.16847],[27.57949,47.16842],[27.58049,47.16805],[27.58078,47.16794],[27.58084,47.16792],[27.58139,47.16778],[27.58165,47.16771],[27.5824,47.167515],[27.58315,47.16732],[27.58395,47.16712],[27.58494,47.16686],[27.58617,47.16654],[27.5863,47.1665],[27.58736,47.1662],[27.5874,47.16626],[27.58821,47.16606],[27.5887,47.16594],[27.58886,47.1659],[27.58978,47.16568],[27.59046,47.1655],[27.59096,47.16473],[27.59101,47.16465],[27.59108,47.16456],[27.59113,47.16449],[27.59123,47.16441],[27.59138,47.16435],[27.59153,47.1643],[27.59164,47.16427],[27.59175,47.16424],[27.59195,47.16416],[27.59287,47.16375],[27.5929,47.16373],[27.59317,47.16361],[27.59323,47.16358],[27.5935,47.16345],[27.59367,47.16331],[27.59444,47.16271],[27.59466,47.16239],[27.59468,47.16235],[27.5947,47.16233],[27.59491,47.16199],[27.59504,47.16184],[27.59508,47.16179],[27.59522,47.16165],[27.59534,47.16155],[27.59557,47.16136],[27.59569,47.16126],[27.59632,47.16086],[27.59678,47.16065],[27.59689,47.16061],[27.59701,47.16056],[27.59729,47.16046],[27.59798,47.16017],[27.59813,47.1601],[27.59842,47.15997],[27.59884,47.15976],[27.59912,47.15961],[27.59956,47.15933],[27.59971,47.15922],[27.5998,47.15916],[27.60006,47.15896],[27.60008,47.15895],[27.60036,47.15876],[27.60043,47.15874],[27.60048,47.15873],[27.60059,47.15876],[27.60061,47.15877],[27.60087,47.15884],[27.60108,47.1589],[27.60114,47.15884],[27.60127,47.15871],[27.60169,47.1583],[27.60225,47.15774],[27.60236,47.15763],[27.603,47.15698],[27.60318,47.15681],[27.60331,47.15668],[27.60344,47.15655],[27.60355,47.15643],[27.60385,47.15614],[27.60391,47.15608],[27.60394,47.15605],[27.60399,47.15599],[27.60406,47.15592],[27.6041,47.15588],[27.60419,47.15576],[27.60428,47.15562],[27.60433,47.15548],[27.60435,47.15533],[27.60438,47.15521],[27.60437,47.15508],[27.60435,47.15494],[27.60432,47.15484],[27.60427,47.15469],[27.60426,47.15467],[27.60419,47.15444],[27.60418,47.15439],[27.60404,47.15394],[27.60402,47.15386],[27.60398,47.15375],[27.60361,47.15381],[27.60346,47.15384],[27.6028,47.15394],[27.60263,47.15396],[27.60226,47.15395],[27.60138,47.15378],[27.6008,47.15366],[27.60056,47.1536],[27.6004,47.15354],[27.60025,47.15347],[27.60008,47.15336],[27.59993,47.15325],[27.59966,47.15305],[27.599185,47.1527],[27.59871,47.15235],[27.59854,47.15223],[27.59817,47.15195],[27.59811,47.15191],[27.59726,47.15129],[27.59721,47.15125],[27.59663,47.15082],[27.59662,47.15081],[27.59657,47.15078],[27.59626,47.15055],[27.59591,47.15029],[27.59586,47.15026],[27.59552,47.14999],[27.59481,47.14947],[27.59468,47.14937],[27.59461,47.14933],[27.59458,47.1493],[27.59455,47.14928],[27.59448,47.14922],[27.59444,47.1492],[27.5944,47.14917],[27.59421,47.14902],[27.59391,47.1488],[27.59322,47.14829],[27.59309,47.14819],[27.59279,47.14798],[27.59267,47.14788],[27.59245,47.14772],[27.59209,47.14746],[27.59288,47.14678],[27.59275,47.14672],[27.59288,47.14678],[27.59296,47.14671],[27.59346,47.14626],[27.59355,47.14617],[27.59374,47.14597],[27.5938,47.14587],[27.59382,47.14581],[27.59383,47.14579],[27.59387,47.14577],[27.59394,47.14574],[27.59405,47.14569],[27.59421,47.14558],[27.59452,47.14537],[27.5946,47.14531],[27.59547,47.14465],[27.59598,47.14428],[27.59649,47.14391],[27.59658,47.14385],[27.597695,47.14309],[27.59881,47.14233],[27.59899,47.14221],[27.59913,47.14211],[27.59919,47.14208],[27.59933,47.14198],[27.59961,47.1418],[27.59978,47.14168],[27.60022,47.14138],[27.60038,47.14127],[27.601,47.14085],[27.60138,47.1406],[27.60149,47.14052],[27.60362,47.1391],[27.60575,47.13768],[27.60581,47.13763],[27.60627,47.13732],[27.60651,47.13715],[27.60683,47.13693],[27.60763,47.13639],[27.60776,47.13628],[27.60818,47.13601],[27.60842,47.13585],[27.6085,47.1358],[27.60854,47.13578],[27.60884,47.13557],[27.60901,47.13546],[27.6093,47.13526],[27.6097,47.135],[27.60982,47.13492],[27.60999,47.1348],[27.61005,47.13476],[27.61027,47.13462],[27.61032,47.13458],[27.61072,47.1343],[27.61092,47.13418],[27.61145,47.13383],[27.61198,47.13345],[27.61239,47.13317],[27.61261,47.13295],[27.61275,47.13277],[27.61285,47.13263],[27.61291,47.13251],[27.61309,47.132025],[27.61327,47.13154],[27.61349,47.13115],[27.61371,47.13088],[27.61383,47.13073],[27.61385,47.1307],[27.61394,47.13059],[27.61407,47.13043],[27.61423,47.13023],[27.61485,47.12946],[27.61541,47.12883],[27.6155,47.12871],[27.61587,47.12827],[27.61607,47.12805],[27.61626,47.12783],[27.61636,47.12772],[27.61649,47.12757],[27.6165,47.12756],[27.61688,47.12709],[27.61696,47.127],[27.61709,47.12686],[27.61732,47.12668],[27.61761,47.12648],[27.61806,47.1262],[27.61866,47.12585],[27.61898,47.12566],[27.61997,47.12507],[27.62056,47.12474],[27.62115,47.12441],[27.6212,47.12438],[27.62149,47.12421],[27.62169,47.12409],[27.62206,47.12388],[27.62216,47.12383],[27.62238,47.1237],[27.62244,47.12367],[27.62274,47.12349],[27.62306,47.1233],[27.62323,47.12315],[27.62392,47.12251],[27.62436,47.12207],[27.62463,47.12183],[27.62525,47.12139],[27.62566,47.1211],[27.62579,47.12101],[27.62626,47.12066],[27.62656,47.12051],[27.62687,47.12038],[27.62746,47.12013],[27.62805,47.11988],[27.62896,47.11949],[27.62965,47.11915],[27.62977,47.11909],[27.62992,47.11901],[27.63016,47.11888],[27.63056,47.11866],[27.63082,47.1185],[27.63111,47.11834],[27.63148,47.11811],[27.63169,47.11782],[27.63185,47.11745],[27.63204,47.11687],[27.63201,47.11678]]},"properties":{"line":"46","dir":"0","mode":"bus"}},{"type":"Feature","geometry":{"type":"LineString","coordinates":[[27.63211,47.11659],[27.63204,47.11687],[27.63185,47.11745],[27.63169,47.11782],[27.63148,47.11811],[27.63111,47.11834],[27.63082,47.1185],[27.63056,47.11866],[27.62992,47.11901],[27.62981,47.11907],[27.62977,47.11909],[27.62965,47.11915],[27.62896,47.11949],[27.62827,47.11978],[27.62805,47.11988],[27.62746,47.12013],[27.62687,47.12038],[27.62656,47.12051],[27.62626,47.12066],[27.62579,47.121],[27.62566,47.1211],[27.625145,47.121465],[27.62463,47.12183],[27.62436,47.12207],[27.62392,47.12251],[27.62323,47.12315],[27.62306,47.1233],[27.62274,47.12349],[27.62244,47.12367],[27.62238,47.1237],[27.62206,47.12388],[27.62169,47.12409],[27.62149,47.12421],[27.6212,47.12438],[27.62115,47.12441],[27.6211,47.12444],[27.620535,47.124755],[27.61997,47.12507],[27.61898,47.12566],[27.61866,47.12585],[27.61806,47.1262],[27.61761,47.12648],[27.61732,47.12668],[27.61709,47.12686],[27.61696,47.127],[27.61688,47.12709],[27.61649,47.12757],[27.61636,47.12772],[27.61626,47.12783],[27.61622,47.12788],[27.61607,47.12805],[27.61587,47.12827],[27.6155,47.12871],[27.61541,47.12883],[27.61485,47.12946],[27.61423,47.13023],[27.61407,47.13043],[27.61402,47.13049],[27.61385,47.1307],[27.61383,47.13073],[27.61371,47.13088],[27.61349,47.13115],[27.6133,47.13149],[27.61327,47.13154],[27.61307,47.1321],[27.613,47.13228],[27.61291,47.13251],[27.61285,47.13263],[27.61275,47.13277],[27.61261,47.13295],[27.61239,47.13317],[27.61198,47.13345],[27.61145,47.13383],[27.61096,47.13416],[27.61072,47.1343],[27.61027,47.13462],[27.61005,47.13476],[27.60999,47.1348],[27.60982,47.13492],[27.6097,47.135],[27.6093,47.13526],[27.6091,47.1354],[27.60901,47.13546],[27.60884,47.13557],[27.60854,47.13578],[27.6085,47.1358],[27.60842,47.13585],[27.60818,47.13601],[27.60776,47.13628],[27.60763,47.13639],[27.60683,47.13693],[27.60651,47.13715],[27.60627,47.13732],[27.60581,47.13763],[27.60575,47.13768],[27.60362,47.1391],[27.60149,47.14052],[27.60138,47.1406],[27.601,47.14085],[27.60038,47.14128],[27.59978,47.14168],[27.59961,47.1418],[27.59933,47.14198],[27.59928,47.14201],[27.59919,47.14208],[27.59899,47.14221],[27.59881,47.14233],[27.597695,47.14309],[27.59658,47.14385],[27.59649,47.14391],[27.59598,47.14428],[27.59547,47.14465],[27.59485,47.14512],[27.5947,47.14524],[27.5946,47.14531],[27.59452,47.14537],[27.59428,47.14562],[27.59419,47.14572],[27.59413,47.14581],[27.59415,47.14586],[27.59413,47.14591],[27.59409,47.14595],[27.59405,47.14596],[27.59402,47.14597],[27.59398,47.14598],[27.59384,47.14603],[27.59356,47.1462],[27.59346,47.14626],[27.59302,47.14665],[27.59295,47.14672],[27.59288,47.14678],[27.59209,47.14746],[27.59245,47.14772],[27.59267,47.14788],[27.59279,47.14798],[27.59309,47.14819],[27.59322,47.14829],[27.59391,47.1488],[27.59421,47.14902],[27.59444,47.1492],[27.59447,47.14922],[27.59453,47.14926],[27.59456,47.14929],[27.59461,47.14933],[27.59468,47.14937],[27.59481,47.14947],[27.59511,47.14968],[27.59518,47.14974],[27.59552,47.14999],[27.59586,47.15026],[27.59591,47.15029],[27.59626,47.15055],[27.59657,47.15078],[27.59662,47.15081],[27.59721,47.15125],[27.59726,47.15129],[27.59811,47.15191],[27.59817,47.15195],[27.59849,47.15219],[27.59854,47.15223],[27.59861,47.15228],[27.59871,47.15235],[27.599185,47.1527],[27.59966,47.15305],[27.59993,47.15325],[27.60008,47.15336],[27.60025,47.15347],[27.6004,47.15354],[27.60056,47.1536],[27.6008,47.15366],[27.60138,47.15378],[27.60226,47.15395],[27.60245,47.15396],[27.6028,47.15394],[27.60348,47.15385],[27.60395,47.15379],[27.60397,47.15378],[27.60405,47.15377],[27.60408,47.15386],[27.60423,47.15438],[27.60425,47.15443],[27.6043,47.15459],[27.60434,47.1547],[27.60438,47.15482],[27.60439,47.15483],[27.6044,47.15489],[27.60445,47.15507],[27.60443,47.15532],[27.60439,47.15549],[27.60433,47.15564],[27.60425,47.15577],[27.60422,47.1558],[27.60417,47.15587],[27.60391,47.15615],[27.60362,47.15645],[27.60342,47.15664],[27.60337,47.1567],[27.60322,47.15684],[27.60304,47.15701],[27.6024,47.15765],[27.6023,47.15776],[27.60173,47.15831],[27.60132,47.15872],[27.60118,47.15886],[27.60108,47.1589],[27.60105,47.15889],[27.60087,47.15884],[27.60061,47.15877],[27.60059,47.15876],[27.60048,47.15873],[27.60043,47.15874],[27.60036,47.15876],[27.60006,47.15897],[27.6,47.15901],[27.5998,47.15916],[27.59971,47.15922],[27.59956,47.15933],[27.59912,47.15961],[27.59884,47.15976],[27.59842,47.15997],[27.59813,47.1601],[27.59798,47.16017],[27.59729,47.16046],[27.59717,47.1605],[27.59701,47.16056],[27.59689,47.16061],[27.59678,47.16065],[27.59632,47.16086],[27.59614,47.16097],[27.59609,47.161],[27.59569,47.16126],[27.59534,47.16155],[27.59522,47.16165],[27.59516,47.16172],[27.59508,47.16179],[27.59504,47.16184],[27.59491,47.16199],[27.5947,47.16233],[27.59468,47.16235],[27.59467,47.16237],[27.59444,47.16271],[27.59367,47.16331],[27.5935,47.16345],[27.59323,47.16358],[27.59317,47.16361],[27.5929,47.16373],[27.59287,47.16375],[27.592,47.16414],[27.59195,47.16416],[27.59175,47.16424],[27.59164,47.16427],[27.59153,47.1643],[27.59138,47.16435],[27.59122,47.1644],[27.59115,47.16445],[27.59106,47.16457],[27.59076,47.165035],[27.59046,47.1655],[27.58978,47.16568],[27.58933,47.16579],[27.58886,47.1659],[27.5887,47.16594],[27.58828,47.16605],[27.5874,47.16626],[27.58723,47.1663],[27.58658,47.16647],[27.58632,47.16654],[27.58535,47.16679],[27.58495,47.16689],[27.58391,47.16716],[27.58337,47.1673],[27.58329,47.16732],[27.582345,47.167555],[27.5814,47.16779],[27.58133,47.16781],[27.58126,47.16783],[27.58116,47.16786],[27.58094,47.16792],[27.58086,47.16794],[27.58063,47.16804],[27.58051,47.16807],[27.58035,47.16813],[27.58032,47.16814],[27.57952,47.16846],[27.57938,47.16851],[27.57918,47.16859],[27.57908,47.16863],[27.57897,47.16867],[27.57875,47.16876],[27.57823,47.16902],[27.57791,47.16914],[27.57763,47.16925],[27.57745,47.16932],[27.57741,47.16934],[27.57728,47.16941],[27.57717,47.1695],[27.5771,47.16956],[27.57706,47.16961],[27.57707,47.16963],[27.57706,47.16974],[27.57702,47.1698],[27.57696,47.16986],[27.57687,47.1699],[27.57681,47.16991],[27.57673,47.16992],[27.57655,47.1699],[27.57618,47.16993],[27.57587,47.16994],[27.57583,47.16993],[27.57478,47.17003],[27.57461,47.17001],[27.57455,47.17003],[27.57399,47.17016],[27.57316,47.17043],[27.57282,47.1705],[27.57183,47.17068],[27.57172,47.17071],[27.57163,47.17073],[27.57117,47.17083],[27.57108,47.17085],[27.5699,47.17112],[27.56926,47.17127],[27.56887,47.17137],[27.56848,47.17149],[27.56803,47.17165],[27.56724,47.17198],[27.56645,47.17231],[27.56621,47.17239],[27.56579,47.17245],[27.56547,47.17246],[27.56528,47.17243],[27.56505,47.17239],[27.56483,47.17233],[27.56443,47.17223],[27.5641,47.17221],[27.56375,47.17226],[27.56278,47.17258],[27.56249,47.17267],[27.56231,47.17273],[27.56166,47.17295],[27.56101,47.17318],[27.56082,47.17323],[27.56058,47.17329],[27.56044,47.17332],[27.56021,47.17337],[27.55986,47.17343],[27.55951,47.17348],[27.55925,47.17352],[27.55906,47.17355],[27.55874,47.17359],[27.55775,47.17375],[27.55714,47.17383],[27.55667,47.1739],[27.55614,47.17397],[27.55572,47.17402],[27.55548,47.17403],[27.55492,47.17408],[27.55397,47.17415],[27.55356,47.17418],[27.55321,47.17421],[27.55195,47.17431],[27.55166,47.17433],[27.55137,47.17435],[27.55121,47.17436],[27.55105,47.17437],[27.55091,47.17438],[27.55044,47.17442],[27.5497,47.17448],[27.54899,47.17452],[27.54846,47.17455],[27.54756,47.17459],[27.54671,47.17463],[27.54598,47.17466],[27.54525,47.17469],[27.54413,47.17474],[27.54381,47.17476],[27.54358,47.17477],[27.54237,47.17472],[27.54184,47.1746],[27.5412,47.17437],[27.541,47.1743],[27.54022,47.17397],[27.53982,47.17382],[27.53956,47.17375],[27.53934,47.17371],[27.5391,47.17367],[27.53885,47.17364],[27.53841,47.17357],[27.53817,47.17353],[27.53772,47.17347],[27.5374,47.17344],[27.53675,47.17336],[27.53664,47.17334],[27.53644,47.17332],[27.53613,47.17328],[27.53585,47.17325],[27.5355,47.1732],[27.53457,47.17308],[27.53446,47.17309],[27.53429,47.17307],[27.53415,47.17306],[27.53372,47.17302]]},"properties":{"line":"46","dir":"1","mode":"bus"}},{"type":"Feature","geometry":{"type":"LineString","coordinates":[[27.54078,47.16881],[27.54106,47.16854],[27.54118,47.16844],[27.54136,47.16829],[27.54159,47.16811],[27.54199,47.16779],[27.54253,47.16735],[27.54307,47.16691],[27.54326,47.16681],[27.5435,47.16673],[27.54374,47.16672],[27.54396,47.16668],[27.54445,47.16669],[27.54485,47.16673],[27.545525,47.16674],[27.5462,47.16675],[27.54683,47.16684],[27.54686,47.16687],[27.54738,47.16724],[27.54823,47.16784],[27.54843,47.16798],[27.54881,47.16823],[27.54956,47.16875],[27.54994,47.169],[27.55074,47.16934],[27.55191,47.169365],[27.55308,47.16939],[27.55419,47.16937],[27.55548,47.16936],[27.55571,47.16934],[27.55576,47.16933],[27.55596,47.1693],[27.55608,47.16927],[27.5566,47.16913],[27.55667,47.16911],[27.55731,47.16889],[27.55749,47.16882],[27.55753,47.16872],[27.55755,47.16865],[27.55752,47.16861],[27.55753,47.16852],[27.55756,47.16848],[27.5576,47.16845],[27.55765,47.16843],[27.55771,47.16842],[27.55783,47.16844],[27.55787,47.16845],[27.55802,47.16842],[27.55812,47.16839],[27.55823,47.16836],[27.55834,47.16824],[27.55842,47.16816],[27.55859,47.16799],[27.55878,47.16784],[27.55887,47.16778],[27.55928,47.16758],[27.56009,47.1672],[27.56071,47.16691],[27.5609,47.16682],[27.56164,47.16647],[27.56238,47.16612],[27.56313,47.16577],[27.56388,47.16542],[27.56457,47.16509],[27.565195,47.164795],[27.56582,47.1645],[27.5661,47.16437],[27.566825,47.16401],[27.56755,47.16365],[27.568185,47.16333],[27.56882,47.16301],[27.569445,47.16264],[27.57007,47.16227],[27.57036,47.16209],[27.57084,47.16179],[27.57128,47.16147],[27.57139,47.16132],[27.57143,47.16116],[27.57144,47.16106],[27.57142,47.16078],[27.57135,47.16069],[27.57125,47.16061],[27.57107,47.1605],[27.57095,47.16043],[27.57071,47.16028],[27.57061,47.16022],[27.57056,47.1602],[27.57044,47.16012],[27.57048,47.16002],[27.57053,47.15987],[27.57052,47.15964],[27.57051,47.15952],[27.57047,47.15903],[27.57043,47.15854],[27.57042,47.15849],[27.57041,47.15834],[27.5704,47.15825],[27.57038,47.15748],[27.570385,47.156625],[27.57039,47.15577],[27.570385,47.154875],[27.57038,47.15398],[27.57041,47.15389],[27.57045,47.15384],[27.57054,47.15376],[27.57065,47.15365],[27.57079,47.15352],[27.57144,47.1529],[27.57207,47.15229],[27.57218,47.15218],[27.57249,47.15187],[27.57274,47.15162],[27.57281,47.15155],[27.57326,47.15112],[27.57345,47.15094],[27.57349,47.1509],[27.57376,47.15064],[27.57382,47.15059],[27.57406,47.1504],[27.57466,47.14992],[27.57476,47.14984],[27.57488,47.14975],[27.57531,47.1494],[27.57585,47.14898],[27.57609,47.14878],[27.57617,47.14872],[27.57634,47.1486],[27.57644,47.14853],[27.57667,47.14849],[27.57763,47.14845],[27.57773,47.14842],[27.57782,47.14837],[27.57853,47.14789],[27.57924,47.14741],[27.57985,47.14702],[27.5799,47.14699],[27.58058,47.14655],[27.58107,47.14622],[27.58145,47.14597],[27.58178,47.14574],[27.5821,47.14553],[27.58237,47.14535],[27.58266,47.14515],[27.58252,47.14498],[27.58237,47.14479],[27.5823,47.14468],[27.58223,47.14456],[27.58215,47.14438],[27.58212,47.14432],[27.5821,47.14428],[27.58207,47.14423],[27.58205,47.1442],[27.58202,47.14417],[27.58198,47.14415],[27.58179,47.14416],[27.58175,47.14417],[27.58173,47.14418],[27.5817,47.14419],[27.58167,47.14421],[27.58165,47.14423],[27.58163,47.14425],[27.58166,47.14435],[27.58278,47.14568],[27.5839,47.14701],[27.58415,47.14731],[27.584535,47.14777],[27.58492,47.14823],[27.58502,47.14835],[27.58536,47.14877],[27.58547,47.14889],[27.58564,47.1491],[27.58593,47.14944],[27.58597,47.14949],[27.58621,47.14977],[27.58648,47.15009],[27.58655,47.15016],[27.58668,47.15031],[27.58686,47.15054],[27.58696,47.15065],[27.58708,47.15079],[27.58716,47.15085],[27.58731,47.1509],[27.58736,47.15089],[27.58743,47.15088],[27.58765,47.15085],[27.588,47.15072],[27.58803,47.1507],[27.58825,47.15053],[27.58853,47.1503],[27.58865,47.15021],[27.58879,47.15009],[27.589,47.14993],[27.58915,47.14981],[27.58942,47.14959],[27.59006,47.14908],[27.5901,47.14905],[27.59026,47.14893],[27.59081,47.14848],[27.59131,47.14808],[27.59176,47.14772],[27.59209,47.14746],[27.59245,47.14772],[27.59267,47.14788],[27.59279,47.14798],[27.59309,47.14819],[27.59322,47.14829],[27.59391,47.1488],[27.59421,47.14902],[27.5944,47.14917],[27.59444,47.1492],[27.59448,47.14922],[27.59455,47.14928],[27.59458,47.1493],[27.59461,47.14933],[27.59468,47.14937],[27.59481,47.14947],[27.5951,47.14969],[27.59552,47.14999],[27.59586,47.15026],[27.59591,47.15029],[27.59626,47.15055],[27.59657,47.15078],[27.59662,47.15081],[27.59721,47.15125],[27.59726,47.15129],[27.59811,47.15191],[27.59817,47.15195],[27.59849,47.15219],[27.59854,47.15223],[27.59871,47.15235],[27.599185,47.1527],[27.59966,47.15305],[27.59993,47.15325],[27.60008,47.15336],[27.60025,47.15347],[27.6004,47.15354],[27.60056,47.1536],[27.6008,47.15366],[27.60138,47.15378],[27.60226,47.15395],[27.60245,47.15396],[27.6028,47.15394],[27.60346,47.15384],[27.60351,47.15383],[27.60361,47.15381],[27.60398,47.15375],[27.60402,47.15386],[27.60404,47.15394],[27.60418,47.15439],[27.60419,47.15444],[27.60426,47.15467],[27.60427,47.15469],[27.60432,47.15484],[27.60435,47.15494],[27.60437,47.15508],[27.60438,47.15521],[27.60435,47.15533],[27.60433,47.15548],[27.60428,47.15562],[27.60419,47.15576],[27.6041,47.15588],[27.60406,47.15592],[27.60399,47.15599],[27.60394,47.15605],[27.60391,47.15608],[27.60385,47.15614],[27.60355,47.15643],[27.60344,47.15655],[27.60339,47.1566],[27.60331,47.15668],[27.60318,47.15681],[27.603,47.15698],[27.60236,47.15763],[27.60225,47.15774],[27.60169,47.1583],[27.60127,47.15871],[27.60114,47.15884],[27.60108,47.1589],[27.6015,47.15901],[27.602705,47.159245],[27.60391,47.15948],[27.60428,47.15955],[27.60472,47.15963],[27.60571,47.15981],[27.60583,47.15983],[27.60629,47.1599],[27.60687,47.15997],[27.60736,47.16001],[27.60803,47.16006],[27.60841,47.16008],[27.60877,47.1601],[27.60947,47.16014],[27.60965,47.16015],[27.611065,47.160185],[27.61248,47.16022],[27.6133,47.1601],[27.61336,47.16009],[27.61345,47.16004],[27.61396,47.15996],[27.61402,47.15999],[27.61417,47.15997],[27.61423,47.15996],[27.61438,47.15994],[27.61495,47.15985],[27.61507,47.15984],[27.61523,47.15981],[27.61553,47.15977],[27.61574,47.15973],[27.61601,47.15969],[27.61636,47.15964],[27.61656,47.15961],[27.61685,47.15957],[27.61701,47.15954],[27.61716,47.15952],[27.61745,47.15948],[27.61758,47.15946],[27.61787,47.15941],[27.61824,47.15936],[27.6186,47.1593],[27.61869,47.15924],[27.61893,47.15921],[27.61941,47.15913],[27.61949,47.15917],[27.61952,47.15916],[27.61972,47.15913],[27.61986,47.1591],[27.62016,47.159],[27.62018,47.15899],[27.62022,47.15896],[27.62058,47.15869],[27.6207,47.15861],[27.6209,47.15846],[27.62153,47.15801],[27.62217,47.15754],[27.62262,47.15722],[27.62279,47.15709],[27.62344,47.15662],[27.62339,47.15648]]},"properties":{"line":"47","dir":"0","mode":"bus"}},{"type":"Feature","geometry":{"type":"LineString","coordinates":[[27.62391,47.15621],[27.62403,47.15612],[27.6241,47.15608],[27.62425,47.15602],[27.62422,47.15613],[27.62388,47.15639],[27.62371,47.15642],[27.62357,47.15652],[27.62344,47.15662],[27.62279,47.15709],[27.62262,47.15722],[27.62217,47.15754],[27.62153,47.15801],[27.6209,47.15846],[27.6207,47.15861],[27.62067,47.1587],[27.62045,47.15887],[27.62031,47.15897],[27.62018,47.15899],[27.62016,47.159],[27.61986,47.1591],[27.61972,47.15913],[27.61952,47.15916],[27.61949,47.15917],[27.61918,47.15921],[27.61908,47.15923],[27.6186,47.1593],[27.61824,47.15936],[27.61787,47.15941],[27.61758,47.15946],[27.61745,47.15948],[27.61716,47.15952],[27.61701,47.15954],[27.61685,47.15957],[27.61656,47.15961],[27.61636,47.15964],[27.61601,47.15969],[27.61574,47.15973],[27.61553,47.15977],[27.61523,47.15981],[27.61507,47.15984],[27.61497,47.15985],[27.61488,47.15991],[27.6146,47.15995],[27.61428,47.16],[27.61417,47.15997],[27.61405,47.15999],[27.61384,47.16002],[27.61376,47.16003],[27.61336,47.16009],[27.61248,47.16022],[27.61167,47.16015],[27.61022,47.160125],[27.60877,47.1601],[27.60841,47.16008],[27.60803,47.16006],[27.60736,47.16001],[27.60687,47.15997],[27.60629,47.1599],[27.60583,47.15983],[27.60571,47.15981],[27.60472,47.15963],[27.60428,47.15955],[27.60391,47.15948],[27.602705,47.159245],[27.6015,47.15901],[27.60137,47.15898],[27.60108,47.1589],[27.60114,47.15884],[27.60127,47.15871],[27.60169,47.1583],[27.60225,47.15774],[27.60236,47.15763],[27.603,47.15698],[27.60318,47.15681],[27.60331,47.15668],[27.60338,47.15661],[27.60344,47.15655],[27.60355,47.15643],[27.60385,47.15614],[27.60391,47.15608],[27.60394,47.15605],[27.60399,47.15599],[27.60406,47.15592],[27.6041,47.15588],[27.60419,47.15576],[27.60428,47.15562],[27.60433,47.15548],[27.60435,47.15533],[27.60438,47.15521],[27.60437,47.15508],[27.60435,47.15494],[27.60432,47.15484],[27.60427,47.15469],[27.60426,47.15467],[27.60419,47.15444],[27.60418,47.15439],[27.60404,47.15394],[27.60402,47.15386],[27.60398,47.15375],[27.60361,47.15381],[27.60346,47.15384],[27.6028,47.15394],[27.60263,47.15396],[27.60226,47.15395],[27.60138,47.15378],[27.6008,47.15366],[27.60056,47.1536],[27.6004,47.15354],[27.60025,47.15347],[27.60008,47.15336],[27.59993,47.15325],[27.59966,47.15305],[27.599185,47.1527],[27.59871,47.15235],[27.59854,47.15223],[27.59817,47.15195],[27.59811,47.15191],[27.59726,47.15129],[27.59721,47.15125],[27.59663,47.15082],[27.59662,47.15081],[27.59657,47.15078],[27.59626,47.15055],[27.59591,47.15029],[27.59586,47.15026],[27.59552,47.14999],[27.59481,47.14947],[27.59468,47.14937],[27.59461,47.14933],[27.59458,47.1493],[27.59455,47.14928],[27.59448,47.14922],[27.59444,47.1492],[27.5944,47.14917],[27.59421,47.14902],[27.59391,47.1488],[27.59322,47.14829],[27.59309,47.14819],[27.59279,47.14798],[27.59267,47.14788],[27.59245,47.14772],[27.59209,47.14746],[27.59176,47.14772],[27.59131,47.14808],[27.59081,47.14848],[27.59026,47.14893],[27.5901,47.14905],[27.59006,47.14908],[27.58942,47.14959],[27.58915,47.14981],[27.589,47.14993],[27.58879,47.15009],[27.58865,47.15021],[27.58856,47.15028],[27.58853,47.1503],[27.58803,47.1507],[27.588,47.15072],[27.58794,47.15107],[27.58796,47.15116],[27.58795,47.15127],[27.58792,47.15133],[27.58789,47.15137],[27.58788,47.15138],[27.58787,47.15139],[27.58784,47.15143],[27.58779,47.15145],[27.58772,47.15146],[27.58765,47.15147],[27.58755,47.15149],[27.58746,47.1515],[27.58738,47.15151],[27.5873,47.1515],[27.58722,47.15148],[27.58718,47.15145],[27.58713,47.15143],[27.58709,47.15138],[27.58705,47.15134],[27.58702,47.15129],[27.587,47.15122],[27.58701,47.15114],[27.58702,47.15112],[27.58697,47.151],[27.58691,47.15087],[27.58676,47.1507],[27.58669,47.15061],[27.58653,47.15042],[27.58646,47.15033],[27.58638,47.15024],[27.58605,47.14984],[27.58598,47.14976],[27.58594,47.14971],[27.58577,47.1495],[27.58568,47.1494],[27.58549,47.14917],[27.58521,47.14882],[27.58505,47.14864],[27.58485,47.14842],[27.58479,47.14835],[27.58474,47.1483],[27.58436,47.14784],[27.58398,47.14738],[27.58376,47.14713],[27.582615,47.14577],[27.58147,47.14441],[27.58133,47.14436],[27.58123,47.14437],[27.5812,47.14438],[27.58117,47.14439],[27.58115,47.14441],[27.58114,47.14442],[27.58113,47.14444],[27.58111,47.14447],[27.5811,47.14451],[27.58112,47.14455],[27.58115,47.14459],[27.58132,47.14474],[27.58135,47.14476],[27.58142,47.14481],[27.58161,47.14497],[27.58181,47.14519],[27.58198,47.14539],[27.5821,47.14553],[27.58178,47.14574],[27.58145,47.14597],[27.58107,47.14622],[27.58058,47.14655],[27.5799,47.14699],[27.57924,47.14741],[27.57867,47.14779],[27.57782,47.14837],[27.57773,47.14842],[27.57763,47.14845],[27.5772,47.14849],[27.57644,47.14853],[27.57634,47.1486],[27.57617,47.14872],[27.57609,47.14878],[27.57585,47.14898],[27.57531,47.1494],[27.57476,47.14984],[27.57466,47.14992],[27.57454,47.15002],[27.57406,47.1504],[27.57382,47.15059],[27.57376,47.15064],[27.57349,47.1509],[27.57345,47.15094],[27.57326,47.15112],[27.57281,47.15155],[27.57274,47.15162],[27.57254,47.15182],[27.57218,47.15218],[27.57207,47.15229],[27.57144,47.1529],[27.57079,47.15352],[27.57065,47.15365],[27.57054,47.15376],[27.57045,47.15384],[27.57041,47.15389],[27.57038,47.15398],[27.57039,47.15435],[27.570385,47.15522],[27.57038,47.15609],[27.57039,47.15717],[27.5704,47.15825],[27.57041,47.15834],[27.57042,47.15849],[27.57043,47.15854],[27.57047,47.15903],[27.57051,47.15952],[27.57052,47.15964],[27.57053,47.15987],[27.57048,47.16001],[27.57044,47.16012],[27.57056,47.1602],[27.57061,47.16022],[27.57071,47.16028],[27.57095,47.16043],[27.57107,47.1605],[27.57125,47.16061],[27.57135,47.16069],[27.57142,47.16078],[27.57144,47.16106],[27.57143,47.16116],[27.57139,47.16132],[27.57128,47.16147],[27.57084,47.16179],[27.57036,47.16209],[27.57007,47.16227],[27.569445,47.16264],[27.56882,47.16301],[27.568185,47.16333],[27.56755,47.16365],[27.566825,47.16401],[27.5661,47.16437],[27.56569,47.16456],[27.56513,47.164825],[27.56457,47.16509],[27.56388,47.16542],[27.56313,47.16577],[27.56238,47.16612],[27.56164,47.16647],[27.5609,47.16682],[27.56071,47.16691],[27.56009,47.1672],[27.55928,47.16758],[27.55887,47.16778],[27.55878,47.16784],[27.55859,47.16799],[27.55834,47.16824],[27.55831,47.16827],[27.55823,47.16836],[27.55795,47.16858],[27.55793,47.16863],[27.55791,47.16866],[27.55788,47.16868],[27.55785,47.1687],[27.5578,47.16871],[27.55775,47.16872],[27.55749,47.16882],[27.55731,47.16889],[27.55667,47.16911],[27.5566,47.16913],[27.55608,47.16927],[27.55596,47.1693],[27.55576,47.16933],[27.55571,47.16934],[27.55548,47.16936],[27.55508,47.16937],[27.55412,47.16938],[27.55316,47.16939],[27.55195,47.16941],[27.55074,47.16943],[27.55003,47.16944],[27.54981,47.16945],[27.54898,47.169455],[27.54815,47.16946],[27.54729,47.16947],[27.54643,47.16948],[27.545495,47.16949],[27.54456,47.1695],[27.54386,47.169505],[27.54316,47.16951],[27.54219,47.16952],[27.54134,47.16953],[27.54061,47.16954]]},"properties":{"line":"47","dir":"1","mode":"bus"}},{"type":"Feature","geometry":{"type":"LineString","coordinates":[[27.59105,47.16427],[27.5912,47.16429],[27.5913,47.1643],[27.59157,47.16427],[27.59174,47.1642],[27.59175,47.16421],[27.59181,47.16428],[27.59214,47.16472],[27.59228,47.1649],[27.59262,47.16534],[27.59286,47.16565],[27.59295,47.16577],[27.593,47.1659],[27.59309,47.16615],[27.59314,47.16624],[27.59318,47.1663],[27.59323,47.16636],[27.5933,47.16642],[27.5934,47.16648],[27.59353,47.16656],[27.59383,47.16671],[27.59419,47.16684],[27.59439,47.16691],[27.5946,47.16698],[27.59464,47.16699],[27.5947,47.167],[27.59489,47.16699],[27.59504,47.16697],[27.5952,47.16693],[27.5953,47.16689],[27.5959,47.16657],[27.59602,47.16652],[27.59617,47.16646],[27.59639,47.1664],[27.59658,47.16635],[27.5968,47.1663],[27.59699,47.16627],[27.59724,47.16625],[27.59745,47.16627],[27.59755,47.16628],[27.59768,47.16629],[27.59782,47.16631],[27.59802,47.16632],[27.59818,47.1663],[27.59835,47.16627],[27.5985,47.16623],[27.59865,47.16617],[27.59877,47.16614],[27.599215,47.16657],[27.59966,47.167],[27.59993,47.16734],[27.59997,47.16747],[27.59996,47.16752],[27.59995,47.16761],[27.59986,47.16851],[27.59985,47.16887],[27.59986,47.169],[27.5999,47.16937],[27.59992,47.1697],[27.59989,47.16992],[27.59985,47.17011],[27.59984,47.17016],[27.5998,47.17036],[27.59979,47.17042],[27.59959,47.17115],[27.59941,47.17168],[27.59939,47.17173],[27.59913,47.17254],[27.59906,47.17275],[27.59896,47.17306],[27.59887,47.17334],[27.59881,47.17355],[27.59876,47.17371],[27.59842,47.17449],[27.59833,47.17475],[27.59823,47.17496],[27.59822,47.17506],[27.59818,47.17538],[27.59813,47.17585],[27.59812,47.17592],[27.5981,47.17659],[27.59808,47.17723],[27.59807,47.17782],[27.59805,47.17849],[27.59803,47.17892],[27.598015,47.179425],[27.598,47.17993],[27.59798,47.18013]]},"properties":{"line":"48","dir":"0","mode":"bus"}},{"type":"Feature","geometry":{"type":"LineString","coordinates":[[27.59794,47.18013],[27.598,47.17993],[27.598015,47.179425],[27.59803,47.17892],[27.59805,47.17858],[27.59807,47.17782],[27.59808,47.17723],[27.5981,47.17659],[27.59812,47.17608],[27.59813,47.17585],[27.59818,47.17538],[27.59822,47.17506],[27.59823,47.17496],[27.59833,47.17475],[27.59842,47.17449],[27.59876,47.17371],[27.59881,47.17355],[27.59887,47.17334],[27.59896,47.17306],[27.59906,47.17275],[27.59913,47.17254],[27.59939,47.17173],[27.59941,47.17168],[27.59959,47.17115],[27.59979,47.17042],[27.5998,47.17036],[27.59984,47.17016],[27.59985,47.17011],[27.59989,47.16992],[27.59992,47.1697],[27.5999,47.16937],[27.59986,47.169],[27.59985,47.16893],[27.59986,47.16851],[27.59942,47.16826],[27.59911,47.16808],[27.59874,47.16775],[27.59867,47.16762],[27.59863,47.1675],[27.59858,47.1674],[27.59843,47.1671],[27.59818,47.16663],[27.59805,47.16636],[27.59802,47.16632],[27.59782,47.16631],[27.59755,47.16628],[27.59745,47.16627],[27.59724,47.16625],[27.59704,47.16626],[27.59699,47.16627],[27.5968,47.1663],[27.59658,47.16635],[27.59639,47.1664],[27.59617,47.16646],[27.59602,47.16652],[27.5959,47.16657],[27.5953,47.16689],[27.5952,47.16693],[27.5951,47.16696],[27.59504,47.16697],[27.59489,47.16699],[27.59474,47.167],[27.5946,47.16698],[27.59439,47.16691],[27.59419,47.16684],[27.59383,47.16671],[27.59353,47.16656],[27.5934,47.16648],[27.5933,47.16642],[27.59323,47.16636],[27.59318,47.1663],[27.59314,47.16624],[27.59309,47.16615],[27.593,47.1659],[27.59295,47.16577],[27.59286,47.16565],[27.59262,47.16534],[27.59228,47.1649],[27.59214,47.16472],[27.59181,47.16428],[27.59175,47.16421],[27.59174,47.1642],[27.59157,47.16427],[27.59144,47.1643],[27.5912,47.16429],[27.59105,47.16427]]},"properties":{"line":"48","dir":"1","mode":"bus"}},{"type":"Feature","geometry":{"type":"LineString","coordinates":[[27.57084,47.16602],[27.57085,47.16603],[27.57092,47.16606],[27.57105,47.16611],[27.57108,47.16612],[27.5713,47.16621],[27.5715,47.16628],[27.57154,47.16629],[27.57157,47.16631],[27.57159,47.16632],[27.57168,47.16635],[27.57242,47.16664],[27.57249,47.16666],[27.57263,47.16672],[27.573245,47.16697],[27.57386,47.16722],[27.57392,47.16724],[27.57426,47.16737],[27.57481,47.16721],[27.57499,47.16715],[27.57518,47.16709],[27.576245,47.166795],[27.57731,47.1665],[27.57752,47.16644],[27.57851,47.16618],[27.57913,47.16601],[27.57939,47.16594],[27.57987,47.16581],[27.5804,47.16567],[27.58074,47.16557],[27.58077,47.16556],[27.58097,47.16551],[27.58143,47.16538],[27.58175,47.16529],[27.58196,47.16559],[27.58199,47.16563],[27.5822,47.16592],[27.58229,47.16605],[27.58256,47.16642],[27.58285,47.16683],[27.58296,47.167],[27.58315,47.16732],[27.58317,47.16735],[27.58325,47.16733],[27.58391,47.16716],[27.58419,47.16709],[27.58495,47.16689],[27.58535,47.16679],[27.58632,47.16654],[27.58658,47.16647],[27.58723,47.1663],[27.5874,47.16626],[27.58821,47.16606],[27.5887,47.16594],[27.58886,47.1659],[27.58978,47.16568],[27.59046,47.1655],[27.59096,47.16473],[27.59101,47.16465],[27.59108,47.16456],[27.59113,47.16449],[27.59123,47.16441],[27.59138,47.16435],[27.59153,47.1643],[27.59164,47.16427],[27.59175,47.16424],[27.59216,47.16475],[27.59232,47.16494],[27.59287,47.16567],[27.59297,47.16584],[27.59307,47.1661],[27.59312,47.16619],[27.59319,47.16631],[27.59327,47.16641],[27.59337,47.16649],[27.59353,47.16657],[27.59376,47.16667],[27.59441,47.16693],[27.59453,47.16697],[27.59464,47.167],[27.59482,47.16702],[27.59504,47.16701],[27.59529,47.16695],[27.59576,47.16666],[27.59607,47.16651],[27.59694,47.16629],[27.59728,47.16625],[27.59745,47.16626],[27.59785,47.16632],[27.598,47.16634],[27.59814,47.16632],[27.59828,47.16629],[27.59847,47.16623],[27.59871,47.16613],[27.59931,47.16671],[27.59961,47.167],[27.59993,47.16739],[27.59996,47.16749],[27.599905,47.16802],[27.59985,47.16855],[27.59986,47.16903],[27.59993,47.16972],[27.59985,47.17013],[27.59984,47.1702],[27.59976,47.1705],[27.59958,47.1711],[27.5994,47.1717],[27.59937,47.17178],[27.59911,47.17255],[27.59903,47.17277],[27.598685,47.17376],[27.59834,47.17475],[27.59826,47.175],[27.59824,47.17507],[27.59819,47.17541],[27.59816,47.17583],[27.59813,47.17653],[27.5981,47.17723],[27.59808,47.17782],[27.59804,47.17859],[27.59802,47.17892],[27.597995,47.179505],[27.59797,47.18009],[27.59796,47.18018],[27.59795,47.1803],[27.59792,47.18053],[27.59785,47.18102],[27.59778,47.18151],[27.59741,47.18286],[27.59704,47.18421],[27.59717,47.18424],[27.59725,47.18425],[27.5974,47.18424],[27.5975,47.18419],[27.59784,47.18383],[27.59804,47.18365],[27.5982,47.18354],[27.59825,47.18351],[27.59844,47.18339],[27.59848,47.18337],[27.59866,47.1833],[27.59897,47.18318],[27.59908,47.18314],[27.59913,47.18312],[27.59936,47.18303],[27.59964,47.18293],[27.59971,47.1829],[27.59983,47.18286],[27.60003,47.18278],[27.60009,47.18275],[27.60017,47.18271],[27.60026,47.18267],[27.60056,47.1825],[27.60083,47.18234],[27.60094,47.18227],[27.60106,47.18219],[27.60141,47.18197],[27.6016,47.18188],[27.60196,47.18164],[27.6022,47.18145],[27.60245,47.18128],[27.60289,47.18079],[27.60316,47.18049],[27.60334,47.18032],[27.60379,47.17979],[27.60404,47.17953],[27.60453,47.179],[27.60478,47.17874],[27.60499,47.17852],[27.60542,47.17816],[27.60585,47.1778],[27.60637,47.17741],[27.60649,47.17732],[27.60664,47.17723],[27.60684,47.17711],[27.60709,47.17699],[27.60723,47.17696],[27.60733,47.17698],[27.60742,47.17697],[27.60763,47.17698],[27.60835,47.17719],[27.60858,47.17727],[27.60878,47.17735],[27.60905,47.17751],[27.60928,47.1777],[27.60932,47.17775],[27.60946,47.17794],[27.60958,47.17822],[27.6096,47.17853],[27.6093,47.17932],[27.60923,47.17946],[27.60921,47.1795],[27.60917,47.17959],[27.60906,47.17988],[27.60904,47.18],[27.60907,47.1801],[27.60915,47.18019],[27.60918,47.1802],[27.60927,47.18023],[27.60942,47.18022],[27.60957,47.18018],[27.60985,47.18],[27.61005,47.17988],[27.61007,47.17986],[27.61034,47.17969],[27.61038,47.17966],[27.61064,47.17952],[27.61108,47.17934],[27.61157,47.17921],[27.612525,47.17896],[27.61348,47.17871],[27.61443,47.17832],[27.6151,47.17796],[27.61555,47.17748],[27.616275,47.176495],[27.617,47.17551],[27.6172,47.17524],[27.61739,47.17506],[27.61754,47.17492],[27.61774,47.17484],[27.61793,47.17481],[27.61814,47.17482],[27.61836,47.17488],[27.61854,47.17497],[27.61864,47.17505],[27.61875,47.17516],[27.61878,47.17526],[27.61877,47.17538],[27.61873,47.17548],[27.61867,47.17557],[27.61858,47.17564],[27.61844,47.17571],[27.61826,47.17577],[27.61816,47.17579],[27.61809,47.17581],[27.61799,47.17584],[27.61796,47.17586],[27.61788,47.17599],[27.61779,47.1761],[27.61768,47.17624],[27.61764,47.17628],[27.6176,47.17632],[27.61758,47.17635],[27.61757,47.17637],[27.61753,47.17641],[27.61756,47.17644],[27.61755,47.1765],[27.61751,47.17654]]},"properties":{"line":"50","dir":"0","mode":"bus"}},{"type":"Feature","geometry":{"type":"LineString","coordinates":[[27.61757,47.17636],[27.61758,47.17635],[27.6176,47.17632],[27.61764,47.17628],[27.61768,47.17624],[27.61779,47.1761],[27.61788,47.17599],[27.61796,47.17586],[27.61799,47.17584],[27.61809,47.17581],[27.61816,47.17579],[27.61826,47.17577],[27.61844,47.17571],[27.61858,47.17564],[27.61867,47.17557],[27.61873,47.17548],[27.61877,47.17538],[27.61878,47.17526],[27.61875,47.17516],[27.61864,47.17505],[27.61854,47.17497],[27.61836,47.17488],[27.61814,47.17482],[27.61793,47.17481],[27.61774,47.17484],[27.61754,47.17492],[27.61739,47.17506],[27.6172,47.17524],[27.617,47.17551],[27.616275,47.176495],[27.61555,47.17748],[27.6151,47.17796],[27.61443,47.17832],[27.61348,47.17871],[27.612525,47.17896],[27.61157,47.17921],[27.61108,47.17934],[27.61064,47.17952],[27.61038,47.17966],[27.61034,47.17969],[27.61007,47.17986],[27.61005,47.17988],[27.60985,47.18],[27.60957,47.18018],[27.60942,47.18022],[27.60927,47.18023],[27.60915,47.18019],[27.60907,47.1801],[27.60904,47.18],[27.60906,47.17988],[27.60917,47.17959],[27.60921,47.1795],[27.60923,47.17946],[27.6093,47.17932],[27.6096,47.17853],[27.60958,47.17822],[27.60946,47.17794],[27.60932,47.17775],[27.60928,47.1777],[27.60905,47.17751],[27.60878,47.17735],[27.60858,47.17727],[27.60835,47.17719],[27.60763,47.17698],[27.60744,47.17697],[27.60739,47.17698],[27.6073,47.17696],[27.60709,47.17699],[27.60684,47.17711],[27.60664,47.17723],[27.60649,47.17732],[27.60637,47.17741],[27.60634,47.17743],[27.60585,47.1778],[27.60542,47.17816],[27.60499,47.17852],[27.60478,47.17874],[27.60453,47.179],[27.60404,47.17953],[27.60379,47.17979],[27.60334,47.18032],[27.60316,47.18049],[27.60289,47.18079],[27.60245,47.18128],[27.6022,47.18145],[27.60196,47.18164],[27.6016,47.18188],[27.60141,47.18197],[27.60106,47.18219],[27.60094,47.18227],[27.60083,47.18234],[27.60056,47.1825],[27.60026,47.18267],[27.60017,47.18271],[27.60009,47.18275],[27.60003,47.18278],[27.59983,47.18286],[27.59971,47.1829],[27.59964,47.18293],[27.59936,47.18303],[27.59913,47.18312],[27.59908,47.18314],[27.59897,47.18318],[27.59866,47.1833],[27.59848,47.18337],[27.59844,47.18339],[27.59825,47.18351],[27.5982,47.18354],[27.59804,47.18365],[27.59784,47.18383],[27.5975,47.18419],[27.5974,47.18424],[27.59733,47.18425],[27.59717,47.18424],[27.59704,47.18421],[27.59717,47.18374],[27.597475,47.182625],[27.59778,47.18151],[27.59785,47.18102],[27.59792,47.18053],[27.59795,47.1803],[27.59796,47.18018],[27.59797,47.18009],[27.597995,47.179505],[27.59802,47.17892],[27.59804,47.17859],[27.59808,47.17784],[27.5981,47.17723],[27.59813,47.17659],[27.59816,47.17595],[27.59819,47.17541],[27.59824,47.17507],[27.59826,47.175],[27.59834,47.17475],[27.598685,47.17376],[27.59903,47.17277],[27.59911,47.17255],[27.59937,47.17178],[27.5994,47.1717],[27.59958,47.1711],[27.59976,47.1705],[27.59984,47.1702],[27.59985,47.17013],[27.59993,47.16972],[27.59992,47.16964],[27.59986,47.16903],[27.59985,47.16895],[27.5994,47.16829],[27.59912,47.16811],[27.59875,47.16778],[27.59866,47.16762],[27.59862,47.16756],[27.59859,47.16747],[27.59815,47.16665],[27.598,47.16634],[27.59786,47.16632],[27.59745,47.16626],[27.59728,47.16625],[27.59694,47.16629],[27.59607,47.16651],[27.59576,47.16666],[27.59529,47.16695],[27.59504,47.16701],[27.59482,47.16702],[27.59464,47.167],[27.59453,47.16697],[27.59441,47.16693],[27.59353,47.16657],[27.59337,47.16649],[27.59327,47.16641],[27.59319,47.16631],[27.59312,47.16619],[27.59307,47.1661],[27.59297,47.16584],[27.59287,47.16567],[27.59255,47.16525],[27.59232,47.16494],[27.59196,47.16509],[27.59169,47.1652],[27.59142,47.16529],[27.59122,47.16534],[27.59094,47.16541],[27.59046,47.1655],[27.58978,47.16568],[27.58974,47.16569],[27.58886,47.1659],[27.5887,47.16594],[27.58821,47.16606],[27.5874,47.16626],[27.58723,47.1663],[27.58658,47.16647],[27.58632,47.16654],[27.58535,47.16679],[27.58495,47.16689],[27.58391,47.16716],[27.58325,47.16733],[27.58317,47.16735],[27.582285,47.16757],[27.5814,47.16779],[27.58133,47.16781],[27.58116,47.16786],[27.58094,47.16792],[27.58096,47.16795],[27.58084,47.16798],[27.58037,47.16816],[27.579795,47.168385],[27.57922,47.16861],[27.57902,47.16868],[27.57899,47.1687],[27.57897,47.16867],[27.57875,47.16876],[27.57823,47.16902],[27.57791,47.16914],[27.57763,47.16925],[27.57745,47.16932],[27.5774,47.16934],[27.57728,47.16941],[27.57717,47.1695],[27.5771,47.16956],[27.57706,47.16961],[27.57707,47.16965],[27.57706,47.16974],[27.57702,47.1698],[27.57696,47.16986],[27.57687,47.1699],[27.57681,47.16991],[27.57673,47.16992],[27.57655,47.1699],[27.57648,47.16987],[27.57647,47.16986],[27.57638,47.16978],[27.57634,47.16971],[27.57635,47.16965],[27.57637,47.16958],[27.5764,47.16954],[27.57644,47.1695],[27.57664,47.16912],[27.57668,47.16902],[27.5768,47.1687],[27.57695,47.1684],[27.57699,47.16832],[27.57704,47.16811],[27.57705,47.16807],[27.57706,47.16804],[27.57708,47.16792],[27.57709,47.16784],[27.57714,47.16758],[27.57719,47.16736],[27.57727,47.16711],[27.57732,47.16703],[27.57748,47.16676],[27.57756,47.1666],[27.57752,47.16644],[27.57731,47.1665],[27.576245,47.166795],[27.57518,47.16709],[27.57499,47.16715],[27.57481,47.16721],[27.57426,47.16737],[27.57392,47.16724],[27.57386,47.16722],[27.573245,47.16697],[27.57263,47.16672],[27.57249,47.16666],[27.57242,47.16664],[27.57168,47.16635],[27.57159,47.16632],[27.57157,47.16631],[27.57154,47.16629],[27.5715,47.16628],[27.5713,47.16621],[27.57108,47.16612],[27.57105,47.16611],[27.57092,47.16606],[27.57085,47.16603]]},"properties":{"line":"50","dir":"1","mode":"bus"}},{"type":"Feature","geometry":{"type":"LineString","coordinates":[[27.57067,47.16032],[27.57097,47.16047],[27.571,47.16048],[27.57123,47.16062],[27.57133,47.1607],[27.57139,47.16078],[27.57144,47.16106],[27.57143,47.16116],[27.57139,47.16132],[27.57128,47.16147],[27.57084,47.16179],[27.57036,47.16209],[27.57005,47.16228],[27.56963,47.16195],[27.569,47.16145],[27.56884,47.1615],[27.56801,47.161755],[27.56718,47.16201],[27.56707,47.16206],[27.56698,47.1621],[27.56688,47.16215],[27.56684,47.16217],[27.565895,47.16263],[27.56495,47.16309],[27.56473,47.1632],[27.56458,47.16327],[27.56437,47.16337],[27.5642,47.16345],[27.56302,47.164025],[27.56184,47.1646],[27.56179,47.16463],[27.56145,47.16479],[27.559915,47.165545],[27.55838,47.1663],[27.55793,47.16651],[27.55768,47.16663],[27.55755,47.16673],[27.55754,47.16679],[27.55751,47.16682],[27.55748,47.16684],[27.55746,47.16699],[27.55747,47.16703],[27.5575,47.16714],[27.55753,47.1673],[27.55765,47.16778],[27.55776,47.16826],[27.55783,47.16838],[27.55789,47.16844],[27.55795,47.16846],[27.55798,47.16848],[27.55801,47.16851],[27.55803,47.16854],[27.55802,47.16862],[27.558,47.16864],[27.55803,47.16873],[27.55807,47.16882],[27.558485,47.169185],[27.5589,47.16955],[27.55914,47.16975],[27.55937,47.16995],[27.55995,47.17041],[27.56049,47.17087],[27.56091,47.17123],[27.56097,47.17129],[27.56113,47.17145],[27.5615,47.17178],[27.56189,47.17214],[27.56222,47.17249],[27.56244,47.17272],[27.56312,47.1725],[27.5638,47.17228],[27.56411,47.17224],[27.56448,47.17227],[27.56486,47.17237],[27.56505,47.17242],[27.56528,47.17248],[27.56548,47.1725],[27.56582,47.17248],[27.56617,47.17243],[27.56722,47.17202],[27.5679,47.17176],[27.56858,47.1715],[27.56916,47.17133],[27.56991,47.17116],[27.57094,47.17093],[27.57109,47.1709],[27.57163,47.17078],[27.57171,47.17076],[27.57179,47.17075],[27.57196,47.17071],[27.57298,47.17051],[27.57408,47.17018],[27.57454,47.17008],[27.57474,47.17003],[27.57482,47.17],[27.5749,47.16997],[27.57578,47.16986],[27.57594,47.16984],[27.57606,47.1698],[27.57619,47.16974],[27.57621,47.16962],[27.57625,47.16956],[27.57634,47.1695],[27.57644,47.16946],[27.57652,47.16945],[27.57668,47.16946],[27.57676,47.16948],[27.57685,47.16953],[27.57691,47.16959],[27.57692,47.16961],[27.57695,47.16965],[27.57696,47.16971],[27.57694,47.16978],[27.5769,47.16985],[27.57683,47.16991],[27.57674,47.16995],[27.57663,47.16997],[27.57633,47.17005],[27.57624,47.17011],[27.57615,47.17018],[27.57595,47.17041],[27.57571,47.17069],[27.57568,47.17071],[27.57555,47.17086],[27.57542,47.171],[27.57535,47.17109],[27.57508,47.17141],[27.57443,47.17216],[27.57397,47.172725],[27.57351,47.17329],[27.57331,47.17353],[27.57315,47.17371],[27.57289,47.17403],[27.57255,47.17442],[27.57248,47.1745],[27.57228,47.17473],[27.57205,47.175],[27.572,47.17506],[27.57173,47.17537],[27.57171,47.17538],[27.57161,47.1755],[27.57157,47.17555],[27.57151,47.17562],[27.57141,47.17574],[27.57139,47.17576],[27.57132,47.17584],[27.57121,47.17598],[27.57058,47.17675],[27.57031,47.17706],[27.56969,47.17781],[27.56918,47.178425],[27.56867,47.17904],[27.56862,47.1791],[27.56851,47.17923],[27.56803,47.1798],[27.56768,47.18023],[27.56766,47.18025],[27.56751,47.18043],[27.5672,47.1808],[27.56712,47.18089],[27.56707,47.18094],[27.56705,47.18097],[27.56692,47.18112],[27.5667,47.18138],[27.56661,47.1815],[27.56653,47.18159],[27.56617,47.182005],[27.56581,47.18242],[27.56522,47.18314],[27.56511,47.18327],[27.56494,47.18348],[27.56493,47.1835],[27.56487,47.18357],[27.56476,47.1837],[27.56452,47.18397],[27.56435,47.18417],[27.56422,47.18431],[27.56416,47.18438],[27.5638,47.18479],[27.56329,47.18538],[27.56308,47.18564],[27.56283,47.18595],[27.56273,47.18607],[27.56263,47.18619],[27.56258,47.18624],[27.56203,47.18687],[27.56148,47.1875],[27.56149,47.1876],[27.56145,47.18778],[27.56138,47.1879],[27.56126,47.18801],[27.56111,47.1881],[27.56094,47.18816],[27.56064,47.18852],[27.560305,47.18892],[27.55997,47.18932],[27.55961,47.18974],[27.55925,47.19016],[27.55922,47.19021],[27.55918,47.19031],[27.55916,47.1904],[27.55918,47.19059],[27.55916,47.19071],[27.55911,47.19077],[27.55909,47.19079]]},"properties":{"line":"52","dir":"0","mode":"bus"}},{"type":"Feature","geometry":{"type":"LineString","coordinates":[[27.55851,47.19053],[27.55855,47.19049],[27.55862,47.19044],[27.55871,47.1904],[27.55897,47.19032],[27.55919,47.1902],[27.55925,47.19016],[27.55961,47.18974],[27.55997,47.18932],[27.560305,47.18892],[27.56064,47.18852],[27.56094,47.18816],[27.56097,47.18803],[27.56103,47.18791],[27.56111,47.1878],[27.56122,47.18769],[27.56134,47.18759],[27.56148,47.1875],[27.56193,47.186985],[27.56238,47.18647],[27.56258,47.18624],[27.56263,47.18619],[27.56273,47.18607],[27.56283,47.18595],[27.56329,47.18538],[27.5638,47.18479],[27.56396,47.1846],[27.56416,47.18438],[27.56422,47.18431],[27.56435,47.18417],[27.56452,47.18397],[27.56476,47.1837],[27.56487,47.18357],[27.56494,47.18348],[27.56511,47.18327],[27.56522,47.18314],[27.56581,47.18242],[27.56617,47.182005],[27.56653,47.18159],[27.56661,47.1815],[27.5667,47.18138],[27.56692,47.18112],[27.56705,47.18097],[27.56707,47.18094],[27.56712,47.18089],[27.56739,47.18057],[27.56751,47.18043],[27.56766,47.18025],[27.56768,47.18023],[27.56803,47.1798],[27.56851,47.17923],[27.56862,47.1791],[27.56867,47.17904],[27.56918,47.178425],[27.56969,47.17781],[27.57031,47.17706],[27.57058,47.17675],[27.57121,47.17598],[27.57132,47.17584],[27.57139,47.17576],[27.57141,47.17574],[27.57151,47.17562],[27.57157,47.17555],[27.57161,47.1755],[27.57171,47.17538],[27.572,47.17506],[27.57205,47.175],[27.57207,47.17497],[27.57228,47.17473],[27.57248,47.1745],[27.57255,47.17442],[27.57289,47.17403],[27.57315,47.17371],[27.57331,47.17353],[27.57351,47.17329],[27.57397,47.172725],[27.57443,47.17216],[27.57508,47.17141],[27.57535,47.17109],[27.57542,47.171],[27.57561,47.17067],[27.57601,47.17012],[27.57599,47.17004],[27.57596,47.17001],[27.57593,47.16998],[27.57588,47.16995],[27.57583,47.16994],[27.57498,47.17002],[27.57474,47.17003],[27.57454,47.17008],[27.57408,47.17018],[27.57298,47.17051],[27.57196,47.17071],[27.57179,47.17075],[27.57171,47.17076],[27.57163,47.17078],[27.5712,47.17088],[27.57109,47.1709],[27.56991,47.17116],[27.56916,47.17133],[27.56858,47.1715],[27.56837,47.17158],[27.56722,47.17202],[27.56617,47.17243],[27.56582,47.17248],[27.56548,47.1725],[27.56528,47.17248],[27.56505,47.17242],[27.56486,47.17237],[27.56448,47.17227],[27.56411,47.17224],[27.5638,47.17228],[27.56312,47.1725],[27.56244,47.17272],[27.56222,47.17249],[27.56189,47.17214],[27.5615,47.17178],[27.56113,47.17145],[27.56097,47.17129],[27.56091,47.17123],[27.56049,47.17087],[27.55995,47.17041],[27.55937,47.16995],[27.55914,47.16975],[27.5589,47.16955],[27.558485,47.169185],[27.55807,47.16882],[27.55803,47.16873],[27.558,47.16864],[27.55802,47.16862],[27.55803,47.1686],[27.55801,47.16851],[27.55798,47.16848],[27.55795,47.16846],[27.55789,47.16844],[27.55783,47.16838],[27.55776,47.16826],[27.5577,47.16802],[27.55765,47.16778],[27.55753,47.1673],[27.5575,47.16714],[27.55746,47.16699],[27.55735,47.16685],[27.55731,47.16684],[27.55727,47.16681],[27.55724,47.16678],[27.55727,47.16668],[27.55731,47.16666],[27.55735,47.16665],[27.5574,47.16664],[27.55745,47.16665],[27.55768,47.16663],[27.55793,47.16651],[27.55838,47.1663],[27.559915,47.165545],[27.56145,47.16479],[27.56179,47.16463],[27.56184,47.1646],[27.56302,47.164025],[27.5642,47.16345],[27.56437,47.16337],[27.56473,47.1632],[27.56495,47.16309],[27.565895,47.16263],[27.56684,47.16217],[27.56688,47.16215],[27.56698,47.1621],[27.56707,47.16206],[27.56718,47.16201],[27.56725,47.16197],[27.56773,47.1617],[27.5686,47.16121],[27.56898,47.161],[27.56961,47.160645],[27.57024,47.16029]]},"properties":{"line":"52","dir":"1","mode":"bus"}},{"type":"Feature","geometry":{"type":"LineString","coordinates":[[27.59095,47.16434],[27.59123,47.16437],[27.59143,47.16435],[27.59175,47.16425],[27.59212,47.16476],[27.59213,47.16477],[27.59225,47.16495],[27.59188,47.1651],[27.59162,47.1652],[27.59147,47.16525],[27.59137,47.16528],[27.59125,47.16531],[27.59044,47.16551],[27.59041,47.16555],[27.59015,47.16594],[27.59004,47.16612],[27.58974,47.16655],[27.58969,47.16662],[27.58962,47.16672],[27.58948,47.16698],[27.58903,47.1677],[27.58893,47.16786],[27.58871,47.16826],[27.58821,47.16885],[27.5881,47.16895],[27.58771,47.16933],[27.58717,47.16967],[27.58656,47.17008],[27.58616,47.1705],[27.58576,47.17092],[27.58506,47.17157],[27.58489,47.1718],[27.58483,47.17189],[27.58469,47.17226],[27.58465,47.17234],[27.58456,47.17242],[27.58449,47.17247],[27.584,47.17275],[27.58392,47.1728],[27.58356,47.17302],[27.58335,47.17317],[27.58272,47.17363],[27.58233,47.174055],[27.58194,47.17448],[27.58191,47.1745],[27.58179,47.17462],[27.58101,47.17527],[27.58036,47.17579],[27.579755,47.176195],[27.57915,47.1766],[27.5791,47.17663],[27.57867,47.17675],[27.57795,47.17696],[27.57741,47.17721],[27.57731,47.17727],[27.57677,47.177695],[27.57623,47.17812],[27.57541,47.17876],[27.57518,47.17894],[27.57466,47.17936],[27.57416,47.17975],[27.573725,47.180095],[27.57329,47.18044],[27.57275,47.18089],[27.57231,47.18124],[27.57187,47.18159],[27.5713,47.1821],[27.57077,47.182595],[27.57024,47.18309],[27.56995,47.18335],[27.569455,47.183865],[27.56896,47.18438],[27.56816,47.1852],[27.56736,47.18602],[27.56637,47.18704],[27.56538,47.18806],[27.56523,47.18822],[27.56498,47.1885],[27.56464,47.189005],[27.5643,47.18951],[27.563665,47.190645],[27.56303,47.19178],[27.5629,47.19203],[27.56276,47.19227],[27.56263,47.19252],[27.56249,47.19278],[27.56236,47.19302],[27.56208,47.193535],[27.5618,47.19405],[27.56099,47.19448],[27.56069,47.19472],[27.56053,47.19498],[27.56039,47.19554],[27.56029,47.19575],[27.56012,47.196],[27.55966,47.19649],[27.5592,47.19698],[27.558885,47.197615],[27.55857,47.19825],[27.5583,47.19866],[27.55761,47.199445],[27.55692,47.20023],[27.55627,47.200625],[27.55562,47.20102],[27.55469,47.20118],[27.55435,47.20131],[27.55382,47.20174],[27.55355,47.20212],[27.55299,47.202545],[27.55243,47.20297],[27.55228,47.20318],[27.55226,47.2034],[27.55228,47.20343],[27.55238,47.20365],[27.55249,47.20379],[27.55279,47.20389],[27.55394,47.203895],[27.55509,47.2039],[27.5557,47.20404],[27.55619,47.20439],[27.55631,47.20461],[27.55639,47.20475],[27.55648,47.20478],[27.55665,47.20473],[27.55686,47.20446],[27.5573,47.20399],[27.55748,47.20383],[27.55773,47.20371],[27.55798,47.20363],[27.55815,47.20358],[27.55833,47.20356],[27.55879,47.2035],[27.55911,47.20344],[27.5594,47.2034],[27.55963,47.20335],[27.55988,47.20326],[27.56009,47.20315],[27.56033,47.20299],[27.56059,47.20269],[27.561095,47.201965],[27.5616,47.20124],[27.5618,47.20099],[27.56196,47.20083],[27.56211,47.20072],[27.56247,47.20051],[27.56258,47.20046],[27.5632,47.20021],[27.56364,47.20002],[27.56403,47.19978],[27.56436,47.1995],[27.5645,47.19932],[27.56463,47.19915],[27.56492,47.198655],[27.56521,47.19816],[27.56532,47.198],[27.56561,47.19762],[27.56623,47.19698],[27.56696,47.196235],[27.56769,47.19549],[27.56817,47.19501],[27.56853,47.19465],[27.56915,47.19406],[27.569555,47.193685],[27.56996,47.19331],[27.57013,47.19314],[27.5705,47.19271],[27.57082,47.192285],[27.57114,47.19186],[27.571925,47.19083],[27.57271,47.1898],[27.57324,47.18917],[27.57374,47.188555],[27.57424,47.18794],[27.57441,47.18774],[27.57459,47.18756],[27.57511,47.18707],[27.57575,47.186485],[27.57639,47.1859],[27.57678,47.18551],[27.57713,47.18517],[27.57742,47.18487],[27.57764,47.18469],[27.57784,47.18452],[27.57816,47.18432],[27.5783,47.18424],[27.57871,47.184],[27.57895,47.18386],[27.57916,47.18371],[27.5793,47.1836],[27.5797,47.18325],[27.5801,47.182875],[27.5805,47.1825],[27.58112,47.181965],[27.58174,47.18143],[27.58233,47.18082],[27.58284,47.18042],[27.5835,47.17988],[27.58388,47.17952],[27.58419,47.17919],[27.58448,47.17887],[27.58461,47.17875],[27.58485,47.17851],[27.58534,47.17806],[27.58557,47.17784],[27.58571,47.17768],[27.58581,47.17756],[27.58591,47.17742],[27.58612,47.17714],[27.58621,47.17703],[27.58656,47.1766],[27.58694,47.17624],[27.58757,47.17563],[27.58793,47.17518],[27.58807,47.17497],[27.58809,47.17494]]},"properties":{"line":"54","dir":"0","mode":"bus"}},{"type":"Feature","geometry":{"type":"LineString","coordinates":[[27.58809,47.17494],[27.58807,47.17497],[27.58793,47.17518],[27.58757,47.17563],[27.58694,47.17624],[27.58656,47.1766],[27.58621,47.17703],[27.58612,47.17714],[27.58591,47.17742],[27.58581,47.17756],[27.58571,47.17768],[27.58557,47.17784],[27.58534,47.17806],[27.58485,47.17851],[27.58461,47.17875],[27.58448,47.17887],[27.58419,47.17919],[27.58388,47.17952],[27.5835,47.17988],[27.58284,47.18042],[27.58233,47.18082],[27.58174,47.18143],[27.58112,47.181965],[27.5805,47.1825],[27.5801,47.182875],[27.5797,47.18325],[27.5793,47.1836],[27.57916,47.18371],[27.57895,47.18386],[27.57871,47.184],[27.5783,47.18424],[27.57816,47.18432],[27.57784,47.18452],[27.57764,47.18469],[27.57742,47.18487],[27.57713,47.18517],[27.57678,47.18551],[27.57639,47.1859],[27.57575,47.186485],[27.57511,47.18707],[27.57459,47.18756],[27.57441,47.18774],[27.57424,47.18794],[27.57374,47.188555],[27.57324,47.18917],[27.57271,47.1898],[27.571925,47.19083],[27.57114,47.19186],[27.57082,47.192285],[27.5705,47.19271],[27.57013,47.19314],[27.56996,47.19331],[27.569555,47.193685],[27.56915,47.19406],[27.56853,47.19465],[27.56817,47.19501],[27.56769,47.19549],[27.56696,47.196235],[27.56623,47.19698],[27.56561,47.19762],[27.56532,47.198],[27.56521,47.19816],[27.56492,47.198655],[27.56463,47.19915],[27.5645,47.19932],[27.56436,47.1995],[27.56403,47.19978],[27.56364,47.20002],[27.5632,47.20021],[27.56258,47.20046],[27.56247,47.20051],[27.56211,47.20072],[27.56196,47.20083],[27.5618,47.20099],[27.5616,47.20124],[27.561095,47.201965],[27.56059,47.20269],[27.56033,47.20299],[27.56009,47.20315],[27.55988,47.20326],[27.55963,47.20335],[27.5594,47.2034],[27.55911,47.20344],[27.55879,47.2035],[27.55833,47.20356],[27.55815,47.20358],[27.55798,47.20363],[27.55773,47.20371],[27.55748,47.20383],[27.5573,47.20399],[27.55686,47.20446],[27.55665,47.20473],[27.55648,47.20478],[27.55639,47.20475],[27.55631,47.20461],[27.55619,47.20439],[27.5557,47.20404],[27.55509,47.2039],[27.55394,47.203895],[27.55279,47.20389],[27.55249,47.20379],[27.55238,47.20365],[27.55226,47.2034],[27.55228,47.20319],[27.55243,47.20297],[27.55299,47.202545],[27.55355,47.20212],[27.55382,47.20174],[27.55435,47.20131],[27.55469,47.20118],[27.55562,47.20102],[27.55627,47.200625],[27.55692,47.20023],[27.55761,47.199445],[27.5583,47.19866],[27.55857,47.19825],[27.558885,47.197615],[27.5592,47.19698],[27.55966,47.19649],[27.56012,47.196],[27.56029,47.19575],[27.56039,47.19554],[27.56053,47.19498],[27.56069,47.19472],[27.56099,47.19448],[27.5618,47.19405],[27.56208,47.193535],[27.56236,47.19302],[27.56249,47.19278],[27.5625,47.19276],[27.56276,47.19227],[27.5629,47.19203],[27.56303,47.19178],[27.563665,47.190645],[27.5643,47.18951],[27.56464,47.189005],[27.56498,47.1885],[27.56523,47.18822],[27.56538,47.18806],[27.56638,47.18703],[27.56738,47.186],[27.56817,47.18519],[27.56896,47.18438],[27.569455,47.183865],[27.56995,47.18335],[27.57023,47.18309],[27.570765,47.182595],[27.5713,47.1821],[27.57187,47.18159],[27.57231,47.18124],[27.57275,47.18089],[27.57329,47.18044],[27.573725,47.180095],[27.57416,47.17975],[27.57466,47.17936],[27.57518,47.17894],[27.57546,47.17872],[27.57623,47.17812],[27.57677,47.177695],[27.57731,47.17727],[27.57741,47.17721],[27.57795,47.17696],[27.57867,47.17675],[27.5791,47.17663],[27.57947,47.17639],[27.58036,47.17579],[27.58101,47.17527],[27.58179,47.17462],[27.58182,47.17459],[27.58194,47.17448],[27.58233,47.174055],[27.58272,47.17363],[27.58335,47.17317],[27.58356,47.17302],[27.58376,47.17289],[27.584,47.17275],[27.58449,47.17247],[27.58456,47.17242],[27.58465,47.17234],[27.58469,47.17226],[27.58483,47.17189],[27.58489,47.1718],[27.58506,47.17157],[27.58576,47.17092],[27.58616,47.1705],[27.58656,47.17008],[27.58717,47.16967],[27.58771,47.16933],[27.58797,47.16908],[27.58821,47.16885],[27.58871,47.16826],[27.58893,47.16786],[27.58903,47.1677],[27.58948,47.16698],[27.58957,47.16682],[27.58962,47.16672],[27.58974,47.16655],[27.59004,47.16612],[27.59015,47.16594],[27.59012,47.16588],[27.59009,47.16584],[27.59008,47.16582],[27.59002,47.16577],[27.58995,47.16573],[27.58987,47.1657],[27.58978,47.16568],[27.5896,47.16573],[27.5895,47.16575],[27.58886,47.1659],[27.5887,47.16594],[27.58849,47.16551],[27.58824,47.16491],[27.58821,47.1648],[27.58813,47.16426],[27.58815,47.16413],[27.58818,47.16403],[27.58819,47.16401],[27.58832,47.1638],[27.58868,47.1639],[27.58899,47.16398],[27.58924,47.16406],[27.58946,47.16412],[27.58969,47.16417],[27.58997,47.1642],[27.59013,47.16421],[27.59039,47.16425],[27.59047,47.16427],[27.59076,47.16431],[27.59083,47.16432]]},"properties":{"line":"54","dir":"1","mode":"bus"}},{"type":"Feature","geometry":{"type":"LineString","coordinates":[[27.59105,47.16429],[27.59132,47.16431],[27.59153,47.1643],[27.59164,47.16427],[27.59175,47.16424],[27.59216,47.16475],[27.59232,47.16494],[27.59287,47.16567],[27.59297,47.16584],[27.59307,47.1661],[27.59312,47.16619],[27.59319,47.16631],[27.59327,47.16641],[27.59337,47.16649],[27.59353,47.16657],[27.59441,47.16693],[27.59453,47.16697],[27.59464,47.167],[27.59482,47.16702],[27.59504,47.16701],[27.59529,47.16695],[27.59576,47.16666],[27.59607,47.16651],[27.59694,47.16629],[27.59728,47.16625],[27.59745,47.16626],[27.59785,47.16632],[27.598,47.16634],[27.59814,47.16632],[27.59828,47.16629],[27.59847,47.16623],[27.59871,47.16613],[27.5991,47.16599],[27.59975,47.1658],[27.59984,47.16596],[27.60007,47.16634],[27.60008,47.16638],[27.60009,47.16645],[27.6001,47.16692],[27.60011,47.16739],[27.59996,47.16749],[27.599905,47.16802],[27.59985,47.16855],[27.59986,47.16903],[27.59993,47.16972],[27.59985,47.17013],[27.59984,47.1702],[27.59976,47.1705],[27.59958,47.1711],[27.5994,47.1717],[27.59937,47.17178],[27.59911,47.17255],[27.59903,47.17277],[27.59893,47.17306],[27.598635,47.173905],[27.59834,47.17475],[27.59826,47.175],[27.59824,47.17507],[27.59819,47.17541],[27.59816,47.17583],[27.59813,47.17653],[27.5981,47.17723],[27.59808,47.17782],[27.59804,47.17849],[27.59802,47.17892],[27.597995,47.179505],[27.59797,47.18009],[27.59796,47.18018],[27.59795,47.1803],[27.59792,47.18053],[27.59785,47.18102],[27.59778,47.18151],[27.59741,47.18286],[27.59704,47.18421],[27.59697,47.18445],[27.59682,47.18497],[27.59676,47.18531],[27.59685,47.186025],[27.59694,47.18674],[27.59705,47.187265],[27.59716,47.18779],[27.59719,47.18836],[27.597175,47.189085],[27.59716,47.18981],[27.59703,47.19059],[27.59688,47.19113],[27.596615,47.19216],[27.59635,47.19319],[27.59637,47.1933],[27.59642,47.19337],[27.5965,47.19342],[27.59694,47.19355],[27.5971,47.1936],[27.5972,47.19364],[27.59779,47.19382],[27.59789,47.19388],[27.59798,47.19394],[27.59804,47.19402],[27.59821,47.19429],[27.59815,47.19436],[27.59811,47.19448],[27.59804,47.19462],[27.5979,47.19483],[27.59764,47.19517],[27.59738,47.19546],[27.59706,47.19579],[27.5968,47.19606],[27.59641,47.19646],[27.59612,47.19679],[27.59579,47.19728],[27.59549,47.19772],[27.59519,47.19816],[27.59485,47.19869],[27.59477,47.19898],[27.594615,47.199755],[27.59446,47.20053],[27.59436,47.20086],[27.59426,47.20114],[27.59416,47.20138],[27.59412,47.20164],[27.5941,47.20187],[27.59406,47.20248],[27.59398,47.20291],[27.59391,47.20322],[27.59375,47.2038],[27.5936,47.20449],[27.59344,47.20507],[27.59338,47.20534],[27.59332,47.20559],[27.59326,47.2059],[27.59324,47.20614],[27.59326,47.206595],[27.59328,47.20705],[27.59327,47.20765],[27.59326,47.20809],[27.5933,47.20841],[27.59338,47.20866],[27.59349,47.20896],[27.5936,47.20925],[27.59376,47.2095],[27.59399,47.20975],[27.5945,47.2102],[27.59487,47.21053],[27.59546,47.21099],[27.59575,47.21121],[27.59595,47.21133],[27.5961,47.21142],[27.59647,47.21154],[27.59669,47.21158],[27.59717,47.21169],[27.59732,47.21174],[27.59747,47.21183],[27.59756,47.21191],[27.59765,47.21199],[27.59774,47.21212],[27.59779,47.21227],[27.5978,47.21239],[27.59781,47.21253],[27.59782,47.21301],[27.5978,47.21345],[27.59776,47.2138],[27.59766,47.21396],[27.59747,47.21413],[27.59727,47.21428],[27.59713,47.21438],[27.5969,47.21448],[27.59667,47.21455],[27.59633,47.21465],[27.59623,47.21468],[27.59571,47.21483],[27.59562,47.21487],[27.59556,47.21491],[27.59551,47.21497],[27.5955,47.21503],[27.59547,47.21514],[27.59538,47.21539],[27.59515,47.215905],[27.59492,47.21642],[27.59464,47.21703],[27.5945,47.21742],[27.59443,47.21777],[27.59434,47.21851],[27.59424,47.21932],[27.59422,47.21945],[27.59416,47.21991],[27.59412,47.22066],[27.59413,47.22098],[27.59419,47.22128],[27.594315,47.22185],[27.59444,47.22242],[27.594595,47.22297],[27.59475,47.22352],[27.59484,47.22373],[27.59486,47.22379],[27.59501,47.2243],[27.59514,47.22468],[27.59518,47.22484],[27.59529,47.22528],[27.59539,47.22589],[27.59554,47.2265],[27.59568,47.227],[27.59592,47.22776],[27.59597,47.22797],[27.59603,47.22818],[27.59613,47.22863],[27.59618,47.22899],[27.5962,47.22943],[27.59627,47.23029],[27.59628,47.23068],[27.59632,47.23144],[27.59638,47.23197],[27.5965,47.23257],[27.59662,47.23317],[27.59679,47.23379],[27.59696,47.23441],[27.59705,47.23481]]},"properties":{"line":"101","dir":"0","mode":"bus"}},{"type":"Feature","geometry":{"type":"LineString","coordinates":[[27.59704,47.2348],[27.59696,47.23441],[27.59679,47.23379],[27.59662,47.23317],[27.5965,47.23257],[27.59638,47.23197],[27.59632,47.23144],[27.59628,47.23068],[27.59627,47.23029],[27.5962,47.22943],[27.59618,47.22899],[27.59613,47.22863],[27.59603,47.2282],[27.59597,47.22823],[27.59603,47.2282],[27.59597,47.22797],[27.59592,47.22776],[27.59568,47.22701],[27.59554,47.2265],[27.59539,47.22589],[27.59529,47.22528],[27.59518,47.22484],[27.59514,47.22468],[27.59501,47.2243],[27.59486,47.22379],[27.59475,47.22352],[27.59471,47.22354],[27.59475,47.22352],[27.594595,47.22297],[27.59444,47.22242],[27.594315,47.22185],[27.59419,47.22128],[27.59413,47.22098],[27.59412,47.22066],[27.59416,47.21991],[27.59422,47.21945],[27.59428,47.21898],[27.59434,47.21851],[27.59425,47.21856],[27.59434,47.21851],[27.59443,47.21777],[27.5945,47.21742],[27.59464,47.21703],[27.59492,47.21642],[27.59515,47.215905],[27.59538,47.21539],[27.59547,47.21514],[27.5955,47.21503],[27.59551,47.21497],[27.59556,47.21491],[27.59562,47.21487],[27.59566,47.21485],[27.59571,47.21483],[27.59623,47.21468],[27.59667,47.21455],[27.5969,47.21448],[27.59713,47.21438],[27.59727,47.21428],[27.59747,47.21413],[27.59766,47.21396],[27.59776,47.2138],[27.5978,47.21358],[27.59782,47.21301],[27.59781,47.21253],[27.5978,47.21239],[27.59779,47.21227],[27.59774,47.21212],[27.59765,47.21199],[27.59756,47.21191],[27.59747,47.21183],[27.59732,47.21174],[27.59717,47.21169],[27.59669,47.21158],[27.59647,47.21154],[27.5961,47.21142],[27.59595,47.21133],[27.59575,47.21121],[27.59546,47.21099],[27.59487,47.21053],[27.5945,47.2102],[27.59399,47.20975],[27.59376,47.2095],[27.5936,47.20925],[27.59349,47.20896],[27.59338,47.20866],[27.5933,47.20841],[27.59326,47.20809],[27.59327,47.20765],[27.59328,47.20705],[27.59326,47.206595],[27.59324,47.20614],[27.59326,47.2059],[27.59332,47.20559],[27.59338,47.20534],[27.59344,47.20507],[27.5936,47.20449],[27.59375,47.2038],[27.59391,47.20322],[27.59398,47.20291],[27.59406,47.20248],[27.5941,47.20187],[27.59412,47.20164],[27.59416,47.20138],[27.59426,47.20114],[27.59436,47.20086],[27.59446,47.20053],[27.594615,47.199755],[27.59477,47.19898],[27.59485,47.19869],[27.59519,47.19816],[27.59549,47.19772],[27.59579,47.19728],[27.59612,47.19679],[27.59641,47.19646],[27.5968,47.19606],[27.59706,47.19579],[27.59738,47.19546],[27.59764,47.19517],[27.5979,47.19483],[27.59804,47.19462],[27.59811,47.19448],[27.59815,47.19436],[27.59821,47.19429],[27.59804,47.19402],[27.59798,47.19394],[27.59789,47.19388],[27.59779,47.19382],[27.5972,47.19364],[27.5971,47.1936],[27.59654,47.19343],[27.5965,47.19342],[27.59642,47.19337],[27.59637,47.1933],[27.59635,47.19325],[27.596615,47.19219],[27.59688,47.19113],[27.59703,47.19059],[27.59716,47.18981],[27.59719,47.1892],[27.597175,47.188495],[27.59716,47.18779],[27.59705,47.187265],[27.59694,47.18674],[27.59685,47.18616],[27.59676,47.18558],[27.59682,47.18497],[27.59697,47.18445],[27.59704,47.18421],[27.59741,47.18286],[27.59778,47.18151],[27.59785,47.18102],[27.59792,47.18053],[27.59795,47.1803],[27.59796,47.18018],[27.59797,47.18012],[27.597995,47.17952],[27.59802,47.17892],[27.59804,47.17859],[27.59808,47.17782],[27.5981,47.17723],[27.59813,47.17659],[27.59816,47.17595],[27.59819,47.17541],[27.59824,47.17507],[27.59826,47.175],[27.59834,47.17475],[27.598635,47.1739],[27.59893,47.17305],[27.59903,47.17277],[27.59911,47.17255],[27.59937,47.17178],[27.5994,47.1717],[27.59958,47.1711],[27.59976,47.1705],[27.59984,47.1702],[27.59985,47.17013],[27.59993,47.16972],[27.59986,47.16903],[27.59985,47.16895],[27.5994,47.16829],[27.59912,47.16811],[27.59875,47.16778],[27.59866,47.16762],[27.59862,47.16756],[27.59859,47.16747],[27.59839,47.16711],[27.59815,47.16665],[27.598,47.16634],[27.59785,47.16632],[27.59745,47.16626],[27.59728,47.16625],[27.59698,47.16628],[27.59694,47.16629],[27.59607,47.16651],[27.59576,47.16666],[27.59529,47.16695],[27.59512,47.16699],[27.59504,47.16701],[27.59482,47.16702],[27.59464,47.167],[27.59453,47.16697],[27.59441,47.16693],[27.59353,47.16657],[27.59337,47.16649],[27.59327,47.16641],[27.59319,47.16631],[27.59312,47.16619],[27.59307,47.1661],[27.59297,47.16584],[27.59287,47.16567],[27.59232,47.16494],[27.59212,47.16503],[27.59196,47.16509],[27.59169,47.1652],[27.59142,47.16529],[27.59122,47.16534],[27.59094,47.16541],[27.59046,47.1655],[27.58978,47.16568],[27.58886,47.1659],[27.5887,47.16594],[27.58867,47.16586],[27.5885,47.16552],[27.58824,47.16491],[27.58821,47.1648],[27.58817,47.16451],[27.58813,47.16426],[27.58815,47.16413],[27.58818,47.16403],[27.58819,47.16401],[27.58832,47.1638],[27.58868,47.1639],[27.58899,47.16398],[27.58924,47.16404],[27.58955,47.16409],[27.58971,47.16411],[27.58999,47.16414],[27.59021,47.16417],[27.59042,47.1642],[27.59049,47.16421],[27.59075,47.16426],[27.59084,47.16427],[27.59098,47.16429]]},"properties":{"line":"101","dir":"1","mode":"bus"}},{"type":"Feature","geometry":{"type":"LineString","coordinates":[[27.59105,47.16429],[27.59132,47.16431],[27.59153,47.1643],[27.59164,47.16427],[27.59175,47.16424],[27.59216,47.16475],[27.59232,47.16494],[27.59287,47.16567],[27.59297,47.16584],[27.59307,47.1661],[27.59312,47.16619],[27.59319,47.16631],[27.59327,47.16641],[27.59337,47.16649],[27.59353,47.16657],[27.59441,47.16693],[27.59453,47.16697],[27.59464,47.167],[27.59482,47.16702],[27.59504,47.16701],[27.59529,47.16695],[27.59576,47.16666],[27.59607,47.16651],[27.59694,47.16629],[27.59728,47.16625],[27.59745,47.16626],[27.59785,47.16632],[27.598,47.16634],[27.59814,47.16632],[27.59828,47.16629],[27.59847,47.16623],[27.59871,47.16613],[27.59914,47.16655],[27.59961,47.167],[27.59993,47.16739],[27.59996,47.16749],[27.599905,47.16802],[27.59985,47.16855],[27.59986,47.16903],[27.59993,47.16972],[27.59985,47.17013],[27.59984,47.1702],[27.59976,47.1705],[27.59958,47.1711],[27.5994,47.1717],[27.59937,47.17178],[27.59911,47.17255],[27.59903,47.17277],[27.59893,47.17306],[27.598635,47.173905],[27.59834,47.17475],[27.59826,47.175],[27.59824,47.17507],[27.59819,47.17541],[27.59816,47.17583],[27.59813,47.17653],[27.5981,47.17723],[27.59808,47.17782],[27.59804,47.17849],[27.59802,47.17892],[27.597995,47.179505],[27.59797,47.18009],[27.59796,47.18018],[27.59795,47.1803],[27.59792,47.18053],[27.59785,47.18102],[27.59778,47.18151],[27.59741,47.18286],[27.59704,47.18421],[27.59697,47.18445],[27.59682,47.18497],[27.59676,47.18531],[27.59685,47.186025],[27.59694,47.18674],[27.59705,47.187265],[27.59716,47.18779],[27.59719,47.18836],[27.597175,47.189085],[27.59716,47.18981],[27.59703,47.19059],[27.59688,47.19113],[27.596615,47.19216],[27.59635,47.19319],[27.59637,47.1933],[27.59642,47.19337],[27.5965,47.19342],[27.59694,47.19355],[27.5971,47.1936],[27.5972,47.19364],[27.59779,47.19382],[27.59789,47.19388],[27.59798,47.19394],[27.59804,47.19402],[27.59821,47.19429],[27.59827,47.19438],[27.59846,47.19469],[27.59858,47.19491],[27.59863,47.19517],[27.59859,47.19539],[27.59852,47.19583],[27.59861,47.19629],[27.59877,47.19659],[27.59893,47.19711],[27.59898,47.19745],[27.59901,47.1979],[27.59903,47.19818],[27.59905,47.19835],[27.59911,47.19843],[27.59922,47.1985],[27.59946,47.19846],[27.59959,47.19837],[27.59976,47.19824],[27.60041,47.19774],[27.60054,47.19772],[27.60064,47.19775],[27.60072,47.19783],[27.60086,47.19817],[27.60089,47.19823],[27.601105,47.19887],[27.60132,47.19951],[27.60153,47.20011],[27.60174,47.20071],[27.60177,47.20077],[27.60182,47.20095],[27.60229,47.20206],[27.60276,47.20317],[27.60298,47.20338],[27.60309,47.20351],[27.60321,47.20356],[27.60329,47.20358]]},"properties":{"line":"102","dir":"0","mode":"bus"}},{"type":"Feature","geometry":{"type":"LineString","coordinates":[[27.60329,47.20358],[27.60321,47.20356],[27.60309,47.20351],[27.60298,47.20338],[27.60276,47.20317],[27.60229,47.20206],[27.60182,47.20095],[27.60181,47.20092],[27.60177,47.20077],[27.601545,47.20014],[27.60132,47.19951],[27.601105,47.19887],[27.60089,47.19823],[27.60088,47.19822],[27.60072,47.19783],[27.60064,47.19775],[27.60054,47.19772],[27.60041,47.19774],[27.59976,47.19824],[27.59959,47.19837],[27.59946,47.19846],[27.59936,47.1985],[27.59911,47.19843],[27.59905,47.19835],[27.59903,47.19818],[27.59901,47.1979],[27.59898,47.19745],[27.59893,47.19711],[27.59877,47.19659],[27.59861,47.19629],[27.59852,47.19607],[27.59859,47.19539],[27.59863,47.19517],[27.59858,47.19491],[27.59846,47.19469],[27.59827,47.19438],[27.59821,47.19429],[27.59804,47.19402],[27.59798,47.19394],[27.59789,47.19388],[27.59779,47.19382],[27.5972,47.19364],[27.5971,47.1936],[27.59654,47.19343],[27.5965,47.19342],[27.59642,47.19337],[27.59637,47.1933],[27.59635,47.19325],[27.596615,47.19219],[27.59688,47.19113],[27.59703,47.19059],[27.59716,47.18981],[27.59719,47.1892],[27.597175,47.188495],[27.59716,47.18779],[27.59705,47.187265],[27.59694,47.18674],[27.59685,47.18616],[27.59676,47.18558],[27.59682,47.18497],[27.59697,47.18445],[27.59704,47.18421],[27.59741,47.18286],[27.59778,47.18151],[27.59785,47.18102],[27.59792,47.18053],[27.59795,47.1803],[27.59796,47.18018],[27.59797,47.18012],[27.597995,47.17952],[27.59802,47.17892],[27.59804,47.17859],[27.59808,47.17782],[27.5981,47.17723],[27.59813,47.17659],[27.59816,47.17595],[27.59819,47.17541],[27.59824,47.17507],[27.59826,47.175],[27.59834,47.17475],[27.598635,47.1739],[27.59893,47.17305],[27.59903,47.17277],[27.59911,47.17255],[27.59937,47.17178],[27.5994,47.1717],[27.59958,47.1711],[27.59976,47.1705],[27.59984,47.1702],[27.59985,47.17013],[27.59993,47.16972],[27.59986,47.16903],[27.59985,47.16895],[27.5994,47.16829],[27.59912,47.16811],[27.59875,47.16778],[27.59866,47.16762],[27.59862,47.16756],[27.59859,47.16747],[27.59839,47.16711],[27.59815,47.16665],[27.598,47.16634],[27.59785,47.16632],[27.59745,47.16626],[27.59728,47.16625],[27.59706,47.16628],[27.59694,47.16629],[27.59607,47.16651],[27.59576,47.16666],[27.59529,47.16695],[27.59512,47.16699],[27.59504,47.16701],[27.59482,47.16702],[27.59464,47.167],[27.59453,47.16697],[27.59441,47.16693],[27.59353,47.16657],[27.59337,47.16649],[27.59327,47.16641],[27.59319,47.16631],[27.59312,47.16619],[27.59307,47.1661],[27.59297,47.16584],[27.59287,47.16567],[27.59232,47.16494],[27.59223,47.16498],[27.59196,47.16509],[27.59169,47.1652],[27.59142,47.16529],[27.59122,47.16534],[27.59094,47.16541],[27.59046,47.1655],[27.58978,47.16568],[27.58886,47.1659],[27.5887,47.16594],[27.58867,47.16586],[27.5885,47.16552],[27.58824,47.16491],[27.58821,47.1648],[27.58819,47.16464],[27.58813,47.16426],[27.58815,47.16413],[27.58818,47.16403],[27.58819,47.16401],[27.58832,47.1638],[27.58868,47.1639],[27.58899,47.16398],[27.58924,47.16404],[27.58955,47.16409],[27.58971,47.16411],[27.58999,47.16414],[27.59021,47.16417],[27.59042,47.1642],[27.59049,47.16421],[27.59075,47.16426],[27.59084,47.16427],[27.59098,47.16429]]},"properties":{"line":"102","dir":"1","mode":"bus"}},{"type":"Feature","geometry":{"type":"LineString","coordinates":[[27.59105,47.16427],[27.5912,47.16429],[27.5913,47.1643],[27.59157,47.16427],[27.59174,47.1642],[27.59175,47.16421],[27.59181,47.16428],[27.59214,47.16472],[27.59228,47.1649],[27.59262,47.16534],[27.59286,47.16565],[27.59295,47.16577],[27.593,47.1659],[27.59309,47.16615],[27.59314,47.16624],[27.59318,47.1663],[27.59323,47.16636],[27.5933,47.16642],[27.5934,47.16648],[27.59353,47.16656],[27.59383,47.16671],[27.59419,47.16684],[27.59439,47.16691],[27.5946,47.16698],[27.59464,47.16699],[27.5947,47.167],[27.59489,47.16699],[27.59504,47.16697],[27.5952,47.16693],[27.5953,47.16689],[27.59552,47.16709],[27.59668,47.16725],[27.59702,47.16731],[27.59789,47.16748],[27.59844,47.16758],[27.59867,47.16762],[27.59876,47.1676],[27.59895,47.16759],[27.5992,47.16758],[27.59995,47.16761],[27.59996,47.16752],[27.59995,47.16761],[27.59986,47.16851],[27.59985,47.16887],[27.59986,47.169],[27.5999,47.16937],[27.59992,47.1697],[27.59989,47.16992],[27.59985,47.17011],[27.59984,47.17016],[27.5998,47.17036],[27.59979,47.17042],[27.59959,47.17115],[27.59941,47.17168],[27.59939,47.17173],[27.59913,47.17254],[27.59906,47.17275],[27.59896,47.17306],[27.59887,47.17334],[27.59881,47.17355],[27.59876,47.17371],[27.59842,47.17449],[27.59833,47.17475],[27.59823,47.17496],[27.59822,47.17506],[27.59818,47.17538],[27.59813,47.17585],[27.59812,47.17592],[27.5981,47.17659],[27.59808,47.17723],[27.59807,47.17782],[27.59805,47.17849],[27.59803,47.17892],[27.598015,47.179425],[27.598,47.17993],[27.59798,47.18013],[27.59797,47.1803],[27.59794,47.18054],[27.59789,47.18084],[27.5978,47.18136],[27.59778,47.18151],[27.597605,47.182185],[27.59743,47.18286],[27.597235,47.183535],[27.59704,47.18421],[27.59697,47.18445],[27.59682,47.18497],[27.59676,47.18531],[27.59685,47.186025],[27.59694,47.18674],[27.59705,47.187265],[27.59716,47.18779],[27.59719,47.18836],[27.597175,47.18908],[27.59716,47.1898],[27.5971,47.19022],[27.59704,47.19058],[27.59687,47.19113],[27.59673,47.19164],[27.59659,47.19215],[27.59642,47.19272],[27.59633,47.19313],[27.59586,47.19337],[27.59583,47.19339],[27.59553,47.19354],[27.59533,47.19365],[27.5952,47.19374],[27.59509,47.19387],[27.59471,47.19449],[27.594405,47.19501],[27.5941,47.19553],[27.5938,47.19607],[27.5935,47.19661],[27.59294,47.197535],[27.59238,47.19846],[27.59205,47.19894],[27.59172,47.19942],[27.59142,47.1999],[27.59119,47.20025],[27.59108,47.20037],[27.59093,47.2005],[27.59079,47.20059],[27.5906,47.20069],[27.59034,47.20086],[27.59013,47.20098],[27.5895,47.2013],[27.58943,47.20134],[27.58901,47.20156],[27.58865,47.20181],[27.58829,47.20209],[27.58797,47.20233],[27.58779,47.20251],[27.5876,47.20272],[27.58738,47.20302],[27.5873,47.20315],[27.58729,47.20323],[27.58728,47.20329],[27.58733,47.2036],[27.58732,47.20379],[27.5873,47.20387],[27.58727,47.20396]]},"properties":{"line":"103","dir":"0","mode":"bus"}},{"type":"Feature","geometry":{"type":"LineString","coordinates":[[27.58727,47.20396],[27.5873,47.20387],[27.58732,47.20379],[27.58733,47.2036],[27.58728,47.20329],[27.58729,47.20323],[27.5873,47.20315],[27.58738,47.20302],[27.5876,47.20272],[27.58779,47.20251],[27.58797,47.20233],[27.58829,47.20209],[27.58865,47.20181],[27.58901,47.20156],[27.58943,47.20134],[27.58949,47.20131],[27.59013,47.20098],[27.59034,47.20086],[27.5906,47.20069],[27.59079,47.20059],[27.59093,47.2005],[27.59108,47.20037],[27.59119,47.20025],[27.59142,47.1999],[27.59172,47.19942],[27.59205,47.19894],[27.59238,47.19846],[27.59294,47.197535],[27.5935,47.19661],[27.5938,47.19607],[27.5941,47.19553],[27.594405,47.19501],[27.59471,47.19449],[27.59509,47.19387],[27.5952,47.19374],[27.59533,47.19365],[27.59553,47.19354],[27.59583,47.19339],[27.59587,47.19337],[27.59633,47.19313],[27.59642,47.19272],[27.59659,47.19215],[27.59673,47.19164],[27.59687,47.19113],[27.59704,47.19058],[27.5971,47.19022],[27.59716,47.1898],[27.59719,47.1892],[27.597175,47.188495],[27.59716,47.18779],[27.59705,47.187265],[27.59694,47.18674],[27.59685,47.18616],[27.59676,47.18558],[27.59682,47.18497],[27.59697,47.18445],[27.59704,47.18421],[27.597235,47.183535],[27.59743,47.18286],[27.597605,47.182185],[27.59778,47.18151],[27.5978,47.18136],[27.59789,47.18084],[27.59794,47.18054],[27.59797,47.1803],[27.59798,47.18018],[27.598,47.17993],[27.598015,47.179425],[27.59803,47.17892],[27.59805,47.17858],[27.59807,47.17782],[27.59808,47.17723],[27.5981,47.17659],[27.59812,47.17608],[27.59813,47.17585],[27.59818,47.17538],[27.59822,47.17506],[27.59823,47.17496],[27.59833,47.17475],[27.59842,47.17449],[27.59876,47.17371],[27.59881,47.17355],[27.59887,47.17334],[27.59896,47.17306],[27.59906,47.17275],[27.59913,47.17254],[27.59939,47.17173],[27.59941,47.17168],[27.59959,47.17115],[27.59979,47.17042],[27.5998,47.17036],[27.59984,47.17016],[27.59985,47.17011],[27.59989,47.16992],[27.59992,47.1697],[27.5999,47.16937],[27.59986,47.169],[27.59985,47.16893],[27.59986,47.16851],[27.59942,47.16826],[27.59911,47.16808],[27.59874,47.16775],[27.59867,47.16762],[27.59863,47.1675],[27.59858,47.1674],[27.59843,47.1671],[27.59818,47.16663],[27.59805,47.16636],[27.59802,47.16632],[27.59782,47.16631],[27.59755,47.16628],[27.59745,47.16627],[27.59736,47.16626],[27.59724,47.16625],[27.59699,47.16627],[27.5968,47.1663],[27.59658,47.16635],[27.59639,47.1664],[27.59617,47.16646],[27.59602,47.16652],[27.5959,47.16657],[27.5953,47.16689],[27.5952,47.16693],[27.5951,47.16696],[27.59504,47.16697],[27.59489,47.16699],[27.59474,47.167],[27.5946,47.16698],[27.59439,47.16691],[27.59419,47.16684],[27.59383,47.16671],[27.59353,47.16656],[27.5934,47.16648],[27.5933,47.16642],[27.59323,47.16636],[27.59318,47.1663],[27.59314,47.16624],[27.59309,47.16615],[27.593,47.1659],[27.59295,47.16577],[27.59286,47.16565],[27.59262,47.16534],[27.59231,47.16495],[27.59228,47.1649],[27.59216,47.16495],[27.59191,47.16505],[27.59173,47.16513],[27.59145,47.16523],[27.5911,47.16532],[27.59077,47.16541],[27.5907,47.16543],[27.59042,47.16549],[27.59056,47.1653],[27.59105,47.16456],[27.59111,47.16446],[27.59119,47.16438],[27.59125,47.16434],[27.59134,47.16432],[27.59144,47.1643],[27.5912,47.16429],[27.59105,47.16427]]},"properties":{"line":"103","dir":"1","mode":"bus"}},{"type":"Feature","geometry":{"type":"LineString","coordinates":[[27.60329,47.20358],[27.60334,47.20359],[27.60336,47.2036],[27.60358,47.20367],[27.60372,47.20371],[27.60401,47.2038],[27.6041,47.20384],[27.60457,47.20403],[27.60502,47.20425],[27.60527,47.20439],[27.605815,47.204705],[27.60636,47.20502],[27.60732,47.205565],[27.60828,47.20611],[27.60856,47.20627],[27.60875,47.2064],[27.609,47.20662],[27.60916,47.20682],[27.60927,47.20702],[27.60956,47.20755],[27.60973,47.20786],[27.60985,47.20804],[27.60998,47.20819],[27.61017,47.20834],[27.61032,47.20848],[27.61043,47.20856],[27.61033,47.20859],[27.61043,47.20856],[27.61055,47.20861],[27.61069,47.20866],[27.61082,47.20869],[27.61092,47.2087],[27.61109,47.20868],[27.6112,47.20865],[27.61181,47.20852],[27.61216,47.20846],[27.6124,47.20843],[27.61269,47.20842],[27.61308,47.20843],[27.61351,47.20848],[27.61396,47.20858],[27.61418,47.20863],[27.6153,47.20891],[27.61587,47.20903],[27.61632,47.2091],[27.61723,47.2092],[27.618,47.20925],[27.6182,47.20927],[27.61833,47.20931],[27.61843,47.20939],[27.61849,47.20947],[27.61858,47.20966],[27.61884,47.21024],[27.61891,47.21039],[27.61899,47.21051],[27.61909,47.21062],[27.61917,47.21069],[27.61921,47.2107],[27.61938,47.21076],[27.61954,47.2108],[27.6197,47.21082],[27.61986,47.21083],[27.62059,47.21085],[27.62083,47.21088],[27.62102,47.21091],[27.62136,47.21101],[27.62198,47.21124],[27.6226,47.21147],[27.62351,47.2118],[27.62423,47.21204],[27.62476,47.2122],[27.62509,47.2123],[27.62556,47.21243],[27.62594,47.2125],[27.62623,47.21254],[27.62646,47.21256],[27.62679,47.21258],[27.6275,47.21259],[27.62769,47.21261],[27.62783,47.21264],[27.62804,47.21275],[27.6284,47.21297],[27.62903,47.21341],[27.62966,47.21385],[27.62987,47.21406],[27.63001,47.21429],[27.6301,47.21442],[27.63018,47.21458],[27.63029,47.21481],[27.63027,47.21514],[27.63021,47.21534],[27.63006,47.2159],[27.62994,47.21676],[27.62996,47.21694],[27.62999,47.21705],[27.63004,47.21715],[27.63011,47.2172],[27.63023,47.21728],[27.63037,47.21734],[27.63054,47.21741],[27.63076,47.21752],[27.63106,47.21764],[27.6314,47.21777],[27.63217,47.21803],[27.63306,47.21835],[27.63368,47.21857],[27.63396,47.21867],[27.63413,47.21872],[27.63448,47.21878],[27.63485,47.21882],[27.6351,47.21884],[27.63607,47.2189],[27.63698,47.21894],[27.63712,47.21896],[27.6372,47.21899],[27.63727,47.21903],[27.63731,47.21907],[27.63734,47.21911],[27.63739,47.21917],[27.63746,47.21928],[27.63753,47.21942],[27.63754,47.21945],[27.63761,47.2196],[27.63768,47.21979],[27.63772,47.21988],[27.63776,47.21997],[27.63779,47.22005],[27.63776,47.22026],[27.63772,47.22036],[27.6376,47.22054],[27.63754,47.22063],[27.63735,47.22099],[27.63713,47.22132],[27.637,47.22158],[27.63694,47.22171],[27.63689,47.22182],[27.63681,47.22205],[27.63679,47.22215],[27.63678,47.22224],[27.63679,47.22234],[27.6368,47.22244],[27.63683,47.22264],[27.63692,47.22309],[27.63696,47.22323],[27.63702,47.22338],[27.63703,47.22341],[27.63707,47.22349],[27.63712,47.22358],[27.63716,47.22364],[27.6372,47.22367],[27.63733,47.2238],[27.63753,47.22394],[27.63767,47.22404],[27.63776,47.22412],[27.63783,47.22417],[27.63785,47.2242],[27.63787,47.22421],[27.6379,47.22424],[27.63792,47.22425]]},"properties":{"line":"104","dir":"0","mode":"bus"}},{"type":"Feature","geometry":{"type":"LineString","coordinates":[[27.6379,47.22424],[27.63787,47.22421],[27.63785,47.2242],[27.63783,47.22417],[27.63776,47.22412],[27.63767,47.22404],[27.63753,47.22394],[27.63733,47.2238],[27.6372,47.22367],[27.63716,47.22364],[27.63712,47.22358],[27.63707,47.22349],[27.63703,47.22341],[27.63702,47.22338],[27.63696,47.22323],[27.63692,47.22309],[27.63683,47.22264],[27.6368,47.22244],[27.63679,47.22234],[27.63678,47.22224],[27.63679,47.22215],[27.63681,47.22205],[27.63689,47.22182],[27.63694,47.22171],[27.637,47.22158],[27.63713,47.22132],[27.63735,47.22099],[27.63754,47.22063],[27.6376,47.22054],[27.63772,47.22036],[27.63776,47.22026],[27.63779,47.22015],[27.63776,47.21997],[27.63772,47.21988],[27.63768,47.21979],[27.63761,47.2196],[27.63754,47.21945],[27.63753,47.21942],[27.63746,47.21928],[27.63739,47.21917],[27.63734,47.21911],[27.63731,47.21907],[27.63727,47.21903],[27.6372,47.21899],[27.63712,47.21896],[27.63698,47.21894],[27.63607,47.2189],[27.6351,47.21884],[27.63485,47.21882],[27.63448,47.21878],[27.63413,47.21872],[27.63396,47.21867],[27.63368,47.21857],[27.63306,47.21835],[27.63217,47.21803],[27.6314,47.21777],[27.63106,47.21764],[27.63076,47.21752],[27.63054,47.21741],[27.63037,47.21734],[27.63023,47.21728],[27.63011,47.2172],[27.63004,47.21715],[27.62999,47.21705],[27.62996,47.21694],[27.62994,47.21676],[27.63006,47.2159],[27.63021,47.21534],[27.63027,47.21514],[27.63029,47.21496],[27.63018,47.21458],[27.6301,47.21442],[27.63001,47.21429],[27.62987,47.21406],[27.62966,47.21385],[27.62903,47.21341],[27.6284,47.21297],[27.62804,47.21275],[27.62783,47.21264],[27.62769,47.21261],[27.6275,47.21259],[27.62691,47.21258],[27.62646,47.21256],[27.62623,47.21254],[27.62594,47.2125],[27.62556,47.21243],[27.62509,47.2123],[27.62476,47.2122],[27.62423,47.21204],[27.62351,47.2118],[27.6226,47.21147],[27.62198,47.21124],[27.62136,47.21101],[27.62102,47.21091],[27.62083,47.21088],[27.62059,47.21085],[27.62005,47.21083],[27.6197,47.21082],[27.61954,47.2108],[27.61938,47.21076],[27.61921,47.2107],[27.61917,47.21069],[27.61909,47.21062],[27.61899,47.21051],[27.61891,47.21039],[27.61884,47.21024],[27.61858,47.20966],[27.61849,47.20947],[27.61843,47.20939],[27.61833,47.20931],[27.6182,47.20927],[27.618,47.20925],[27.61723,47.2092],[27.61632,47.2091],[27.61587,47.20903],[27.6153,47.20891],[27.61418,47.20863],[27.61396,47.20858],[27.61351,47.20848],[27.61308,47.20843],[27.61269,47.20842],[27.6124,47.20843],[27.61216,47.20846],[27.61181,47.20852],[27.6112,47.20865],[27.61109,47.20868],[27.611,47.2087],[27.61082,47.20869],[27.61069,47.20866],[27.61055,47.20861],[27.61043,47.20856],[27.61033,47.20859],[27.61043,47.20856],[27.61032,47.20848],[27.61017,47.20834],[27.60998,47.20819],[27.60985,47.20804],[27.60973,47.20786],[27.60956,47.20755],[27.60927,47.20702],[27.60916,47.20682],[27.609,47.20662],[27.60875,47.2064],[27.60856,47.20627],[27.60828,47.20611],[27.60732,47.205565],[27.60636,47.20502],[27.605815,47.204705],[27.60527,47.20439],[27.60502,47.20425],[27.60457,47.20403],[27.6041,47.20384],[27.60401,47.2038],[27.60372,47.20371],[27.60358,47.20367],[27.60336,47.2036],[27.60334,47.20359],[27.60329,47.20358]]},"properties":{"line":"104","dir":"1","mode":"bus"}},{"type":"Feature","geometry":{"type":"LineString","coordinates":[[27.58825,47.15053],[27.58853,47.1503],[27.58865,47.15021],[27.58879,47.15009],[27.589,47.14993],[27.58915,47.14981],[27.58942,47.14959],[27.59006,47.14908],[27.5901,47.14905],[27.59026,47.14893],[27.59081,47.14848],[27.59131,47.14808],[27.59176,47.14772],[27.59209,47.14746],[27.59288,47.14678],[27.59275,47.14672],[27.59288,47.14678],[27.59296,47.14671],[27.59346,47.14626],[27.59355,47.14617],[27.59374,47.14597],[27.5938,47.14587],[27.59382,47.14581],[27.59383,47.14579],[27.59387,47.14577],[27.59394,47.14574],[27.59405,47.14569],[27.59421,47.14558],[27.59452,47.14537],[27.5946,47.14531],[27.59547,47.14465],[27.59598,47.14428],[27.59649,47.14391],[27.59658,47.14385],[27.597695,47.14309],[27.59881,47.14233],[27.59899,47.14221],[27.59913,47.14211],[27.59919,47.14208],[27.59933,47.14198],[27.59961,47.1418],[27.59978,47.14168],[27.60022,47.14138],[27.60038,47.14127],[27.601,47.14085],[27.60138,47.1406],[27.60149,47.14052],[27.60362,47.1391],[27.60575,47.13768],[27.60581,47.13763],[27.60627,47.13732],[27.60651,47.13715],[27.60683,47.13693],[27.60763,47.13639],[27.60776,47.13628],[27.60818,47.13601],[27.60842,47.13585],[27.6085,47.1358],[27.60854,47.13578],[27.60884,47.13557],[27.60901,47.13546],[27.6093,47.13526],[27.6097,47.135],[27.60982,47.13492],[27.60999,47.1348],[27.61005,47.13476],[27.61027,47.13462],[27.61032,47.13458],[27.61072,47.1343],[27.61092,47.13418],[27.61145,47.13383],[27.61198,47.13345],[27.61239,47.13317],[27.61261,47.13295],[27.61275,47.13277],[27.61285,47.13263],[27.61291,47.13251],[27.61309,47.132025],[27.61327,47.13154],[27.61349,47.13115],[27.61371,47.13088],[27.61383,47.13073],[27.61385,47.1307],[27.61394,47.13059],[27.61407,47.13043],[27.61423,47.13023],[27.61485,47.12946],[27.61541,47.12883],[27.6155,47.12871],[27.61587,47.12827],[27.61607,47.12805],[27.61626,47.12783],[27.61636,47.12772],[27.61649,47.12757],[27.6165,47.12756],[27.61688,47.12709],[27.61696,47.127],[27.61709,47.12686],[27.61732,47.12668],[27.61761,47.12648],[27.61806,47.1262],[27.61866,47.12585],[27.61898,47.12566],[27.61997,47.12507],[27.62056,47.12474],[27.62115,47.12441],[27.6212,47.12438],[27.62149,47.12421],[27.62169,47.12409],[27.62206,47.12388],[27.62216,47.12383],[27.62238,47.1237],[27.62244,47.12367],[27.62274,47.12349],[27.62306,47.1233],[27.62323,47.12315],[27.62392,47.12251],[27.62436,47.12207],[27.62463,47.12183],[27.62525,47.12139],[27.62566,47.1211],[27.62579,47.12101],[27.62626,47.12066],[27.62656,47.12051],[27.62687,47.12038],[27.62746,47.12013],[27.62805,47.11988],[27.62896,47.11949],[27.62965,47.11915],[27.62977,47.11909],[27.62992,47.11901],[27.63016,47.11888],[27.63056,47.11866],[27.63082,47.1185],[27.63111,47.11834],[27.63148,47.11811],[27.63169,47.11782],[27.63185,47.11745],[27.63204,47.11687],[27.63201,47.11678],[27.63199,47.11668],[27.63208,47.11636],[27.63218,47.11632],[27.63221,47.11616],[27.63224,47.11602],[27.63228,47.11583],[27.63239,47.11534],[27.63249,47.11506],[27.6326,47.11482],[27.632875,47.11431],[27.63315,47.1138],[27.63336,47.11311],[27.63378,47.11246],[27.634065,47.112025],[27.63435,47.11159],[27.63452,47.11136],[27.63473,47.1112],[27.63509,47.11101],[27.63579,47.11053],[27.63647,47.11007],[27.63724,47.10961],[27.63766,47.10934],[27.63792,47.10903],[27.6381,47.10875],[27.63845,47.10828],[27.63875,47.10783],[27.63901,47.10728],[27.63904,47.10725],[27.6391,47.10716],[27.6392,47.10707],[27.63938,47.10693],[27.63961,47.10679],[27.6401,47.10648],[27.64058,47.106135],[27.64106,47.10579],[27.64141,47.10549],[27.64181,47.10521],[27.64213,47.10507],[27.64267,47.10493],[27.6434,47.10472],[27.64423,47.10442],[27.64452,47.10426],[27.64469,47.10413],[27.64474,47.10409],[27.645,47.1038],[27.64563,47.10299],[27.64626,47.10218],[27.64637,47.10205],[27.64651,47.10193],[27.64665,47.10186],[27.6468,47.1018],[27.64712,47.10171],[27.64793,47.10148],[27.64828,47.10136],[27.64843,47.10127],[27.64856,47.10116],[27.64889,47.10083],[27.64927,47.10044],[27.64942,47.10018],[27.64955,47.09993],[27.64963,47.09973],[27.64986,47.09911],[27.65007,47.09853],[27.65008,47.09829],[27.64994,47.09776],[27.6499,47.09753],[27.64991,47.0973],[27.64993,47.09704],[27.65006,47.09662],[27.6502,47.09614],[27.65037,47.09553],[27.6505,47.09529],[27.65067,47.09502],[27.65096,47.09459],[27.6511,47.09435],[27.65111,47.09432],[27.65114,47.09426],[27.65117,47.09418],[27.65118,47.09404],[27.65111,47.09395],[27.6509,47.09378],[27.65073,47.09374],[27.65038,47.09366],[27.64948,47.09346],[27.64827,47.09325],[27.64746,47.09311],[27.64626,47.09293],[27.64495,47.09283],[27.64466,47.09276],[27.6445,47.09266],[27.64444,47.09252],[27.64442,47.09236],[27.64446,47.09227],[27.64449,47.09219],[27.64462,47.09206],[27.64489,47.09198],[27.6456,47.092],[27.64598,47.09203],[27.64686,47.09197],[27.6476,47.09175],[27.64874,47.09147],[27.64918,47.09132],[27.64947,47.09115],[27.64994,47.09084],[27.65002,47.09077],[27.65012,47.0907],[27.65017,47.09067],[27.65041,47.09054],[27.65073,47.09045],[27.65119,47.09042],[27.65224,47.09044],[27.65251,47.09045],[27.6533,47.09042],[27.6541,47.09034],[27.65435,47.09031],[27.65456,47.09027],[27.65471,47.09023],[27.65483,47.09015],[27.65495,47.09001],[27.65501,47.08984],[27.65502,47.08973],[27.65497,47.08962],[27.65487,47.08945],[27.65495,47.08943],[27.65505,47.08941],[27.65513,47.08942],[27.65626,47.08962],[27.6564,47.08966],[27.65708,47.08992],[27.65753,47.09011],[27.65804,47.09032],[27.65842,47.0905],[27.65858,47.09062],[27.65872,47.09074],[27.65879,47.09083],[27.65887,47.09096],[27.65894,47.09109],[27.65901,47.09134],[27.65911,47.09158],[27.65935,47.09188],[27.65956,47.09211],[27.65965,47.09223],[27.65974,47.09243],[27.65981,47.09263],[27.66001,47.093175],[27.66021,47.09372],[27.660595,47.094165],[27.66098,47.09461],[27.6613,47.09537],[27.66142,47.09554],[27.66165,47.09563],[27.66243,47.09611],[27.66265,47.09634],[27.66266,47.09649],[27.662485,47.097035],[27.66231,47.09758],[27.66181,47.09833],[27.66162,47.09881],[27.66155,47.09911],[27.66156,47.09972],[27.6616,47.10017],[27.66153,47.10062],[27.66149,47.10068],[27.66144,47.10077],[27.6614,47.10104],[27.66148,47.10114],[27.66163,47.10126],[27.66185,47.10139],[27.66217,47.10147],[27.66234,47.10155],[27.66328,47.1021],[27.663775,47.102445],[27.66427,47.10279],[27.6647,47.10312]]},"properties":{"line":"202","dir":"0","mode":"bus"}},{"type":"Feature","geometry":{"type":"LineString","coordinates":[[27.6647,47.10312],[27.66427,47.10279],[27.663775,47.102445],[27.66328,47.1021],[27.66234,47.10155],[27.66217,47.10147],[27.66185,47.10139],[27.66163,47.10126],[27.66148,47.10114],[27.6614,47.10104],[27.66144,47.10077],[27.66149,47.10068],[27.66153,47.10062],[27.6616,47.10052],[27.66156,47.09972],[27.66155,47.09932],[27.66162,47.09881],[27.66181,47.09833],[27.66231,47.09758],[27.662475,47.097075],[27.66264,47.09657],[27.66266,47.09649],[27.66265,47.09634],[27.66243,47.09611],[27.66165,47.09563],[27.66142,47.09554],[27.6613,47.09537],[27.66098,47.09461],[27.660595,47.094165],[27.66021,47.09372],[27.66001,47.093175],[27.65981,47.09263],[27.65974,47.09243],[27.65965,47.09223],[27.65956,47.09211],[27.65935,47.09188],[27.65911,47.09158],[27.65901,47.09134],[27.65894,47.09109],[27.65887,47.09096],[27.65879,47.09083],[27.65872,47.09074],[27.65858,47.09062],[27.65842,47.0905],[27.65804,47.09032],[27.65753,47.09011],[27.65708,47.08992],[27.6564,47.08966],[27.65626,47.08962],[27.65505,47.08941],[27.65501,47.08942],[27.65495,47.08943],[27.65487,47.08945],[27.65497,47.08962],[27.65502,47.08973],[27.65501,47.08984],[27.65495,47.09001],[27.65483,47.09015],[27.65471,47.09023],[27.65456,47.09027],[27.65435,47.09031],[27.6541,47.09034],[27.6533,47.09042],[27.65273,47.09045],[27.65224,47.09044],[27.65119,47.09042],[27.65073,47.09045],[27.65041,47.09054],[27.65017,47.09067],[27.65002,47.09077],[27.64994,47.09084],[27.65,47.09086],[27.64994,47.09084],[27.64947,47.09115],[27.64918,47.09132],[27.64874,47.09147],[27.6476,47.09175],[27.64686,47.09197],[27.64654,47.09201],[27.6464,47.09203],[27.6456,47.092],[27.64524,47.09198],[27.64462,47.09206],[27.64449,47.09219],[27.64442,47.09236],[27.64444,47.09252],[27.6445,47.09266],[27.64466,47.09276],[27.64495,47.09283],[27.64626,47.09293],[27.64746,47.09311],[27.64827,47.09325],[27.64948,47.09346],[27.65038,47.09366],[27.65073,47.09374],[27.6509,47.09378],[27.65111,47.09395],[27.65118,47.09404],[27.65117,47.09418],[27.65114,47.09426],[27.65112,47.09431],[27.6511,47.09435],[27.65096,47.09459],[27.65067,47.09502],[27.6505,47.09529],[27.65037,47.09553],[27.6502,47.09614],[27.65006,47.09662],[27.64993,47.09704],[27.64991,47.0973],[27.6499,47.09753],[27.64994,47.09776],[27.65008,47.09829],[27.65007,47.09853],[27.64986,47.09911],[27.64955,47.09993],[27.64948,47.10008],[27.64942,47.10018],[27.64927,47.10044],[27.64889,47.10083],[27.64856,47.10116],[27.64843,47.10127],[27.64828,47.10136],[27.64793,47.10148],[27.64712,47.10171],[27.6468,47.1018],[27.64665,47.10186],[27.64651,47.10193],[27.64637,47.10205],[27.64626,47.10218],[27.64563,47.10299],[27.645,47.1038],[27.64474,47.10409],[27.64469,47.10413],[27.64452,47.10426],[27.64423,47.10442],[27.6434,47.10472],[27.64267,47.10493],[27.64213,47.10507],[27.64181,47.10521],[27.64141,47.10549],[27.64106,47.10579],[27.64058,47.106135],[27.6401,47.10648],[27.63961,47.10679],[27.63938,47.10693],[27.6392,47.10707],[27.6391,47.10716],[27.63904,47.10725],[27.63901,47.10728],[27.63875,47.10783],[27.63845,47.10828],[27.6381,47.10875],[27.63792,47.10903],[27.63766,47.10934],[27.63724,47.10961],[27.63647,47.11007],[27.63579,47.11053],[27.63509,47.11101],[27.63473,47.1112],[27.63452,47.11136],[27.63435,47.11159],[27.634065,47.112025],[27.63378,47.11246],[27.63336,47.11311],[27.63315,47.1138],[27.632875,47.11431],[27.6326,47.11482],[27.63249,47.11506],[27.63239,47.11534],[27.63228,47.11583],[27.63224,47.11602],[27.63221,47.11616],[27.63218,47.11632],[27.63211,47.11659],[27.63204,47.11687],[27.63185,47.11745],[27.63169,47.11782],[27.63148,47.11811],[27.63111,47.11834],[27.63082,47.1185],[27.63056,47.11866],[27.62992,47.11901],[27.62981,47.11907],[27.62977,47.11909],[27.62965,47.11915],[27.62896,47.11949],[27.62805,47.11988],[27.62746,47.12013],[27.62687,47.12038],[27.62656,47.12051],[27.62626,47.12066],[27.62579,47.121],[27.62566,47.1211],[27.625145,47.121465],[27.62463,47.12183],[27.62436,47.12207],[27.62392,47.12251],[27.62323,47.12315],[27.62306,47.1233],[27.62274,47.12349],[27.62244,47.12367],[27.62238,47.1237],[27.62206,47.12388],[27.62169,47.12409],[27.62149,47.12421],[27.6212,47.12438],[27.62115,47.12441],[27.6211,47.12444],[27.620535,47.124755],[27.61997,47.12507],[27.61898,47.12566],[27.61866,47.12585],[27.61806,47.1262],[27.61761,47.12648],[27.61732,47.12668],[27.61709,47.12686],[27.61696,47.127],[27.61688,47.12709],[27.61649,47.12757],[27.61636,47.12772],[27.61626,47.12783],[27.61622,47.12788],[27.61607,47.12805],[27.61587,47.12827],[27.6155,47.12871],[27.61541,47.12883],[27.61485,47.12946],[27.61423,47.13023],[27.61407,47.13043],[27.61402,47.13049],[27.61385,47.1307],[27.61383,47.13073],[27.61371,47.13088],[27.61349,47.13115],[27.61327,47.13154],[27.61309,47.132025],[27.61291,47.13251],[27.61285,47.13263],[27.61275,47.13277],[27.61261,47.13295],[27.61239,47.13317],[27.61198,47.13345],[27.61145,47.13383],[27.61092,47.13418],[27.61072,47.1343],[27.61027,47.13462],[27.61005,47.13476],[27.60999,47.1348],[27.60982,47.13492],[27.6097,47.135],[27.6093,47.13526],[27.60935,47.13529],[27.6093,47.13526],[27.60901,47.13546],[27.60884,47.13557],[27.60854,47.13578],[27.6085,47.1358],[27.60842,47.13585],[27.60818,47.13601],[27.60776,47.13628],[27.60763,47.13639],[27.60683,47.13693],[27.60651,47.13715],[27.60627,47.13732],[27.60581,47.13763],[27.60575,47.13768],[27.60362,47.1391],[27.60149,47.14052],[27.60138,47.1406],[27.601,47.14085],[27.60038,47.14127],[27.59978,47.14168],[27.59961,47.1418],[27.59933,47.14198],[27.59928,47.14201],[27.59919,47.14208],[27.59913,47.14211],[27.59899,47.14221],[27.59881,47.14233],[27.597695,47.14309],[27.59658,47.14385],[27.59649,47.14391],[27.59598,47.14428],[27.59547,47.14465],[27.5947,47.14524],[27.5946,47.14531],[27.59452,47.14537],[27.59421,47.14558],[27.59405,47.14569],[27.59394,47.14574],[27.59387,47.14577],[27.59383,47.14579],[27.59382,47.14581],[27.5938,47.14587],[27.59374,47.14597],[27.59355,47.14617],[27.59346,47.14626],[27.59296,47.14671],[27.59288,47.14678],[27.59209,47.14746],[27.59176,47.14772],[27.59131,47.14808],[27.59081,47.14848],[27.59026,47.14893],[27.5901,47.14905],[27.59006,47.14908],[27.58942,47.14959],[27.58915,47.14981],[27.589,47.14993],[27.58879,47.15009],[27.58865,47.15021],[27.58856,47.15028]]},"properties":{"line":"202","dir":"1","mode":"bus"}},{"type":"Feature","geometry":{"type":"LineString","coordinates":[[27.58825,47.15053],[27.58853,47.1503],[27.58865,47.15021],[27.58879,47.15009],[27.589,47.14993],[27.58915,47.14981],[27.58942,47.14959],[27.59006,47.14908],[27.5901,47.14905],[27.59026,47.14893],[27.59081,47.14848],[27.59131,47.14808],[27.59176,47.14772],[27.59209,47.14746],[27.59288,47.14678],[27.59275,47.14672],[27.59288,47.14678],[27.59296,47.14671],[27.59346,47.14626],[27.59355,47.14617],[27.59374,47.14597],[27.5938,47.14587],[27.59382,47.14581],[27.59383,47.14579],[27.59387,47.14577],[27.59394,47.14574],[27.59405,47.14569],[27.59421,47.14558],[27.59452,47.14537],[27.5946,47.14531],[27.59547,47.14465],[27.59598,47.14428],[27.59649,47.14391],[27.59658,47.14385],[27.597695,47.14309],[27.59881,47.14233],[27.59899,47.14221],[27.59913,47.14211],[27.59919,47.14208],[27.59933,47.14198],[27.59961,47.1418],[27.59978,47.14168],[27.60022,47.14138],[27.60038,47.14127],[27.601,47.14085],[27.60138,47.1406],[27.60149,47.14052],[27.60362,47.1391],[27.60575,47.13768],[27.60581,47.13763],[27.60627,47.13732],[27.60651,47.13715],[27.60683,47.13693],[27.60763,47.13639],[27.60776,47.13628],[27.60818,47.13601],[27.60842,47.13585],[27.6085,47.1358],[27.60854,47.13578],[27.60884,47.13557],[27.60901,47.13546],[27.6093,47.13526],[27.6097,47.135],[27.60982,47.13492],[27.60999,47.1348],[27.60995,47.13477],[27.60992,47.13473],[27.6099,47.13468],[27.60988,47.13463],[27.60989,47.13458],[27.60999,47.13425],[27.61004,47.13406],[27.61016,47.13386],[27.61022,47.13377],[27.6103,47.13368],[27.610735,47.13328],[27.61117,47.13288],[27.61135,47.13268],[27.61145,47.13254],[27.61154,47.13237],[27.61157,47.1323],[27.61156,47.13223],[27.61155,47.13216],[27.61151,47.13209],[27.6114,47.13201],[27.61124,47.13193],[27.61116,47.13188],[27.61042,47.1315],[27.60968,47.13112],[27.60898,47.13078],[27.6085,47.13055],[27.60843,47.13051],[27.60807,47.13037],[27.60712,47.13004],[27.60688,47.12998],[27.60674,47.12995],[27.60629,47.1299],[27.60612,47.12987],[27.6059,47.12976],[27.60586,47.12974],[27.60575,47.12967],[27.60528,47.1292],[27.6049,47.12879],[27.60463,47.12854],[27.60431,47.12822],[27.60414,47.12795],[27.60404,47.12745],[27.60402,47.12739],[27.60394,47.12721],[27.60386,47.12709],[27.60379,47.12701],[27.60353,47.12676],[27.60332,47.12656],[27.60287,47.12609],[27.60237,47.1256],[27.60198,47.12515],[27.60194,47.12517],[27.60198,47.12515],[27.60173,47.12487],[27.60133,47.12435],[27.60117,47.12411],[27.60095,47.12367],[27.60063,47.12289],[27.60053,47.12247],[27.60044,47.12162],[27.60036,47.12163],[27.60044,47.12162],[27.60043,47.12142],[27.60041,47.1212],[27.60036,47.12067],[27.60038,47.12027],[27.60042,47.12024],[27.60048,47.12019],[27.60057,47.12016],[27.60068,47.12014],[27.60082,47.12012],[27.601,47.12009],[27.60121,47.12002],[27.60138,47.11995],[27.60148,47.11988],[27.60153,47.11981],[27.601685,47.119335],[27.60184,47.11886],[27.602225,47.11772],[27.60261,47.11658],[27.60286,47.11576],[27.60311,47.11494]]},"properties":{"line":"203","dir":"0","mode":"bus"}},{"type":"Feature","geometry":{"type":"LineString","coordinates":[[27.60312,47.1149],[27.602865,47.11574],[27.60261,47.11658],[27.602315,47.117455],[27.60202,47.11833],[27.601775,47.11907],[27.60153,47.11981],[27.60148,47.11988],[27.60138,47.11995],[27.60121,47.12002],[27.601,47.12009],[27.60082,47.12012],[27.60068,47.12014],[27.60057,47.12016],[27.60048,47.12019],[27.60042,47.12024],[27.60038,47.12027],[27.60036,47.12033],[27.60041,47.1212],[27.60043,47.12142],[27.60044,47.12151],[27.600485,47.12199],[27.60053,47.12247],[27.60063,47.12289],[27.60095,47.12367],[27.60117,47.12411],[27.60133,47.12435],[27.60173,47.12487],[27.60195,47.12512],[27.60198,47.12515],[27.60237,47.1256],[27.60287,47.12609],[27.60332,47.12656],[27.60353,47.12676],[27.60379,47.12701],[27.60386,47.12709],[27.60394,47.12721],[27.60402,47.12739],[27.60404,47.12745],[27.60414,47.12795],[27.60431,47.12822],[27.60463,47.12854],[27.6049,47.12879],[27.60528,47.1292],[27.60575,47.12967],[27.60589,47.12976],[27.60612,47.12987],[27.60629,47.1299],[27.60674,47.12995],[27.60688,47.12998],[27.60712,47.13004],[27.60807,47.13037],[27.60843,47.13051],[27.6085,47.13055],[27.60898,47.13078],[27.60968,47.13112],[27.61042,47.1315],[27.61116,47.13188],[27.61124,47.13193],[27.6114,47.13201],[27.61151,47.13209],[27.61155,47.13216],[27.61156,47.13223],[27.61157,47.1323],[27.61154,47.13237],[27.61145,47.13254],[27.61135,47.13268],[27.61117,47.13288],[27.610735,47.13328],[27.6103,47.13368],[27.61022,47.13377],[27.61016,47.13386],[27.61004,47.13406],[27.60999,47.13425],[27.60989,47.13458],[27.60988,47.13463],[27.6099,47.13468],[27.60992,47.13473],[27.60995,47.13477],[27.60999,47.1348],[27.60982,47.13492],[27.6097,47.135],[27.6093,47.13526],[27.60935,47.13529],[27.6093,47.13526],[27.60901,47.13546],[27.60884,47.13557],[27.60854,47.13578],[27.6085,47.1358],[27.60842,47.13585],[27.60818,47.13601],[27.60776,47.13628],[27.60763,47.13639],[27.60683,47.13693],[27.60651,47.13715],[27.60627,47.13732],[27.60581,47.13763],[27.60575,47.13768],[27.60362,47.1391],[27.60149,47.14052],[27.60138,47.1406],[27.601,47.14085],[27.60038,47.14127],[27.59978,47.14168],[27.59961,47.1418],[27.59933,47.14198],[27.59928,47.14201],[27.59919,47.14208],[27.59913,47.14211],[27.59899,47.14221],[27.59881,47.14233],[27.597695,47.14309],[27.59658,47.14385],[27.59649,47.14391],[27.59598,47.14428],[27.59547,47.14465],[27.5947,47.14524],[27.5946,47.14531],[27.59452,47.14537],[27.59421,47.14558],[27.59405,47.14569],[27.59394,47.14574],[27.59387,47.14577],[27.59383,47.14579],[27.59382,47.14581],[27.5938,47.14587],[27.59374,47.14597],[27.59355,47.14617],[27.59346,47.14626],[27.59296,47.14671],[27.59288,47.14678],[27.59209,47.14746],[27.59176,47.14772],[27.59131,47.14808],[27.59081,47.14848],[27.59026,47.14893],[27.5901,47.14905],[27.59006,47.14908],[27.58942,47.14959],[27.58915,47.14981],[27.589,47.14993],[27.58879,47.15009],[27.58865,47.15021],[27.58856,47.15028]]},"properties":{"line":"203","dir":"1","mode":"bus"}},{"type":"Feature","geometry":{"type":"LineString","coordinates":[[27.57564,47.13366],[27.57612,47.1337],[27.5763,47.13377],[27.5764,47.13388],[27.57633,47.13416],[27.5763,47.13431],[27.57566,47.13432],[27.57548,47.13431],[27.57535,47.13428],[27.57523,47.13422],[27.57515,47.13416],[27.57516,47.13396],[27.57479,47.13397],[27.57426,47.13398],[27.57391,47.13401],[27.57364,47.13405],[27.57347,47.13408],[27.57314,47.1342],[27.57299,47.13426],[27.57291,47.13432],[27.57287,47.13435],[27.57282,47.13438],[27.57275,47.13443],[27.57266,47.13431],[27.57255,47.13414],[27.57244,47.13399],[27.57203,47.13339],[27.5719,47.1332],[27.57152,47.13265],[27.57113,47.13209],[27.57072,47.1315],[27.57067,47.13143],[27.57059,47.13131],[27.570195,47.130755],[27.5698,47.1302],[27.56925,47.12942],[27.5691,47.12921],[27.56898,47.12903],[27.56853,47.128405],[27.56808,47.12778],[27.56805,47.12774],[27.56759,47.12708],[27.56743,47.12683],[27.56732,47.12654],[27.56727,47.12636],[27.56725,47.12599],[27.56726,47.12527],[27.56728,47.12468],[27.56727,47.12443],[27.56725,47.12418],[27.56721,47.124],[27.56706,47.12357],[27.5669,47.12331],[27.56653,47.122755],[27.56616,47.1222],[27.56608,47.12208],[27.56599,47.12194],[27.56586,47.12173],[27.56555,47.12125],[27.56552,47.12119],[27.56547,47.12113],[27.56541,47.12103],[27.56534,47.12092],[27.565,47.12037],[27.56473,47.119935],[27.56446,47.1195],[27.56445,47.11948],[27.56432,47.11928],[27.5643,47.11925],[27.56428,47.11923],[27.56405,47.11887],[27.56389,47.11863],[27.56372,47.11837],[27.56357,47.11812],[27.56343,47.1179],[27.56305,47.11728],[27.56282,47.11692],[27.5627,47.11672],[27.56265,47.11664],[27.56238,47.1162],[27.56211,47.11576],[27.56163,47.115],[27.56156,47.11488],[27.56111,47.11419],[27.56097,47.11399],[27.56078,47.11369],[27.56061,47.11339],[27.56059,47.11331],[27.56055,47.11315],[27.56054,47.11302],[27.56053,47.11219],[27.56051,47.11207],[27.56049,47.11197],[27.56042,47.11185],[27.56007,47.11138],[27.55999,47.11128],[27.55986,47.1111],[27.55958,47.11075],[27.5594,47.11051],[27.55913,47.11014],[27.55908,47.11006],[27.55905,47.10995],[27.55904,47.1098],[27.55909,47.10956],[27.55926,47.10903],[27.5594,47.10858],[27.55951,47.10818],[27.55956,47.10783],[27.55959,47.106725],[27.55962,47.10562],[27.55963,47.1053],[27.55964,47.10474],[27.55965,47.10415],[27.55966,47.10395],[27.55967,47.10351],[27.55968,47.10308],[27.559695,47.10251],[27.55971,47.10194],[27.559725,47.101305],[27.55974,47.10067],[27.55972,47.10011],[27.559535,47.099335],[27.55935,47.09856],[27.559185,47.097875],[27.55902,47.09719],[27.55894,47.09688],[27.55893,47.09679],[27.55871,47.095555],[27.55849,47.09432],[27.55842,47.09411],[27.55831,47.09394],[27.55817,47.09383],[27.55803,47.09373],[27.55765,47.09352],[27.55761,47.09349],[27.55752,47.09343],[27.55743,47.09336],[27.55736,47.09329],[27.5573,47.09322],[27.55726,47.09314],[27.55724,47.09305],[27.55717,47.09243],[27.55712,47.09208],[27.55703,47.09174],[27.55697,47.09162],[27.55686,47.09145],[27.55671,47.0913],[27.55643,47.09109],[27.55588,47.0908],[27.55538,47.09052],[27.55498,47.09024],[27.55482,47.09008],[27.55474,47.08999],[27.55464,47.08983],[27.55454,47.08965],[27.55442,47.08941],[27.55433,47.08914],[27.55411,47.08834],[27.5541,47.0883],[27.5538,47.087175],[27.5535,47.08605],[27.55322,47.08518],[27.55304,47.084745],[27.55286,47.08431],[27.552395,47.083235],[27.55193,47.08216],[27.5517,47.08165],[27.55156,47.08131],[27.55152,47.08122],[27.55116,47.08039],[27.5508,47.07956],[27.55061,47.07882],[27.55067,47.07813],[27.550765,47.077555],[27.55086,47.07698],[27.55088,47.07683],[27.55099,47.07619],[27.55103,47.07588],[27.55106,47.07554],[27.55107,47.07524],[27.55102,47.07486],[27.55091,47.07445],[27.55083,47.07424],[27.55059,47.07391],[27.55039,47.07371],[27.55008,47.0734],[27.54959,47.07292],[27.5491,47.07244],[27.54901,47.07232],[27.54892,47.07219],[27.54884,47.07205],[27.54877,47.07188],[27.54873,47.07165],[27.54876,47.07131],[27.5488,47.07117],[27.54896,47.07053],[27.5491,47.070025],[27.54924,47.06952],[27.54927,47.06938],[27.54936,47.0689],[27.54942,47.06831],[27.54943,47.06786],[27.54941,47.06774],[27.54935,47.06762],[27.54924,47.06751],[27.54906,47.0674],[27.5486,47.06715],[27.54851,47.06708],[27.54841,47.06701],[27.54833,47.06695],[27.54826,47.06685],[27.54824,47.06681],[27.5482,47.06674],[27.54819,47.06669],[27.54814,47.06656],[27.54812,47.06648],[27.54807,47.06632],[27.54799,47.06609],[27.54773,47.06526]]},"properties":{"line":"301","dir":"0","mode":"bus"}},{"type":"Feature","geometry":{"type":"LineString","coordinates":[[27.54764,47.065],[27.547815,47.065545],[27.54799,47.06609],[27.54807,47.06632],[27.54812,47.06648],[27.54814,47.06656],[27.54819,47.06669],[27.5482,47.06674],[27.54824,47.06681],[27.54826,47.06685],[27.54833,47.06695],[27.54841,47.06701],[27.54851,47.06708],[27.5486,47.06715],[27.54906,47.0674],[27.54924,47.06751],[27.54935,47.06762],[27.54941,47.06774],[27.54943,47.06786],[27.54942,47.06831],[27.54936,47.0689],[27.54927,47.06938],[27.54924,47.06952],[27.5491,47.070025],[27.54896,47.07053],[27.5488,47.07117],[27.54876,47.07131],[27.54873,47.07147],[27.54877,47.07188],[27.54884,47.07205],[27.54892,47.07219],[27.54901,47.07232],[27.5491,47.07244],[27.54959,47.07292],[27.55008,47.0734],[27.55039,47.07371],[27.55059,47.07391],[27.55083,47.07424],[27.55091,47.07445],[27.55102,47.07486],[27.55107,47.07524],[27.55106,47.07554],[27.55103,47.07588],[27.55099,47.07619],[27.55088,47.07683],[27.55086,47.07695],[27.550765,47.07754],[27.55067,47.07813],[27.55061,47.07853],[27.550705,47.079045],[27.5508,47.07956],[27.55116,47.08039],[27.55152,47.08122],[27.55154,47.08128],[27.55156,47.08131],[27.5517,47.08165],[27.55193,47.08216],[27.552395,47.083235],[27.55286,47.08431],[27.55304,47.084745],[27.55322,47.08518],[27.5535,47.08605],[27.553795,47.08715],[27.55409,47.08825],[27.5541,47.0883],[27.55433,47.08914],[27.55442,47.08941],[27.55454,47.08965],[27.55464,47.08983],[27.55474,47.08999],[27.55482,47.09008],[27.55498,47.09024],[27.55538,47.09052],[27.55588,47.0908],[27.55643,47.09109],[27.55671,47.0913],[27.55686,47.09145],[27.55697,47.09162],[27.55703,47.09174],[27.55712,47.09208],[27.55716,47.09237],[27.55717,47.09243],[27.55724,47.09305],[27.55726,47.09314],[27.5573,47.09322],[27.55736,47.09329],[27.55743,47.09336],[27.55752,47.09343],[27.55761,47.09349],[27.55765,47.09352],[27.55803,47.09373],[27.55817,47.09383],[27.55831,47.09394],[27.55842,47.09411],[27.55849,47.09432],[27.55871,47.095555],[27.55893,47.09679],[27.55894,47.09688],[27.55899,47.09705],[27.55917,47.097805],[27.55935,47.09856],[27.559535,47.099335],[27.55972,47.10011],[27.55973,47.10033],[27.55974,47.10046],[27.559725,47.1012],[27.55971,47.10194],[27.559695,47.10251],[27.55968,47.10308],[27.55967,47.10351],[27.55966,47.1038],[27.55965,47.10415],[27.55964,47.10458],[27.55963,47.10497],[27.55962,47.10562],[27.55959,47.106725],[27.55956,47.10783],[27.55951,47.10818],[27.5594,47.10858],[27.55926,47.10903],[27.55909,47.10956],[27.55904,47.1098],[27.55905,47.10995],[27.55908,47.11006],[27.55913,47.11014],[27.55937,47.11046],[27.5594,47.11051],[27.55986,47.1111],[27.55999,47.11128],[27.56007,47.11138],[27.56042,47.11185],[27.56049,47.11197],[27.56051,47.11207],[27.56053,47.11219],[27.56054,47.11302],[27.56055,47.11315],[27.56059,47.11331],[27.56061,47.11339],[27.56078,47.11369],[27.56097,47.11399],[27.56098,47.114],[27.56127,47.11444],[27.56156,47.11488],[27.56163,47.115],[27.56211,47.11576],[27.56238,47.1162],[27.56265,47.11664],[27.5627,47.11672],[27.56272,47.11675],[27.56282,47.11692],[27.563125,47.11741],[27.56343,47.1179],[27.56357,47.11812],[27.56372,47.11837],[27.56389,47.11863],[27.56405,47.11887],[27.56428,47.11923],[27.5643,47.11925],[27.56432,47.11928],[27.56445,47.11948],[27.564725,47.119925],[27.565,47.12037],[27.56534,47.12092],[27.56541,47.12103],[27.56547,47.12113],[27.56552,47.12119],[27.56555,47.12125],[27.56586,47.12173],[27.56599,47.12194],[27.56608,47.12208],[27.56616,47.1222],[27.56653,47.122755],[27.5669,47.12331],[27.56702,47.1235],[27.56706,47.12357],[27.56721,47.124],[27.56725,47.12418],[27.56727,47.12443],[27.56728,47.12468],[27.56726,47.12527],[27.56725,47.12599],[27.56727,47.12636],[27.56732,47.12654],[27.56743,47.12683],[27.56759,47.12708],[27.56805,47.12774],[27.56808,47.12778],[27.56862,47.12853],[27.56898,47.12903],[27.5691,47.12921],[27.56945,47.129705],[27.5698,47.1302],[27.570195,47.130755],[27.57059,47.13131],[27.57067,47.13143],[27.57072,47.1315],[27.57078,47.13158],[27.57113,47.13209],[27.57152,47.13265],[27.5719,47.1332],[27.57244,47.13399],[27.57255,47.13414],[27.57266,47.13431],[27.57275,47.13443],[27.57277,47.13445],[27.57275,47.13443],[27.57282,47.13438],[27.57287,47.13435],[27.57291,47.13432],[27.57299,47.13426],[27.57314,47.1342],[27.57347,47.13408],[27.57364,47.13405],[27.57391,47.13401],[27.57426,47.13398],[27.57452,47.13397],[27.57545,47.13366]]},"properties":{"line":"301","dir":"1","mode":"bus"}},{"type":"Feature","geometry":{"type":"LineString","coordinates":[[27.62391,47.15621],[27.62403,47.15612],[27.6241,47.15608],[27.62425,47.15602],[27.62433,47.15597],[27.62441,47.15591],[27.62483,47.1556],[27.6249,47.15555],[27.62505,47.15549],[27.62518,47.15546],[27.62537,47.15547],[27.62544,47.15549],[27.6263,47.15566],[27.62667,47.1557],[27.62703,47.15567],[27.6281,47.15533],[27.62917,47.15499],[27.629865,47.15477],[27.63056,47.15455],[27.63107,47.15438],[27.63132,47.15429],[27.63147,47.15423],[27.63167,47.15416],[27.632,47.15404],[27.63219,47.15396],[27.63236,47.15389],[27.63241,47.15387],[27.63274,47.15374],[27.63278,47.15373],[27.63369,47.15338],[27.63404,47.15325],[27.63438,47.15308],[27.63478,47.15284],[27.63507,47.15266],[27.63515,47.15261],[27.63541,47.15244],[27.63565,47.1523],[27.63612,47.15204],[27.63617,47.15201],[27.6362,47.152],[27.63664,47.15184],[27.63674,47.15181],[27.63692,47.15176],[27.63722,47.15174],[27.638475,47.151755],[27.63973,47.15177],[27.64035,47.151955],[27.64097,47.15214],[27.6415,47.1523],[27.64167,47.15231],[27.64184,47.15236],[27.64264,47.15259],[27.64347,47.15283],[27.64445,47.15312],[27.64489,47.15321],[27.64525,47.15325],[27.646665,47.15312],[27.64808,47.15299],[27.64848,47.15295],[27.651175,47.15271],[27.65387,47.15247],[27.65501,47.15237],[27.65544,47.15233],[27.65555,47.15232],[27.656685,47.15222],[27.65782,47.15212],[27.65861,47.15205],[27.65871,47.15204],[27.65931,47.15199],[27.65956,47.15201],[27.66082,47.15191],[27.66152,47.15184],[27.66222,47.15177],[27.66256,47.15174],[27.66334,47.15167],[27.66412,47.1516],[27.66553,47.15146],[27.66694,47.15132],[27.66746,47.15129],[27.66764,47.15128],[27.66781,47.15127],[27.669025,47.15116],[27.67024,47.15105],[27.67123,47.150945],[27.67222,47.15084],[27.67323,47.150735],[27.67424,47.15063],[27.67492,47.15051],[27.676005,47.1502],[27.67709,47.14989],[27.67726,47.14984],[27.678175,47.149585],[27.67909,47.14933],[27.68021,47.14902],[27.68133,47.14871],[27.68189,47.14853],[27.68272,47.14832],[27.68295,47.14828],[27.68324,47.14825],[27.68418,47.14828],[27.685335,47.148335],[27.68649,47.14839],[27.68667,47.1484],[27.68659,47.14849],[27.6865,47.14858],[27.68578,47.14916],[27.68547,47.14945],[27.68539,47.14959],[27.68532,47.14972],[27.68527,47.14982],[27.68523,47.14997],[27.68518,47.15024],[27.68509,47.1505],[27.68471,47.15111],[27.68457,47.15134],[27.68454,47.15149],[27.6846,47.1518],[27.68465,47.15191],[27.68498,47.15265],[27.68513,47.15293],[27.68536,47.15323],[27.68552,47.1534],[27.68571,47.15364],[27.68596,47.1539],[27.6861,47.15405],[27.68618,47.15414],[27.68658,47.15449],[27.68673,47.15466],[27.68679,47.15476],[27.68683,47.15489],[27.68692,47.15535],[27.68695,47.15583],[27.68694,47.15597],[27.6869,47.15608],[27.68688,47.15613],[27.68685,47.15616],[27.68697,47.15655],[27.68716,47.157],[27.68721,47.15718],[27.6869,47.1574],[27.68666,47.15754],[27.68619,47.15774],[27.68604,47.15778],[27.68584,47.15786],[27.68571,47.15788],[27.6852,47.15795],[27.68524,47.15816],[27.68544,47.15874],[27.68551,47.15896],[27.68561,47.15917],[27.68577,47.15942],[27.68594,47.15975],[27.686,47.15986],[27.68618,47.16025],[27.68637,47.1606],[27.6865,47.16086],[27.68652,47.16103],[27.68655,47.16116],[27.6866,47.16129],[27.6867,47.16143],[27.68677,47.16148],[27.68688,47.16155],[27.68709,47.16162],[27.68731,47.16171],[27.68765,47.16183],[27.68784,47.16194],[27.68792,47.16202],[27.68796,47.1621],[27.688,47.16222],[27.688035,47.162935],[27.68807,47.16365],[27.68812,47.164295],[27.68817,47.16494],[27.6882,47.16527],[27.68824,47.16582],[27.68828,47.16633],[27.68832,47.16684],[27.688365,47.16759],[27.68841,47.16834],[27.68848,47.169],[27.68853,47.16963],[27.68859,47.17021],[27.68863,47.17058],[27.68867,47.17073],[27.6888,47.17099],[27.68893,47.17118],[27.68901,47.17131],[27.68908,47.17147],[27.68914,47.17162],[27.68913,47.17178],[27.68906,47.17198],[27.68897,47.17215],[27.68891,47.17226],[27.68874,47.1725],[27.68822,47.17326],[27.68775,47.17384],[27.6873,47.17449],[27.68703,47.17496],[27.68678,47.17542],[27.68663,47.17574],[27.68641,47.176255],[27.68619,47.17677],[27.68608,47.177],[27.68575,47.17757],[27.68569,47.17768],[27.68523,47.17834],[27.68491,47.17869],[27.68455,47.17908],[27.68409,47.17952],[27.68363,47.17991],[27.68329,47.18023],[27.68274,47.18077],[27.68212,47.18143],[27.68152,47.18207],[27.68129,47.18232],[27.68117,47.18244],[27.68055,47.18302],[27.68017,47.183415],[27.67979,47.18381],[27.67958,47.1841],[27.67924,47.18446],[27.67894,47.1849],[27.67842,47.1856],[27.6778,47.1862],[27.67717,47.18674],[27.67683,47.18704],[27.67642,47.18737],[27.67614,47.18761],[27.67523,47.18825],[27.67477,47.18872],[27.67433,47.18914],[27.67391,47.18955],[27.67372,47.18973],[27.67345,47.1901],[27.67322,47.19045],[27.67292,47.19088],[27.6727,47.1912],[27.67238,47.19163],[27.67206,47.19206],[27.67157,47.19271],[27.67122,47.19317],[27.67077,47.19377],[27.67017,47.19455],[27.66969,47.19518],[27.66916,47.19581],[27.66885,47.19611],[27.66875,47.19621]]},"properties":{"line":"401","dir":"0","mode":"bus"}},{"type":"Feature","geometry":{"type":"LineString","coordinates":[[27.66885,47.19611],[27.66916,47.19581],[27.66969,47.19518],[27.67017,47.19455],[27.67077,47.19377],[27.67122,47.19317],[27.67157,47.19271],[27.67206,47.19206],[27.67238,47.19163],[27.6727,47.1912],[27.67292,47.19088],[27.67322,47.19045],[27.67345,47.1901],[27.67372,47.18973],[27.67392,47.18954],[27.67433,47.18914],[27.67477,47.18872],[27.67523,47.18825],[27.67614,47.18761],[27.67642,47.18737],[27.67683,47.18704],[27.67717,47.18674],[27.6778,47.1862],[27.67842,47.1856],[27.67894,47.1849],[27.67924,47.18446],[27.67958,47.1841],[27.67979,47.18381],[27.68017,47.183415],[27.68055,47.18302],[27.68117,47.18244],[27.6813,47.1823],[27.68152,47.18207],[27.68212,47.18143],[27.68274,47.18077],[27.68329,47.18023],[27.68363,47.17991],[27.68409,47.17952],[27.68455,47.17908],[27.68491,47.17869],[27.68523,47.17834],[27.68569,47.17768],[27.68576,47.17756],[27.68608,47.177],[27.68619,47.17677],[27.68641,47.176255],[27.68663,47.17574],[27.68678,47.17542],[27.68703,47.17496],[27.6873,47.17449],[27.68775,47.17384],[27.68822,47.17326],[27.68874,47.1725],[27.68891,47.17226],[27.68897,47.17213],[27.68906,47.17198],[27.68913,47.17178],[27.68914,47.17162],[27.68908,47.17147],[27.68901,47.17131],[27.68893,47.17118],[27.6888,47.17099],[27.68867,47.17073],[27.68863,47.17058],[27.68859,47.17021],[27.68853,47.16963],[27.68848,47.169],[27.68841,47.16834],[27.688365,47.16759],[27.68832,47.16684],[27.68828,47.16635],[27.68824,47.16586],[27.6882,47.16527],[27.68817,47.16494],[27.68812,47.164295],[27.68807,47.16365],[27.688035,47.162935],[27.688,47.16222],[27.68796,47.1621],[27.68792,47.16202],[27.68784,47.16194],[27.68765,47.16183],[27.68731,47.16171],[27.68709,47.16162],[27.68688,47.16155],[27.68677,47.16148],[27.6867,47.16143],[27.6866,47.16129],[27.68655,47.16116],[27.68652,47.16103],[27.6865,47.16086],[27.68637,47.1606],[27.68618,47.16025],[27.68602,47.15992],[27.686,47.15986],[27.68577,47.15942],[27.68561,47.15917],[27.68551,47.15896],[27.68544,47.15874],[27.68524,47.15816],[27.6852,47.15795],[27.68571,47.15788],[27.68584,47.15786],[27.68604,47.15778],[27.68619,47.15774],[27.68666,47.15754],[27.6869,47.1574],[27.68721,47.15718],[27.68716,47.157],[27.68697,47.15655],[27.68685,47.15616],[27.68688,47.15613],[27.6869,47.15608],[27.68694,47.15597],[27.68695,47.15583],[27.68692,47.15535],[27.68683,47.15489],[27.68679,47.15476],[27.68673,47.15466],[27.68658,47.15449],[27.68618,47.15414],[27.68613,47.15415],[27.68618,47.15414],[27.68596,47.1539],[27.68571,47.15364],[27.68552,47.1534],[27.68536,47.15323],[27.68513,47.15293],[27.68498,47.15265],[27.68465,47.15191],[27.6846,47.1518],[27.68454,47.15163],[27.68457,47.15134],[27.68471,47.15111],[27.68509,47.1505],[27.68518,47.15024],[27.68523,47.14997],[27.68527,47.14982],[27.68532,47.14972],[27.68539,47.14959],[27.68547,47.14945],[27.68578,47.14916],[27.6865,47.14858],[27.68659,47.14849],[27.68667,47.1484],[27.68637,47.14838],[27.685275,47.14833],[27.68418,47.14828],[27.68372,47.14825],[27.68295,47.14828],[27.68272,47.14832],[27.68189,47.14853],[27.68133,47.14871],[27.68021,47.14902],[27.67909,47.14933],[27.678175,47.149585],[27.67726,47.14984],[27.67701,47.14991],[27.675965,47.15021],[27.67492,47.15051],[27.67424,47.15063],[27.67323,47.150735],[27.67222,47.15084],[27.67123,47.150945],[27.67024,47.15105],[27.669025,47.15116],[27.66781,47.15127],[27.66764,47.15128],[27.66746,47.15129],[27.66694,47.15132],[27.66553,47.15146],[27.66412,47.1516],[27.66334,47.15167],[27.66256,47.15174],[27.66222,47.15177],[27.66152,47.15184],[27.66082,47.15191],[27.65956,47.15201],[27.65945,47.15199],[27.65949,47.15193],[27.65945,47.15199],[27.65944,47.15203],[27.65945,47.15204],[27.65933,47.15207],[27.65855,47.15214],[27.65782,47.1522],[27.656925,47.15228],[27.65603,47.15236],[27.65557,47.1524],[27.65473,47.152475],[27.65389,47.15255],[27.65203,47.15272],[27.65017,47.15289],[27.649355,47.15296],[27.64854,47.15303],[27.64815,47.15307],[27.6467,47.153195],[27.64525,47.15332],[27.64489,47.15321],[27.64445,47.15312],[27.64347,47.15283],[27.64286,47.15265],[27.64264,47.15259],[27.64167,47.15231],[27.6415,47.1523],[27.64097,47.15214],[27.64035,47.151955],[27.63973,47.15177],[27.63952,47.15174],[27.63822,47.15175],[27.63692,47.15176],[27.63674,47.15181],[27.63664,47.15184],[27.63644,47.15191],[27.6362,47.152],[27.63617,47.15201],[27.63565,47.1523],[27.63541,47.15244],[27.63515,47.15261],[27.63507,47.15266],[27.63478,47.15284],[27.63438,47.15308],[27.63404,47.15325],[27.63369,47.15338],[27.63278,47.15373],[27.63274,47.15374],[27.63261,47.1538],[27.63241,47.15387],[27.63236,47.15389],[27.63219,47.15396],[27.632,47.15404],[27.63167,47.15416],[27.63147,47.15423],[27.63107,47.15438],[27.63056,47.15455],[27.629865,47.15477],[27.62917,47.15499],[27.6281,47.15533],[27.62703,47.15567],[27.62672,47.1557],[27.6263,47.15566],[27.62544,47.15549],[27.62537,47.15547],[27.62525,47.15546],[27.62505,47.15549],[27.6249,47.15555],[27.62483,47.1556],[27.62441,47.15591],[27.62433,47.15597],[27.62425,47.15602],[27.6241,47.15608],[27.62403,47.15612],[27.62389,47.15623]]},"properties":{"line":"401","dir":"1","mode":"bus"}},{"type":"Feature","geometry":{"type":"LineString","coordinates":[[27.58638,47.15208],[27.58663,47.15197],[27.58691,47.15184],[27.58722,47.1517],[27.5873,47.15167],[27.58735,47.15163],[27.58738,47.1516],[27.58722,47.15148],[27.58718,47.15145],[27.58713,47.15143],[27.58709,47.15138],[27.58705,47.15134],[27.58702,47.15129],[27.587,47.15122],[27.58701,47.15114],[27.58702,47.15112],[27.58697,47.151],[27.58691,47.15087],[27.58676,47.1507],[27.58669,47.15061],[27.58653,47.15042],[27.58646,47.15033],[27.58638,47.15024],[27.58605,47.14984],[27.58598,47.14976],[27.58594,47.14971],[27.58577,47.1495],[27.58568,47.1494],[27.58549,47.14917],[27.58521,47.14882],[27.58505,47.14864],[27.58485,47.14842],[27.58479,47.14835],[27.58474,47.1483],[27.58436,47.14784],[27.58398,47.14738],[27.58376,47.14713],[27.582615,47.14577],[27.58147,47.14441],[27.58114,47.14401],[27.58108,47.14393],[27.58098,47.1438],[27.58087,47.14365],[27.5808,47.14355],[27.58056,47.14321],[27.58044,47.14301],[27.5803,47.14272],[27.5801,47.14226],[27.57985,47.14156],[27.57973,47.14119],[27.57951,47.14065],[27.57939,47.1404],[27.57928,47.14016],[27.57912,47.13991],[27.57894,47.13972],[27.5787,47.13948],[27.57863,47.13942],[27.57849,47.13946],[27.57828,47.13964],[27.57819,47.13971],[27.57789,47.13996],[27.57738,47.14042],[27.57723,47.14056],[27.57713,47.14063],[27.57702,47.14069],[27.57684,47.14076],[27.57648,47.14088],[27.57587,47.14109],[27.57526,47.1413],[27.57485,47.14147],[27.57451,47.14163],[27.573345,47.142335],[27.57218,47.14304],[27.57166,47.14336],[27.5715,47.14345],[27.57123,47.14357],[27.57081,47.14373],[27.57048,47.14387],[27.569765,47.14415],[27.56905,47.14443],[27.56883,47.14449],[27.56808,47.14469],[27.56788,47.14475],[27.56725,47.14504],[27.56672,47.14533],[27.566,47.14572],[27.565165,47.146155],[27.56433,47.14659],[27.56385,47.14685],[27.563285,47.147205],[27.56272,47.14756],[27.56248,47.14769],[27.56193,47.14794],[27.56163,47.14807],[27.56138,47.14817],[27.56072,47.14845],[27.56023,47.14865],[27.56005,47.14869],[27.55982,47.14868],[27.55959,47.14865],[27.5594,47.14859],[27.55923,47.14851],[27.55908,47.14842],[27.55895,47.14829],[27.55866,47.147875],[27.55837,47.14746],[27.5583,47.1474],[27.55823,47.14734],[27.55815,47.1473],[27.55807,47.14725],[27.5579,47.1472],[27.55772,47.14716],[27.556935,47.147035],[27.55615,47.14691],[27.55601,47.14689],[27.55517,47.14675],[27.5542,47.1466],[27.55389,47.14654],[27.55375,47.14652],[27.55362,47.1465],[27.55277,47.146355],[27.55192,47.14621],[27.5513,47.1461],[27.55055,47.14599],[27.55018,47.14593],[27.54969,47.14584],[27.5495,47.14581],[27.547715,47.14552],[27.54593,47.14523],[27.5457,47.1452],[27.54541,47.14515],[27.54497,47.14514],[27.5439,47.14513],[27.54225,47.145125],[27.5406,47.14512],[27.53987,47.1451],[27.53932,47.14507],[27.53911,47.14505],[27.53896,47.14502],[27.53884,47.14499],[27.53872,47.14494],[27.53865,47.14489],[27.53818,47.14437],[27.5381,47.14434],[27.53801,47.14431],[27.53784,47.14428],[27.53769,47.14429],[27.53753,47.14432],[27.53698,47.1445],[27.53648,47.14467],[27.53565,47.14496],[27.53482,47.14525],[27.5337,47.14563],[27.53324,47.14579],[27.53272,47.14597],[27.5319,47.14626],[27.53166,47.14635],[27.53138,47.14644],[27.53097,47.14656],[27.53081,47.14659],[27.53066,47.1466],[27.53021,47.14659],[27.52979,47.14655],[27.528645,47.14636],[27.5275,47.14617],[27.52681,47.14606],[27.52652,47.14601],[27.52571,47.14586],[27.52557,47.14584],[27.524755,47.145695],[27.52394,47.14555],[27.52383,47.14553],[27.5237,47.14551],[27.52311,47.14543],[27.52223,47.14529],[27.52165,47.14516],[27.52138,47.14508],[27.52075,47.14485],[27.52008,47.14459],[27.51922,47.14429],[27.51863,47.14405],[27.51804,47.14381],[27.517215,47.143485],[27.51639,47.14316],[27.51602,47.14302],[27.51529,47.14275],[27.51493,47.14261],[27.51458,47.14248],[27.51389,47.14222],[27.51387,47.14221],[27.51369,47.14214],[27.51324,47.14194],[27.51284,47.14168],[27.51277,47.14163],[27.51192,47.14102],[27.51153,47.14073],[27.51128,47.14055],[27.51105,47.14043],[27.5109,47.14036],[27.51072,47.14031],[27.51042,47.14028],[27.51018,47.14027],[27.50909,47.14021],[27.50872,47.14017],[27.50851,47.14014],[27.5083,47.14007],[27.50801,47.13995],[27.50784,47.13985],[27.50769,47.13975],[27.50705,47.13929],[27.506535,47.13892],[27.50602,47.13855],[27.50562,47.13833],[27.50538,47.13826],[27.50522,47.13823],[27.50499,47.13821],[27.50442,47.13823],[27.5037,47.13829],[27.503025,47.138335],[27.50235,47.13838],[27.50168,47.13836],[27.50165,47.13834],[27.50159,47.13832],[27.50152,47.13831],[27.50146,47.13832],[27.5014,47.13834],[27.50137,47.13836],[27.50077,47.1385],[27.50042,47.13849],[27.50001,47.13846],[27.49943,47.13838],[27.49909,47.13832],[27.49882,47.13828],[27.49846,47.13819],[27.4983,47.13815],[27.49796,47.13806],[27.4976,47.13796],[27.49742,47.13791],[27.49675,47.13771],[27.49575,47.13742],[27.4949,47.13718],[27.49404,47.13695],[27.49382,47.13689],[27.4934,47.13678],[27.49277,47.13661],[27.49214,47.13644],[27.49139,47.13625],[27.49098,47.13616],[27.49061,47.13609],[27.4903,47.13603],[27.48932,47.13586],[27.4888,47.13577],[27.48874,47.13575],[27.48797,47.13561],[27.48789,47.1356],[27.48666,47.13538],[27.48639,47.13533],[27.48539,47.13515],[27.48507,47.13509],[27.48493,47.13506],[27.484235,47.13493],[27.48354,47.1348],[27.48317,47.13473],[27.4828,47.13466],[27.48202,47.13452],[27.48165,47.13444],[27.48153,47.13441],[27.48147,47.13439],[27.4814,47.13436],[27.48132,47.13432],[27.48122,47.13426],[27.48112,47.13418],[27.48095,47.13396],[27.48061,47.1335],[27.48029,47.13309],[27.47987,47.13262],[27.47972,47.13249],[27.479205,47.13203],[27.47869,47.13157],[27.47864,47.13153],[27.47813,47.13107],[27.47773,47.13071],[27.47734,47.13037],[27.47726,47.1303],[27.47699,47.13005]]},"properties":{"line":"501","dir":"0","mode":"bus"}},{"type":"Feature","geometry":{"type":"LineString","coordinates":[[27.47699,47.13005],[27.47726,47.1303],[27.47734,47.13037],[27.47773,47.13071],[27.47813,47.13107],[27.47864,47.13153],[27.47869,47.13157],[27.479205,47.13203],[27.47972,47.13249],[27.47987,47.13262],[27.48029,47.13309],[27.48061,47.1335],[27.48095,47.13396],[27.48112,47.13418],[27.48122,47.13426],[27.48132,47.13432],[27.4814,47.13436],[27.48147,47.13439],[27.48153,47.13441],[27.48165,47.13444],[27.48202,47.13452],[27.4828,47.13466],[27.48317,47.13473],[27.48364,47.13482],[27.484285,47.13494],[27.48493,47.13506],[27.48507,47.13509],[27.48539,47.13515],[27.48639,47.13533],[27.48666,47.13538],[27.48789,47.1356],[27.48797,47.13561],[27.48874,47.13575],[27.4888,47.13577],[27.48932,47.13586],[27.4903,47.13603],[27.49061,47.13609],[27.49098,47.13616],[27.49139,47.13625],[27.49214,47.13644],[27.49277,47.13661],[27.4934,47.13678],[27.49381,47.13689],[27.49404,47.13695],[27.4949,47.13718],[27.49575,47.13742],[27.49675,47.13771],[27.49742,47.13791],[27.4976,47.13796],[27.49796,47.13806],[27.4983,47.13815],[27.49846,47.13819],[27.49882,47.13828],[27.49909,47.13832],[27.49943,47.13838],[27.50001,47.13846],[27.50042,47.13849],[27.50064,47.1385],[27.50137,47.13836],[27.5014,47.13834],[27.50146,47.13832],[27.50152,47.13831],[27.50159,47.13832],[27.50165,47.13834],[27.50168,47.13836],[27.50235,47.13838],[27.503025,47.138335],[27.5037,47.13829],[27.50442,47.13823],[27.50479,47.13821],[27.50522,47.13823],[27.50538,47.13826],[27.50562,47.13833],[27.50602,47.13855],[27.506535,47.13892],[27.50705,47.13929],[27.50769,47.13975],[27.50784,47.13985],[27.50801,47.13995],[27.5083,47.14007],[27.50851,47.14014],[27.50872,47.14017],[27.50909,47.14021],[27.51018,47.14027],[27.51042,47.14028],[27.51072,47.14031],[27.5109,47.14036],[27.51105,47.14043],[27.51128,47.14055],[27.51153,47.14073],[27.51192,47.14102],[27.51277,47.14163],[27.51284,47.14168],[27.51324,47.14194],[27.51369,47.14214],[27.51389,47.14222],[27.51402,47.14227],[27.51458,47.14248],[27.51493,47.14261],[27.51529,47.14275],[27.51602,47.14302],[27.51639,47.14316],[27.517215,47.143485],[27.51804,47.14381],[27.51863,47.14405],[27.51922,47.14429],[27.52008,47.14459],[27.52075,47.14485],[27.52138,47.14508],[27.52165,47.14516],[27.52223,47.14529],[27.52311,47.14543],[27.5237,47.14551],[27.52383,47.14553],[27.5247,47.145685],[27.52557,47.14584],[27.52571,47.14586],[27.52652,47.14601],[27.52681,47.14606],[27.5275,47.14617],[27.52813,47.14627],[27.52896,47.14641],[27.52979,47.14655],[27.53021,47.14659],[27.53043,47.1466],[27.53081,47.14659],[27.53097,47.14656],[27.53138,47.14644],[27.53166,47.14635],[27.53202,47.14622],[27.53272,47.14597],[27.53324,47.14579],[27.5337,47.14563],[27.53482,47.14525],[27.53565,47.14496],[27.53648,47.14467],[27.53698,47.1445],[27.53753,47.14432],[27.53769,47.14429],[27.53784,47.14428],[27.53801,47.14431],[27.5381,47.14434],[27.53818,47.14437],[27.53865,47.14489],[27.53872,47.14494],[27.53884,47.14499],[27.53896,47.14502],[27.53911,47.14505],[27.5397,47.1451],[27.54017,47.14511],[27.5406,47.14512],[27.54219,47.145125],[27.54378,47.14513],[27.54453,47.14514],[27.54541,47.14515],[27.5457,47.1452],[27.54593,47.14523],[27.547665,47.145515],[27.5494,47.1458],[27.54969,47.14584],[27.55018,47.14593],[27.55055,47.14599],[27.5513,47.1461],[27.55192,47.14621],[27.55277,47.146355],[27.55362,47.1465],[27.55375,47.14652],[27.55389,47.14654],[27.5542,47.1466],[27.55517,47.14675],[27.55521,47.14676],[27.55615,47.14691],[27.556935,47.147035],[27.55772,47.14716],[27.5579,47.1472],[27.55807,47.14725],[27.55815,47.1473],[27.55823,47.14734],[27.5583,47.1474],[27.55837,47.14746],[27.55866,47.147875],[27.55895,47.14829],[27.55908,47.14842],[27.55923,47.14851],[27.5594,47.14859],[27.55959,47.14865],[27.55982,47.14868],[27.56005,47.14869],[27.56023,47.14865],[27.56072,47.14845],[27.56138,47.14817],[27.56163,47.14807],[27.56211,47.14786],[27.56248,47.14769],[27.56272,47.14756],[27.563285,47.147205],[27.56385,47.14685],[27.56433,47.14659],[27.565165,47.146155],[27.566,47.14572],[27.56672,47.14533],[27.56725,47.14504],[27.56788,47.14475],[27.56808,47.14469],[27.56905,47.14443],[27.57008,47.14403],[27.57048,47.14387],[27.57081,47.14373],[27.57123,47.14357],[27.5715,47.14345],[27.57166,47.14336],[27.57218,47.14304],[27.573345,47.142335],[27.57451,47.14163],[27.57485,47.14147],[27.57526,47.1413],[27.57587,47.14109],[27.57648,47.14088],[27.57684,47.14076],[27.57702,47.14069],[27.57713,47.14063],[27.57723,47.14056],[27.57738,47.14042],[27.57789,47.13996],[27.57828,47.13964],[27.57849,47.13946],[27.57863,47.13942],[27.5787,47.13948],[27.57881,47.1396],[27.57894,47.13972],[27.57912,47.13991],[27.57928,47.14016],[27.57939,47.1404],[27.57951,47.14065],[27.57973,47.14119],[27.57985,47.14156],[27.5801,47.14226],[27.5803,47.14271],[27.58044,47.14301],[27.58053,47.14317],[27.58056,47.14321],[27.5808,47.14355],[27.58087,47.14365],[27.58098,47.1438],[27.58108,47.14393],[27.58114,47.14401],[27.58147,47.14441],[27.582615,47.14577],[27.58376,47.14713],[27.58398,47.14738],[27.58436,47.14784],[27.58474,47.1483],[27.58479,47.14835],[27.58485,47.14842],[27.58505,47.14864],[27.58521,47.14882],[27.58549,47.14917],[27.58568,47.1494],[27.58577,47.1495],[27.58594,47.14971],[27.58605,47.14984],[27.58631,47.15016],[27.58638,47.15024],[27.58646,47.15033],[27.58653,47.15042],[27.58669,47.15061],[27.58676,47.1507],[27.58691,47.15087],[27.58697,47.151],[27.58702,47.15112],[27.58701,47.15114],[27.587,47.15122],[27.58702,47.15129],[27.58705,47.15134],[27.58709,47.15138],[27.58713,47.15143],[27.58718,47.15145],[27.58722,47.15148],[27.58738,47.1516],[27.5878,47.15207],[27.5879,47.15217],[27.5874,47.15239],[27.58737,47.1524],[27.58688,47.15261],[27.58675,47.15267],[27.58662,47.15272],[27.58629,47.15287],[27.58521,47.15333],[27.58435,47.1537],[27.58431,47.15372],[27.58426,47.15374],[27.5841,47.15382],[27.58403,47.15378],[27.58384,47.15363],[27.58362,47.15347],[27.58358,47.1534],[27.58357,47.15337],[27.58374,47.1533],[27.584585,47.15291],[27.58543,47.15252],[27.58638,47.15208]]},"properties":{"line":"501","dir":"1","mode":"bus"}},{"type":"Feature","geometry":{"type":"LineString","coordinates":[[27.58639,47.15209],[27.58667,47.15196],[27.58654,47.15183],[27.58627,47.15152],[27.58645,47.15145],[27.58641,47.15139],[27.58634,47.15131],[27.58665,47.15088],[27.58661,47.15084],[27.5867,47.15076],[27.58644,47.15045],[27.58643,47.15043],[27.58651,47.1504],[27.58646,47.15033],[27.58638,47.15024],[27.58605,47.14984],[27.586,47.14978],[27.58594,47.14971],[27.58577,47.1495],[27.58573,47.14945],[27.58568,47.1494],[27.58549,47.14917],[27.58521,47.14882],[27.58505,47.14864],[27.58484,47.1484],[27.58477,47.14831],[27.58475,47.14828],[27.584355,47.147815],[27.58396,47.14735],[27.5837,47.14705],[27.58297,47.146185],[27.58224,47.14532],[27.5817,47.14468],[27.58147,47.14441],[27.58114,47.14401],[27.58108,47.14393],[27.58098,47.1438],[27.58087,47.14365],[27.58074,47.14351],[27.58056,47.14321],[27.58044,47.14301],[27.58028,47.14272],[27.58021,47.14256],[27.58017,47.14247],[27.5801,47.14228],[27.57998,47.14195],[27.57985,47.14159],[27.57968,47.14116],[27.57951,47.14065],[27.57947,47.14056],[27.57939,47.1404],[27.57933,47.14027],[27.57928,47.14016],[27.57912,47.13991],[27.57894,47.13972],[27.5787,47.13948],[27.57863,47.13942],[27.57853,47.13945],[27.57849,47.13946],[27.57828,47.13964],[27.57819,47.13972],[27.57818,47.13973],[27.5779,47.13997],[27.57738,47.14042],[27.57723,47.14056],[27.57713,47.14063],[27.57702,47.14069],[27.57684,47.14076],[27.57648,47.14088],[27.57587,47.14109],[27.57526,47.1413],[27.57485,47.14147],[27.57451,47.14163],[27.573475,47.14226],[27.57244,47.14289],[27.57218,47.14304],[27.57166,47.14336],[27.5715,47.14345],[27.57123,47.14357],[27.57081,47.14373],[27.57048,47.14387],[27.56982,47.14413],[27.56905,47.14443],[27.56883,47.14449],[27.56872,47.14451],[27.56808,47.14469],[27.56788,47.14475],[27.56725,47.14504],[27.56672,47.14533],[27.566,47.14572],[27.565165,47.146155],[27.56433,47.14659],[27.56385,47.14685],[27.563285,47.147205],[27.56272,47.14756],[27.56248,47.14769],[27.56192,47.14794],[27.5617,47.14803],[27.56146,47.14814],[27.56138,47.14817],[27.5611,47.14829],[27.56072,47.14845],[27.56023,47.14865],[27.56005,47.14869],[27.55982,47.14868],[27.55959,47.14865],[27.5594,47.14859],[27.55923,47.14851],[27.55908,47.14842],[27.55895,47.14829],[27.55866,47.147875],[27.55837,47.14746],[27.5583,47.1474],[27.55823,47.14734],[27.55815,47.1473],[27.55807,47.14725],[27.5579,47.1472],[27.55772,47.14716],[27.55758,47.14714],[27.556865,47.147025],[27.55615,47.14691],[27.55601,47.14689],[27.55587,47.14687],[27.55559,47.14682],[27.55536,47.14678],[27.55525,47.14676],[27.55517,47.14675],[27.5542,47.1466],[27.55389,47.14654],[27.55375,47.14652],[27.55362,47.1465],[27.55277,47.146355],[27.55192,47.14621],[27.5513,47.1461],[27.55055,47.14599],[27.55018,47.14593],[27.54969,47.14585],[27.5495,47.14582],[27.54939,47.1458],[27.54766,47.145515],[27.54593,47.14523],[27.5457,47.1452],[27.54548,47.14516],[27.54537,47.14515],[27.54524,47.14514],[27.54457,47.145135],[27.5439,47.14513],[27.54225,47.145125],[27.5406,47.14512],[27.54025,47.14511],[27.53987,47.1451],[27.53952,47.14509],[27.53932,47.14507],[27.53911,47.14505],[27.53896,47.14502],[27.53884,47.14499],[27.53872,47.14494],[27.53865,47.14489],[27.53861,47.14485],[27.53832,47.1445],[27.53824,47.14442],[27.53817,47.14437],[27.5381,47.14434],[27.53802,47.14431],[27.53794,47.14429],[27.53784,47.14428],[27.53769,47.14429],[27.53758,47.14431],[27.53742,47.14435],[27.53698,47.1445],[27.53648,47.14467],[27.53565,47.14496],[27.53482,47.14525],[27.5337,47.14563],[27.53324,47.14579],[27.53272,47.14597],[27.53194,47.14625],[27.5319,47.14626],[27.5318,47.1463],[27.53166,47.14635],[27.53138,47.14644],[27.53112,47.14652],[27.53097,47.14656],[27.53081,47.14659],[27.53066,47.1466],[27.53004,47.14658],[27.52979,47.14655],[27.52928,47.14646],[27.52892,47.1464],[27.52868,47.14636],[27.52768,47.1462],[27.5275,47.14617],[27.52679,47.14605],[27.52652,47.14601],[27.52572,47.14587],[27.52557,47.14584],[27.52475,47.1457],[27.52393,47.14556],[27.52383,47.14555],[27.52369,47.14552],[27.52311,47.14543],[27.52247,47.14532],[27.52222,47.14528],[27.52195,47.14523],[27.52165,47.14516],[27.52138,47.14508],[27.52075,47.14485],[27.52008,47.1446],[27.51923,47.14428],[27.518635,47.144045],[27.51804,47.14381],[27.517215,47.143485],[27.51639,47.14316],[27.51602,47.14302],[27.51532,47.14276],[27.51493,47.14261],[27.51458,47.14248],[27.51431,47.14238],[27.51389,47.14222],[27.51387,47.14221],[27.51369,47.14214],[27.51346,47.14204],[27.51324,47.14194],[27.51312,47.14187],[27.51284,47.14168],[27.51277,47.14163],[27.51192,47.14102],[27.51153,47.14073],[27.51129,47.14056],[27.51105,47.14043],[27.5109,47.14036],[27.51072,47.14031],[27.51062,47.14029],[27.51046,47.14028],[27.51018,47.14026],[27.50912,47.14025],[27.50889,47.14022],[27.50877,47.14021],[27.50867,47.14019],[27.50855,47.14016],[27.50844,47.14013],[27.5083,47.14007],[27.50827,47.14006],[27.50801,47.13995],[27.50786,47.13986],[27.50769,47.13975],[27.50705,47.13929],[27.506535,47.13892],[27.50602,47.13855],[27.5058,47.13842],[27.50562,47.13833],[27.50552,47.13829],[27.50538,47.13826],[27.50522,47.13823],[27.50499,47.13821],[27.50442,47.13823],[27.5037,47.13829],[27.50279,47.13835],[27.50235,47.13838],[27.50168,47.13836],[27.50165,47.13834],[27.50159,47.13832],[27.50152,47.13831],[27.50146,47.13832],[27.5014,47.13834],[27.50137,47.13836],[27.50126,47.13838],[27.50108,47.13843],[27.50093,47.13846],[27.50077,47.13849],[27.50064,47.1385],[27.50042,47.13849],[27.50001,47.13846],[27.49971,47.13842],[27.49943,47.13838],[27.49909,47.13832],[27.49881,47.13828],[27.49846,47.1382],[27.49827,47.13816],[27.49796,47.13807],[27.49758,47.13796],[27.49742,47.13791],[27.49674,47.13772],[27.49575,47.13742],[27.4949,47.13718],[27.49486,47.13717],[27.494,47.13694],[27.49382,47.13689],[27.49345,47.13679],[27.492795,47.136615],[27.49214,47.13644],[27.49138,47.13625],[27.49093,47.13615],[27.49061,47.13609],[27.49031,47.13603],[27.48931,47.13585],[27.48881,47.13575],[27.48873,47.13574],[27.48798,47.1356],[27.48786,47.13558],[27.48667,47.13536],[27.48639,47.13531],[27.4854,47.13512],[27.48508,47.13507],[27.48491,47.13504],[27.48402,47.13486],[27.48355,47.13478],[27.4832,47.13472],[27.48281,47.13465],[27.48202,47.13452],[27.48165,47.13444],[27.48154,47.13442],[27.48147,47.13439],[27.4814,47.13436],[27.48132,47.13432],[27.48122,47.13426],[27.48112,47.13418],[27.48095,47.13396],[27.48061,47.1335],[27.48029,47.13309],[27.47987,47.13263],[27.47972,47.13249],[27.479205,47.13203],[27.47869,47.13157],[27.47865,47.13154],[27.47811,47.13105],[27.47807,47.13101],[27.47773,47.13071],[27.47764,47.13063],[27.47745,47.13047],[27.47738,47.13041],[27.47734,47.13037],[27.47724,47.1303],[27.4772,47.13027],[27.47714,47.13022],[27.47712,47.13021],[27.4771,47.1302],[27.47709,47.13018],[27.47708,47.13016],[27.47698,47.13006],[27.47682,47.12992],[27.47671,47.12981],[27.47614,47.12931],[27.47591,47.12909],[27.47574,47.12895],[27.47571,47.12892],[27.47526,47.12852],[27.47509,47.12837],[27.47503,47.12833],[27.47478,47.12812],[27.47434,47.12772],[27.4739,47.12732],[27.47336,47.12686],[27.4731,47.12663],[27.47283,47.12639],[27.47265,47.12623],[27.47224,47.12587],[27.4722,47.12583],[27.47193,47.12559],[27.47152,47.12523],[27.4712,47.12494],[27.47116,47.12497],[27.4712,47.12494],[27.47062,47.12443],[27.47017,47.12402],[27.46985,47.12374],[27.46931,47.12325],[27.46891,47.12291],[27.46845,47.12248],[27.46826,47.12224],[27.46807,47.12189],[27.46775,47.12127],[27.46766,47.12115],[27.46756,47.12101],[27.46745,47.1209],[27.4673,47.12078],[27.46707,47.12063],[27.46699,47.12059],[27.46651,47.1203],[27.46592,47.11994],[27.46585,47.11989],[27.46554,47.11969],[27.46548,47.11965],[27.46542,47.1196],[27.46536,47.11953],[27.46532,47.11947],[27.4652,47.1193],[27.46517,47.11924],[27.46503,47.11898],[27.46488,47.1187],[27.46462,47.11821],[27.46436,47.11772],[27.4643,47.11759],[27.46415,47.11732],[27.46404,47.11716],[27.46392,47.11698],[27.46379,47.11682],[27.46367,47.11667],[27.46353,47.1165],[27.46337,47.11629],[27.46325,47.11614],[27.46292,47.115725],[27.46259,47.11531],[27.462235,47.114865],[27.46188,47.11442],[27.46138,47.11378],[27.46127,47.11365],[27.46115,47.11347],[27.46105,47.11329],[27.46095,47.11312],[27.46099,47.1131]]},"properties":{"line":"501b","dir":"0","mode":"bus"}},{"type":"Feature","geometry":{"type":"LineString","coordinates":[[27.46099,47.1131],[27.46095,47.11312],[27.46105,47.11329],[27.46115,47.11347],[27.46127,47.11365],[27.46138,47.11378],[27.46188,47.11442],[27.462235,47.114865],[27.46259,47.11531],[27.46292,47.115725],[27.46325,47.11614],[27.46353,47.1165],[27.46367,47.11667],[27.46375,47.11677],[27.46379,47.11682],[27.46392,47.11698],[27.46404,47.11716],[27.46415,47.11732],[27.4643,47.11759],[27.46436,47.11772],[27.46462,47.11821],[27.46488,47.1187],[27.46503,47.11898],[27.46517,47.11924],[27.4652,47.1193],[27.46532,47.11947],[27.46536,47.11953],[27.46542,47.1196],[27.46554,47.11969],[27.46585,47.11989],[27.46592,47.11994],[27.46636,47.12021],[27.46651,47.1203],[27.46699,47.12059],[27.46707,47.12063],[27.4673,47.12078],[27.46745,47.1209],[27.46756,47.12101],[27.46775,47.12127],[27.46807,47.12189],[27.46826,47.12224],[27.46845,47.12248],[27.46891,47.12291],[27.46931,47.12325],[27.46985,47.12374],[27.47017,47.12402],[27.47062,47.12443],[27.47093,47.1247],[27.4712,47.12494],[27.47152,47.12523],[27.47193,47.12559],[27.4722,47.12583],[27.47224,47.12587],[27.47265,47.12623],[27.47283,47.12639],[27.4731,47.12663],[27.47336,47.12686],[27.4739,47.12732],[27.47434,47.12772],[27.47478,47.12812],[27.47503,47.12833],[27.47509,47.12837],[27.47526,47.12852],[27.47571,47.12892],[27.47574,47.12895],[27.47591,47.12909],[27.47614,47.12931],[27.47671,47.12981],[27.47682,47.12992],[27.47692,47.12996],[27.47696,47.12997],[27.477,47.12999],[27.47706,47.13001],[27.47717,47.13005],[27.47712,47.13007],[27.47709,47.1301],[27.47708,47.13014],[27.47709,47.13018],[27.4771,47.1302],[27.47712,47.13021],[27.47714,47.13022],[27.4772,47.13027],[27.47724,47.1303],[27.47734,47.13037],[27.47738,47.13041],[27.47745,47.13047],[27.47764,47.13063],[27.47773,47.13071],[27.47807,47.13101],[27.47811,47.13105],[27.47865,47.13154],[27.47869,47.13157],[27.479205,47.13203],[27.47972,47.13249],[27.47987,47.13263],[27.48029,47.13309],[27.48061,47.1335],[27.48095,47.13396],[27.48112,47.13418],[27.48122,47.13426],[27.48132,47.13432],[27.4814,47.13436],[27.48147,47.13439],[27.48154,47.13442],[27.48165,47.13444],[27.48202,47.13452],[27.48281,47.13465],[27.4832,47.13472],[27.48365,47.1348],[27.48402,47.13486],[27.48491,47.13504],[27.48508,47.13507],[27.4854,47.13512],[27.48639,47.13531],[27.48667,47.13536],[27.48786,47.13558],[27.48798,47.1356],[27.48873,47.13574],[27.48881,47.13575],[27.48931,47.13585],[27.49031,47.13603],[27.49061,47.13609],[27.49093,47.13615],[27.49138,47.13625],[27.49214,47.13644],[27.492795,47.136615],[27.49345,47.13679],[27.49381,47.13689],[27.494,47.13694],[27.49486,47.13717],[27.4949,47.13718],[27.49575,47.13742],[27.49674,47.13772],[27.49742,47.13791],[27.49758,47.13796],[27.49796,47.13807],[27.49827,47.13816],[27.49846,47.1382],[27.49881,47.13828],[27.49909,47.13832],[27.49943,47.13838],[27.49971,47.13842],[27.50001,47.13846],[27.50042,47.13849],[27.50064,47.1385],[27.50077,47.13849],[27.50093,47.13846],[27.50108,47.13843],[27.50126,47.13838],[27.50137,47.13836],[27.5014,47.13834],[27.50146,47.13832],[27.50152,47.13831],[27.50159,47.13832],[27.50165,47.13834],[27.50168,47.13836],[27.50235,47.13838],[27.50279,47.13835],[27.5037,47.13829],[27.50442,47.13823],[27.50479,47.13821],[27.50522,47.13823],[27.50538,47.13826],[27.50552,47.13829],[27.50562,47.13833],[27.5058,47.13842],[27.50602,47.13855],[27.506535,47.13892],[27.50705,47.13929],[27.50769,47.13975],[27.50786,47.13986],[27.50801,47.13995],[27.50827,47.14006],[27.5083,47.14007],[27.50844,47.14013],[27.50855,47.14016],[27.50867,47.14019],[27.50877,47.14021],[27.50889,47.14022],[27.50912,47.14025],[27.51018,47.14026],[27.51046,47.14028],[27.51062,47.14029],[27.51072,47.14031],[27.5109,47.14036],[27.51105,47.14043],[27.51129,47.14056],[27.51153,47.14073],[27.51192,47.14102],[27.51277,47.14163],[27.51284,47.14168],[27.51312,47.14187],[27.51324,47.14194],[27.51346,47.14204],[27.51369,47.14214],[27.51389,47.14222],[27.51402,47.14227],[27.51431,47.14238],[27.51458,47.14248],[27.51493,47.14261],[27.51532,47.14276],[27.51602,47.14302],[27.51639,47.14316],[27.517215,47.143485],[27.51804,47.14381],[27.518635,47.144045],[27.51923,47.14428],[27.52008,47.1446],[27.52075,47.14485],[27.52138,47.14508],[27.52165,47.14516],[27.52195,47.14523],[27.52222,47.14528],[27.52247,47.14532],[27.52311,47.14543],[27.52369,47.14552],[27.52383,47.14555],[27.5247,47.145695],[27.52557,47.14584],[27.52572,47.14587],[27.52652,47.14601],[27.52679,47.14605],[27.5275,47.14617],[27.52768,47.1462],[27.52813,47.14627],[27.52868,47.14636],[27.52892,47.1464],[27.52928,47.14646],[27.52979,47.14655],[27.53004,47.14658],[27.53026,47.1466],[27.53081,47.14659],[27.53097,47.14656],[27.53112,47.14652],[27.53138,47.14644],[27.53166,47.14635],[27.5318,47.1463],[27.53194,47.14625],[27.53202,47.14622],[27.53272,47.14597],[27.53324,47.14579],[27.5337,47.14563],[27.53482,47.14525],[27.53565,47.14496],[27.53648,47.14467],[27.53698,47.1445],[27.53742,47.14435],[27.53758,47.14431],[27.53769,47.14429],[27.53784,47.14428],[27.53794,47.14429],[27.53802,47.14431],[27.5381,47.14434],[27.53817,47.14437],[27.53824,47.14442],[27.53832,47.1445],[27.53861,47.14485],[27.53865,47.14489],[27.53872,47.14494],[27.53884,47.14499],[27.53896,47.14502],[27.53911,47.14505],[27.53925,47.14507],[27.53952,47.14509],[27.5397,47.1451],[27.54017,47.14511],[27.54048,47.14512],[27.54213,47.145125],[27.54378,47.14513],[27.54453,47.14514],[27.54537,47.14515],[27.54548,47.14516],[27.5457,47.1452],[27.54593,47.14523],[27.54766,47.145515],[27.54939,47.1458],[27.54969,47.14585],[27.55018,47.14593],[27.55055,47.14599],[27.5513,47.1461],[27.55192,47.14621],[27.55277,47.146355],[27.55362,47.1465],[27.55375,47.14652],[27.55389,47.14654],[27.5542,47.1466],[27.55517,47.14675],[27.55521,47.14676],[27.55536,47.14678],[27.55559,47.14682],[27.55587,47.14687],[27.55615,47.14691],[27.556865,47.147025],[27.55758,47.14714],[27.55772,47.14716],[27.5579,47.1472],[27.55807,47.14725],[27.55815,47.1473],[27.55823,47.14734],[27.5583,47.1474],[27.55837,47.14746],[27.55866,47.147875],[27.55895,47.14829],[27.55908,47.14842],[27.55923,47.14851],[27.5594,47.14859],[27.55959,47.14865],[27.55982,47.14868],[27.56005,47.14869],[27.56023,47.14865],[27.56072,47.14845],[27.5611,47.14829],[27.56138,47.14817],[27.56146,47.14814],[27.5617,47.14803],[27.56211,47.14786],[27.56248,47.14769],[27.56272,47.14756],[27.563285,47.147205],[27.56385,47.14685],[27.56433,47.14659],[27.565165,47.146155],[27.566,47.14572],[27.56672,47.14533],[27.56725,47.14504],[27.56788,47.14475],[27.56808,47.14469],[27.56872,47.14451],[27.56905,47.14443],[27.56982,47.14413],[27.57008,47.14403],[27.57048,47.14387],[27.57081,47.14373],[27.57123,47.14357],[27.5715,47.14345],[27.57166,47.14336],[27.57218,47.14304],[27.57244,47.14289],[27.57264,47.14277],[27.573575,47.1422],[27.57451,47.14163],[27.57479,47.14227],[27.57484,47.14234],[27.57493,47.14239],[27.57588,47.14295],[27.57578,47.143],[27.57585,47.14305],[27.57607,47.14319],[27.57612,47.14322],[27.57661,47.14295],[27.57688,47.14321],[27.57693,47.14326],[27.57717,47.14349],[27.57732,47.14343],[27.57761,47.14331],[27.57794,47.14318],[27.57835,47.14302],[27.57863,47.14291],[27.5788,47.14281],[27.57908,47.14269],[27.57938,47.14257],[27.57952,47.14252],[27.57983,47.14239],[27.5799,47.14236],[27.5801,47.14228],[27.58017,47.14247],[27.58021,47.14246],[27.58025,47.14245],[27.58029,47.14244],[27.58034,47.14243],[27.58037,47.14248],[27.58048,47.14268],[27.58065,47.14304],[27.58067,47.14307],[27.58075,47.14319],[27.5809,47.14341],[27.58093,47.14346],[27.58105,47.14361],[27.58132,47.14395],[27.58166,47.14435],[27.5817,47.14441],[27.58188,47.14462],[27.582865,47.14581],[27.58385,47.147],[27.58411,47.1473],[27.584505,47.14776],[27.5849,47.14822],[27.58491,47.14825],[27.585,47.14834],[27.58535,47.14877],[27.58563,47.1491],[27.58592,47.14944],[27.5862,47.14977],[27.5864,47.15],[27.58654,47.15016],[27.58659,47.15023],[27.58668,47.15034],[27.58663,47.15035],[27.58659,47.15031],[27.58644,47.1501],[27.58659,47.15031],[27.58663,47.15035],[27.58668,47.15034],[27.58686,47.15054],[27.58696,47.15065],[27.58708,47.15079],[27.58712,47.15083],[27.58715,47.15085],[27.58718,47.15086],[27.58724,47.15088],[27.58738,47.15087],[27.58746,47.15086],[27.58776,47.15078],[27.58798,47.15068],[27.58797,47.15071],[27.58794,47.15082],[27.58795,47.15088],[27.58799,47.15095],[27.58804,47.151],[27.58806,47.15103],[27.58808,47.15107],[27.58814,47.15112],[27.58818,47.15116],[27.58825,47.15118],[27.58844,47.15116],[27.58865,47.15109],[27.5889,47.15101],[27.58892,47.15103],[27.58894,47.15105],[27.58896,47.15108],[27.58897,47.1511],[27.58899,47.15113],[27.58867,47.15122],[27.58809,47.15135],[27.58794,47.15139],[27.58788,47.15141],[27.58781,47.15143],[27.58779,47.15147],[27.58778,47.15152],[27.58779,47.15156],[27.58808,47.15189],[27.5881,47.15191],[27.58798,47.15196],[27.58795,47.15198],[27.58791,47.15199],[27.58778,47.15204],[27.58788,47.15216],[27.5877,47.15224],[27.58749,47.15233],[27.58739,47.15237],[27.58688,47.15261],[27.58675,47.15267],[27.5866,47.15273],[27.58629,47.15287],[27.58516,47.15333],[27.58432,47.1537],[27.58426,47.15365],[27.58418,47.15368],[27.58403,47.15374],[27.58363,47.15344],[27.58359,47.15341],[27.58355,47.15335],[27.5837,47.15329],[27.584565,47.152905],[27.58543,47.15252],[27.58639,47.15209]]},"properties":{"line":"501b","dir":"1","mode":"bus"}},{"type":"Feature","geometry":{"type":"LineString","coordinates":[[27.57564,47.13366],[27.57479,47.13368],[27.57426,47.13398],[27.57391,47.13401],[27.57364,47.13405],[27.57347,47.13408],[27.57314,47.1342],[27.57299,47.13426],[27.57291,47.13432],[27.57287,47.13435],[27.57282,47.13438],[27.57275,47.13443],[27.57266,47.13431],[27.57255,47.13414],[27.57244,47.13399],[27.57203,47.13339],[27.5719,47.1332],[27.57152,47.13265],[27.57113,47.13209],[27.57072,47.1315],[27.57067,47.13143],[27.57059,47.13131],[27.570195,47.130755],[27.5698,47.1302],[27.56925,47.12942],[27.5691,47.12921],[27.56898,47.12903],[27.56853,47.128405],[27.56808,47.12778],[27.56805,47.12774],[27.56759,47.12708],[27.56743,47.12683],[27.56732,47.12654],[27.56727,47.12636],[27.56725,47.12599],[27.56726,47.12527],[27.56728,47.12468],[27.56727,47.12443],[27.56725,47.12418],[27.56721,47.124],[27.56706,47.12357],[27.5669,47.12331],[27.56653,47.122755],[27.56616,47.1222],[27.56608,47.12208],[27.56599,47.12194],[27.56586,47.12173],[27.56555,47.12125],[27.56552,47.12119],[27.56547,47.12113],[27.56541,47.12103],[27.56534,47.12092],[27.565,47.12037],[27.56473,47.119935],[27.56446,47.1195],[27.56445,47.11948],[27.56432,47.11928],[27.5643,47.11925],[27.56428,47.11923],[27.56405,47.11887],[27.56389,47.11863],[27.56372,47.11837],[27.56357,47.11812],[27.56343,47.1179],[27.56305,47.11728],[27.56282,47.11692],[27.5627,47.11672],[27.56265,47.11664],[27.56238,47.1162],[27.56211,47.11576],[27.56163,47.115],[27.56156,47.11488],[27.56111,47.11419],[27.56097,47.11399],[27.56078,47.11369],[27.56061,47.11339],[27.56059,47.11331],[27.56055,47.11315],[27.56054,47.11302],[27.56053,47.11219],[27.56051,47.11207],[27.56049,47.11197],[27.56042,47.11185],[27.56007,47.11138],[27.55999,47.11128],[27.55986,47.1111],[27.55958,47.11075],[27.5594,47.11051],[27.55919,47.1105],[27.55903,47.11047],[27.55891,47.11043],[27.55879,47.11038],[27.55864,47.11031],[27.55812,47.10993],[27.558,47.10984],[27.55786,47.10976],[27.55769,47.1097],[27.55752,47.10966],[27.55631,47.10943],[27.556,47.10935],[27.55588,47.1093],[27.55578,47.10923],[27.55569,47.10916],[27.55561,47.10904],[27.55549,47.10884],[27.55523,47.108365],[27.55497,47.10789],[27.55493,47.10781],[27.55491,47.10771],[27.5549,47.10755],[27.55489,47.10747],[27.55488,47.10741],[27.55486,47.10735],[27.55477,47.1072],[27.55475,47.10715],[27.55454,47.10679],[27.55444,47.10661],[27.55428,47.10635],[27.55425,47.10631],[27.5542,47.10627],[27.55407,47.10619],[27.55386,47.1061],[27.55366,47.10603],[27.55287,47.1058],[27.55257,47.10571],[27.5525,47.1057],[27.55227,47.10563],[27.55209,47.10558],[27.55172,47.10546],[27.55155,47.10541],[27.55135,47.10534],[27.55113,47.10526],[27.55097,47.1052],[27.55058,47.10507],[27.55018,47.10495],[27.55008,47.10492],[27.54997,47.10489],[27.54979,47.10485],[27.54952,47.10478],[27.54925,47.10471],[27.54876,47.10458],[27.54825,47.10442],[27.54781,47.1043],[27.54771,47.10427],[27.54711,47.10414],[27.54693,47.1041],[27.54673,47.10406],[27.54636,47.10399],[27.54627,47.10397],[27.546,47.10391],[27.54582,47.10385],[27.54525,47.10363],[27.54482,47.10347],[27.54424,47.10325],[27.54379,47.10308],[27.54348,47.10295],[27.54334,47.1029],[27.54307,47.10279],[27.54295,47.10275],[27.54238,47.10253],[27.54212,47.10244],[27.54187,47.10234],[27.54176,47.1023],[27.54109,47.10205],[27.54097,47.102],[27.54077,47.10192],[27.54063,47.10187],[27.54033,47.10172],[27.54023,47.10167],[27.53981,47.10146],[27.53883,47.10094],[27.53863,47.10083],[27.53856,47.10079],[27.53834,47.10068],[27.53802,47.10049],[27.53776,47.10035],[27.53736,47.10017],[27.53718,47.1001],[27.53667,47.09995],[27.53611,47.09973],[27.535435,47.099555],[27.53476,47.09938],[27.53386,47.09915],[27.53296,47.09892],[27.531785,47.098615],[27.53061,47.09831],[27.53059,47.0983],[27.529925,47.09811],[27.52926,47.09792],[27.52819,47.09758],[27.52775,47.09741],[27.52771,47.09738],[27.526915,47.096985],[27.52612,47.09659],[27.52595,47.09649]]},"properties":{"line":"502","dir":"0","mode":"bus"}},{"type":"Feature","geometry":{"type":"LineString","coordinates":[[27.52603,47.09654],[27.52612,47.09659],[27.526915,47.096985],[27.52771,47.09738],[27.52775,47.09741],[27.52819,47.09758],[27.52926,47.09792],[27.53046,47.09826],[27.53059,47.0983],[27.531775,47.09861],[27.53296,47.09892],[27.53386,47.09915],[27.53476,47.09938],[27.535435,47.099555],[27.53611,47.09973],[27.53667,47.09995],[27.53718,47.1001],[27.53736,47.10017],[27.53776,47.10035],[27.53802,47.10049],[27.53834,47.10068],[27.53856,47.10079],[27.53863,47.10083],[27.53883,47.10094],[27.53981,47.10146],[27.54023,47.10167],[27.54033,47.10172],[27.54063,47.10187],[27.54087,47.10196],[27.54097,47.102],[27.54109,47.10205],[27.54176,47.1023],[27.54187,47.10234],[27.54212,47.10244],[27.54238,47.10253],[27.54295,47.10275],[27.54307,47.10279],[27.54334,47.1029],[27.54348,47.10295],[27.54379,47.10308],[27.54424,47.10325],[27.54482,47.10347],[27.54525,47.10363],[27.54582,47.10385],[27.546,47.10391],[27.54627,47.10397],[27.54636,47.10399],[27.54673,47.10406],[27.54693,47.1041],[27.54711,47.10414],[27.54771,47.10427],[27.54781,47.1043],[27.54825,47.10442],[27.54876,47.10458],[27.54925,47.10471],[27.54952,47.10478],[27.54979,47.10485],[27.54997,47.10489],[27.55008,47.10492],[27.55018,47.10495],[27.55058,47.10507],[27.55097,47.1052],[27.55113,47.10526],[27.55135,47.10534],[27.55167,47.10545],[27.55172,47.10546],[27.55209,47.10558],[27.55227,47.10563],[27.5525,47.1057],[27.55257,47.10571],[27.55287,47.1058],[27.55366,47.10603],[27.55386,47.1061],[27.55407,47.10619],[27.5542,47.10627],[27.55425,47.10631],[27.55428,47.10635],[27.55444,47.10661],[27.55454,47.10679],[27.55475,47.10715],[27.55477,47.1072],[27.55486,47.10735],[27.55488,47.10741],[27.55489,47.10747],[27.5549,47.10755],[27.55491,47.10771],[27.55493,47.10781],[27.55497,47.10789],[27.55523,47.108365],[27.55549,47.10884],[27.55561,47.10904],[27.55569,47.10916],[27.55578,47.10923],[27.55588,47.1093],[27.556,47.10935],[27.55631,47.10943],[27.55752,47.10966],[27.55769,47.1097],[27.55786,47.10976],[27.558,47.10984],[27.55812,47.10993],[27.55864,47.11031],[27.55879,47.11038],[27.55891,47.11043],[27.55903,47.11047],[27.55919,47.1105],[27.55928,47.11051],[27.55937,47.11046],[27.5594,47.11051],[27.55986,47.1111],[27.55999,47.11128],[27.56007,47.11138],[27.56042,47.11185],[27.56049,47.11197],[27.56051,47.11207],[27.56053,47.11219],[27.56054,47.11302],[27.56055,47.11315],[27.56059,47.11331],[27.56061,47.11339],[27.56078,47.11369],[27.56097,47.11399],[27.56098,47.114],[27.56127,47.11444],[27.56156,47.11488],[27.56163,47.115],[27.56211,47.11576],[27.56238,47.1162],[27.56265,47.11664],[27.5627,47.11672],[27.56272,47.11675],[27.56282,47.11692],[27.563125,47.11741],[27.56343,47.1179],[27.56357,47.11812],[27.56372,47.11837],[27.56389,47.11863],[27.56405,47.11887],[27.56428,47.11923],[27.5643,47.11925],[27.56432,47.11928],[27.56445,47.11948],[27.564725,47.119925],[27.565,47.12037],[27.56534,47.12092],[27.56541,47.12103],[27.56547,47.12113],[27.56552,47.12119],[27.56555,47.12125],[27.56586,47.12173],[27.56599,47.12194],[27.56608,47.12208],[27.56616,47.1222],[27.56653,47.122755],[27.5669,47.12331],[27.56702,47.1235],[27.56706,47.12357],[27.56721,47.124],[27.56725,47.12418],[27.56727,47.12443],[27.56728,47.12468],[27.56726,47.12527],[27.56725,47.12599],[27.56727,47.12636],[27.56732,47.12654],[27.56743,47.12683],[27.56759,47.12708],[27.56805,47.12774],[27.56808,47.12778],[27.56862,47.12853],[27.56898,47.12903],[27.5691,47.12921],[27.56945,47.129705],[27.5698,47.1302],[27.570195,47.130755],[27.57059,47.13131],[27.57067,47.13143],[27.57072,47.13141],[27.57079,47.13139],[27.57084,47.13137],[27.57147,47.13226],[27.5721,47.13315],[27.57219,47.13328],[27.57257,47.13381],[27.57291,47.13432],[27.57299,47.13426],[27.57314,47.1342],[27.57347,47.13408],[27.57364,47.13405],[27.57391,47.13401],[27.57426,47.13398],[27.57452,47.13397],[27.57545,47.13366]]},"properties":{"line":"502","dir":"1","mode":"bus"}},{"type":"Feature","geometry":{"type":"LineString","coordinates":[[27.57564,47.13366],[27.57612,47.1337],[27.5763,47.13377],[27.5764,47.13388],[27.5763,47.13431],[27.57624,47.13434],[27.5763,47.13431],[27.57566,47.13432],[27.57548,47.13431],[27.57535,47.13428],[27.57523,47.13422],[27.57515,47.13416],[27.57516,47.13398],[27.57479,47.13397],[27.57426,47.13398],[27.57391,47.13401],[27.57364,47.13405],[27.57347,47.13408],[27.57314,47.1342],[27.57299,47.13426],[27.57291,47.13432],[27.57287,47.13435],[27.57282,47.13438],[27.57275,47.13443],[27.57272,47.13439],[27.57266,47.13431],[27.57255,47.13414],[27.57244,47.13399],[27.5719,47.1332],[27.57152,47.13265],[27.57113,47.13209],[27.57072,47.1315],[27.57067,47.13143],[27.57059,47.13131],[27.570195,47.130755],[27.5698,47.1302],[27.56925,47.12942],[27.5691,47.12921],[27.56898,47.12903],[27.56853,47.128405],[27.56808,47.12778],[27.56805,47.12774],[27.56759,47.12708],[27.56743,47.12683],[27.56732,47.12654],[27.56727,47.12636],[27.56725,47.12599],[27.56726,47.12527],[27.56728,47.12468],[27.56727,47.12443],[27.56725,47.12418],[27.56721,47.124],[27.56706,47.12357],[27.5669,47.12331],[27.56653,47.122755],[27.56616,47.1222],[27.56608,47.12208],[27.56599,47.12194],[27.56586,47.12173],[27.56555,47.12125],[27.56552,47.12119],[27.56547,47.12113],[27.56541,47.12103],[27.56534,47.12092],[27.565,47.12037],[27.56473,47.119935],[27.56446,47.1195],[27.56445,47.11948],[27.56432,47.11928],[27.5643,47.11925],[27.56428,47.11923],[27.56405,47.11887],[27.56389,47.11863],[27.56372,47.11837],[27.56357,47.11812],[27.56343,47.1179],[27.56305,47.11728],[27.56282,47.11692],[27.5627,47.11672],[27.56256,47.1168],[27.5625,47.11683],[27.56225,47.11699],[27.5617,47.11732],[27.5605,47.118055],[27.5593,47.11879],[27.55866,47.119185],[27.55802,47.11958],[27.5577,47.11977],[27.55742,47.11994],[27.556675,47.12038],[27.55593,47.12082],[27.55586,47.12086],[27.55525,47.12112],[27.55514,47.12117],[27.55487,47.12128],[27.5547,47.12136],[27.55432,47.12153],[27.55403,47.12166],[27.5539,47.12172],[27.55383,47.12175],[27.55299,47.1221],[27.55235,47.12237],[27.55187,47.12259],[27.5514,47.1228],[27.55095,47.12299],[27.55049,47.12316],[27.55005,47.12332],[27.54977,47.12343],[27.54946,47.12353],[27.54862,47.1238],[27.54778,47.12407],[27.54751,47.12412],[27.54723,47.12415],[27.5468,47.12445],[27.54652,47.12462],[27.54607,47.12491],[27.54535,47.12534],[27.5444,47.12595],[27.54339,47.12657],[27.54238,47.12719],[27.54224,47.12727],[27.5417,47.12761],[27.54116,47.12795],[27.540595,47.128295],[27.54003,47.12864],[27.53995,47.12869],[27.5392,47.12919],[27.5387,47.12949],[27.53805,47.12989],[27.53757,47.13018],[27.53741,47.13029],[27.53726,47.1304],[27.53709,47.13056],[27.53701,47.13063]]},"properties":{"line":"503","dir":"0","mode":"bus"}},{"type":"Feature","geometry":{"type":"LineString","coordinates":[[27.53701,47.13063],[27.53709,47.13056],[27.53726,47.1304],[27.53741,47.13029],[27.53757,47.13018],[27.53805,47.12989],[27.5387,47.12949],[27.5392,47.12919],[27.53995,47.12869],[27.54003,47.12864],[27.540595,47.128295],[27.54116,47.12795],[27.5417,47.12761],[27.54224,47.12727],[27.5424,47.12718],[27.5434,47.126565],[27.5444,47.12595],[27.54535,47.12534],[27.54607,47.12491],[27.54648,47.12465],[27.5468,47.12445],[27.54723,47.12415],[27.54751,47.12412],[27.54778,47.12407],[27.54862,47.1238],[27.54946,47.12353],[27.54977,47.12343],[27.55005,47.12332],[27.55049,47.12316],[27.55095,47.12299],[27.5514,47.1228],[27.55187,47.12259],[27.55235,47.12237],[27.55299,47.1221],[27.55383,47.12175],[27.5539,47.12172],[27.55403,47.12166],[27.55432,47.12153],[27.5547,47.12136],[27.55487,47.12128],[27.55514,47.12117],[27.55525,47.12112],[27.55586,47.12086],[27.55593,47.12082],[27.556675,47.12038],[27.55742,47.11994],[27.5577,47.11977],[27.55802,47.11958],[27.55866,47.119185],[27.5593,47.11879],[27.5605,47.118055],[27.5617,47.11732],[27.56225,47.11699],[27.5625,47.11683],[27.56256,47.1168],[27.5627,47.11672],[27.56272,47.11675],[27.56282,47.11692],[27.563125,47.11741],[27.56343,47.1179],[27.56357,47.11812],[27.56372,47.11837],[27.56389,47.11863],[27.56405,47.11887],[27.56428,47.11923],[27.5643,47.11925],[27.56432,47.11928],[27.56445,47.11948],[27.564725,47.119925],[27.565,47.12037],[27.56534,47.12092],[27.56541,47.12103],[27.56547,47.12113],[27.56552,47.12119],[27.56555,47.12125],[27.56586,47.12173],[27.56599,47.12194],[27.56608,47.12208],[27.56616,47.1222],[27.56653,47.122755],[27.5669,47.12331],[27.56702,47.1235],[27.56706,47.12357],[27.56721,47.124],[27.56725,47.12418],[27.56727,47.12443],[27.56728,47.12468],[27.56726,47.12527],[27.56725,47.12599],[27.56727,47.12636],[27.56732,47.12654],[27.56743,47.12683],[27.56759,47.12708],[27.56805,47.12774],[27.56808,47.12778],[27.56862,47.12853],[27.56898,47.12903],[27.5691,47.12921],[27.56945,47.129705],[27.5698,47.1302],[27.570195,47.130755],[27.57059,47.13131],[27.57067,47.13143],[27.57072,47.1315],[27.57086,47.13169],[27.57113,47.13209],[27.57152,47.13265],[27.5719,47.1332],[27.57244,47.13399],[27.57255,47.13414],[27.57266,47.13431],[27.57275,47.13443],[27.57282,47.13438],[27.57287,47.13435],[27.57291,47.13432],[27.57299,47.13426],[27.57314,47.1342],[27.57347,47.13408],[27.57364,47.13405],[27.57391,47.13401],[27.57426,47.13398],[27.57452,47.13397],[27.57545,47.13366]]},"properties":{"line":"503","dir":"1","mode":"bus"}},{"type":"Feature","geometry":{"type":"LineString","coordinates":[[27.57535,47.13366],[27.57612,47.1337],[27.5763,47.13377],[27.5764,47.13388],[27.57636,47.13404],[27.5763,47.13431],[27.57566,47.13432],[27.57548,47.13431],[27.57535,47.13428],[27.57523,47.13422],[27.57515,47.13416],[27.57516,47.13401],[27.57479,47.13397],[27.57426,47.13398],[27.57391,47.13401],[27.57364,47.13405],[27.57347,47.13408],[27.57314,47.1342],[27.57299,47.13426],[27.57291,47.13432],[27.57287,47.13435],[27.57282,47.13438],[27.57275,47.13443],[27.57266,47.13431],[27.57255,47.13414],[27.57244,47.13399],[27.57203,47.13339],[27.5719,47.1332],[27.57152,47.13265],[27.57113,47.13209],[27.57072,47.1315],[27.57067,47.13143],[27.57059,47.13131],[27.570195,47.130755],[27.5698,47.1302],[27.56925,47.12942],[27.5691,47.12921],[27.56898,47.12903],[27.56853,47.128405],[27.56808,47.12778],[27.56805,47.12774],[27.56759,47.12708],[27.56743,47.12683],[27.56732,47.12654],[27.56727,47.12636],[27.56725,47.12599],[27.56726,47.12527],[27.56728,47.12468],[27.56727,47.12443],[27.56725,47.12418],[27.56721,47.124],[27.56706,47.12357],[27.5669,47.12331],[27.56653,47.122755],[27.56616,47.1222],[27.56608,47.12208],[27.56599,47.12194],[27.56586,47.12173],[27.56555,47.12125],[27.56552,47.12119],[27.56547,47.12113],[27.56541,47.12103],[27.56534,47.12092],[27.565,47.12037],[27.56473,47.119935],[27.56446,47.1195],[27.56445,47.11948],[27.56432,47.11928],[27.5643,47.11925],[27.56428,47.11923],[27.56405,47.11887],[27.56389,47.11863],[27.56372,47.11837],[27.56357,47.11812],[27.56343,47.1179],[27.56305,47.11728],[27.56282,47.11692],[27.5627,47.11672],[27.56256,47.1168],[27.5625,47.11683],[27.56225,47.11699],[27.5617,47.11732],[27.5605,47.118055],[27.5593,47.11879],[27.55866,47.119185],[27.55802,47.11958],[27.5577,47.11977],[27.55742,47.11994],[27.556675,47.12038],[27.55593,47.12082],[27.55586,47.12086],[27.55525,47.12112],[27.55514,47.12117],[27.55487,47.12128],[27.5547,47.12136],[27.55432,47.12153],[27.55403,47.12166],[27.5539,47.12172],[27.55383,47.12175],[27.55299,47.1221],[27.55235,47.12237],[27.55187,47.12259],[27.5514,47.1228],[27.55095,47.12299],[27.55049,47.12316],[27.55005,47.12332],[27.54977,47.12343],[27.54946,47.12353],[27.54862,47.1238],[27.54778,47.12407],[27.54751,47.12412],[27.54723,47.12415],[27.5468,47.12445],[27.54652,47.12462],[27.54607,47.12491],[27.54535,47.12534],[27.5444,47.12595],[27.54339,47.12657],[27.54238,47.12719],[27.54224,47.12727],[27.5417,47.12761],[27.54116,47.12795],[27.540595,47.128295],[27.54003,47.12864],[27.53995,47.12869],[27.5392,47.12919],[27.5387,47.12949],[27.53805,47.12989],[27.53757,47.13018],[27.53741,47.13029],[27.53726,47.1304],[27.53709,47.13056],[27.53701,47.13063],[27.536075,47.13146],[27.53514,47.13229],[27.53467,47.1329],[27.53441,47.13325],[27.5342,47.13361],[27.53387,47.13421],[27.53369,47.13451],[27.5336,47.13461],[27.53352,47.13469],[27.53336,47.13481],[27.5332,47.13491],[27.5331,47.135],[27.53303,47.13508],[27.53293,47.13523],[27.53286,47.13539],[27.53283,47.1355],[27.53276,47.13564],[27.53268,47.13577],[27.53247,47.136],[27.53195,47.13652],[27.53163,47.13682],[27.53119,47.13724],[27.53089,47.13756],[27.53064,47.13786],[27.53048,47.13808],[27.53035,47.13829],[27.53018,47.13871],[27.52996,47.13946],[27.52989,47.13981],[27.52983,47.14023],[27.52928,47.14047],[27.52927,47.14077],[27.52921,47.14111],[27.52917,47.14128],[27.52894,47.14177],[27.52892,47.14179],[27.5286,47.14223],[27.52847,47.14239],[27.52794,47.14306],[27.52741,47.14373],[27.52732,47.14384],[27.52696,47.144295],[27.5266,47.14475],[27.52731,47.14502],[27.52795,47.14524],[27.52771,47.1456],[27.52762,47.14585],[27.52771,47.1456],[27.52795,47.14524],[27.52731,47.14502],[27.5266,47.14475],[27.52626,47.14521],[27.52613,47.14536]]},"properties":{"line":"503b","dir":"0","mode":"bus"}},{"type":"Feature","geometry":{"type":"LineString","coordinates":[[27.52613,47.14536],[27.52626,47.14521],[27.5266,47.14475],[27.52696,47.144295],[27.52732,47.14384],[27.52741,47.14373],[27.52794,47.14306],[27.52847,47.14239],[27.5286,47.14223],[27.52891,47.14181],[27.52894,47.14177],[27.52917,47.14128],[27.52921,47.14111],[27.52927,47.14077],[27.52928,47.14047],[27.52983,47.14023],[27.52989,47.13981],[27.52996,47.13946],[27.53018,47.13871],[27.53035,47.13829],[27.53048,47.13808],[27.53064,47.13786],[27.53089,47.13756],[27.53119,47.13724],[27.53163,47.13682],[27.53195,47.13652],[27.53247,47.136],[27.53268,47.13577],[27.53276,47.13564],[27.53283,47.1355],[27.53286,47.13539],[27.53293,47.13523],[27.53303,47.13508],[27.5331,47.135],[27.5332,47.13491],[27.53336,47.13481],[27.53352,47.13469],[27.5336,47.13461],[27.53369,47.13451],[27.53387,47.13421],[27.5342,47.13361],[27.53441,47.13325],[27.53467,47.1329],[27.53514,47.13229],[27.536075,47.13146],[27.53701,47.13063],[27.53709,47.13056],[27.53726,47.1304],[27.53741,47.13029],[27.53757,47.13018],[27.53805,47.12989],[27.5387,47.12949],[27.5392,47.12919],[27.53995,47.12869],[27.54003,47.12864],[27.540595,47.128295],[27.54116,47.12795],[27.5417,47.12761],[27.54224,47.12727],[27.5424,47.12718],[27.5434,47.126565],[27.5444,47.12595],[27.54535,47.12534],[27.54607,47.12491],[27.54648,47.12465],[27.5468,47.12445],[27.54723,47.12415],[27.54751,47.12412],[27.54778,47.12407],[27.54862,47.1238],[27.54946,47.12353],[27.54977,47.12343],[27.55005,47.12332],[27.55049,47.12316],[27.55095,47.12299],[27.5514,47.1228],[27.55187,47.12259],[27.55235,47.12237],[27.55299,47.1221],[27.55383,47.12175],[27.5539,47.12172],[27.55403,47.12166],[27.55432,47.12153],[27.5547,47.12136],[27.55487,47.12128],[27.55514,47.12117],[27.55525,47.12112],[27.55586,47.12086],[27.55593,47.12082],[27.556675,47.12038],[27.55742,47.11994],[27.5577,47.11977],[27.55802,47.11958],[27.55866,47.119185],[27.5593,47.11879],[27.5605,47.118055],[27.5617,47.11732],[27.56225,47.11699],[27.5625,47.11683],[27.56256,47.1168],[27.5627,47.11672],[27.56272,47.11675],[27.56282,47.11692],[27.563125,47.11741],[27.56343,47.1179],[27.56357,47.11812],[27.56372,47.11837],[27.56389,47.11863],[27.56405,47.11887],[27.56428,47.11923],[27.5643,47.11925],[27.56432,47.11928],[27.56445,47.11948],[27.564725,47.119925],[27.565,47.12037],[27.56534,47.12092],[27.56541,47.12103],[27.56547,47.12113],[27.56552,47.12119],[27.56555,47.12125],[27.56586,47.12173],[27.56599,47.12194],[27.56608,47.12208],[27.56616,47.1222],[27.56653,47.122755],[27.5669,47.12331],[27.56702,47.1235],[27.56706,47.12357],[27.56721,47.124],[27.56725,47.12418],[27.56727,47.12443],[27.56728,47.12468],[27.56726,47.12527],[27.56725,47.12599],[27.56727,47.12636],[27.56732,47.12654],[27.56743,47.12683],[27.56759,47.12708],[27.56805,47.12774],[27.56808,47.12778],[27.56862,47.12853],[27.56898,47.12903],[27.5691,47.12921],[27.56945,47.129705],[27.5698,47.1302],[27.570195,47.130755],[27.57059,47.13131],[27.57067,47.13143],[27.57072,47.1315],[27.57101,47.13192],[27.57113,47.13209],[27.57152,47.13265],[27.5719,47.1332],[27.57244,47.13399],[27.57255,47.13414],[27.57266,47.13431],[27.57275,47.13443],[27.57282,47.13438],[27.57287,47.13435],[27.57291,47.13432],[27.57299,47.13426],[27.57314,47.1342],[27.57347,47.13408],[27.57364,47.13405],[27.57391,47.13401],[27.57426,47.13398],[27.57452,47.13397],[27.57535,47.13366]]},"properties":{"line":"503b","dir":"1","mode":"bus"}},{"type":"Feature","geometry":{"type":"LineString","coordinates":[[27.59094,47.16473],[27.59105,47.16456],[27.59111,47.16446],[27.59119,47.16438],[27.59125,47.16434],[27.59134,47.16432],[27.59144,47.1643],[27.59157,47.16427],[27.59174,47.1642],[27.59175,47.16421],[27.59181,47.16428],[27.59214,47.16472],[27.59228,47.1649],[27.59262,47.16534],[27.59286,47.16565],[27.59295,47.16577],[27.593,47.1659],[27.59309,47.16615],[27.59314,47.16624],[27.59318,47.1663],[27.59323,47.16636],[27.5933,47.16642],[27.5934,47.16648],[27.59353,47.16656],[27.59383,47.16671],[27.59419,47.16684],[27.59439,47.16691],[27.59429,47.16706],[27.59427,47.16709],[27.59421,47.1672],[27.59398,47.16763],[27.59355,47.16835],[27.59317,47.16905],[27.59279,47.16975],[27.5926,47.17009],[27.59222,47.17079],[27.59213,47.17091],[27.59161,47.17145],[27.59098,47.17203],[27.59052,47.1725],[27.589995,47.17301],[27.58947,47.17352],[27.58888,47.17409],[27.58829,47.17466],[27.58809,47.17493],[27.58794,47.17516],[27.58774,47.17541],[27.58758,47.1756],[27.58694,47.17619],[27.58658,47.17655],[27.58624,47.17698],[27.58617,47.17709],[27.58593,47.17742],[27.58583,47.17755],[27.58574,47.17767],[27.58557,47.17784],[27.58534,47.17807],[27.58489,47.17847],[27.58461,47.17875],[27.58448,47.17887],[27.58424,47.17911],[27.58421,47.17913],[27.58382,47.17952],[27.58345,47.17987],[27.58284,47.18039],[27.58234,47.18082],[27.58173,47.18137],[27.58113,47.18194],[27.58051,47.1825],[27.58011,47.182875],[27.57971,47.18325],[27.5793,47.1836],[27.57916,47.18371],[27.57895,47.18386],[27.57871,47.184],[27.5783,47.18424],[27.57816,47.18432],[27.578,47.18441],[27.57786,47.18452],[27.57764,47.18469],[27.57744,47.18488],[27.57714,47.18517],[27.5768,47.18551],[27.5764,47.1859],[27.575755,47.186485],[27.57511,47.18707],[27.57459,47.18756],[27.57441,47.18774],[27.57424,47.18794],[27.57374,47.188555],[27.57324,47.18917],[27.57265,47.18989],[27.572305,47.190345],[27.57196,47.1908],[27.57158,47.19131],[27.5712,47.19182],[27.57086,47.19228],[27.57053,47.19271],[27.57015,47.19314],[27.56998,47.19332],[27.5696,47.19367],[27.56917,47.19406],[27.56853,47.19465],[27.56815,47.19506],[27.56772,47.19549],[27.566985,47.196235],[27.56625,47.19698],[27.56563,47.19763],[27.56548,47.19781],[27.56532,47.198],[27.56521,47.19817],[27.56494,47.19865],[27.56467,47.19913],[27.56453,47.19932],[27.56438,47.19949],[27.56422,47.19964],[27.56403,47.19978],[27.56364,47.20002],[27.5632,47.20021],[27.56266,47.20043],[27.56247,47.20051],[27.5623,47.2006],[27.56214,47.20071],[27.56197,47.20084],[27.56178,47.20102],[27.5616,47.20124],[27.5614,47.20153],[27.560995,47.202115],[27.56059,47.2027],[27.56037,47.20295],[27.56013,47.20315],[27.56,47.20322],[27.55988,47.20326],[27.55966,47.20333],[27.55943,47.20337],[27.5591,47.20342],[27.55883,47.20346],[27.5584,47.20351],[27.55818,47.20356],[27.55804,47.2036],[27.55776,47.20369],[27.55759,47.20379],[27.55742,47.2039],[27.55734,47.20397],[27.55725,47.20405],[27.5569,47.20447],[27.55669,47.20475],[27.55654,47.20494],[27.55607,47.20549],[27.55564,47.20617],[27.55501,47.207195],[27.55438,47.20822],[27.55433,47.20831],[27.5542,47.20853],[27.55389,47.20905],[27.55358,47.20957],[27.553245,47.21013],[27.55291,47.21069],[27.55266,47.21107],[27.55224,47.21171],[27.55205,47.2119],[27.55165,47.21229],[27.55153,47.21248],[27.55142,47.2127],[27.55135,47.21286],[27.55125,47.21317],[27.5512,47.21327],[27.55111,47.21341],[27.55085,47.21372],[27.55074,47.21387],[27.55069,47.21401],[27.55055,47.21457],[27.55048,47.21475],[27.55039,47.21491],[27.55028,47.21506],[27.54967,47.21576],[27.54928,47.21617],[27.54915,47.21633],[27.54902,47.21651],[27.54892,47.21673],[27.54884,47.21694],[27.54881,47.21708],[27.54878,47.21723],[27.54868,47.21785],[27.54861,47.21821],[27.54844,47.2187],[27.5483,47.21904],[27.548055,47.219495],[27.54781,47.21995],[27.54735,47.22079],[27.54719,47.22107],[27.54709,47.22122],[27.547,47.22134],[27.54674,47.22166],[27.54633,47.2221],[27.54591,47.2225],[27.54551,47.22287],[27.54517,47.22312],[27.54496,47.22328],[27.54475,47.22339],[27.54444,47.22353],[27.54415,47.2236],[27.5438,47.22372],[27.54358,47.22381],[27.54335,47.22395],[27.54317,47.22409],[27.5429,47.22435],[27.54263,47.2246],[27.5422,47.225025],[27.54177,47.22545],[27.5416,47.22562],[27.54133,47.22583],[27.54101,47.22604],[27.54043,47.22645],[27.53988,47.22686],[27.53913,47.22736],[27.53886,47.22757],[27.53865,47.22772],[27.53823,47.22803],[27.53799,47.22825],[27.53785,47.22839],[27.53777,47.22846],[27.5375,47.22879],[27.53738,47.229],[27.53706,47.22964],[27.53703,47.22972],[27.53685,47.23019],[27.53667,47.23066],[27.5365,47.23097],[27.53626,47.23127],[27.53599,47.23152],[27.53528,47.23207],[27.53502,47.23227],[27.53487,47.23239],[27.53474,47.23253],[27.53462,47.23269],[27.53455,47.23286],[27.53446,47.23335],[27.53434,47.23394],[27.53428,47.23436],[27.53418,47.23481],[27.5341,47.2351],[27.53396,47.23544],[27.53369,47.23611],[27.53341,47.23677],[27.53312,47.23747],[27.53302,47.23774],[27.53297,47.23784],[27.53286,47.23812],[27.53265,47.23869],[27.53256,47.23899],[27.53249,47.23921],[27.53252,47.23953],[27.53253,47.23962],[27.53243,47.23969],[27.53239,47.23971],[27.53234,47.23979],[27.53223,47.23995],[27.53211,47.24005],[27.53205,47.24018],[27.53196,47.24034],[27.53181,47.2406],[27.53154,47.24123],[27.53133,47.24176],[27.53111,47.24233],[27.53104,47.24257],[27.53096,47.24286],[27.53092,47.2432],[27.53091,47.24352],[27.53098,47.24384],[27.53105,47.24409],[27.53115,47.24435],[27.53139,47.24504],[27.53152,47.24547],[27.53162,47.24587],[27.53164,47.24624],[27.53165,47.24678],[27.531635,47.24753],[27.53162,47.24828],[27.53157,47.24878],[27.53153,47.24892],[27.53144,47.2491],[27.53121,47.24941],[27.5307,47.25002],[27.53013,47.25062],[27.52954,47.25124],[27.52899,47.25188],[27.528225,47.25298],[27.52746,47.25408],[27.52705,47.254665],[27.52664,47.25525],[27.526255,47.255785],[27.52587,47.25632],[27.52532,47.25697],[27.52472,47.25759],[27.52413,47.25827],[27.52403,47.25845],[27.52393,47.25869],[27.52386,47.25901],[27.523725,47.25986],[27.52359,47.26071],[27.5235,47.26119],[27.52345,47.2614],[27.52339,47.26156],[27.52324,47.2618],[27.52308,47.26199],[27.5229,47.26216],[27.5225,47.2625],[27.52212,47.26282],[27.52137,47.26345],[27.52093,47.26379],[27.52071,47.26398],[27.52042,47.26422],[27.52023,47.2644],[27.52,47.26466],[27.51979,47.26493],[27.51963,47.26517],[27.51948,47.26544],[27.51935,47.26569],[27.51909,47.26632],[27.51888,47.2668],[27.51868,47.267245],[27.51848,47.26769],[27.51821,47.26822],[27.5181,47.26854],[27.51807,47.26859],[27.51794,47.26898],[27.5179,47.26935],[27.51789,47.26966],[27.51796,47.27002],[27.51808,47.27054],[27.51827,47.27126],[27.51844,47.27182],[27.51865,47.27242],[27.51886,47.27302],[27.519035,47.273515],[27.51921,47.27401],[27.51924,47.2741],[27.51933,47.27437],[27.51961,47.27511],[27.51983,47.27573],[27.51992,47.27617],[27.51987,47.27704],[27.51982,47.27759],[27.51975,47.27816],[27.51968,47.27831],[27.5196,47.27848],[27.51954,47.27857],[27.5194,47.27876],[27.51874,47.27943],[27.51833,47.27991],[27.5179,47.28038],[27.51734,47.28097],[27.51708,47.28132],[27.51703,47.28138],[27.51671,47.28183],[27.516325,47.282395],[27.51594,47.28296],[27.5155,47.28363],[27.51524,47.28401],[27.51472,47.28478],[27.51442,47.28521],[27.5141,47.28569],[27.5139,47.28599],[27.51365,47.28634],[27.5134,47.28655],[27.51318,47.28672],[27.51293,47.28692],[27.51281,47.287],[27.51274,47.28706],[27.5123,47.28738],[27.51211,47.28755],[27.51201,47.2877],[27.51179,47.28787]]},"properties":{"line":"601","dir":"0","mode":"bus"}},{"type":"Feature","geometry":{"type":"LineString","coordinates":[[27.51179,47.28792],[27.51201,47.2877],[27.51211,47.28755],[27.5123,47.28738],[27.51274,47.28706],[27.51281,47.287],[27.51293,47.28692],[27.51318,47.28672],[27.5134,47.28655],[27.51365,47.28634],[27.5139,47.28599],[27.5141,47.28569],[27.51442,47.28521],[27.51472,47.28478],[27.51524,47.28401],[27.5155,47.28363],[27.51594,47.28296],[27.516325,47.282395],[27.51671,47.28183],[27.51703,47.28138],[27.51708,47.28131],[27.51734,47.28097],[27.5179,47.28038],[27.51833,47.27991],[27.51874,47.27943],[27.5194,47.27876],[27.51954,47.27857],[27.5196,47.27848],[27.51968,47.27831],[27.51975,47.27816],[27.51982,47.27759],[27.51987,47.27704],[27.51992,47.27642],[27.51983,47.27573],[27.51961,47.27511],[27.51933,47.27437],[27.51924,47.2741],[27.51921,47.274],[27.519035,47.27351],[27.51886,47.27302],[27.51865,47.27242],[27.51844,47.27182],[27.51827,47.27126],[27.51808,47.27054],[27.51796,47.27002],[27.51789,47.26966],[27.5179,47.26935],[27.51794,47.26898],[27.51807,47.26859],[27.5181,47.26854],[27.51821,47.26822],[27.51848,47.26769],[27.51868,47.267245],[27.51888,47.2668],[27.51909,47.26632],[27.51935,47.26569],[27.51948,47.26544],[27.51963,47.26517],[27.51979,47.26493],[27.52,47.26466],[27.52023,47.2644],[27.52042,47.26422],[27.52071,47.26398],[27.52093,47.26379],[27.52137,47.26345],[27.52212,47.26282],[27.5225,47.2625],[27.5229,47.26216],[27.52308,47.26199],[27.52324,47.2618],[27.52339,47.26156],[27.52345,47.2614],[27.5235,47.26119],[27.52359,47.26071],[27.523725,47.25986],[27.52386,47.25901],[27.52393,47.25869],[27.52403,47.25845],[27.52413,47.25827],[27.52472,47.25759],[27.52532,47.25697],[27.52587,47.25632],[27.526255,47.255785],[27.52664,47.25525],[27.52705,47.254665],[27.52746,47.25408],[27.528225,47.25298],[27.52899,47.25188],[27.52954,47.25124],[27.53013,47.25062],[27.5307,47.25002],[27.53121,47.24941],[27.53144,47.2491],[27.53153,47.24892],[27.53157,47.24878],[27.53162,47.24828],[27.53165,47.24748],[27.531645,47.24686],[27.53164,47.24624],[27.53162,47.24587],[27.53152,47.24547],[27.53139,47.24504],[27.53115,47.24435],[27.53105,47.24409],[27.53098,47.24384],[27.53091,47.24352],[27.53092,47.2432],[27.53096,47.24286],[27.53104,47.24257],[27.53111,47.24233],[27.53133,47.24176],[27.53154,47.24123],[27.53181,47.2406],[27.53201,47.24025],[27.53205,47.24018],[27.53211,47.24005],[27.53212,47.23974],[27.5321,47.23965],[27.53211,47.23959],[27.53213,47.23956],[27.53216,47.23953],[27.5322,47.23952],[27.5324,47.2393],[27.53249,47.23921],[27.53256,47.23899],[27.53265,47.23869],[27.53286,47.23812],[27.53297,47.23784],[27.53302,47.23774],[27.53312,47.23747],[27.53341,47.23677],[27.53369,47.23611],[27.53396,47.23544],[27.5341,47.2351],[27.53418,47.23481],[27.53428,47.23436],[27.53434,47.23394],[27.53446,47.23335],[27.53455,47.23286],[27.53462,47.23269],[27.53474,47.23253],[27.53487,47.23239],[27.53502,47.23227],[27.53528,47.23207],[27.53599,47.23152],[27.53626,47.23127],[27.5365,47.23097],[27.53667,47.23066],[27.53685,47.23019],[27.53703,47.22972],[27.53704,47.22969],[27.53738,47.229],[27.5375,47.22879],[27.53777,47.22846],[27.53785,47.22839],[27.53799,47.22825],[27.53823,47.22803],[27.53865,47.22772],[27.53886,47.22757],[27.53913,47.22736],[27.53988,47.22686],[27.54043,47.22645],[27.54101,47.22604],[27.54133,47.22583],[27.5416,47.22562],[27.54177,47.22545],[27.5422,47.225025],[27.54263,47.2246],[27.5429,47.22435],[27.54317,47.22409],[27.54335,47.22395],[27.54358,47.22381],[27.5438,47.22372],[27.54415,47.2236],[27.54444,47.22353],[27.54475,47.22339],[27.54496,47.22328],[27.54517,47.22312],[27.54551,47.22287],[27.54591,47.2225],[27.54633,47.2221],[27.54674,47.22166],[27.547,47.22134],[27.54701,47.22133],[27.54719,47.22107],[27.54735,47.22079],[27.54781,47.21995],[27.548055,47.219495],[27.5483,47.21904],[27.54844,47.2187],[27.54861,47.21821],[27.54868,47.21785],[27.54878,47.21723],[27.54881,47.21708],[27.54884,47.21694],[27.54892,47.21673],[27.54902,47.21651],[27.54915,47.21633],[27.54928,47.21617],[27.54967,47.21576],[27.55028,47.21506],[27.55039,47.21491],[27.55048,47.21475],[27.55055,47.21457],[27.55069,47.21401],[27.55074,47.21387],[27.55085,47.21372],[27.55111,47.21341],[27.5512,47.21327],[27.55125,47.21317],[27.55135,47.21286],[27.55142,47.2127],[27.55153,47.21248],[27.55165,47.21229],[27.55205,47.2119],[27.55224,47.21171],[27.55266,47.21107],[27.55291,47.21069],[27.553245,47.21013],[27.55358,47.20957],[27.55389,47.20905],[27.5542,47.20853],[27.55426,47.20843],[27.55433,47.20831],[27.554985,47.20724],[27.55564,47.20617],[27.55607,47.20549],[27.55654,47.20494],[27.55645,47.20484],[27.55636,47.20457],[27.55628,47.20439],[27.55607,47.2042],[27.55576,47.20401],[27.5554,47.2039],[27.55509,47.20387],[27.553925,47.203855],[27.55276,47.20384],[27.55263,47.2038],[27.55247,47.20367],[27.5524,47.20351],[27.55235,47.20337],[27.55232,47.20315],[27.55236,47.20306],[27.55237,47.20305],[27.55244,47.20295],[27.552955,47.202575],[27.55347,47.2022],[27.55356,47.20211],[27.55382,47.20174],[27.55435,47.20131],[27.55469,47.20118],[27.55562,47.20102],[27.55627,47.200625],[27.55692,47.20023],[27.55761,47.199445],[27.5583,47.19866],[27.55857,47.19825],[27.558885,47.197615],[27.5592,47.19698],[27.55966,47.19649],[27.56012,47.196],[27.56029,47.19575],[27.56039,47.19554],[27.56053,47.19498],[27.56069,47.19472],[27.56099,47.19448],[27.56168,47.19409],[27.5618,47.19402],[27.56186,47.19395],[27.56213,47.19342],[27.56236,47.19297],[27.56245,47.19276],[27.56246,47.19275],[27.56276,47.19227],[27.5629,47.19203],[27.56304,47.19176],[27.563345,47.1912],[27.56365,47.19064],[27.563975,47.190065],[27.5643,47.18949],[27.56484,47.18868],[27.56499,47.18847],[27.56516,47.1883],[27.56523,47.18822],[27.56535,47.18809],[27.56578,47.18765],[27.56621,47.18721],[27.56675,47.18665],[27.56735,47.18601],[27.56739,47.18597],[27.5682,47.185155],[27.56901,47.18434],[27.56947,47.18384],[27.56997,47.18333],[27.57015,47.18317],[27.57023,47.18309],[27.57078,47.18258],[27.57133,47.18207],[27.57188,47.18159],[27.572335,47.181225],[27.57279,47.18086],[27.57294,47.18075],[27.57334,47.18042],[27.57377,47.18007],[27.5742,47.17972],[27.57462,47.17939],[27.57471,47.17932],[27.5748,47.17925],[27.57506,47.17904],[27.57519,47.17894],[27.57524,47.1789],[27.57539,47.17879],[27.57547,47.17872],[27.57583,47.17844],[27.57631,47.17806],[27.57698,47.17752],[27.57731,47.17727],[27.57741,47.17721],[27.57796,47.17694],[27.57871,47.17672],[27.5792,47.17659],[27.57948,47.17639],[27.58022,47.17588],[27.58041,47.17575],[27.58111,47.17521],[27.58172,47.17468],[27.5818,47.17461],[27.58182,47.17459],[27.58196,47.17443],[27.58235,47.174025],[27.58274,47.17362],[27.58335,47.17317],[27.5835,47.17307],[27.5836,47.17301],[27.58376,47.17289],[27.58399,47.17274],[27.58448,47.17247],[27.58456,47.17242],[27.58466,47.17234],[27.58473,47.17226],[27.5848,47.17211],[27.58486,47.17185],[27.58492,47.17175],[27.58506,47.17157],[27.58576,47.17092],[27.58603,47.17068],[27.58627,47.1704],[27.58662,47.17004],[27.5867,47.16997],[27.58684,47.16986],[27.58701,47.16976],[27.58721,47.16965],[27.58749,47.16949],[27.58772,47.16933],[27.58793,47.16917],[27.58801,47.1691],[27.58829,47.16883],[27.58849,47.16857],[27.58863,47.16842],[27.58875,47.16827],[27.58898,47.16783],[27.58908,47.16767],[27.58948,47.16701],[27.58952,47.16695],[27.58958,47.16682],[27.58967,47.16667],[27.58975,47.16654],[27.59006,47.16611],[27.59018,47.16592],[27.59019,47.16581],[27.59025,47.16565],[27.59042,47.16549],[27.59056,47.1653],[27.59094,47.16473]]},"properties":{"line":"601","dir":"1","mode":"bus"}},{"type":"Feature","geometry":{"type":"LineString","coordinates":[[27.55863,47.19052],[27.55869,47.19049],[27.55874,47.19046],[27.55879,47.19045],[27.55886,47.19044],[27.55895,47.19045],[27.55904,47.19047],[27.55911,47.19052],[27.55914,47.19059],[27.55913,47.1907],[27.55909,47.19075],[27.55904,47.19079],[27.55898,47.19082],[27.5589,47.19084],[27.5588,47.19085],[27.55868,47.19082],[27.55862,47.19089],[27.55861,47.1909],[27.55858,47.19093],[27.55854,47.19098],[27.55849,47.19103],[27.55823,47.19134],[27.55796,47.19164],[27.55756,47.1921],[27.55738,47.19232],[27.55733,47.19238],[27.5568,47.193],[27.55633,47.19356],[27.55595,47.19401],[27.55591,47.19406],[27.55589,47.19409],[27.555535,47.19452],[27.55518,47.19495],[27.55469,47.19551],[27.55446,47.19575],[27.55409,47.19596],[27.55382,47.19611],[27.55285,47.19665],[27.55256,47.19682],[27.55239,47.19692],[27.55217,47.19704],[27.55196,47.19714],[27.55163,47.19723],[27.55085,47.19736],[27.55032,47.19744],[27.54953,47.19759],[27.54842,47.19779],[27.54726,47.19798],[27.5461,47.19817],[27.54537,47.19829],[27.54519,47.19832],[27.54479,47.19839],[27.5439,47.19854],[27.54337,47.19863],[27.54319,47.19869],[27.54304,47.19878],[27.54282,47.19893],[27.54206,47.19952],[27.54179,47.19972],[27.54112,47.20022],[27.54081,47.20046],[27.54062,47.2005],[27.53985,47.200525],[27.53908,47.20055],[27.539,47.20056],[27.53879,47.20058],[27.53836,47.20069],[27.53818,47.20076],[27.5379,47.20088],[27.53781,47.20091],[27.53735,47.20111],[27.53712,47.20121],[27.53677,47.20137],[27.53623,47.20159],[27.53611,47.20167],[27.53587,47.20184],[27.53532,47.20225],[27.53512,47.20241],[27.5351,47.20243],[27.53494,47.20256],[27.5347,47.20275],[27.53464,47.2028],[27.53453,47.20289],[27.53378,47.20349],[27.53245,47.20453],[27.53112,47.20557],[27.53089,47.20576],[27.5308,47.20589],[27.53072,47.20606],[27.5307,47.20625],[27.53074,47.20659],[27.53083,47.20707],[27.53105,47.20774],[27.53113,47.20793],[27.53137,47.20844],[27.53155,47.20888],[27.53157,47.20897],[27.53158,47.20908],[27.53156,47.20918],[27.53152,47.20927],[27.53143,47.20951],[27.53138,47.20962],[27.53125,47.20993],[27.53119,47.21009],[27.53107,47.21033],[27.53072,47.21097],[27.53053,47.21127],[27.53043,47.21142],[27.53031,47.2116],[27.52983,47.21226],[27.52976,47.21235],[27.52954,47.21263],[27.52943,47.21276],[27.52928,47.21286],[27.52911,47.21294],[27.52894,47.21303],[27.52864,47.21317],[27.5284,47.21331],[27.52831,47.21337],[27.52817,47.21348],[27.52789,47.21374],[27.52738,47.21419],[27.52698,47.21454],[27.52673,47.21475],[27.52653,47.21491],[27.52637,47.21503],[27.52627,47.21508],[27.52617,47.21513],[27.52577,47.21534],[27.52502,47.21571],[27.52464,47.2159],[27.52451,47.21594],[27.52441,47.21595],[27.52432,47.21594],[27.52423,47.2159],[27.52417,47.21585],[27.52415,47.21579],[27.52414,47.21571],[27.5242,47.21518],[27.52418,47.21511],[27.52411,47.21503],[27.52402,47.21498],[27.52387,47.21493],[27.52367,47.21489],[27.52353,47.21486],[27.52335,47.21485],[27.52312,47.21486],[27.52296,47.2149],[27.52284,47.21496],[27.52275,47.21503],[27.52258,47.21518],[27.52215,47.21557],[27.52201,47.21571],[27.52187,47.21583],[27.52175,47.21591],[27.5216,47.216],[27.52142,47.21607],[27.52096,47.21624],[27.52002,47.21659],[27.5199,47.21664],[27.51892,47.217],[27.51807,47.21732],[27.51746,47.21755],[27.5172,47.21763],[27.51695,47.21768],[27.51623,47.2178],[27.51535,47.21794],[27.51447,47.21808],[27.51379,47.21819],[27.51362,47.21823],[27.51342,47.2183],[27.51324,47.21838],[27.5131,47.21846],[27.51241,47.21882],[27.51176,47.2192],[27.5117,47.21923],[27.51142,47.2194],[27.51104,47.21962],[27.51023,47.2202],[27.51007,47.22031],[27.50993,47.22044],[27.50982,47.22057],[27.50966,47.22076],[27.50931,47.221195],[27.50896,47.22163],[27.50859,47.22208],[27.50828,47.22248],[27.507925,47.222935],[27.50757,47.22339],[27.50745,47.22353],[27.50725,47.22376],[27.50661,47.22453],[27.50597,47.2253],[27.50568,47.22564],[27.50552,47.22583],[27.50543,47.22594],[27.5054,47.22599],[27.50534,47.22609],[27.5053,47.22621],[27.50526,47.22632],[27.50524,47.22643],[27.50517,47.22675],[27.50512,47.22692],[27.50502,47.22711],[27.50476,47.22741],[27.50465,47.22751],[27.50456,47.2276],[27.50451,47.22765],[27.50417,47.22796],[27.50383,47.22824],[27.50325,47.22872],[27.5031,47.22884],[27.50274,47.2291],[27.5026,47.22919],[27.5019,47.22969],[27.50104,47.2303],[27.50046,47.23073],[27.49981,47.23119],[27.4993,47.23153],[27.49892,47.23179],[27.4986,47.232],[27.49828,47.23218],[27.49812,47.23228],[27.49786,47.23239],[27.49774,47.23245],[27.49764,47.23249],[27.49731,47.23263],[27.49703,47.23275],[27.49673,47.23288],[27.49644,47.23302],[27.49599,47.23322],[27.49533,47.23351],[27.49481,47.23373],[27.49454,47.23386],[27.49383,47.23423],[27.49337,47.23447],[27.49265,47.23487],[27.49221,47.23513],[27.49211,47.23519],[27.49137,47.23567],[27.49101,47.2359],[27.49041,47.23629],[27.48951,47.23688],[27.48898,47.23723],[27.48863,47.23747],[27.4884,47.23764],[27.48826,47.23775],[27.48789,47.23805],[27.48742,47.23843],[27.48663,47.23912],[27.48645,47.23927],[27.48602,47.23967],[27.4853,47.24039],[27.48511,47.2406],[27.48475,47.24099],[27.48463,47.24115],[27.48454,47.24133],[27.48445,47.24157],[27.4844,47.24178],[27.48434,47.2421],[27.48429,47.242685],[27.48424,47.24327],[27.48422,47.24353],[27.48417,47.24372],[27.48408,47.24398],[27.48399,47.24415],[27.48383,47.24441],[27.48373,47.24453],[27.48349,47.24474],[27.48333,47.24487],[27.48316,47.24499],[27.48296,47.24507],[27.48273,47.24514],[27.48249,47.24519],[27.4822,47.24524],[27.48199,47.2453],[27.48182,47.24537],[27.48162,47.24552],[27.48141,47.24571],[27.48094,47.24622],[27.48079,47.24638],[27.48044,47.24662],[27.48016,47.24681],[27.47964,47.24712],[27.47905,47.24745],[27.47859,47.24769],[27.477705,47.24809],[27.47682,47.24849],[27.475955,47.24888],[27.47509,47.24927],[27.474495,47.24953],[27.4739,47.24979],[27.47308,47.25015],[27.47226,47.25051],[27.47152,47.250835],[27.47078,47.25116],[27.470185,47.251425],[27.46959,47.25169],[27.46891,47.252],[27.46823,47.25231],[27.46797,47.25242],[27.46757,47.2526],[27.46719,47.25279],[27.46678,47.25301],[27.466,47.25343],[27.46552,47.25368],[27.4649,47.25401],[27.46392,47.25451],[27.46309,47.25494],[27.46244,47.25527],[27.46225,47.25536],[27.46206,47.25545],[27.461455,47.255745],[27.46085,47.25604],[27.46019,47.25632],[27.45938,47.2566],[27.45854,47.25689],[27.4577,47.25718],[27.45751,47.25724],[27.45736,47.25731],[27.45722,47.25741],[27.45672,47.25777],[27.4567,47.25779],[27.45652,47.25793],[27.45643,47.258],[27.45616,47.2582],[27.45605,47.2583],[27.45559,47.25863],[27.454855,47.259175],[27.45412,47.25972],[27.45409,47.25974],[27.453255,47.26035],[27.45242,47.26096],[27.451905,47.261365],[27.45139,47.26177],[27.45104,47.26207],[27.45078,47.26229],[27.45049,47.26257],[27.44995,47.26305],[27.44941,47.26353],[27.44915,47.26375],[27.44863,47.26415],[27.448,47.264595],[27.44737,47.26504],[27.44727,47.26513],[27.44694,47.26534],[27.4466,47.26552],[27.44621,47.26568]]},"properties":{"line":"701","dir":"0","mode":"bus"}},{"type":"Feature","geometry":{"type":"LineString","coordinates":[[27.4461,47.26574],[27.44612,47.26573],[27.44621,47.26568],[27.4466,47.26552],[27.44694,47.26534],[27.44727,47.26513],[27.44737,47.26504],[27.448,47.264595],[27.44863,47.26415],[27.44915,47.26375],[27.44941,47.26353],[27.44995,47.26305],[27.45049,47.26257],[27.45078,47.26229],[27.45104,47.26207],[27.45139,47.26177],[27.451905,47.261365],[27.45242,47.26096],[27.453015,47.260525],[27.45361,47.26009],[27.45409,47.25974],[27.45484,47.259185],[27.45559,47.25863],[27.45605,47.2583],[27.45616,47.2582],[27.45643,47.258],[27.45652,47.25793],[27.45666,47.25782],[27.4567,47.25779],[27.45722,47.25741],[27.45736,47.25731],[27.45751,47.25724],[27.4577,47.25718],[27.45854,47.25689],[27.45938,47.2566],[27.46019,47.25632],[27.46085,47.25604],[27.461475,47.255735],[27.4621,47.25543],[27.46225,47.25536],[27.46244,47.25527],[27.46309,47.25494],[27.46392,47.25451],[27.4649,47.25401],[27.46552,47.25368],[27.466,47.25343],[27.46678,47.25301],[27.46719,47.25279],[27.46757,47.2526],[27.46797,47.25242],[27.46823,47.25231],[27.46891,47.252],[27.46959,47.25169],[27.470185,47.251425],[27.47078,47.25116],[27.47152,47.250835],[27.47226,47.25051],[27.47308,47.25015],[27.4739,47.24979],[27.474495,47.24953],[27.47509,47.24927],[27.475955,47.24888],[27.47682,47.24849],[27.477705,47.24809],[27.47859,47.24769],[27.47905,47.24745],[27.47964,47.24712],[27.48016,47.24681],[27.48044,47.24662],[27.48079,47.24638],[27.48094,47.24622],[27.48141,47.24571],[27.48162,47.24552],[27.48182,47.24537],[27.48199,47.2453],[27.4822,47.24524],[27.48249,47.24519],[27.48273,47.24514],[27.48296,47.24507],[27.48316,47.24499],[27.48333,47.24487],[27.48349,47.24474],[27.48373,47.24453],[27.48383,47.24441],[27.48399,47.24415],[27.48408,47.24398],[27.48417,47.24372],[27.48422,47.24353],[27.48424,47.24327],[27.48429,47.242685],[27.48434,47.2421],[27.4844,47.24178],[27.48445,47.24157],[27.48454,47.24133],[27.48463,47.24115],[27.48475,47.24099],[27.48511,47.2406],[27.4853,47.24039],[27.48602,47.23967],[27.48645,47.23927],[27.48663,47.23912],[27.48742,47.23843],[27.48789,47.23805],[27.48826,47.23775],[27.4884,47.23764],[27.48863,47.23747],[27.48898,47.23723],[27.48951,47.23688],[27.49041,47.23629],[27.49101,47.2359],[27.49137,47.23567],[27.49211,47.23519],[27.49223,47.23512],[27.49265,47.23487],[27.49337,47.23447],[27.49383,47.23423],[27.49454,47.23386],[27.49481,47.23373],[27.49533,47.23351],[27.49599,47.23322],[27.49644,47.23302],[27.49673,47.23288],[27.49703,47.23275],[27.49731,47.23263],[27.49764,47.23249],[27.49774,47.23245],[27.49787,47.23239],[27.49812,47.23228],[27.49828,47.23218],[27.4986,47.232],[27.49892,47.23179],[27.4993,47.23153],[27.49981,47.23119],[27.50046,47.23073],[27.50104,47.2303],[27.5019,47.22969],[27.5026,47.22919],[27.50274,47.2291],[27.5031,47.22884],[27.50325,47.22872],[27.50383,47.22824],[27.50417,47.22796],[27.50451,47.22765],[27.50465,47.22751],[27.50474,47.22743],[27.50476,47.22741],[27.50502,47.22711],[27.50512,47.22692],[27.50517,47.22675],[27.50524,47.22643],[27.50526,47.22632],[27.5053,47.22621],[27.50534,47.22609],[27.5054,47.22599],[27.50543,47.22594],[27.50552,47.22583],[27.50568,47.22564],[27.50597,47.2253],[27.50661,47.22453],[27.50725,47.22376],[27.50745,47.22353],[27.50757,47.22339],[27.507925,47.222935],[27.50828,47.22248],[27.50859,47.22208],[27.50896,47.22163],[27.50931,47.221195],[27.50966,47.22076],[27.50982,47.22057],[27.50993,47.22044],[27.51007,47.22031],[27.51023,47.2202],[27.51104,47.21962],[27.51142,47.2194],[27.51157,47.21931],[27.51176,47.2192],[27.51241,47.21882],[27.5131,47.21846],[27.51324,47.21838],[27.51342,47.2183],[27.51362,47.21823],[27.51379,47.21819],[27.51447,47.21808],[27.51535,47.21794],[27.51623,47.2178],[27.51695,47.21768],[27.5172,47.21763],[27.51746,47.21755],[27.51807,47.21732],[27.51892,47.217],[27.5199,47.21664],[27.52002,47.21659],[27.52095,47.21624],[27.52142,47.21607],[27.5216,47.216],[27.52175,47.21591],[27.52187,47.21583],[27.52201,47.21571],[27.52215,47.21557],[27.52258,47.21518],[27.52275,47.21503],[27.52284,47.21496],[27.52296,47.2149],[27.52312,47.21486],[27.52335,47.21485],[27.52353,47.21486],[27.52367,47.21489],[27.52387,47.21493],[27.52402,47.21498],[27.52411,47.21503],[27.52418,47.21511],[27.5242,47.21518],[27.52414,47.2156],[27.52415,47.21579],[27.52417,47.21585],[27.52423,47.2159],[27.52432,47.21594],[27.52441,47.21595],[27.52451,47.21594],[27.52464,47.2159],[27.52502,47.21571],[27.52577,47.21534],[27.52617,47.21513],[27.52637,47.21503],[27.52653,47.21491],[27.52673,47.21475],[27.52698,47.21454],[27.52738,47.21419],[27.52789,47.21374],[27.52817,47.21348],[27.52831,47.21337],[27.5284,47.21331],[27.52864,47.21317],[27.52894,47.21303],[27.52911,47.21294],[27.52928,47.21286],[27.52943,47.21276],[27.52954,47.21263],[27.52976,47.21235],[27.52983,47.21226],[27.53031,47.2116],[27.53043,47.21142],[27.53053,47.21127],[27.53072,47.21097],[27.53107,47.21033],[27.53119,47.21009],[27.53125,47.20993],[27.53138,47.20962],[27.53152,47.20927],[27.53156,47.20918],[27.53158,47.20908],[27.53157,47.20897],[27.53155,47.20888],[27.53137,47.20844],[27.53113,47.20793],[27.53105,47.20774],[27.53083,47.20707],[27.53074,47.20659],[27.5307,47.20625],[27.53072,47.20606],[27.5308,47.20589],[27.53089,47.20576],[27.53112,47.20557],[27.53245,47.20453],[27.53378,47.20349],[27.53453,47.20289],[27.53463,47.20281],[27.53464,47.2028],[27.5347,47.20275],[27.5351,47.20243],[27.53512,47.20241],[27.53532,47.20225],[27.53587,47.20184],[27.53611,47.20167],[27.53623,47.20159],[27.53677,47.20137],[27.53712,47.20121],[27.53735,47.20111],[27.53774,47.20094],[27.53781,47.20091],[27.5379,47.20088],[27.53836,47.20069],[27.53879,47.20058],[27.539,47.20056],[27.53908,47.20055],[27.53985,47.200525],[27.54062,47.2005],[27.54081,47.20046],[27.54112,47.20022],[27.54168,47.1998],[27.54206,47.19952],[27.54282,47.19893],[27.54304,47.19878],[27.54319,47.19869],[27.54337,47.19863],[27.5439,47.19854],[27.54464,47.19842],[27.54519,47.19832],[27.54537,47.19829],[27.5461,47.19817],[27.54726,47.19798],[27.54842,47.19779],[27.54953,47.19759],[27.55032,47.19744],[27.55039,47.19743],[27.55163,47.19723],[27.55196,47.19714],[27.55217,47.19704],[27.55239,47.19692],[27.55256,47.19682],[27.55285,47.19665],[27.55382,47.19611],[27.55446,47.19575],[27.55469,47.19551],[27.55476,47.19543],[27.55518,47.19495],[27.555535,47.19452],[27.55589,47.19409],[27.55591,47.19406],[27.55595,47.19401],[27.55633,47.19356],[27.5568,47.193],[27.55733,47.19238],[27.55738,47.19232],[27.55756,47.1921],[27.55796,47.19164],[27.55823,47.19134],[27.55849,47.19103],[27.55854,47.19098],[27.55858,47.19093],[27.55861,47.1909],[27.55862,47.19089],[27.55868,47.19082],[27.55863,47.19078],[27.55859,47.19073],[27.55858,47.19067],[27.55862,47.19056]]},"properties":{"line":"701","dir":"1","mode":"bus"}},{"type":"Feature","geometry":{"type":"LineString","coordinates":[[27.53372,47.17304],[27.53318,47.17299],[27.53286,47.17298],[27.53285,47.17299],[27.53279,47.17301],[27.53272,47.17302],[27.53257,47.17322],[27.53229,47.17387],[27.53225,47.17399],[27.53218,47.17426],[27.53215,47.1744],[27.53216,47.17474],[27.53217,47.17533],[27.53216,47.17552],[27.5321,47.17602],[27.53204,47.17624],[27.53192,47.17662],[27.531665,47.177055],[27.53141,47.17749],[27.53119,47.17784],[27.530645,47.178695],[27.5301,47.17955],[27.53003,47.17968],[27.52966,47.1803],[27.52924,47.18105],[27.528945,47.181485],[27.52865,47.18192],[27.52831,47.1824],[27.52808,47.18267],[27.52793,47.1828],[27.52782,47.18293],[27.52768,47.18315],[27.52757,47.18336],[27.5274,47.18363],[27.52729,47.18384],[27.52718,47.18403],[27.5271,47.18414],[27.52693,47.18434],[27.52662,47.18463],[27.52643,47.18487],[27.52614,47.18513],[27.52582,47.18543],[27.52553,47.18573],[27.52545,47.18586],[27.52529,47.1862],[27.52522,47.1864],[27.52509,47.18665],[27.52499,47.18683],[27.52474,47.18728],[27.52451,47.18773],[27.52417,47.18838],[27.52408,47.18855],[27.52403,47.18865],[27.52368,47.18928],[27.52356,47.18946],[27.52355,47.18948],[27.5234,47.18972],[27.52324,47.18993],[27.52308,47.19014],[27.52264,47.19073],[27.52227,47.19124],[27.52191,47.19177],[27.52155,47.1923],[27.52146,47.19242],[27.52136,47.19258],[27.52111,47.19291],[27.52085,47.19334],[27.52059,47.1938],[27.52041,47.19411],[27.52023,47.19444],[27.51991,47.19498],[27.51965,47.195455],[27.51939,47.19593],[27.51928,47.19612],[27.51914,47.19639],[27.51867,47.19717],[27.51843,47.19756],[27.51837,47.19765],[27.51814,47.19804],[27.51788,47.19847],[27.51771,47.19876],[27.51764,47.19887],[27.51741,47.199295],[27.51718,47.19972],[27.51702,47.20003],[27.51676,47.2005],[27.51669,47.20065],[27.51667,47.20076],[27.51671,47.201265],[27.51675,47.20177],[27.51676,47.20186],[27.51678,47.20199],[27.51681,47.20222],[27.51678,47.2024],[27.51671,47.2025],[27.51665,47.20259],[27.51652,47.2027],[27.51635,47.20279],[27.51593,47.20301],[27.51492,47.20343],[27.51475,47.20352],[27.51464,47.2036],[27.51456,47.20368],[27.51446,47.20382],[27.51429,47.20394],[27.51356,47.20444],[27.51338,47.20466],[27.51305,47.20512],[27.51276,47.20552],[27.51265,47.20566],[27.51264,47.20568],[27.51244,47.20593],[27.51191,47.20633],[27.51177,47.20649],[27.51133,47.2071],[27.51097,47.20767],[27.51088,47.20783],[27.51084,47.20795],[27.51082,47.20806],[27.51083,47.20813],[27.51084,47.20819],[27.51085,47.20824],[27.51084,47.20831],[27.51082,47.20836],[27.51077,47.20841],[27.51063,47.20854],[27.51022,47.2089],[27.51015,47.20896],[27.5094,47.20964],[27.50909,47.2099],[27.50869,47.2103],[27.50841,47.21059],[27.50817,47.21093],[27.50802,47.21116],[27.5079,47.21135],[27.50754,47.211915],[27.50718,47.21248],[27.50713,47.21255],[27.50706,47.21262],[27.50701,47.21265],[27.50693,47.2127],[27.50687,47.21272],[27.50667,47.21316],[27.50662,47.21336],[27.50659,47.21364],[27.506575,47.214275],[27.50656,47.21491],[27.50654,47.21507],[27.50648,47.21558],[27.50646,47.2157],[27.50645,47.21574],[27.50632,47.21607],[27.50591,47.21676],[27.50566,47.217185],[27.50541,47.21761],[27.50517,47.21814],[27.5049,47.2187],[27.50482,47.21879],[27.50469,47.21888],[27.5037,47.21942],[27.50366,47.21945],[27.50351,47.21956],[27.50342,47.21968],[27.5034,47.21974],[27.50341,47.21979],[27.50343,47.21986],[27.50347,47.21991],[27.50402,47.2204],[27.50438,47.22074],[27.50444,47.22082],[27.50448,47.22093],[27.50449,47.22103],[27.50447,47.22122],[27.50444,47.22134],[27.50434,47.22158],[27.50406,47.22219],[27.50376,47.22273],[27.50347,47.22312],[27.50331,47.22334],[27.50308,47.22369],[27.50297,47.22393],[27.50295,47.22403],[27.50297,47.22422],[27.503,47.2243],[27.50337,47.22496],[27.50352,47.22526],[27.50362,47.22551],[27.50376,47.22586],[27.50388,47.22612],[27.50413,47.22649],[27.50431,47.22676],[27.5046,47.2272],[27.50468,47.22731],[27.50476,47.22741],[27.50502,47.22711],[27.50512,47.22692],[27.50517,47.22675],[27.50524,47.22643],[27.50526,47.22632],[27.5053,47.22621],[27.50534,47.22609],[27.5054,47.22599],[27.50543,47.22594],[27.50552,47.22583],[27.50568,47.22564],[27.50597,47.2253],[27.50661,47.22453],[27.50725,47.22376],[27.50745,47.22353],[27.50757,47.22339],[27.507925,47.222935],[27.50828,47.22248],[27.50859,47.22208],[27.50896,47.22163],[27.50931,47.221195],[27.50966,47.22076],[27.50982,47.22057],[27.50993,47.22044],[27.51007,47.22031],[27.51023,47.2202],[27.51104,47.21962],[27.51142,47.2194],[27.51157,47.21931],[27.51176,47.2192],[27.51241,47.21882],[27.5131,47.21846],[27.51324,47.21838],[27.51342,47.2183],[27.51362,47.21823],[27.51379,47.21819],[27.51447,47.21808],[27.51535,47.21794],[27.51623,47.2178],[27.51695,47.21768],[27.5172,47.21763],[27.51746,47.21755],[27.51807,47.21732],[27.51892,47.217],[27.5199,47.21664],[27.52002,47.21659],[27.52095,47.21624],[27.52142,47.21607],[27.5216,47.216],[27.52175,47.21591],[27.52187,47.21583],[27.52201,47.21571],[27.52215,47.21557],[27.52258,47.21518],[27.52275,47.21503],[27.52284,47.21496],[27.52296,47.2149],[27.52312,47.21486],[27.52335,47.21485],[27.52353,47.21486],[27.52367,47.21489],[27.52387,47.21493],[27.52402,47.21498],[27.52411,47.21503],[27.52418,47.21511],[27.5242,47.21518],[27.52414,47.2156],[27.52415,47.21579],[27.52417,47.21585],[27.52423,47.2159],[27.52432,47.21594],[27.52441,47.21595],[27.52451,47.21594],[27.52464,47.2159],[27.52502,47.21571],[27.52577,47.21534],[27.52617,47.21513],[27.52637,47.21503],[27.52653,47.21491],[27.52673,47.21475],[27.52698,47.21454],[27.52738,47.21419],[27.52789,47.21374],[27.52817,47.21348],[27.52831,47.21337],[27.5284,47.21331],[27.52864,47.21317],[27.52894,47.21303],[27.52911,47.21294],[27.52928,47.21286],[27.52943,47.21276],[27.52954,47.21263],[27.52976,47.21235],[27.52983,47.21226],[27.53031,47.2116],[27.53043,47.21142],[27.53053,47.21127],[27.53072,47.21097],[27.53107,47.21033],[27.53119,47.21009],[27.53125,47.20993],[27.53138,47.20962],[27.53152,47.20927],[27.53156,47.20918],[27.53158,47.20908],[27.53157,47.20897],[27.53155,47.20888],[27.53137,47.20844],[27.53113,47.20793],[27.53105,47.20774],[27.53083,47.20707],[27.53074,47.20659],[27.5307,47.20625],[27.53072,47.20606],[27.5308,47.20589],[27.53089,47.20576],[27.53112,47.20557],[27.53245,47.20453],[27.53378,47.20349],[27.53453,47.20289],[27.53464,47.2028],[27.5347,47.20275],[27.5351,47.20243],[27.53512,47.20241],[27.53532,47.20225],[27.53587,47.20184],[27.53611,47.20167],[27.53623,47.20159],[27.53677,47.20137],[27.53712,47.20121],[27.53735,47.20111],[27.53774,47.20094],[27.53781,47.20091],[27.5379,47.20088],[27.53836,47.20069],[27.53879,47.20058],[27.539,47.20056],[27.53908,47.20055],[27.53985,47.200525],[27.54062,47.2005],[27.54081,47.20046],[27.54112,47.20022],[27.54168,47.1998],[27.54206,47.19952],[27.54282,47.19893],[27.54304,47.19878],[27.54319,47.19869],[27.54337,47.19863],[27.5439,47.19854],[27.54464,47.19842],[27.54519,47.19832],[27.54537,47.19829],[27.5461,47.19817],[27.54726,47.19798],[27.54842,47.19779],[27.54953,47.19759],[27.55031,47.19744],[27.55097,47.197335],[27.55163,47.19723],[27.55196,47.19714],[27.55217,47.19704],[27.55239,47.19692],[27.55256,47.19682],[27.55285,47.19665],[27.55382,47.19611],[27.55446,47.19575],[27.55469,47.19551],[27.55476,47.19543],[27.55518,47.19495],[27.555535,47.19452],[27.55589,47.19409],[27.55591,47.19406],[27.55595,47.19401],[27.55633,47.19356],[27.5568,47.193],[27.55733,47.19238],[27.55738,47.19232],[27.55756,47.1921],[27.55796,47.19164],[27.55823,47.19134],[27.55849,47.19103],[27.55854,47.19098],[27.55858,47.19093],[27.55849,47.19089]]},"properties":{"line":"702","dir":"0","mode":"bus"}},{"type":"Feature","geometry":{"type":"LineString","coordinates":[[27.55904,47.19079],[27.55898,47.19082],[27.5589,47.19084],[27.5588,47.19085],[27.55868,47.19082],[27.55862,47.19089],[27.55861,47.1909],[27.55858,47.19093],[27.55854,47.19098],[27.55849,47.19103],[27.55823,47.19134],[27.55796,47.19164],[27.55756,47.1921],[27.55738,47.19232],[27.55733,47.19238],[27.5568,47.193],[27.55633,47.19356],[27.55595,47.19401],[27.55591,47.19406],[27.55589,47.19409],[27.555535,47.19452],[27.55518,47.19495],[27.55469,47.19551],[27.55446,47.19575],[27.55409,47.19596],[27.55382,47.19611],[27.55285,47.19665],[27.55256,47.19682],[27.55239,47.19692],[27.55217,47.19704],[27.55196,47.19714],[27.55163,47.19723],[27.55085,47.19736],[27.55032,47.19744],[27.54953,47.19759],[27.54842,47.19779],[27.54726,47.19798],[27.5461,47.19817],[27.54537,47.19829],[27.54519,47.19832],[27.54479,47.19839],[27.5439,47.19854],[27.54337,47.19863],[27.54319,47.19869],[27.54304,47.19878],[27.54282,47.19893],[27.54206,47.19952],[27.54179,47.19972],[27.54112,47.20022],[27.54081,47.20046],[27.54062,47.2005],[27.53985,47.200525],[27.53908,47.20055],[27.539,47.20056],[27.53879,47.20058],[27.53836,47.20069],[27.53818,47.20076],[27.5379,47.20088],[27.53781,47.20091],[27.53735,47.20111],[27.53712,47.20121],[27.53677,47.20137],[27.53623,47.20159],[27.53611,47.20167],[27.53587,47.20184],[27.53532,47.20225],[27.53512,47.20241],[27.5351,47.20243],[27.53494,47.20256],[27.5347,47.20275],[27.53464,47.2028],[27.53453,47.20289],[27.53378,47.20349],[27.53245,47.20453],[27.53112,47.20557],[27.53089,47.20576],[27.5308,47.20589],[27.53072,47.20606],[27.5307,47.20625],[27.53074,47.20659],[27.53083,47.20707],[27.53105,47.20774],[27.53113,47.20793],[27.53137,47.20844],[27.53155,47.20888],[27.53157,47.20897],[27.53158,47.20908],[27.53156,47.20918],[27.53152,47.20927],[27.53143,47.20951],[27.53138,47.20962],[27.53125,47.20993],[27.53119,47.21009],[27.53107,47.21033],[27.53072,47.21097],[27.53053,47.21127],[27.53043,47.21142],[27.53031,47.2116],[27.52983,47.21226],[27.52976,47.21235],[27.52954,47.21263],[27.52943,47.21276],[27.52928,47.21286],[27.52911,47.21294],[27.52894,47.21303],[27.52864,47.21317],[27.5284,47.21331],[27.52831,47.21337],[27.52817,47.21348],[27.52789,47.21374],[27.52738,47.21419],[27.52698,47.21454],[27.52673,47.21475],[27.52653,47.21491],[27.52637,47.21503],[27.52627,47.21508],[27.52617,47.21513],[27.52577,47.21534],[27.52502,47.21571],[27.52464,47.2159],[27.52451,47.21594],[27.52441,47.21595],[27.52432,47.21594],[27.52423,47.2159],[27.52417,47.21585],[27.52415,47.21579],[27.52414,47.21571],[27.5242,47.21518],[27.52418,47.21511],[27.52411,47.21503],[27.52402,47.21498],[27.52387,47.21493],[27.52367,47.21489],[27.52353,47.21486],[27.52335,47.21485],[27.52312,47.21486],[27.52296,47.2149],[27.52284,47.21496],[27.52275,47.21503],[27.52258,47.21518],[27.52215,47.21557],[27.52201,47.21571],[27.52187,47.21583],[27.52175,47.21591],[27.5216,47.216],[27.52142,47.21607],[27.52096,47.21624],[27.52002,47.21659],[27.5199,47.21664],[27.51892,47.217],[27.51807,47.21732],[27.51746,47.21755],[27.5172,47.21763],[27.51695,47.21768],[27.51623,47.2178],[27.51535,47.21794],[27.51447,47.21808],[27.51379,47.21819],[27.51362,47.21823],[27.51342,47.2183],[27.51324,47.21838],[27.5131,47.21846],[27.51241,47.21882],[27.51176,47.2192],[27.5117,47.21923],[27.51142,47.2194],[27.51104,47.21962],[27.51023,47.2202],[27.51007,47.22031],[27.50993,47.22044],[27.50982,47.22057],[27.50966,47.22076],[27.50931,47.221195],[27.50896,47.22163],[27.50859,47.22208],[27.50828,47.22248],[27.507925,47.222935],[27.50757,47.22339],[27.50745,47.22353],[27.50725,47.22376],[27.50661,47.22453],[27.50597,47.2253],[27.50568,47.22564],[27.50552,47.22583],[27.50543,47.22594],[27.5054,47.22599],[27.50534,47.22609],[27.5053,47.22621],[27.50526,47.22632],[27.50524,47.22643],[27.50517,47.22675],[27.50512,47.22692],[27.50502,47.22711],[27.50476,47.22741],[27.50468,47.22731],[27.50459,47.22718],[27.50431,47.22676],[27.50413,47.22649],[27.50388,47.22612],[27.50376,47.22586],[27.50362,47.22551],[27.50352,47.22526],[27.50337,47.22496],[27.503,47.2243],[27.50297,47.22422],[27.50295,47.22411],[27.50297,47.22393],[27.50308,47.22369],[27.50331,47.22334],[27.50347,47.22312],[27.50376,47.22273],[27.50406,47.22219],[27.50434,47.22158],[27.50444,47.22134],[27.50447,47.22122],[27.50449,47.22112],[27.50448,47.22093],[27.50444,47.22082],[27.50438,47.22074],[27.50402,47.2204],[27.50347,47.21991],[27.50342,47.21989],[27.5033,47.21984],[27.50315,47.21982],[27.50304,47.2198],[27.50326,47.21975],[27.50342,47.21968],[27.50351,47.21956],[27.5037,47.21942],[27.50369,47.21925],[27.50371,47.21879],[27.50373,47.21833],[27.50378,47.21763],[27.50383,47.21718],[27.503965,47.216665],[27.5041,47.21615],[27.50417,47.21584],[27.50418,47.21571],[27.50417,47.21552],[27.50412,47.21541],[27.50394,47.21523],[27.50382,47.21512],[27.50349,47.21479],[27.50323,47.21458],[27.50316,47.2145],[27.50314,47.21445],[27.50315,47.2144],[27.50319,47.21433],[27.50369,47.21386],[27.50387,47.21374],[27.50422,47.2135],[27.50426,47.21346],[27.50429,47.21339],[27.50434,47.21324],[27.50438,47.21321],[27.50446,47.21317],[27.50499,47.21298],[27.50544,47.21282],[27.5056,47.21278],[27.50566,47.21276],[27.50585,47.21272],[27.50616,47.21268],[27.50641,47.21267],[27.50681,47.21272],[27.50693,47.2127],[27.50701,47.21265],[27.50706,47.21262],[27.50713,47.21255],[27.50718,47.21248],[27.50754,47.211915],[27.5079,47.21135],[27.50802,47.21116],[27.50817,47.21093],[27.50841,47.21059],[27.50869,47.2103],[27.50909,47.2099],[27.5094,47.20964],[27.5101,47.20901],[27.51022,47.2089],[27.51063,47.20854],[27.51077,47.20841],[27.51082,47.20836],[27.51084,47.20831],[27.51085,47.20827],[27.51084,47.20819],[27.51083,47.20813],[27.51082,47.20806],[27.51084,47.20795],[27.51088,47.20783],[27.51097,47.20767],[27.51133,47.2071],[27.51177,47.20649],[27.51191,47.20633],[27.51244,47.20593],[27.51264,47.20568],[27.51275,47.20553],[27.51276,47.20552],[27.51305,47.20512],[27.51338,47.20466],[27.51356,47.20444],[27.51429,47.20394],[27.51446,47.20382],[27.51456,47.20368],[27.51464,47.2036],[27.51475,47.20352],[27.51492,47.20343],[27.51593,47.20301],[27.51635,47.20279],[27.51652,47.2027],[27.51665,47.20259],[27.51671,47.2025],[27.51678,47.2024],[27.51681,47.20233],[27.51678,47.20199],[27.51676,47.20186],[27.51675,47.20177],[27.51667,47.20106],[27.51669,47.20065],[27.51676,47.2005],[27.51702,47.20003],[27.51718,47.19972],[27.51762,47.19891],[27.51764,47.19887],[27.51788,47.19847],[27.51814,47.19804],[27.51837,47.19765],[27.51843,47.19756],[27.51867,47.19717],[27.51914,47.19639],[27.51928,47.19612],[27.51939,47.19593],[27.51965,47.195455],[27.51991,47.19498],[27.52023,47.19444],[27.52041,47.19411],[27.52059,47.1938],[27.52085,47.19334],[27.52111,47.19291],[27.52136,47.19258],[27.52143,47.19247],[27.52146,47.19242],[27.521865,47.19183],[27.52227,47.19124],[27.52264,47.19073],[27.52308,47.19014],[27.52324,47.18993],[27.5234,47.18972],[27.52353,47.18951],[27.52356,47.18946],[27.52368,47.18928],[27.52403,47.18865],[27.52408,47.18855],[27.52417,47.18838],[27.52451,47.18773],[27.52474,47.18728],[27.52499,47.18683],[27.52509,47.18665],[27.52519,47.18645],[27.52522,47.1864],[27.52529,47.1862],[27.52545,47.18586],[27.52553,47.18573],[27.52582,47.18543],[27.52614,47.18513],[27.52643,47.18487],[27.52662,47.18463],[27.52693,47.18434],[27.5271,47.18414],[27.52718,47.18403],[27.52729,47.18384],[27.5274,47.18363],[27.52757,47.18336],[27.52768,47.18315],[27.52782,47.18293],[27.52793,47.1828],[27.52808,47.18267],[27.52831,47.1824],[27.52865,47.18192],[27.528945,47.181485],[27.52924,47.18105],[27.52966,47.1803],[27.53003,47.17968],[27.5301,47.17955],[27.530645,47.178695],[27.53119,47.17784],[27.53141,47.17749],[27.531665,47.177055],[27.53192,47.17662],[27.53204,47.17624],[27.5321,47.17602],[27.53216,47.17552],[27.53217,47.17533],[27.53216,47.17484],[27.53215,47.17455],[27.53218,47.17426],[27.53225,47.17399],[27.53229,47.17387],[27.53257,47.17322],[27.53266,47.17302],[27.5326,47.173],[27.53255,47.17297],[27.53252,47.17293],[27.53251,47.17288],[27.53253,47.17283],[27.53256,47.1728],[27.53259,47.17277],[27.53264,47.17275],[27.5327,47.17274],[27.53276,47.17275],[27.53282,47.17276],[27.53286,47.17278],[27.53289,47.17281],[27.53291,47.17283],[27.53312,47.17288]]},"properties":{"line":"702","dir":"1","mode":"bus"}},{"type":"Feature","geometry":{"type":"LineString","coordinates":[[27.58831,47.15041],[27.58801,47.15066],[27.58798,47.15068],[27.58797,47.15071],[27.58794,47.15082],[27.58795,47.15088],[27.58799,47.15095],[27.58804,47.151],[27.58808,47.15107],[27.58814,47.15112],[27.58818,47.15116],[27.58825,47.15118],[27.58844,47.15116],[27.58865,47.15109],[27.5889,47.15101],[27.58892,47.15103],[27.58915,47.15096],[27.58929,47.15091],[27.58915,47.15096],[27.58892,47.15103],[27.5889,47.15101],[27.58913,47.15093],[27.58983,47.1507],[27.59027,47.15057],[27.59052,47.15049],[27.5906,47.15046],[27.59128,47.150245],[27.59196,47.15003],[27.59238,47.1499],[27.59317,47.14964],[27.59396,47.14938],[27.5941,47.14933],[27.59447,47.14921],[27.59449,47.1492],[27.59454,47.14919],[27.59476,47.14913],[27.5948,47.14912],[27.59514,47.14903],[27.59545,47.14896],[27.5962,47.14882],[27.59698,47.14871],[27.597765,47.148605],[27.59855,47.1485],[27.59874,47.14847],[27.59984,47.148305],[27.60094,47.14814],[27.60102,47.14813],[27.60139,47.14808],[27.60143,47.14807],[27.60174,47.14804],[27.6022,47.14797],[27.60225,47.14796],[27.60233,47.14795],[27.60342,47.14779],[27.60453,47.14766],[27.60551,47.14751],[27.60623,47.1474],[27.60669,47.14733],[27.60702,47.14729],[27.6079,47.14716],[27.60878,47.14703],[27.60899,47.147],[27.60919,47.14697],[27.60968,47.1469],[27.60977,47.14689],[27.61015,47.14683],[27.61026,47.14682],[27.61061,47.14677],[27.61066,47.14676],[27.61176,47.146625],[27.61286,47.14649],[27.61395,47.14633],[27.61504,47.14617],[27.61539,47.14612],[27.61629,47.14599],[27.61697,47.145895],[27.61765,47.1458],[27.61885,47.14562],[27.61899,47.1456],[27.61913,47.14559],[27.61954,47.14553],[27.62048,47.1454],[27.62066,47.14537],[27.62143,47.14526],[27.622495,47.14511],[27.62356,47.14496],[27.62439,47.144845],[27.62522,47.14473],[27.62615,47.1446],[27.62699,47.14448],[27.62783,47.14436],[27.62868,47.144235],[27.62953,47.14411],[27.6297,47.14409],[27.62986,47.14407],[27.63005,47.14404],[27.63028,47.14401],[27.631005,47.143905],[27.63173,47.1438],[27.6325,47.1437],[27.633245,47.143595],[27.63399,47.14349],[27.63422,47.14345],[27.63508,47.14333],[27.63539,47.14331],[27.63578,47.14328],[27.63602,47.14327],[27.63649,47.14324],[27.637495,47.14325],[27.6385,47.14326],[27.63945,47.14328],[27.64013,47.14329],[27.641255,47.14331],[27.64238,47.14333],[27.64278,47.14334],[27.64349,47.14335],[27.64364,47.14336],[27.64429,47.14337],[27.64568,47.143395],[27.64707,47.14342],[27.64736,47.14348],[27.64806,47.14349],[27.64843,47.1435],[27.64963,47.143505],[27.65083,47.14351],[27.6521,47.1435],[27.65317,47.14349],[27.65331,47.14347],[27.6539,47.1434],[27.65472,47.14324],[27.65566,47.14293],[27.65573,47.14291],[27.6568,47.14249],[27.657585,47.14218],[27.65837,47.14187],[27.65835,47.14184],[27.65837,47.14187],[27.65859,47.14179],[27.659345,47.1415],[27.6601,47.14121],[27.6603,47.14113],[27.66076,47.14096],[27.66085,47.14092],[27.66114,47.14081],[27.6615,47.14067],[27.66206,47.14045],[27.66265,47.14022],[27.66324,47.13999],[27.66415,47.13963],[27.66515,47.13924],[27.66615,47.13885],[27.6664,47.13876],[27.66641,47.13875],[27.66643,47.13874],[27.66702,47.13851],[27.66768,47.13825],[27.66873,47.137845],[27.66978,47.13744],[27.67078,47.137],[27.671485,47.136695],[27.67219,47.13639],[27.67295,47.13608],[27.67333,47.13596],[27.67335,47.13595],[27.67367,47.13586],[27.67396,47.13579],[27.67427,47.13572],[27.67475,47.13566],[27.675445,47.13557],[27.67614,47.13548],[27.67715,47.13535],[27.67793,47.13524],[27.67871,47.13513],[27.67984,47.135],[27.68086,47.13486],[27.681535,47.13477],[27.68221,47.13468],[27.68323,47.13444],[27.68364,47.13434],[27.68455,47.13411],[27.68546,47.13388],[27.68648,47.13365],[27.6875,47.1334],[27.68852,47.13315],[27.68874,47.13309],[27.68898,47.13303],[27.68921,47.13297],[27.68941,47.13292],[27.68988,47.13281],[27.69102,47.13253],[27.69146,47.13242],[27.69216,47.13225],[27.69267,47.13212],[27.6928,47.13209],[27.69316,47.132],[27.693785,47.13185],[27.69441,47.1317],[27.69498,47.13157],[27.69564,47.13141],[27.6963,47.13125],[27.69697,47.13107],[27.69731,47.13099],[27.69741,47.13096],[27.69786,47.13082],[27.69792,47.13079],[27.698,47.13074],[27.69818,47.13062],[27.69825,47.13064],[27.69818,47.13062],[27.69832,47.13049],[27.69834,47.13047],[27.69839,47.1304],[27.6985,47.13028],[27.69856,47.13017],[27.69895,47.12947],[27.69939,47.12874],[27.69972,47.12809],[27.70004,47.12753],[27.70034,47.12708],[27.70065,47.12672],[27.70096,47.12634],[27.7012,47.12606],[27.7013,47.12598],[27.70146,47.12589],[27.70183,47.12575],[27.70228,47.12562],[27.70281,47.12544],[27.70305,47.12532],[27.70324,47.12521],[27.70348,47.12502],[27.70353,47.12499],[27.70374,47.1248],[27.70396,47.12454],[27.70415,47.12421],[27.70428,47.12394],[27.7044,47.12364],[27.70451,47.1234],[27.70464,47.12324],[27.70473,47.12312],[27.70502,47.12287],[27.70567,47.12233],[27.70572,47.12228],[27.70595,47.12205],[27.70662,47.12138],[27.70687,47.12116],[27.7074,47.12085],[27.7078,47.12063],[27.70851,47.12031],[27.70929,47.12],[27.7099,47.11976],[27.71026,47.11962],[27.71034,47.11959],[27.71071,47.11943],[27.71101,47.11933],[27.71149,47.11912],[27.71219,47.118835],[27.71289,47.11855],[27.71346,47.11835],[27.71417,47.11808],[27.71507,47.11777],[27.71594,47.1175],[27.71676,47.11725],[27.71752,47.11703],[27.7182,47.11682],[27.71848,47.11672],[27.71852,47.11655],[27.71855,47.11647],[27.71863,47.11632],[27.71865,47.11629],[27.7189,47.11615],[27.71917,47.11599],[27.71949,47.11582],[27.71989,47.11558],[27.72026,47.11536],[27.72055,47.11521],[27.72074,47.11509],[27.72103,47.1149],[27.72109,47.11484],[27.72115,47.11479],[27.72142,47.11457],[27.72186,47.11419],[27.72209,47.11396],[27.72215,47.1139],[27.7225,47.1136],[27.72282,47.11332],[27.72296,47.11318],[27.723,47.1131],[27.72299,47.11296],[27.72295,47.11288],[27.72292,47.11282],[27.72277,47.11264],[27.72264,47.11247],[27.72245,47.11226],[27.72232,47.11213],[27.72218,47.11204],[27.72203,47.11196],[27.72173,47.11184],[27.72094,47.11157],[27.72059,47.11143],[27.72026,47.11129],[27.71975,47.11101],[27.71942,47.11082],[27.7191,47.11069],[27.71874,47.11054],[27.71859,47.1105],[27.71844,47.11037],[27.71837,47.11027],[27.71831,47.11001],[27.71833,47.10983],[27.71831,47.10967],[27.71827,47.1095],[27.71821,47.10939],[27.71813,47.10929],[27.71804,47.10917],[27.71775,47.1089],[27.71706,47.10823],[27.71662,47.107775],[27.71618,47.10732],[27.71622,47.10731]]},"properties":{"line":"801","dir":"0","mode":"bus"}},{"type":"Feature","geometry":{"type":"LineString","coordinates":[[27.71622,47.10731],[27.71618,47.10732],[27.71662,47.107775],[27.71706,47.10823],[27.71775,47.1089],[27.71804,47.10917],[27.71813,47.10929],[27.71821,47.10939],[27.71827,47.1095],[27.71831,47.10967],[27.71833,47.10983],[27.71831,47.11001],[27.71837,47.11027],[27.71844,47.11037],[27.71859,47.1105],[27.71874,47.11054],[27.71942,47.11082],[27.72026,47.11129],[27.72059,47.11143],[27.72094,47.11157],[27.72173,47.11184],[27.72203,47.11196],[27.72218,47.11204],[27.72232,47.11213],[27.72245,47.11226],[27.72264,47.11247],[27.72277,47.11264],[27.72292,47.11282],[27.72295,47.11288],[27.72299,47.11296],[27.723,47.11303],[27.72296,47.11318],[27.72282,47.11332],[27.7225,47.1136],[27.72215,47.1139],[27.72209,47.11396],[27.72186,47.11419],[27.72142,47.11457],[27.72115,47.11479],[27.72109,47.11484],[27.72103,47.1149],[27.72074,47.11509],[27.72055,47.11521],[27.72026,47.11536],[27.71989,47.11558],[27.71949,47.11582],[27.71917,47.11599],[27.7189,47.11615],[27.71865,47.11629],[27.71863,47.11631],[27.71855,47.11647],[27.71852,47.11655],[27.71848,47.11672],[27.71822,47.11683],[27.71752,47.11703],[27.71676,47.11725],[27.71594,47.1175],[27.71507,47.11777],[27.71417,47.11808],[27.71346,47.11835],[27.71289,47.11855],[27.71219,47.118835],[27.71149,47.11912],[27.71101,47.11933],[27.71071,47.11943],[27.71034,47.11959],[27.71028,47.11962],[27.7099,47.11976],[27.70929,47.12],[27.70851,47.12031],[27.7078,47.12063],[27.7074,47.12085],[27.70687,47.12116],[27.70662,47.12138],[27.70595,47.12205],[27.70567,47.12233],[27.70502,47.12287],[27.70473,47.12312],[27.70464,47.12324],[27.70451,47.1234],[27.7044,47.12364],[27.70428,47.12394],[27.70415,47.12421],[27.70396,47.12454],[27.70374,47.1248],[27.70353,47.12499],[27.70348,47.12502],[27.70324,47.12521],[27.70305,47.12532],[27.70281,47.12544],[27.70228,47.12562],[27.70183,47.12575],[27.70146,47.12589],[27.7013,47.12598],[27.70111,47.12611],[27.70091,47.12633],[27.70061,47.1267],[27.70034,47.12708],[27.70004,47.12753],[27.69972,47.12809],[27.69935,47.12879],[27.69891,47.12951],[27.69857,47.13017],[27.69842,47.13038],[27.69832,47.13049],[27.69814,47.13065],[27.69804,47.13071],[27.698,47.13074],[27.69786,47.13082],[27.6975,47.13094],[27.6969,47.13109],[27.6963,47.13125],[27.69473,47.131625],[27.69316,47.132],[27.693,47.13204],[27.6928,47.13209],[27.69216,47.13225],[27.69102,47.13253],[27.68988,47.13281],[27.68921,47.13297],[27.68874,47.13309],[27.68852,47.13315],[27.6875,47.1334],[27.68648,47.13365],[27.68546,47.13388],[27.68455,47.13411],[27.68364,47.13434],[27.682925,47.13451],[27.68221,47.13468],[27.681025,47.13484],[27.67984,47.135],[27.67871,47.13513],[27.67793,47.13524],[27.67715,47.13535],[27.67614,47.13548],[27.675445,47.13557],[27.67475,47.13566],[27.67463,47.13567],[27.67427,47.13572],[27.67367,47.13586],[27.67335,47.13595],[27.67295,47.13608],[27.67219,47.13639],[27.671485,47.136695],[27.67078,47.137],[27.66978,47.13744],[27.668815,47.137815],[27.66785,47.13819],[27.66714,47.138465],[27.66643,47.13874],[27.66641,47.13875],[27.6664,47.13876],[27.66615,47.13885],[27.663825,47.13976],[27.6615,47.14067],[27.66085,47.14092],[27.66076,47.14096],[27.6603,47.14113],[27.6601,47.14121],[27.659335,47.141505],[27.65857,47.1418],[27.657685,47.142145],[27.6568,47.14249],[27.65573,47.14291],[27.65566,47.14293],[27.65472,47.14324],[27.6539,47.1434],[27.65331,47.14347],[27.65317,47.14349],[27.6521,47.1435],[27.65131,47.14351],[27.650165,47.143505],[27.64902,47.1435],[27.64814,47.14349],[27.64781,47.14348],[27.64708,47.14352],[27.64633,47.143505],[27.64558,47.14349],[27.644675,47.143475],[27.64377,47.14346],[27.64246,47.14345],[27.64198,47.14344],[27.64105,47.14343],[27.64012,47.14342],[27.63944,47.14341],[27.63849,47.1434],[27.63749,47.14339],[27.63649,47.14338],[27.63622,47.1434],[27.63549,47.14343],[27.63511,47.14348],[27.63427,47.1436],[27.633045,47.14377],[27.63182,47.14394],[27.631075,47.14405],[27.63033,47.14416],[27.628675,47.144395],[27.62702,47.14463],[27.62619,47.14475],[27.62526,47.14488],[27.624435,47.144995],[27.62361,47.14511],[27.62347,47.14513],[27.62235,47.14529],[27.62151,47.14541],[27.62073,47.14551],[27.61962,47.14567],[27.61938,47.1457],[27.61906,47.14575],[27.618375,47.145845],[27.61769,47.14594],[27.61753,47.14597],[27.61717,47.14602],[27.61633,47.14614],[27.61606,47.14617],[27.61498,47.146325],[27.6139,47.14648],[27.61367,47.14651],[27.612585,47.146665],[27.6115,47.14682],[27.61086,47.14691],[27.61075,47.14693],[27.61051,47.14696],[27.61037,47.14698],[27.61009,47.14702],[27.60985,47.14705],[27.60978,47.14702],[27.60974,47.14698],[27.60973,47.14697],[27.60972,47.14695],[27.6097,47.1469],[27.60961,47.14656],[27.60956,47.14642],[27.60947,47.1463],[27.6093,47.14622],[27.60918,47.14616],[27.60899,47.14607],[27.6086,47.14588],[27.60798,47.145575],[27.60736,47.14527],[27.60734,47.14526],[27.60723,47.14521],[27.60706,47.14513],[27.60689,47.14505],[27.60639,47.14481],[27.60595,47.1446],[27.6056,47.14444],[27.60502,47.14416],[27.6046,47.14396],[27.60367,47.14352],[27.60361,47.14349],[27.60333,47.14336],[27.60284,47.14314],[27.60259,47.14302],[27.60216,47.14281],[27.60166,47.14257],[27.60109,47.1423],[27.60052,47.14203],[27.60039,47.14197],[27.60004,47.14181],[27.59978,47.14168],[27.59961,47.1418],[27.59933,47.14198],[27.59928,47.14201],[27.59919,47.14208],[27.59913,47.14211],[27.59899,47.14221],[27.59881,47.14233],[27.597695,47.14309],[27.59658,47.14385],[27.59649,47.14391],[27.59598,47.14428],[27.59547,47.14465],[27.5947,47.14524],[27.5946,47.14531],[27.59452,47.14537],[27.59428,47.14562],[27.59419,47.14572],[27.59413,47.14581],[27.59415,47.14586],[27.59413,47.14591],[27.59409,47.14595],[27.59405,47.14596],[27.59402,47.14597],[27.59398,47.14598],[27.59384,47.14603],[27.59356,47.1462],[27.59346,47.14626],[27.59296,47.14671],[27.59288,47.14678],[27.59209,47.14746],[27.59176,47.14772],[27.59131,47.14808],[27.59081,47.14848],[27.59026,47.14893],[27.5901,47.14905],[27.59006,47.14908],[27.58942,47.14959],[27.58915,47.14981],[27.589,47.14993],[27.58879,47.15009],[27.58865,47.15021],[27.58856,47.15028]]},"properties":{"line":"801","dir":"1","mode":"bus"}},{"type":"Feature","geometry":{"type":"LineString","coordinates":[[27.58831,47.15041],[27.58801,47.15066],[27.58798,47.15068],[27.58797,47.15071],[27.58794,47.15082],[27.58795,47.15088],[27.58799,47.15095],[27.58804,47.151],[27.58808,47.15107],[27.58814,47.15112],[27.58818,47.15116],[27.58825,47.15118],[27.58844,47.15116],[27.58865,47.15109],[27.5889,47.15101],[27.58892,47.15103],[27.58915,47.15096],[27.58929,47.15091],[27.58915,47.15096],[27.58892,47.15103],[27.5889,47.15101],[27.58913,47.15093],[27.58983,47.1507],[27.59027,47.15057],[27.59052,47.15049],[27.5906,47.15046],[27.59128,47.150245],[27.59196,47.15003],[27.59238,47.1499],[27.59317,47.14964],[27.59396,47.14938],[27.5941,47.14933],[27.59447,47.14921],[27.59449,47.1492],[27.59454,47.14919],[27.59476,47.14913],[27.5948,47.14912],[27.59514,47.14903],[27.59545,47.14896],[27.5962,47.14882],[27.59698,47.14871],[27.597765,47.148605],[27.59855,47.1485],[27.59874,47.14847],[27.59984,47.148305],[27.60094,47.14814],[27.60102,47.14813],[27.60139,47.14808],[27.60143,47.14807],[27.60174,47.14804],[27.6022,47.14797],[27.60225,47.14796],[27.60233,47.14795],[27.60342,47.14779],[27.60453,47.14766],[27.60551,47.14751],[27.60623,47.1474],[27.60669,47.14733],[27.60702,47.14729],[27.6079,47.14716],[27.60878,47.14703],[27.60899,47.147],[27.60919,47.14697],[27.60968,47.1469],[27.60977,47.14689],[27.61015,47.14683],[27.61026,47.14682],[27.61061,47.14677],[27.61066,47.14676],[27.61176,47.146625],[27.61286,47.14649],[27.61395,47.14633],[27.61504,47.14617],[27.61539,47.14612],[27.61629,47.14599],[27.61697,47.145895],[27.61765,47.1458],[27.61885,47.14562],[27.61899,47.1456],[27.61913,47.14559],[27.61954,47.14553],[27.62048,47.1454],[27.62066,47.14537],[27.62143,47.14526],[27.622495,47.14511],[27.62356,47.14496],[27.62439,47.144845],[27.62522,47.14473],[27.62615,47.1446],[27.62699,47.14448],[27.62783,47.14436],[27.62868,47.144235],[27.62953,47.14411],[27.6297,47.14409],[27.62986,47.14407],[27.63005,47.14404],[27.63028,47.14401],[27.631005,47.143905],[27.63173,47.1438],[27.6325,47.1437],[27.633245,47.143595],[27.63399,47.14349],[27.63422,47.14345],[27.63508,47.14333],[27.63539,47.14331],[27.63578,47.14328],[27.63602,47.14327],[27.63649,47.14324],[27.637495,47.14325],[27.6385,47.14326],[27.63945,47.14328],[27.64013,47.14329],[27.641255,47.14331],[27.64238,47.14333],[27.64278,47.14334],[27.64349,47.14335],[27.64364,47.14336],[27.64429,47.14337],[27.64568,47.143395],[27.64707,47.14342],[27.64736,47.14348],[27.64806,47.14349],[27.64843,47.1435],[27.64963,47.143505],[27.65083,47.14351],[27.6521,47.1435],[27.65317,47.14349],[27.65331,47.14347],[27.6539,47.1434],[27.65472,47.14324],[27.65566,47.14293],[27.65573,47.14291],[27.6568,47.14249],[27.657585,47.14218],[27.65837,47.14187],[27.65835,47.14184],[27.65837,47.14187],[27.65859,47.14179],[27.659345,47.1415],[27.6601,47.14121],[27.6603,47.14113],[27.66076,47.14096],[27.66085,47.14092],[27.66114,47.14081],[27.6615,47.14067],[27.66206,47.14045],[27.66265,47.14022],[27.66324,47.13999],[27.66415,47.13963],[27.66515,47.13924],[27.66615,47.13885],[27.6664,47.13876],[27.66641,47.13875],[27.66643,47.13874],[27.66702,47.13851],[27.66768,47.13825],[27.66873,47.137845],[27.66978,47.13744],[27.67078,47.137],[27.671485,47.136695],[27.67219,47.13639],[27.67295,47.13608],[27.67333,47.13596],[27.67335,47.13595],[27.67367,47.13586],[27.67396,47.13579],[27.67427,47.13572],[27.67475,47.13566],[27.675445,47.13557],[27.67614,47.13548],[27.67715,47.13535],[27.67793,47.13524],[27.67871,47.13513],[27.67984,47.135],[27.68086,47.13486],[27.681535,47.13477],[27.68221,47.13468],[27.68307,47.13448],[27.68323,47.13444],[27.68364,47.13434],[27.68455,47.13411],[27.68546,47.13388],[27.68648,47.13365],[27.6875,47.1334],[27.68852,47.13315],[27.68874,47.13309],[27.68898,47.13303],[27.68921,47.13297],[27.68941,47.13292],[27.68988,47.13281],[27.69102,47.13253],[27.69146,47.13242],[27.69216,47.13225],[27.69267,47.13212],[27.6928,47.13209],[27.69316,47.132],[27.693785,47.13185],[27.69441,47.1317],[27.69498,47.13157],[27.69564,47.13141],[27.6963,47.13125],[27.69697,47.13107],[27.69731,47.13099],[27.69741,47.13096],[27.69786,47.13082],[27.69792,47.13079],[27.698,47.13074],[27.69818,47.13062],[27.69825,47.13064],[27.69818,47.13062],[27.69832,47.13049],[27.69834,47.13047],[27.69839,47.1304],[27.6985,47.13028],[27.69856,47.13017],[27.69895,47.12947],[27.69939,47.12874],[27.69972,47.12809],[27.70004,47.12753],[27.70034,47.12708],[27.70065,47.12672],[27.70096,47.12634],[27.7012,47.12606],[27.7013,47.12598],[27.70146,47.12589],[27.70183,47.12575],[27.70228,47.12562],[27.70281,47.12544],[27.70305,47.12532],[27.70324,47.12521],[27.70348,47.12502],[27.70353,47.12499],[27.70374,47.1248],[27.70396,47.12454],[27.70415,47.12421],[27.70428,47.12394],[27.7044,47.12364],[27.70451,47.1234],[27.70464,47.12324],[27.70473,47.12312],[27.70502,47.12287],[27.70567,47.12233],[27.70572,47.12228],[27.70595,47.12205],[27.70662,47.12138],[27.70687,47.12116],[27.7074,47.12085],[27.7078,47.12063],[27.70851,47.12031],[27.70929,47.12],[27.7099,47.11976],[27.71026,47.11962],[27.71034,47.11959],[27.71071,47.11943],[27.71101,47.11933],[27.71149,47.11912],[27.71219,47.118835],[27.71289,47.11855],[27.71346,47.11835],[27.71417,47.11808],[27.71507,47.11777],[27.71594,47.1175],[27.71676,47.11725],[27.71752,47.11703],[27.7182,47.11682],[27.7183,47.11678],[27.71848,47.11672],[27.71862,47.11667],[27.71873,47.11662],[27.7193,47.11637],[27.71987,47.11612],[27.72028,47.11591],[27.7208,47.11571],[27.72134,47.1155],[27.72225,47.11523],[27.72282,47.11502],[27.72366,47.11476],[27.72423,47.11456],[27.72449,47.11448],[27.72488,47.11435],[27.72536,47.11419],[27.72566,47.11409],[27.72578,47.11404],[27.72592,47.11399],[27.72599,47.11397],[27.72658,47.11375],[27.72677,47.11366],[27.72687,47.11361],[27.72711,47.11348],[27.72769,47.11324],[27.72834,47.11291],[27.7288,47.11268],[27.72933,47.11244],[27.72961,47.11232],[27.72981,47.11225],[27.73041,47.11209],[27.73138,47.11187],[27.7318,47.11178],[27.73232,47.11165],[27.733065,47.111495],[27.73381,47.11134],[27.73407,47.11128],[27.73431,47.11122],[27.73452,47.11115],[27.73466,47.11111],[27.73477,47.11106],[27.73496,47.11097],[27.73509,47.11091],[27.73562,47.11065],[27.73615,47.11042],[27.73673,47.110135],[27.73731,47.10985],[27.73801,47.10951],[27.73813,47.10945],[27.73823,47.10939],[27.73871,47.10905],[27.73923,47.10865],[27.739895,47.10818],[27.74056,47.10771],[27.74088,47.10752],[27.74101,47.10746],[27.74124,47.10736],[27.74139,47.1073],[27.742105,47.107015],[27.74282,47.10673],[27.74346,47.10647],[27.74409,47.10621],[27.7442,47.10616],[27.74429,47.10612],[27.74486,47.10575],[27.74555,47.10532],[27.74604,47.10498],[27.74647,47.10469],[27.74653,47.10465],[27.74739,47.10406],[27.74747,47.104],[27.74814,47.10357],[27.7485,47.10334],[27.74861,47.10328],[27.7487,47.10324],[27.74899,47.10316],[27.74922,47.1031],[27.74991,47.10299],[27.75072,47.10285],[27.75091,47.10282],[27.75121,47.1028],[27.75156,47.10278],[27.75178,47.10279],[27.75218,47.10281],[27.75279,47.1029],[27.75372,47.10304],[27.75465,47.10318],[27.75491,47.10322],[27.75537,47.10329],[27.75652,47.10343],[27.7566,47.10344],[27.75672,47.10346]]},"properties":{"line":"802","dir":"0","mode":"bus"}},{"type":"Feature","geometry":{"type":"LineString","coordinates":[[27.75729,47.10353],[27.75719,47.10352],[27.75698,47.10349],[27.7568,47.10347],[27.7566,47.10344],[27.75652,47.10343],[27.75537,47.10329],[27.75491,47.10322],[27.75465,47.10318],[27.75372,47.10304],[27.75279,47.1029],[27.75218,47.10281],[27.75192,47.10279],[27.75156,47.10278],[27.75121,47.1028],[27.75091,47.10282],[27.75072,47.10285],[27.74991,47.10299],[27.74922,47.1031],[27.74899,47.10316],[27.7487,47.10324],[27.74861,47.10328],[27.7485,47.10334],[27.74814,47.10357],[27.74747,47.104],[27.74739,47.10406],[27.74647,47.10469],[27.74604,47.10498],[27.74564,47.10523],[27.74525,47.10547],[27.74486,47.10575],[27.74429,47.10612],[27.7442,47.10616],[27.74409,47.10621],[27.74346,47.10647],[27.74282,47.10673],[27.742105,47.107015],[27.74139,47.1073],[27.74124,47.10736],[27.74101,47.10746],[27.74088,47.10752],[27.74056,47.10771],[27.739895,47.10818],[27.73923,47.10865],[27.73871,47.10905],[27.73823,47.10939],[27.73813,47.10945],[27.73801,47.10951],[27.73731,47.10985],[27.73673,47.110135],[27.73615,47.11042],[27.73562,47.11065],[27.73509,47.11091],[27.73466,47.11111],[27.73463,47.11112],[27.73452,47.11115],[27.73431,47.11122],[27.73381,47.11134],[27.733065,47.111495],[27.73232,47.11165],[27.7318,47.11178],[27.73138,47.11187],[27.73041,47.11209],[27.72981,47.11225],[27.72961,47.11232],[27.72933,47.11244],[27.7288,47.11268],[27.72834,47.11291],[27.72769,47.11324],[27.72711,47.11348],[27.72687,47.11361],[27.72677,47.11366],[27.72658,47.11375],[27.72599,47.11397],[27.72592,47.11399],[27.72566,47.11409],[27.72536,47.11419],[27.72488,47.11435],[27.72423,47.11456],[27.72366,47.11476],[27.72282,47.11502],[27.72225,47.11523],[27.72134,47.1155],[27.7208,47.11571],[27.72028,47.11591],[27.71987,47.11612],[27.7193,47.11637],[27.71873,47.11662],[27.71862,47.11667],[27.71848,47.11672],[27.71842,47.11675],[27.71822,47.11683],[27.71752,47.11703],[27.71676,47.11725],[27.71594,47.1175],[27.71507,47.11777],[27.71417,47.11808],[27.71346,47.11835],[27.71289,47.11855],[27.71219,47.118835],[27.71149,47.11912],[27.71101,47.11933],[27.71071,47.11943],[27.71046,47.11954],[27.71034,47.11959],[27.7099,47.11976],[27.70929,47.12],[27.70851,47.12031],[27.7078,47.12063],[27.7074,47.12085],[27.70687,47.12116],[27.70662,47.12138],[27.70595,47.12205],[27.70567,47.12233],[27.70502,47.12287],[27.70473,47.12312],[27.70464,47.12324],[27.70451,47.1234],[27.7044,47.12364],[27.70428,47.12394],[27.70415,47.12421],[27.70396,47.12454],[27.70374,47.1248],[27.70353,47.12499],[27.70348,47.12502],[27.70324,47.12521],[27.70305,47.12532],[27.70281,47.12544],[27.70228,47.12562],[27.70183,47.12575],[27.70146,47.12589],[27.7013,47.12598],[27.70111,47.12611],[27.70091,47.12633],[27.70061,47.1267],[27.70034,47.12708],[27.70004,47.12753],[27.69972,47.12809],[27.69935,47.12879],[27.69891,47.12951],[27.69857,47.13017],[27.69842,47.13038],[27.69832,47.13049],[27.69814,47.13065],[27.69804,47.13071],[27.698,47.13074],[27.69786,47.13082],[27.6975,47.13094],[27.6969,47.13109],[27.6963,47.13125],[27.69473,47.131625],[27.69316,47.132],[27.693,47.13204],[27.6928,47.13209],[27.69216,47.13225],[27.69102,47.13253],[27.68988,47.13281],[27.68921,47.13297],[27.68874,47.13309],[27.68852,47.13315],[27.6875,47.1334],[27.68648,47.13365],[27.68546,47.13388],[27.68455,47.13411],[27.68364,47.13434],[27.68338,47.1344],[27.68221,47.13468],[27.681025,47.13484],[27.67984,47.135],[27.67871,47.13513],[27.67793,47.13524],[27.67715,47.13535],[27.67614,47.13548],[27.675445,47.13557],[27.67475,47.13566],[27.67463,47.13567],[27.67427,47.13572],[27.67367,47.13586],[27.67335,47.13595],[27.67295,47.13608],[27.67219,47.13639],[27.671485,47.136695],[27.67078,47.137],[27.66978,47.13744],[27.668815,47.137815],[27.66785,47.13819],[27.66714,47.138465],[27.66643,47.13874],[27.66641,47.13875],[27.6664,47.13876],[27.66615,47.13885],[27.663825,47.13976],[27.6615,47.14067],[27.66085,47.14092],[27.66076,47.14096],[27.6603,47.14113],[27.6601,47.14121],[27.659335,47.141505],[27.65857,47.1418],[27.657685,47.142145],[27.6568,47.14249],[27.65573,47.14291],[27.65566,47.14293],[27.65472,47.14324],[27.6539,47.1434],[27.65331,47.14347],[27.65317,47.14349],[27.6521,47.1435],[27.65131,47.14351],[27.650165,47.143505],[27.64902,47.1435],[27.64814,47.14349],[27.64781,47.14348],[27.64708,47.14352],[27.64633,47.143505],[27.64558,47.14349],[27.644675,47.143475],[27.64377,47.14346],[27.64246,47.14345],[27.64198,47.14344],[27.64105,47.14343],[27.64012,47.14342],[27.63944,47.14341],[27.63849,47.1434],[27.63749,47.14339],[27.63649,47.14338],[27.63549,47.14343],[27.63511,47.14348],[27.63427,47.1436],[27.633045,47.14377],[27.63182,47.14394],[27.631075,47.14405],[27.63033,47.14416],[27.628675,47.144395],[27.62702,47.14463],[27.62619,47.14475],[27.62526,47.14488],[27.624435,47.144995],[27.62361,47.14511],[27.62347,47.14513],[27.62235,47.14529],[27.62151,47.14541],[27.62073,47.14551],[27.61962,47.14567],[27.61938,47.1457],[27.61906,47.14575],[27.618375,47.145845],[27.61769,47.14594],[27.61753,47.14597],[27.61717,47.14602],[27.61633,47.14614],[27.61606,47.14617],[27.61498,47.146325],[27.6139,47.14648],[27.61367,47.14651],[27.612585,47.146665],[27.6115,47.14682],[27.61086,47.14691],[27.61075,47.14693],[27.61051,47.14696],[27.61037,47.14698],[27.61009,47.14702],[27.60985,47.14705],[27.60978,47.14702],[27.60974,47.14698],[27.60973,47.14697],[27.60972,47.14695],[27.6097,47.1469],[27.60961,47.14656],[27.60956,47.14642],[27.60947,47.1463],[27.6093,47.14622],[27.60918,47.14616],[27.60899,47.14607],[27.6086,47.14588],[27.60798,47.145575],[27.60736,47.14527],[27.60734,47.14526],[27.60723,47.14521],[27.60706,47.14513],[27.60689,47.14505],[27.60639,47.14481],[27.60595,47.1446],[27.6056,47.14444],[27.60502,47.14416],[27.6046,47.14396],[27.60367,47.14352],[27.60361,47.14349],[27.60333,47.14336],[27.60284,47.14314],[27.60259,47.14302],[27.60216,47.14281],[27.60166,47.14257],[27.60109,47.1423],[27.60052,47.14203],[27.60039,47.14197],[27.60004,47.14181],[27.59978,47.14168],[27.59961,47.1418],[27.59933,47.14198],[27.59928,47.14201],[27.59919,47.14208],[27.59913,47.14211],[27.59899,47.14221],[27.59881,47.14233],[27.597695,47.14309],[27.59658,47.14385],[27.59649,47.14391],[27.59598,47.14428],[27.59547,47.14465],[27.5947,47.14524],[27.5946,47.14531],[27.59452,47.14537],[27.59428,47.14562],[27.59419,47.14572],[27.59413,47.14581],[27.59415,47.14586],[27.59413,47.14591],[27.59409,47.14595],[27.59405,47.14596],[27.59402,47.14597],[27.59398,47.14598],[27.59384,47.14603],[27.59356,47.1462],[27.59346,47.14626],[27.59296,47.14671],[27.59288,47.14678],[27.59209,47.14746],[27.59176,47.14772],[27.59131,47.14808],[27.59081,47.14848],[27.59026,47.14893],[27.5901,47.14905],[27.59006,47.14908],[27.58942,47.14959],[27.58915,47.14981],[27.589,47.14993],[27.58879,47.15009],[27.58865,47.15021],[27.58856,47.15028]]},"properties":{"line":"802","dir":"1","mode":"bus"}},{"type":"Feature","geometry":{"type":"LineString","coordinates":[[27.58831,47.15041],[27.58801,47.15066],[27.58798,47.15068],[27.58797,47.15071],[27.58794,47.15082],[27.58795,47.15088],[27.58799,47.15095],[27.58804,47.151],[27.58808,47.15107],[27.58814,47.15112],[27.58818,47.15116],[27.58825,47.15118],[27.58844,47.15116],[27.58865,47.15109],[27.5889,47.15101],[27.58892,47.15103],[27.58915,47.15096],[27.58929,47.15091],[27.58915,47.15096],[27.58892,47.15103],[27.5889,47.15101],[27.58913,47.15093],[27.58983,47.1507],[27.59027,47.15057],[27.59052,47.15049],[27.5906,47.15046],[27.59128,47.150245],[27.59196,47.15003],[27.59238,47.1499],[27.59317,47.14964],[27.59396,47.14938],[27.5941,47.14933],[27.59447,47.14921],[27.59449,47.1492],[27.59454,47.14919],[27.59476,47.14913],[27.5948,47.14912],[27.59514,47.14903],[27.59545,47.14896],[27.5962,47.14882],[27.59698,47.14871],[27.597765,47.148605],[27.59855,47.1485],[27.59874,47.14847],[27.59984,47.148305],[27.60094,47.14814],[27.60102,47.14813],[27.60139,47.14808],[27.60143,47.14807],[27.60174,47.14804],[27.6022,47.14797],[27.60225,47.14796],[27.60233,47.14795],[27.60342,47.14779],[27.60453,47.14766],[27.60551,47.14751],[27.60623,47.1474],[27.60669,47.14733],[27.60702,47.14729],[27.6079,47.14716],[27.60878,47.14703],[27.60899,47.147],[27.60919,47.14697],[27.60968,47.1469],[27.60977,47.14689],[27.61015,47.14683],[27.61026,47.14682],[27.61061,47.14677],[27.61066,47.14676],[27.61176,47.146625],[27.61286,47.14649],[27.61395,47.14633],[27.61504,47.14617],[27.61539,47.14612],[27.61629,47.14599],[27.61697,47.145895],[27.61765,47.1458],[27.61885,47.14562],[27.61899,47.1456],[27.61913,47.14559],[27.61954,47.14553],[27.62048,47.1454],[27.62066,47.14537],[27.62143,47.14526],[27.622495,47.14511],[27.62356,47.14496],[27.62439,47.144845],[27.62522,47.14473],[27.62615,47.1446],[27.62699,47.14448],[27.62783,47.14436],[27.62868,47.144235],[27.62953,47.14411],[27.6297,47.14409],[27.62986,47.14407],[27.63005,47.14404],[27.63028,47.14401],[27.631005,47.143905],[27.63173,47.1438],[27.6325,47.1437],[27.633245,47.143595],[27.63399,47.14349],[27.63422,47.14345],[27.63508,47.14333],[27.63539,47.14331],[27.63578,47.14328],[27.63602,47.14327],[27.63649,47.14324],[27.637495,47.14325],[27.6385,47.14326],[27.63945,47.14328],[27.64013,47.14329],[27.641255,47.14331],[27.64238,47.14333],[27.64278,47.14334],[27.64349,47.14335],[27.64364,47.14336],[27.64429,47.14337],[27.64568,47.143395],[27.64707,47.14342],[27.64736,47.14348],[27.64806,47.14349],[27.64843,47.1435],[27.64963,47.143505],[27.65083,47.14351],[27.6521,47.1435],[27.65317,47.14349],[27.65331,47.14347],[27.6539,47.1434],[27.65472,47.14324],[27.65566,47.14293],[27.65573,47.14291],[27.6568,47.14249],[27.657585,47.14218],[27.65837,47.14187],[27.65835,47.14184],[27.65837,47.14187],[27.65859,47.14179],[27.659345,47.1415],[27.6601,47.14121],[27.6603,47.14113],[27.66076,47.14096],[27.66085,47.14092],[27.66114,47.14081],[27.6615,47.14067],[27.66206,47.14045],[27.66265,47.14022],[27.66324,47.13999],[27.66415,47.13963],[27.66515,47.13924],[27.66615,47.13885],[27.6664,47.13876],[27.66641,47.13875],[27.66643,47.13874],[27.66702,47.13851],[27.66768,47.13825],[27.66873,47.137845],[27.66978,47.13744],[27.67078,47.137],[27.671485,47.136695],[27.67219,47.13639],[27.67295,47.13608],[27.67333,47.13596],[27.67335,47.13595],[27.67367,47.13586],[27.67396,47.13579],[27.67427,47.13572],[27.67475,47.13566],[27.675445,47.13557],[27.67614,47.13548],[27.67715,47.13535],[27.67793,47.13524],[27.67871,47.13513],[27.67984,47.135],[27.68086,47.13486],[27.681535,47.13477],[27.68221,47.13468],[27.68307,47.13448],[27.68323,47.13444],[27.68364,47.13434],[27.68455,47.13411],[27.68546,47.13388],[27.68648,47.13365],[27.6875,47.1334],[27.68852,47.13315],[27.68874,47.13309],[27.68898,47.13303],[27.68921,47.13297],[27.68941,47.13292],[27.68988,47.13281],[27.69102,47.13253],[27.69146,47.13242],[27.69216,47.13225],[27.69267,47.13212],[27.6928,47.13209],[27.69316,47.132],[27.693785,47.13185],[27.69441,47.1317],[27.69498,47.13157],[27.69564,47.13141],[27.6963,47.13125],[27.69697,47.13107],[27.69731,47.13099],[27.69741,47.13096],[27.69786,47.13082],[27.69792,47.13079],[27.698,47.13074],[27.69818,47.13062],[27.69825,47.13064],[27.69818,47.13062],[27.69832,47.13049],[27.69834,47.13047],[27.69839,47.1304],[27.6985,47.13028],[27.69856,47.13017],[27.69895,47.12947],[27.69939,47.12874],[27.69972,47.12809],[27.70004,47.12753],[27.70034,47.12708],[27.70065,47.12672],[27.70096,47.12634],[27.7012,47.12606],[27.7013,47.12598],[27.70146,47.12589],[27.70183,47.12575],[27.70228,47.12562],[27.70281,47.12544],[27.70305,47.12532],[27.70324,47.12521],[27.70348,47.12502],[27.70353,47.12499],[27.70374,47.1248],[27.70396,47.12454],[27.70415,47.12421],[27.70428,47.12394],[27.7044,47.12364],[27.70451,47.1234],[27.70464,47.12324],[27.70473,47.12312],[27.70502,47.12287],[27.70567,47.12233],[27.70572,47.12228],[27.70595,47.12205],[27.70662,47.12138],[27.70687,47.12116],[27.7074,47.12085],[27.7078,47.12063],[27.70851,47.12031],[27.70929,47.12],[27.7099,47.11976],[27.71026,47.11962],[27.71034,47.11959],[27.71071,47.11943],[27.71101,47.11933],[27.71149,47.11912],[27.71219,47.118835],[27.71289,47.11855],[27.71346,47.11835],[27.71417,47.11808],[27.71507,47.11777],[27.71594,47.1175],[27.71676,47.11725],[27.71752,47.11703],[27.7182,47.11682],[27.71848,47.11672],[27.71852,47.11655],[27.71855,47.11647],[27.71863,47.11632],[27.71865,47.11629],[27.7189,47.11615],[27.71917,47.11599],[27.71949,47.11582],[27.71989,47.11558],[27.72026,47.11536],[27.72055,47.11521],[27.72074,47.11509],[27.72103,47.1149],[27.72109,47.11484],[27.72115,47.11479],[27.72142,47.11457],[27.72186,47.11419],[27.72209,47.11396],[27.72215,47.1139],[27.7225,47.1136],[27.72282,47.11332],[27.72296,47.11318],[27.723,47.1131],[27.72299,47.11296],[27.72295,47.11288],[27.72292,47.11282],[27.72277,47.11264],[27.72264,47.11247],[27.72245,47.11226],[27.72232,47.11213],[27.72218,47.11204],[27.72203,47.11196],[27.72173,47.11184],[27.72094,47.11157],[27.72059,47.11143],[27.72026,47.11129],[27.71975,47.11101],[27.71942,47.11082],[27.7191,47.11069],[27.71874,47.11054],[27.71859,47.1105],[27.71844,47.11037],[27.71837,47.11027],[27.71831,47.11001],[27.71833,47.10983],[27.71831,47.10967],[27.71827,47.1095],[27.71821,47.10939],[27.71813,47.10929],[27.71804,47.10917],[27.71775,47.1089],[27.71706,47.10823],[27.71662,47.107775],[27.71618,47.10732],[27.71622,47.10731],[27.71618,47.10732],[27.71662,47.107775],[27.71706,47.10823],[27.71775,47.1089],[27.71804,47.10917],[27.71813,47.10929],[27.71821,47.10939],[27.71827,47.1095],[27.71831,47.10967],[27.71833,47.10983],[27.71831,47.11001],[27.71837,47.11027],[27.71844,47.11037],[27.71859,47.1105],[27.71874,47.11054],[27.7191,47.11069],[27.71942,47.11082],[27.71975,47.11101],[27.72026,47.11129],[27.72059,47.11143],[27.72094,47.11157],[27.72173,47.11184],[27.72203,47.11196],[27.72218,47.11204],[27.72232,47.11213],[27.72245,47.11226],[27.72264,47.11247],[27.72277,47.11264],[27.72292,47.11282],[27.72295,47.11288],[27.72299,47.11296],[27.723,47.11303],[27.72296,47.11318],[27.72282,47.11332],[27.7225,47.1136],[27.72215,47.1139],[27.72209,47.11396],[27.72186,47.11419],[27.72142,47.11457],[27.72115,47.11479],[27.72109,47.11484],[27.72103,47.1149],[27.72074,47.11509],[27.72055,47.11521],[27.72026,47.11536],[27.71989,47.11558],[27.71949,47.11582],[27.71917,47.11599],[27.7189,47.11615],[27.71865,47.11629],[27.71863,47.11631],[27.71855,47.11647],[27.71852,47.11655],[27.71848,47.11672],[27.71862,47.11667],[27.71873,47.11662],[27.7193,47.11637],[27.71987,47.11612],[27.72028,47.11591],[27.7208,47.11571],[27.72134,47.1155],[27.72225,47.11523],[27.72282,47.11502],[27.72366,47.11476],[27.72423,47.11456],[27.72449,47.11448],[27.72488,47.11435],[27.72536,47.11419],[27.72566,47.11409],[27.72592,47.11399],[27.72599,47.11397],[27.72658,47.11375],[27.72677,47.11366],[27.72687,47.11361],[27.72711,47.11348],[27.72769,47.11324],[27.72834,47.11291],[27.7288,47.11268],[27.72933,47.11244],[27.72961,47.11232],[27.72981,47.11225],[27.73041,47.11209],[27.73138,47.11187],[27.7318,47.11178],[27.73232,47.11165],[27.733065,47.111495],[27.73381,47.11134],[27.73407,47.11128],[27.73431,47.11122],[27.73452,47.11115],[27.73466,47.11111],[27.73477,47.11106],[27.73496,47.11097],[27.73509,47.11091],[27.73562,47.11065],[27.73615,47.11042],[27.73673,47.110135],[27.73731,47.10985],[27.73801,47.10951],[27.73813,47.10945],[27.73823,47.10939],[27.73871,47.10905],[27.73923,47.10865],[27.739895,47.10818],[27.74056,47.10771],[27.74088,47.10752],[27.74101,47.10746],[27.74124,47.10736],[27.74139,47.1073],[27.742105,47.107015],[27.74282,47.10673],[27.74346,47.10647],[27.74409,47.10621],[27.7442,47.10616],[27.74429,47.10612],[27.74486,47.10575],[27.74555,47.10532],[27.74604,47.10498],[27.74647,47.10469],[27.74653,47.10465],[27.74739,47.10406],[27.74747,47.104],[27.74814,47.10357],[27.7485,47.10334],[27.74861,47.10328],[27.7487,47.10324],[27.74899,47.10316],[27.74922,47.1031],[27.74991,47.10299],[27.75072,47.10285],[27.75091,47.10282],[27.75121,47.1028],[27.75156,47.10278],[27.75178,47.10279],[27.75218,47.10281],[27.75279,47.1029],[27.75372,47.10304],[27.75465,47.10318],[27.75491,47.10322],[27.75537,47.10329],[27.75652,47.10343],[27.7566,47.10344],[27.75672,47.10346]]},"properties":{"line":"802b","dir":"0","mode":"bus"}},{"type":"Feature","geometry":{"type":"LineString","coordinates":[[27.75729,47.10353],[27.75719,47.10352],[27.75698,47.10349],[27.7568,47.10347],[27.7566,47.10344],[27.75652,47.10343],[27.75537,47.10329],[27.75491,47.10322],[27.75465,47.10318],[27.75372,47.10304],[27.75279,47.1029],[27.75218,47.10281],[27.75192,47.10279],[27.75156,47.10278],[27.75121,47.1028],[27.75091,47.10282],[27.75072,47.10285],[27.74991,47.10299],[27.74922,47.1031],[27.74899,47.10316],[27.7487,47.10324],[27.74861,47.10328],[27.7485,47.10334],[27.74814,47.10357],[27.74747,47.104],[27.74739,47.10406],[27.74647,47.10469],[27.74604,47.10498],[27.74564,47.10523],[27.74525,47.10547],[27.74486,47.10575],[27.74429,47.10612],[27.7442,47.10616],[27.74409,47.10621],[27.74346,47.10647],[27.74282,47.10673],[27.742105,47.107015],[27.74139,47.1073],[27.74124,47.10736],[27.74101,47.10746],[27.74088,47.10752],[27.74056,47.10771],[27.739895,47.10818],[27.73923,47.10865],[27.73871,47.10905],[27.73823,47.10939],[27.73813,47.10945],[27.73801,47.10951],[27.73731,47.10985],[27.73673,47.110135],[27.73615,47.11042],[27.73562,47.11065],[27.73509,47.11091],[27.73466,47.11111],[27.73463,47.11112],[27.73452,47.11115],[27.73431,47.11122],[27.73381,47.11134],[27.733065,47.111495],[27.73232,47.11165],[27.7318,47.11178],[27.73138,47.11187],[27.73041,47.11209],[27.72981,47.11225],[27.72961,47.11232],[27.72933,47.11244],[27.7288,47.11268],[27.72834,47.11291],[27.72769,47.11324],[27.72711,47.11348],[27.72687,47.11361],[27.72677,47.11366],[27.72658,47.11375],[27.72599,47.11397],[27.72592,47.11399],[27.72566,47.11409],[27.72536,47.11419],[27.72488,47.11435],[27.72423,47.11456],[27.72366,47.11476],[27.72282,47.11502],[27.72225,47.11523],[27.72134,47.1155],[27.7208,47.11571],[27.72028,47.11591],[27.71987,47.11612],[27.7193,47.11637],[27.71873,47.11662],[27.71862,47.11667],[27.71848,47.11672],[27.71852,47.11655],[27.71855,47.11647],[27.71863,47.11632],[27.71865,47.11629],[27.7189,47.11615],[27.71917,47.11599],[27.71949,47.11582],[27.71989,47.11558],[27.72026,47.11536],[27.72055,47.11521],[27.72074,47.11509],[27.72103,47.1149],[27.72109,47.11484],[27.72115,47.11479],[27.72142,47.11457],[27.72186,47.11419],[27.72209,47.11396],[27.72215,47.1139],[27.7225,47.1136],[27.72282,47.11332],[27.72296,47.11318],[27.723,47.1131],[27.72299,47.11296],[27.72295,47.11288],[27.72292,47.11282],[27.72277,47.11264],[27.72264,47.11247],[27.72245,47.11226],[27.72232,47.11213],[27.72218,47.11204],[27.72203,47.11196],[27.72173,47.11184],[27.72094,47.11157],[27.72059,47.11143],[27.72026,47.11129],[27.71942,47.11082],[27.71874,47.11054],[27.71859,47.1105],[27.71844,47.11037],[27.71837,47.11027],[27.71831,47.11001],[27.71833,47.10983],[27.71831,47.10967],[27.71827,47.1095],[27.71821,47.10939],[27.71813,47.10929],[27.71804,47.10917],[27.71775,47.1089],[27.71706,47.10823],[27.71662,47.107775],[27.71618,47.10732],[27.71622,47.10731],[27.71618,47.10732],[27.71662,47.107775],[27.71706,47.10823],[27.71775,47.1089],[27.71804,47.10917],[27.71813,47.10929],[27.71821,47.10939],[27.71827,47.1095],[27.71831,47.10967],[27.71833,47.10983],[27.71831,47.11001],[27.71837,47.11027],[27.71844,47.11037],[27.71859,47.1105],[27.71874,47.11054],[27.71942,47.11082],[27.72026,47.11129],[27.72059,47.11143],[27.72094,47.11157],[27.72173,47.11184],[27.72203,47.11196],[27.72218,47.11204],[27.72232,47.11213],[27.72245,47.11226],[27.72264,47.11247],[27.72277,47.11264],[27.72292,47.11282],[27.72295,47.11288],[27.72299,47.11296],[27.723,47.11303],[27.72296,47.11318],[27.72282,47.11332],[27.7225,47.1136],[27.72215,47.1139],[27.72209,47.11396],[27.72186,47.11419],[27.72142,47.11457],[27.72115,47.11479],[27.72109,47.11484],[27.72103,47.1149],[27.72074,47.11509],[27.72055,47.11521],[27.72026,47.11536],[27.71989,47.11558],[27.71949,47.11582],[27.71917,47.11599],[27.7189,47.11615],[27.71865,47.11629],[27.71863,47.11631],[27.71855,47.11647],[27.71852,47.11655],[27.71848,47.11672],[27.71822,47.11683],[27.71752,47.11703],[27.71676,47.11725],[27.71594,47.1175],[27.71507,47.11777],[27.71417,47.11808],[27.71346,47.11835],[27.71289,47.11855],[27.71219,47.118835],[27.71149,47.11912],[27.71101,47.11933],[27.71071,47.11943],[27.71034,47.11959],[27.71028,47.11962],[27.7099,47.11976],[27.70929,47.12],[27.70851,47.12031],[27.7078,47.12063],[27.7074,47.12085],[27.70687,47.12116],[27.70662,47.12138],[27.70595,47.12205],[27.70567,47.12233],[27.70502,47.12287],[27.70473,47.12312],[27.70464,47.12324],[27.70451,47.1234],[27.7044,47.12364],[27.70428,47.12394],[27.70415,47.12421],[27.70396,47.12454],[27.70374,47.1248],[27.70353,47.12499],[27.70348,47.12502],[27.70324,47.12521],[27.70305,47.12532],[27.70281,47.12544],[27.70228,47.12562],[27.70183,47.12575],[27.70146,47.12589],[27.7013,47.12598],[27.70111,47.12611],[27.70091,47.12633],[27.70061,47.1267],[27.70034,47.12708],[27.70004,47.12753],[27.69972,47.12809],[27.69935,47.12879],[27.69891,47.12951],[27.69857,47.13017],[27.69842,47.13038],[27.69832,47.13049],[27.69814,47.13065],[27.69804,47.13071],[27.698,47.13074],[27.69786,47.13082],[27.6975,47.13094],[27.6969,47.13109],[27.6963,47.13125],[27.69473,47.131625],[27.69316,47.132],[27.693,47.13204],[27.6928,47.13209],[27.69216,47.13225],[27.69102,47.13253],[27.68988,47.13281],[27.68921,47.13297],[27.68874,47.13309],[27.68852,47.13315],[27.6875,47.1334],[27.68648,47.13365],[27.68546,47.13388],[27.68455,47.13411],[27.68364,47.13434],[27.68338,47.1344],[27.68221,47.13468],[27.681025,47.13484],[27.67984,47.135],[27.67871,47.13513],[27.67793,47.13524],[27.67715,47.13535],[27.67614,47.13548],[27.675445,47.13557],[27.67475,47.13566],[27.67463,47.13567],[27.67427,47.13572],[27.67367,47.13586],[27.67335,47.13595],[27.67295,47.13608],[27.67219,47.13639],[27.671485,47.136695],[27.67078,47.137],[27.66978,47.13744],[27.668815,47.137815],[27.66785,47.13819],[27.66714,47.138465],[27.66643,47.13874],[27.66641,47.13875],[27.6664,47.13876],[27.66615,47.13885],[27.663825,47.13976],[27.6615,47.14067],[27.66085,47.14092],[27.66076,47.14096],[27.6603,47.14113],[27.6601,47.14121],[27.659335,47.141505],[27.65857,47.1418],[27.657685,47.142145],[27.6568,47.14249],[27.65573,47.14291],[27.65566,47.14293],[27.65472,47.14324],[27.6539,47.1434],[27.65331,47.14347],[27.65317,47.14349],[27.6521,47.1435],[27.65131,47.14351],[27.65005,47.1435],[27.649095,47.143495],[27.64814,47.14349],[27.64781,47.14348],[27.64708,47.14352],[27.64633,47.143505],[27.64558,47.14349],[27.644675,47.143475],[27.64377,47.14346],[27.64246,47.14345],[27.64198,47.14344],[27.64105,47.14343],[27.64012,47.14342],[27.63944,47.14341],[27.63849,47.1434],[27.63749,47.14339],[27.63649,47.14338],[27.63622,47.1434],[27.63549,47.14343],[27.63511,47.14348],[27.63427,47.1436],[27.633045,47.14377],[27.63182,47.14394],[27.631075,47.14405],[27.63033,47.14416],[27.628675,47.144395],[27.62702,47.14463],[27.62619,47.14475],[27.62526,47.14488],[27.624435,47.144995],[27.62361,47.14511],[27.62347,47.14513],[27.62235,47.14529],[27.62151,47.14541],[27.62073,47.14551],[27.61962,47.14567],[27.61938,47.1457],[27.61906,47.14575],[27.618375,47.145845],[27.61769,47.14594],[27.61753,47.14597],[27.61717,47.14602],[27.61633,47.14614],[27.61606,47.14617],[27.61498,47.146325],[27.6139,47.14648],[27.61367,47.14651],[27.612585,47.146665],[27.6115,47.14682],[27.61086,47.14691],[27.61075,47.14693],[27.61051,47.14696],[27.61037,47.14698],[27.61009,47.14702],[27.60985,47.14705],[27.60978,47.14702],[27.60974,47.14698],[27.60973,47.14697],[27.60972,47.14695],[27.6097,47.1469],[27.60961,47.14656],[27.60956,47.14642],[27.60947,47.1463],[27.6093,47.14622],[27.60918,47.14616],[27.60899,47.14607],[27.6086,47.14588],[27.60798,47.145575],[27.60736,47.14527],[27.60734,47.14526],[27.60723,47.14521],[27.60706,47.14513],[27.60689,47.14505],[27.60639,47.14481],[27.60595,47.1446],[27.6056,47.14444],[27.60502,47.14416],[27.6046,47.14396],[27.60367,47.14352],[27.60361,47.14349],[27.60333,47.14336],[27.60284,47.14314],[27.60259,47.14302],[27.60216,47.14281],[27.60166,47.14257],[27.60109,47.1423],[27.60052,47.14203],[27.60039,47.14197],[27.60004,47.14181],[27.59978,47.14168],[27.59961,47.1418],[27.59933,47.14198],[27.59928,47.14201],[27.59919,47.14208],[27.59913,47.14211],[27.59899,47.14221],[27.59881,47.14233],[27.597695,47.14309],[27.59658,47.14385],[27.59649,47.14391],[27.59598,47.14428],[27.59547,47.14465],[27.5947,47.14524],[27.5946,47.14531],[27.59452,47.14537],[27.59428,47.14562],[27.59419,47.14572],[27.59413,47.14581],[27.59415,47.14586],[27.59413,47.14591],[27.59409,47.14595],[27.59405,47.14596],[27.59402,47.14597],[27.59398,47.14598],[27.59384,47.14603],[27.59356,47.1462],[27.59346,47.14626],[27.59296,47.14671],[27.59288,47.14678],[27.59209,47.14746],[27.59176,47.14772],[27.59131,47.14808],[27.59081,47.14848],[27.59026,47.14893],[27.5901,47.14905],[27.59006,47.14908],[27.58942,47.14959],[27.58915,47.14981],[27.589,47.14993],[27.58879,47.15009],[27.58865,47.15021],[27.58856,47.15028]]},"properties":{"line":"802b","dir":"1","mode":"bus"}},{"type":"Feature","geometry":{"type":"LineString","coordinates":[[27.64349,47.14337],[27.64425,47.14338],[27.64566,47.1434],[27.64707,47.14342],[27.64736,47.14348],[27.64806,47.14349],[27.64843,47.1435],[27.64963,47.143505],[27.65083,47.14351],[27.6521,47.1435],[27.65317,47.14349],[27.65331,47.14347],[27.6539,47.1434],[27.65472,47.14324],[27.65566,47.14293],[27.65573,47.14291],[27.6568,47.14249],[27.65757,47.14219],[27.65834,47.14189],[27.65922,47.14155],[27.6601,47.14121],[27.6603,47.14113],[27.66076,47.14096],[27.66085,47.14092],[27.6615,47.14067],[27.663825,47.13976],[27.66615,47.13885],[27.6664,47.13876],[27.66641,47.13875],[27.66643,47.13874],[27.66702,47.13851],[27.6684,47.137975],[27.66978,47.13744],[27.67078,47.137],[27.671485,47.136695],[27.67219,47.13639],[27.67295,47.13608],[27.67333,47.13596],[27.67335,47.13595],[27.67367,47.13586],[27.67427,47.13572],[27.67475,47.13566],[27.675445,47.13557],[27.67614,47.13548],[27.67715,47.13535],[27.67793,47.13524],[27.67871,47.13513],[27.67984,47.135],[27.681025,47.13484],[27.68221,47.13468],[27.682925,47.13451],[27.68364,47.13434],[27.68455,47.13411],[27.68546,47.13388],[27.68648,47.13365],[27.6875,47.1334],[27.68852,47.13315],[27.68874,47.13309],[27.68921,47.13297],[27.68988,47.13281],[27.69102,47.13253],[27.69216,47.13225],[27.6928,47.13209],[27.69316,47.132],[27.69473,47.131625],[27.6963,47.13125],[27.6969,47.13109],[27.6975,47.13094],[27.69786,47.13082],[27.698,47.13074],[27.69814,47.13065],[27.69821,47.13059],[27.69814,47.13065],[27.69826,47.13067],[27.6984,47.13069],[27.69854,47.13068],[27.69882,47.13062],[27.69939,47.13047],[27.69981,47.13038],[27.70003,47.13035],[27.70032,47.13031],[27.70062,47.13028],[27.70136,47.13024],[27.70226,47.13016],[27.703015,47.13013],[27.70377,47.1301],[27.70463,47.130045],[27.70549,47.12999],[27.70569,47.12997],[27.70624,47.12993],[27.70708,47.12988],[27.70718,47.12987],[27.70785,47.12983],[27.70852,47.12979],[27.70912,47.12975],[27.70957,47.12972],[27.71031,47.129685],[27.71105,47.12965],[27.71113,47.1295],[27.71226,47.12944],[27.71231,47.12946],[27.7124,47.12949],[27.71246,47.12956],[27.71304,47.1295],[27.713985,47.12945],[27.71493,47.1294],[27.71575,47.12935],[27.71669,47.12929],[27.718,47.1292],[27.719055,47.129135],[27.72011,47.12907],[27.72124,47.129],[27.721965,47.128965],[27.72269,47.12893],[27.72379,47.12886],[27.72466,47.12883],[27.72575,47.12878],[27.72654,47.12872],[27.72681,47.12871],[27.72758,47.12872],[27.72835,47.12873],[27.72896,47.12879],[27.72926,47.12884],[27.72978,47.12894],[27.72999,47.12895],[27.73073,47.1289],[27.7314,47.12882],[27.73183,47.12881],[27.73215,47.1288],[27.73244,47.12881],[27.7327,47.1288],[27.73318,47.12874],[27.73358,47.12867],[27.73423,47.12849],[27.73468,47.12837],[27.73504,47.1283],[27.73587,47.12816],[27.73635,47.12809],[27.7367,47.12806],[27.73702,47.12803],[27.73725,47.12799],[27.73747,47.12794],[27.73761,47.1279],[27.73783,47.12783],[27.73802,47.12776],[27.7381,47.12773],[27.73881,47.1274],[27.73953,47.12709],[27.73982,47.12695],[27.74012,47.12685],[27.74072,47.12671],[27.74131,47.12654],[27.74178,47.12637],[27.74215,47.12627],[27.74241,47.12622],[27.74319,47.12611],[27.74381,47.12601],[27.74413,47.12595],[27.7443,47.12591],[27.74442,47.12587],[27.74461,47.12579],[27.74474,47.12573],[27.74503,47.12553],[27.74531,47.12534],[27.74572,47.1251],[27.74615,47.12488],[27.74707,47.12446],[27.74739,47.12434],[27.74735,47.12421],[27.74739,47.12434],[27.74772,47.12422],[27.74813,47.12409],[27.7484,47.12403],[27.74896,47.12392],[27.74958,47.12382],[27.74996,47.12376],[27.75025,47.12372],[27.75051,47.12367],[27.75067,47.12364],[27.75091,47.12358],[27.75107,47.12352],[27.75131,47.12339],[27.75144,47.12329],[27.75168,47.12313],[27.75206,47.12282],[27.7523,47.12266],[27.75252,47.12254],[27.75304,47.12232],[27.75373,47.12207],[27.75402,47.12196],[27.75423,47.12186],[27.7548,47.12155],[27.75495,47.12148],[27.75574,47.12106],[27.75622,47.1208],[27.75688,47.12047],[27.75713,47.12036],[27.75738,47.12029],[27.75763,47.12024],[27.75787,47.12021],[27.758575,47.120205],[27.75928,47.1202],[27.75967,47.12017],[27.7599,47.12013],[27.76031,47.12008],[27.7609,47.11993],[27.76144,47.11978],[27.76204,47.1196],[27.7628,47.11938],[27.76286,47.11937],[27.76342,47.11921],[27.76361,47.11931],[27.76385,47.11946],[27.76418,47.11966],[27.76443,47.11984],[27.7646,47.11998],[27.76476,47.12011],[27.7655,47.12069],[27.76624,47.12127],[27.7667,47.12157],[27.7671,47.12181],[27.76737,47.12197],[27.76766,47.12216],[27.76798,47.1224],[27.76863,47.1229],[27.76928,47.1234],[27.77024,47.12415],[27.7712,47.1249],[27.77193,47.125465],[27.77266,47.12603],[27.77358,47.12674],[27.7745,47.12745],[27.775145,47.12794],[27.77579,47.12843],[27.7766,47.12906],[27.77728,47.12957],[27.77787,47.130015],[27.77846,47.13046],[27.779245,47.13106],[27.78003,47.13166],[27.7808,47.132265],[27.78157,47.13287],[27.782155,47.133315],[27.78274,47.13376],[27.783385,47.13425],[27.78403,47.13474],[27.7847,47.13524],[27.78521,47.135635],[27.78572,47.13603],[27.78602,47.13625],[27.7867,47.13676],[27.78684,47.13675],[27.787,47.13672],[27.78768,47.1365],[27.78823,47.1363],[27.78853,47.13619],[27.78907,47.136],[27.78954,47.13581],[27.79061,47.13533],[27.79081,47.13523],[27.7911,47.13511],[27.79137,47.13502],[27.79164,47.13495],[27.79186,47.13494],[27.792,47.13493],[27.79233,47.135],[27.79261,47.13507],[27.79273,47.1351],[27.79296,47.13515],[27.79321,47.13519],[27.79383,47.13529],[27.79402,47.13531],[27.79465,47.13535],[27.79487,47.13536],[27.79484,47.13511],[27.79479,47.13471],[27.79478,47.13453],[27.79481,47.13445],[27.79486,47.13437],[27.795,47.13424],[27.79522,47.13408],[27.79531,47.13401],[27.7958,47.1336],[27.79663,47.13295],[27.79687,47.13275],[27.79746,47.13229],[27.79775,47.1321],[27.7981,47.13187],[27.79874,47.13151],[27.79907,47.13136],[27.7998,47.13107],[27.80053,47.13078],[27.80122,47.13049],[27.8019,47.13021],[27.80233,47.13003],[27.80219,47.12986],[27.80212,47.12977],[27.80219,47.12986],[27.80233,47.13003],[27.80269,47.12988],[27.80311,47.12972],[27.80344,47.12963],[27.804055,47.129445],[27.80467,47.12926],[27.805465,47.12903],[27.80626,47.1288],[27.80715,47.12855],[27.80749,47.12846],[27.80783,47.12836],[27.80813,47.12825],[27.80832,47.12818],[27.80851,47.12809],[27.809,47.12784],[27.80964,47.12754],[27.80971,47.12751],[27.80984,47.12745],[27.81059,47.12712],[27.81132,47.12679],[27.812,47.12646],[27.81214,47.12638],[27.81228,47.12644],[27.81234,47.12646],[27.81242,47.12648],[27.81254,47.12651],[27.81272,47.12654],[27.81287,47.12655],[27.81323,47.12653],[27.81352,47.12648],[27.81361,47.12646],[27.81435,47.12633],[27.81454,47.12631],[27.81488,47.12634],[27.81507,47.12639],[27.81528,47.12648],[27.81549,47.12659],[27.81567,47.12671],[27.81583,47.1269],[27.81592,47.12706],[27.81599,47.12722],[27.81603,47.12744],[27.81607,47.12778],[27.81612,47.1286],[27.816135,47.129095],[27.81615,47.12959],[27.81616,47.1297],[27.81618,47.12984],[27.81625,47.13001],[27.81642,47.13032],[27.8165,47.13049],[27.8166,47.13066],[27.81682,47.13094],[27.81703,47.13112],[27.81706,47.13114],[27.81711,47.13118],[27.81736,47.13131],[27.81837,47.13173],[27.81853,47.13179],[27.81866,47.13184],[27.8191,47.132],[27.81924,47.13203],[27.81974,47.13202],[27.82014,47.13199],[27.82034,47.13196],[27.82048,47.13194],[27.82068,47.13189],[27.8208,47.13186],[27.8209,47.13183],[27.821,47.13179],[27.82108,47.13175],[27.82117,47.13168],[27.8212,47.13167],[27.82124,47.13166],[27.82127,47.13164],[27.82131,47.13163],[27.82136,47.1316],[27.82142,47.13157],[27.82156,47.13151],[27.82162,47.13145],[27.82169,47.13137],[27.82177,47.13126],[27.82184,47.13117],[27.82191,47.13112],[27.822,47.13106],[27.8222,47.13093],[27.8224,47.13082],[27.82251,47.13076],[27.82258,47.13073],[27.82271,47.13068],[27.82284,47.13066],[27.82305,47.13063],[27.82328,47.13061],[27.82337,47.1306],[27.82348,47.13057],[27.82362,47.13048],[27.82386,47.13032],[27.8241,47.13014],[27.82424,47.13007],[27.82426,47.12984],[27.824305,47.12929],[27.82435,47.12874],[27.82438,47.128],[27.82439,47.12779],[27.8244,47.12726],[27.82439,47.12722],[27.82432,47.1271],[27.82427,47.12703],[27.82382,47.12665],[27.823005,47.125925],[27.82219,47.1252],[27.82081,47.12397],[27.81943,47.12274],[27.81886,47.12302]]},"properties":{"line":"803","dir":"0","mode":"bus"}},{"type":"Feature","geometry":{"type":"LineString","coordinates":[[27.81886,47.12302],[27.8181,47.12339],[27.81662,47.124145],[27.81514,47.1249],[27.8144,47.12528],[27.81366,47.12566],[27.81292,47.12603],[27.81214,47.12638],[27.812,47.12646],[27.81132,47.12679],[27.81039,47.12721],[27.80984,47.12745],[27.80971,47.12751],[27.80964,47.12754],[27.809,47.12784],[27.80851,47.12809],[27.80832,47.12818],[27.80813,47.12825],[27.80783,47.12836],[27.80749,47.12846],[27.80715,47.12855],[27.80626,47.1288],[27.805465,47.12903],[27.80467,47.12926],[27.804055,47.129445],[27.80344,47.12963],[27.80311,47.12972],[27.80269,47.12988],[27.80233,47.13003],[27.8019,47.13021],[27.801215,47.130495],[27.80053,47.13078],[27.7998,47.13107],[27.79907,47.13136],[27.79874,47.13151],[27.7981,47.13187],[27.79775,47.1321],[27.79746,47.13229],[27.79687,47.13275],[27.79663,47.13295],[27.7958,47.1336],[27.79531,47.13401],[27.79522,47.13408],[27.795,47.13424],[27.79486,47.13437],[27.79481,47.13445],[27.79478,47.13453],[27.79479,47.13471],[27.79484,47.13511],[27.79487,47.13529],[27.79465,47.13535],[27.79402,47.13531],[27.79383,47.13529],[27.79321,47.13519],[27.79296,47.13515],[27.79273,47.1351],[27.79233,47.135],[27.792,47.13493],[27.79186,47.13494],[27.79164,47.13495],[27.79137,47.13502],[27.7911,47.13511],[27.79081,47.13523],[27.79061,47.13533],[27.78954,47.13581],[27.78907,47.136],[27.78853,47.13619],[27.78823,47.1363],[27.78768,47.1365],[27.787,47.13672],[27.78684,47.13675],[27.7867,47.13676],[27.78621,47.136395],[27.78572,47.13603],[27.78521,47.135635],[27.7847,47.13524],[27.78403,47.13474],[27.783385,47.13425],[27.78274,47.13376],[27.782155,47.133315],[27.78157,47.13287],[27.7808,47.132265],[27.78003,47.13166],[27.779245,47.13106],[27.77846,47.13046],[27.77787,47.130015],[27.77728,47.12957],[27.7766,47.12906],[27.77579,47.12843],[27.775145,47.12794],[27.7745,47.12745],[27.77358,47.12674],[27.77266,47.12603],[27.77193,47.125465],[27.7712,47.1249],[27.77024,47.12415],[27.76928,47.1234],[27.76863,47.1229],[27.76798,47.1224],[27.76766,47.12216],[27.76737,47.12197],[27.7671,47.12181],[27.7667,47.12157],[27.76624,47.12127],[27.7655,47.12069],[27.76476,47.12011],[27.7646,47.11998],[27.76443,47.11984],[27.76418,47.11966],[27.76385,47.11946],[27.76361,47.11931],[27.76342,47.11921],[27.76286,47.11937],[27.76204,47.1196],[27.76144,47.11978],[27.7609,47.11993],[27.76031,47.12008],[27.7599,47.12013],[27.75967,47.12017],[27.75928,47.1202],[27.75899,47.12021],[27.75831,47.120225],[27.75763,47.12024],[27.75738,47.12029],[27.75713,47.12036],[27.75688,47.12047],[27.75622,47.1208],[27.75574,47.12106],[27.75495,47.12148],[27.7548,47.12155],[27.75423,47.12186],[27.75402,47.12196],[27.75373,47.12207],[27.75304,47.12232],[27.75252,47.12254],[27.7523,47.12266],[27.75206,47.12282],[27.75168,47.12313],[27.75144,47.12329],[27.75131,47.12339],[27.75107,47.12352],[27.75091,47.12358],[27.75067,47.12364],[27.75051,47.12367],[27.75025,47.12372],[27.74996,47.12376],[27.74958,47.12382],[27.74896,47.12392],[27.7484,47.12403],[27.74813,47.12409],[27.74772,47.12422],[27.74739,47.12434],[27.74707,47.12446],[27.74615,47.12488],[27.74572,47.1251],[27.74531,47.12534],[27.74503,47.12553],[27.74474,47.12573],[27.74461,47.12579],[27.74442,47.12587],[27.7443,47.12591],[27.74413,47.12595],[27.74381,47.12601],[27.74319,47.12611],[27.74241,47.12622],[27.74215,47.12627],[27.74178,47.12637],[27.74131,47.12654],[27.74072,47.12671],[27.74012,47.12685],[27.73982,47.12695],[27.73953,47.12709],[27.73881,47.1274],[27.7381,47.12773],[27.73802,47.12776],[27.73783,47.12783],[27.73761,47.1279],[27.73747,47.12794],[27.73725,47.12799],[27.73702,47.12803],[27.7367,47.12806],[27.73635,47.12809],[27.73587,47.12816],[27.73504,47.1283],[27.73468,47.12837],[27.73423,47.12849],[27.73358,47.12867],[27.73318,47.12874],[27.7327,47.1288],[27.73244,47.12881],[27.73215,47.1288],[27.73183,47.12881],[27.7314,47.12882],[27.73073,47.1289],[27.73014,47.12895],[27.72978,47.12894],[27.72926,47.12884],[27.72896,47.12879],[27.72835,47.12873],[27.72773,47.12871],[27.72654,47.12872],[27.72575,47.12878],[27.72466,47.12883],[27.72379,47.12886],[27.72269,47.12893],[27.721965,47.128965],[27.72124,47.129],[27.72011,47.12907],[27.719055,47.129135],[27.718,47.1292],[27.71669,47.12929],[27.71575,47.12935],[27.71493,47.1294],[27.71479,47.12941],[27.71493,47.1294],[27.71575,47.12935],[27.71669,47.12929],[27.718,47.1292],[27.719055,47.129135],[27.72011,47.12907],[27.72124,47.129],[27.721965,47.128965],[27.72269,47.12893],[27.72379,47.12886],[27.72466,47.12883],[27.72575,47.12878],[27.72654,47.12872],[27.72681,47.12871],[27.72758,47.12872],[27.72835,47.12873],[27.72896,47.12879],[27.72926,47.12884],[27.72978,47.12894],[27.72999,47.12895],[27.73073,47.1289],[27.7314,47.12882],[27.73183,47.12881],[27.73215,47.1288],[27.73244,47.12881],[27.7327,47.1288],[27.73318,47.12874],[27.73358,47.12867],[27.73423,47.12849],[27.73468,47.12837],[27.73504,47.1283],[27.73587,47.12816],[27.73635,47.12809],[27.7367,47.12806],[27.73702,47.12803],[27.73725,47.12799],[27.73747,47.12794],[27.73761,47.1279],[27.73783,47.12783],[27.73802,47.12776],[27.7381,47.12773],[27.73881,47.1274],[27.73953,47.12709],[27.73982,47.12695],[27.74012,47.12685],[27.74072,47.12671],[27.74131,47.12654],[27.74178,47.12637],[27.74215,47.12627],[27.74241,47.12622],[27.74319,47.12611],[27.74381,47.12601],[27.74413,47.12595],[27.7443,47.12591],[27.74442,47.12587],[27.74461,47.12579],[27.74474,47.12573],[27.74503,47.12553],[27.74531,47.12534],[27.74572,47.1251],[27.74615,47.12488],[27.74707,47.12446],[27.74739,47.12434],[27.74772,47.12422],[27.74813,47.12409],[27.7484,47.12403],[27.74896,47.12392],[27.74958,47.12382],[27.74996,47.12376],[27.75025,47.12372],[27.75051,47.12367],[27.75067,47.12364],[27.75091,47.12358],[27.75107,47.12352],[27.75131,47.12339],[27.75144,47.12329],[27.75168,47.12313],[27.75206,47.12282],[27.7523,47.12266],[27.75252,47.12254],[27.75304,47.12232],[27.75373,47.12207],[27.75402,47.12196],[27.75423,47.12186],[27.7548,47.12155],[27.75495,47.12148],[27.75574,47.12106],[27.75622,47.1208],[27.75688,47.12047],[27.75713,47.12036],[27.75738,47.12029],[27.75763,47.12024],[27.75787,47.12021],[27.758575,47.120205],[27.75928,47.1202],[27.75967,47.12017],[27.7599,47.12013],[27.76031,47.12008],[27.7609,47.11993],[27.76144,47.11978],[27.76204,47.1196],[27.76286,47.11937],[27.76342,47.11921],[27.76361,47.11931],[27.76385,47.11946],[27.76418,47.11966],[27.76443,47.11984],[27.7646,47.11998],[27.76476,47.12011],[27.7655,47.12069],[27.76624,47.12127],[27.7667,47.12157],[27.7671,47.12181],[27.76737,47.12197],[27.76766,47.12216],[27.76798,47.1224],[27.76863,47.1229],[27.76928,47.1234],[27.77024,47.12415],[27.7712,47.1249],[27.77193,47.125465],[27.77266,47.12603],[27.77358,47.12674],[27.7745,47.12745],[27.775145,47.12794],[27.77579,47.12843],[27.7766,47.12906],[27.77728,47.12957],[27.77787,47.130015],[27.77846,47.13046],[27.779245,47.13106],[27.78003,47.13166],[27.7808,47.132265],[27.78157,47.13287],[27.782155,47.133315],[27.78274,47.13376],[27.783385,47.13425],[27.78403,47.13474],[27.7847,47.13524],[27.78521,47.135635],[27.78572,47.13603],[27.78621,47.136395],[27.7867,47.13676],[27.78684,47.13675],[27.787,47.13672],[27.78768,47.1365],[27.78823,47.1363],[27.78853,47.13619],[27.78907,47.136],[27.78954,47.13581],[27.79061,47.13533],[27.79081,47.13523],[27.7911,47.13511],[27.79137,47.13502],[27.79164,47.13495],[27.79186,47.13494],[27.792,47.13493],[27.79233,47.135],[27.79273,47.1351],[27.79296,47.13515],[27.79321,47.13519],[27.79383,47.13529],[27.79402,47.13531],[27.79465,47.13535],[27.79487,47.13536],[27.79484,47.13511],[27.79479,47.13471],[27.79478,47.13453],[27.79481,47.13445],[27.79486,47.13437],[27.795,47.13424],[27.79522,47.13408],[27.79531,47.13401],[27.7958,47.1336],[27.79644,47.13311],[27.7958,47.1336],[27.79531,47.13401],[27.79522,47.13408],[27.795,47.13424],[27.79486,47.13437],[27.79481,47.13445],[27.79478,47.13453],[27.79479,47.13471],[27.79484,47.13511],[27.79487,47.13529],[27.79465,47.13535],[27.79402,47.13531],[27.79383,47.13529],[27.79321,47.13519],[27.79296,47.13515],[27.79273,47.1351],[27.79233,47.135],[27.792,47.13493],[27.79186,47.13494],[27.79164,47.13495],[27.79137,47.13502],[27.7911,47.13511],[27.79081,47.13523],[27.79061,47.13533],[27.78954,47.13581],[27.78907,47.136],[27.78853,47.13619],[27.78823,47.1363],[27.78768,47.1365],[27.787,47.13672],[27.78684,47.13675],[27.7867,47.13676],[27.78621,47.136395],[27.78572,47.13603],[27.78564,47.13597],[27.78517,47.135605],[27.7847,47.13524],[27.78403,47.13474],[27.783385,47.13425],[27.78274,47.13376],[27.782155,47.133315],[27.78157,47.13287],[27.7808,47.132265],[27.78003,47.13166],[27.779245,47.13106],[27.77846,47.13046],[27.77787,47.130015],[27.77728,47.12957],[27.7766,47.12906],[27.77579,47.12843],[27.775145,47.12794],[27.7745,47.12745],[27.77358,47.12674],[27.77266,47.12603],[27.77193,47.125465],[27.7712,47.1249],[27.77024,47.12415],[27.76928,47.1234],[27.76863,47.1229],[27.76798,47.1224],[27.76766,47.12216],[27.76737,47.12197],[27.7671,47.12181],[27.7667,47.12157],[27.76624,47.12127],[27.7655,47.12069],[27.76476,47.12011],[27.7646,47.11998],[27.76443,47.11984],[27.76418,47.11966],[27.76385,47.11946],[27.76361,47.11931],[27.76342,47.11921],[27.76286,47.11937],[27.76204,47.1196],[27.76149,47.11977],[27.76144,47.11978],[27.7609,47.11993],[27.76031,47.12008],[27.7599,47.12013],[27.75967,47.12017],[27.75928,47.1202],[27.75899,47.12021],[27.75831,47.120225],[27.75763,47.12024],[27.75738,47.12029],[27.75713,47.12036],[27.75688,47.12047],[27.75622,47.1208],[27.75574,47.12106],[27.75495,47.12148],[27.7548,47.12155],[27.75423,47.12186],[27.75402,47.12196],[27.75373,47.12207],[27.75304,47.12232],[27.75252,47.12254],[27.7523,47.12266],[27.75206,47.12282],[27.75168,47.12313],[27.75144,47.12329],[27.75131,47.12339],[27.75107,47.12352],[27.75091,47.12358],[27.75067,47.12364],[27.75051,47.12367],[27.75025,47.12372],[27.74996,47.12376],[27.74958,47.12382],[27.74896,47.12392],[27.7484,47.12403],[27.74813,47.12409],[27.74772,47.12422],[27.74758,47.12427],[27.74739,47.12434],[27.74707,47.12446],[27.74615,47.12488],[27.74572,47.1251],[27.74531,47.12534],[27.74503,47.12553],[27.74474,47.12573],[27.74461,47.12579],[27.74442,47.12587],[27.7443,47.12591],[27.74413,47.12595],[27.74381,47.12601],[27.74319,47.12611],[27.74241,47.12622],[27.74215,47.12627],[27.74178,47.12637],[27.74131,47.12654],[27.74072,47.12671],[27.74012,47.12685],[27.73982,47.12695],[27.73953,47.12709],[27.73881,47.1274],[27.7381,47.12773],[27.73802,47.12776],[27.73783,47.12783],[27.73761,47.1279],[27.73747,47.12794],[27.73725,47.12799],[27.73702,47.12803],[27.7367,47.12806],[27.73635,47.12809],[27.73587,47.12816],[27.73504,47.1283],[27.73468,47.12837],[27.73423,47.12849],[27.73358,47.12867],[27.73318,47.12874],[27.7327,47.1288],[27.73244,47.12881],[27.73215,47.1288],[27.73183,47.12881],[27.7314,47.12882],[27.73073,47.1289],[27.73014,47.12895],[27.72978,47.12894],[27.72926,47.12884],[27.72896,47.12879],[27.72835,47.12873],[27.72773,47.12871],[27.72654,47.12872],[27.72575,47.12878],[27.72466,47.12883],[27.72379,47.12886],[27.72269,47.12893],[27.721965,47.128965],[27.72124,47.129],[27.72011,47.12907],[27.719055,47.129135],[27.718,47.1292],[27.71669,47.12929],[27.71575,47.12935],[27.71493,47.1294],[27.71481,47.12941],[27.713925,47.129455],[27.71304,47.1295],[27.71246,47.12956],[27.71232,47.12957],[27.71166,47.12962],[27.71105,47.12965],[27.71031,47.129685],[27.70957,47.12972],[27.70912,47.12975],[27.70852,47.12979],[27.70785,47.12983],[27.70718,47.12987],[27.70708,47.12988],[27.70624,47.12993],[27.70569,47.12997],[27.70549,47.12999],[27.70463,47.130045],[27.70377,47.1301],[27.703015,47.13013],[27.70226,47.13016],[27.70136,47.13024],[27.70062,47.13028],[27.70032,47.13031],[27.70003,47.13035],[27.69981,47.13038],[27.69939,47.13047],[27.69882,47.13062],[27.69854,47.13068],[27.6984,47.13069],[27.69826,47.13067],[27.69814,47.13065],[27.69804,47.13071],[27.698,47.13074],[27.69786,47.13082],[27.6975,47.13094],[27.6969,47.13109],[27.6963,47.13125],[27.69473,47.131625],[27.69316,47.132],[27.693,47.13204],[27.6928,47.13209],[27.69216,47.13225],[27.69102,47.13253],[27.68988,47.13281],[27.68921,47.13297],[27.68874,47.13309],[27.68852,47.13315],[27.6875,47.1334],[27.68648,47.13365],[27.68546,47.13388],[27.68455,47.13411],[27.68364,47.13434],[27.682925,47.13451],[27.68221,47.13468],[27.681025,47.13484],[27.67984,47.135],[27.67871,47.13513],[27.67793,47.13524],[27.67715,47.13535],[27.67614,47.13548],[27.675445,47.13557],[27.67475,47.13566],[27.67463,47.13567],[27.67427,47.13572],[27.67367,47.13586],[27.67335,47.13595],[27.67295,47.13608],[27.67219,47.13639],[27.671485,47.136695],[27.67078,47.137],[27.66978,47.13744],[27.668815,47.137815],[27.66785,47.13819],[27.66714,47.138465],[27.66643,47.13874],[27.66641,47.13875],[27.6664,47.13876],[27.66615,47.13885],[27.663825,47.13976],[27.6615,47.14067],[27.66085,47.14092],[27.66076,47.14096],[27.6603,47.14113],[27.6601,47.14121],[27.659335,47.141505],[27.65857,47.1418],[27.657685,47.142145],[27.6568,47.14249],[27.65573,47.14291],[27.65566,47.14293],[27.65472,47.14324],[27.6539,47.1434],[27.65331,47.14347],[27.65317,47.14349],[27.6521,47.1435],[27.65131,47.14351],[27.650165,47.143505],[27.64902,47.1435],[27.64814,47.14349],[27.64781,47.14348],[27.64708,47.14352],[27.64633,47.143505],[27.64558,47.14349],[27.644675,47.143475],[27.64377,47.14346]]},"properties":{"line":"803","dir":"1","mode":"bus"}},{"type":"Feature","geometry":{"type":"LineString","coordinates":[[27.49591,47.17655],[27.49611,47.17651],[27.49652,47.17642],[27.49683,47.17631],[27.49707,47.17616],[27.49718,47.17605],[27.49731,47.17592],[27.4974,47.17584],[27.49752,47.17571],[27.49766,47.17562],[27.49789,47.17557],[27.49829,47.17551],[27.49823,47.17574],[27.49813,47.17596],[27.49769,47.17664],[27.49737,47.17707],[27.49703,47.17746],[27.496515,47.178],[27.496,47.17854],[27.49593,47.17861],[27.4958,47.17892],[27.49652,47.17889],[27.497295,47.17886],[27.49807,47.17883],[27.49935,47.17888],[27.49973,47.17889],[27.49957,47.17967],[27.49958,47.18017],[27.49959,47.18029],[27.49961,47.18058],[27.50044,47.18047],[27.50127,47.18036],[27.50228,47.18022],[27.5024,47.18021],[27.50325,47.18009],[27.50432,47.17998],[27.50532,47.17985],[27.50528,47.18007],[27.5052,47.18059],[27.50512,47.18109],[27.505005,47.18159],[27.50489,47.18209],[27.50474,47.182635],[27.50459,47.18318],[27.5045,47.18344],[27.50437,47.18391],[27.5043,47.18416],[27.50413,47.1848],[27.504,47.18527],[27.50389,47.18579],[27.50478,47.18593],[27.50516,47.18599],[27.50565,47.18607],[27.506405,47.18619],[27.50716,47.18631],[27.50781,47.18641],[27.50817,47.18647],[27.50905,47.18661],[27.50989,47.18669],[27.51062,47.1868],[27.51182,47.186995],[27.51302,47.18719],[27.51354,47.18727],[27.51394,47.18733],[27.51402,47.18686],[27.51404,47.18676],[27.51408,47.18646],[27.51415,47.18601],[27.51425,47.18536],[27.51426,47.1852],[27.51427,47.18516],[27.5143,47.18495],[27.51433,47.18475],[27.51437,47.18443],[27.51509,47.18445],[27.51561,47.18447],[27.51654,47.18451],[27.51662,47.18399],[27.51663,47.18391],[27.51671,47.18347],[27.51672,47.1834],[27.51676,47.18311],[27.51678,47.18299],[27.51687,47.18239],[27.51688,47.18233],[27.51691,47.18211],[27.51704,47.18126],[27.51787,47.18129],[27.5187,47.18132],[27.51875,47.18091],[27.5188,47.18049],[27.51885,47.18003],[27.51892,47.17953],[27.51894,47.17934],[27.51905,47.17854],[27.51908,47.17831],[27.51915,47.17777],[27.51918,47.17754],[27.51921,47.17732],[27.51927,47.17681],[27.5193,47.17654],[27.5194,47.17584],[27.51949,47.17513],[27.51955,47.17491],[27.5197,47.17419],[27.519875,47.173385],[27.52005,47.17258],[27.52006,47.17246],[27.5196,47.17245],[27.51884,47.17244],[27.51809,47.17242],[27.51727,47.17243],[27.5168,47.17245],[27.5164,47.1725],[27.51593,47.17256],[27.51535,47.17263],[27.51493,47.17268],[27.51427,47.17278],[27.51366,47.17286],[27.51272,47.17299],[27.51257,47.17304],[27.5125,47.17307],[27.51246,47.17311],[27.51242,47.17314],[27.51233,47.17317],[27.51224,47.17316],[27.51217,47.17315],[27.51212,47.17312],[27.51207,47.17304],[27.51208,47.17299],[27.51211,47.17295],[27.51214,47.17291],[27.51223,47.17288],[27.51242,47.17289],[27.51276,47.1729],[27.5136,47.1728],[27.51383,47.17277],[27.51404,47.17274],[27.51418,47.17272],[27.51526,47.17257],[27.5164,47.17242],[27.51679,47.17238],[27.51729,47.17235],[27.51805,47.172355],[27.51881,47.17236],[27.51942,47.17238],[27.52019,47.17239],[27.52138,47.17243],[27.52257,47.17247],[27.52313,47.17252],[27.523945,47.172535],[27.52476,47.17255],[27.5258,47.17246],[27.52684,47.17237],[27.528115,47.172315],[27.52939,47.17226],[27.530665,47.172235],[27.53194,47.17221],[27.53253,47.17224],[27.53277,47.17223],[27.53383,47.17222],[27.5343,47.17221],[27.53476,47.1722],[27.53543,47.17221],[27.53575,47.17222],[27.53612,47.17226],[27.53634,47.17231],[27.53651,47.17236],[27.53683,47.17248],[27.53688,47.1725],[27.5372,47.17261],[27.53743,47.17269],[27.53748,47.17271],[27.53768,47.17276],[27.53793,47.17281],[27.53815,47.17285],[27.53857,47.17287],[27.53904,47.17288],[27.53951,47.17289],[27.53998,47.1729],[27.54038,47.17292],[27.54168,47.17305],[27.54186,47.17307],[27.54209,47.17308],[27.54267,47.17311],[27.54327,47.17315],[27.54366,47.17318],[27.54417,47.17321],[27.54447,47.17322],[27.54455,47.17323],[27.54506,47.17326],[27.54521,47.17327],[27.54539,47.17328],[27.54588,47.1733],[27.5461,47.17331],[27.54626,47.17332],[27.54636,47.17333],[27.54715,47.17336],[27.54822,47.17342],[27.54895,47.17344],[27.54923,47.17345],[27.54962,47.17347],[27.55008,47.17349],[27.55032,47.17351],[27.5508,47.17352],[27.55151,47.17351],[27.55165,47.17349],[27.55179,47.17347],[27.55206,47.17342],[27.55231,47.17338],[27.55249,47.17334],[27.55272,47.17329],[27.55278,47.17328],[27.55334,47.17317],[27.55351,47.17313],[27.55375,47.17308],[27.5542,47.17299],[27.55463,47.1729],[27.55543,47.17274],[27.55601,47.17262],[27.55636,47.17255],[27.55648,47.17253],[27.55704,47.17243],[27.55723,47.17239],[27.55755,47.17233],[27.55775,47.17229],[27.558,47.17224],[27.55841,47.17215],[27.55892,47.17204],[27.55906,47.17201],[27.55931,47.17193],[27.55966,47.1718],[27.56003,47.17164],[27.56018,47.17157],[27.56058,47.17139],[27.56069,47.17134],[27.56079,47.17129],[27.56116,47.17112],[27.56138,47.17102],[27.56143,47.171],[27.56205,47.17071],[27.56246,47.17052],[27.563145,47.170205],[27.56383,47.16989],[27.56445,47.16957],[27.5645,47.16955],[27.56486,47.16936],[27.56527,47.16914],[27.565855,47.168835],[27.56644,47.16853],[27.56655,47.16847],[27.56739,47.16802],[27.56771,47.16786],[27.56783,47.1678],[27.56794,47.16773],[27.56809,47.16766],[27.56811,47.16768],[27.56819,47.16777],[27.56825,47.16784],[27.56838,47.16798],[27.56867,47.1683],[27.56879,47.16844],[27.56882,47.1685],[27.56884,47.16859],[27.56885,47.16862],[27.56909,47.16892],[27.5692,47.16906],[27.56923,47.1691],[27.56937,47.16927],[27.56965,47.16917],[27.56972,47.16914],[27.57035,47.1689],[27.57085,47.16871],[27.57182,47.16833],[27.57229,47.16814],[27.5724,47.1681],[27.57294,47.16789],[27.57349,47.16768],[27.57378,47.16756],[27.57381,47.16755],[27.57395,47.1675],[27.57434,47.16735],[27.57422,47.16733],[27.57407,47.16729],[27.57404,47.16728],[27.57386,47.16722],[27.57322,47.16696],[27.57258,47.1667],[27.57244,47.16664],[27.5719,47.16642],[27.57169,47.16634],[27.57162,47.16631],[27.57146,47.16625],[27.57131,47.16619],[27.57107,47.16611],[27.57099,47.16617],[27.57092,47.16622],[27.57073,47.16634],[27.57069,47.16636],[27.57043,47.16651],[27.57004,47.16671],[27.56996,47.16675],[27.56976,47.16679],[27.56971,47.1668],[27.56946,47.16693],[27.56871,47.16733]]},"properties":{"line":"901","dir":"0","mode":"bus"}},{"type":"Feature","geometry":{"type":"LineString","coordinates":[[27.56871,47.16733],[27.56864,47.16737],[27.56853,47.16743],[27.56839,47.1675],[27.56828,47.16756],[27.56809,47.16766],[27.56794,47.16773],[27.56783,47.1678],[27.56739,47.16802],[27.56655,47.16847],[27.56644,47.16853],[27.565855,47.168835],[27.56527,47.16914],[27.56486,47.16936],[27.5645,47.16955],[27.56445,47.16957],[27.56383,47.16989],[27.563145,47.170205],[27.56246,47.17052],[27.56205,47.17071],[27.56138,47.17102],[27.56116,47.17112],[27.56079,47.17129],[27.56069,47.17134],[27.56058,47.17139],[27.56018,47.17157],[27.56003,47.17164],[27.55966,47.1718],[27.55931,47.17193],[27.55906,47.17201],[27.55892,47.17204],[27.55841,47.17215],[27.558,47.17224],[27.55775,47.17229],[27.55755,47.17233],[27.55723,47.17239],[27.55704,47.17243],[27.55648,47.17253],[27.55636,47.17255],[27.55601,47.17262],[27.55543,47.17274],[27.55463,47.1729],[27.5542,47.17299],[27.55375,47.17308],[27.55351,47.17313],[27.55334,47.17317],[27.553,47.17323],[27.55278,47.17328],[27.55272,47.17329],[27.55269,47.17332],[27.55262,47.17341],[27.55231,47.17347],[27.5521,47.17351],[27.55202,47.17352],[27.55184,47.17348],[27.55179,47.17347],[27.55165,47.17349],[27.55151,47.17351],[27.55128,47.17352],[27.55051,47.17351],[27.54962,47.17347],[27.54923,47.17345],[27.54895,47.17344],[27.54822,47.17342],[27.54715,47.17336],[27.54636,47.17333],[27.54626,47.17332],[27.5461,47.17331],[27.54588,47.1733],[27.54539,47.17328],[27.54521,47.17327],[27.54506,47.17326],[27.54463,47.17323],[27.54447,47.17322],[27.54417,47.17321],[27.54366,47.17318],[27.54327,47.17315],[27.54267,47.17311],[27.54209,47.17308],[27.54186,47.17307],[27.54168,47.17305],[27.54038,47.17292],[27.53998,47.1729],[27.53969,47.17289],[27.53916,47.17288],[27.53857,47.17287],[27.53815,47.17285],[27.53793,47.17281],[27.53768,47.17276],[27.53748,47.17271],[27.53743,47.17269],[27.5372,47.17261],[27.53696,47.17252],[27.53688,47.1725],[27.53651,47.17236],[27.53634,47.17231],[27.53612,47.17226],[27.53575,47.17222],[27.53543,47.17221],[27.53513,47.1722],[27.5343,47.17221],[27.53383,47.17222],[27.53353,47.17223],[27.53253,47.17224],[27.53197,47.17229],[27.53117,47.17232],[27.53082,47.17235],[27.53056,47.17238],[27.53034,47.17244],[27.52959,47.17279],[27.52932,47.17286],[27.52904,47.17289],[27.52851,47.17286],[27.52788,47.17277],[27.52687,47.17265],[27.52645,47.17257],[27.525605,47.17256],[27.52476,47.17255],[27.523945,47.172535],[27.52313,47.17252],[27.52258,47.17254],[27.52246,47.17253],[27.52126,47.172495],[27.52006,47.17246],[27.52005,47.17258],[27.519875,47.173385],[27.5197,47.17419],[27.51955,47.17491],[27.51949,47.17513],[27.5194,47.17584],[27.5193,47.17654],[27.51927,47.17681],[27.51921,47.17732],[27.51915,47.17777],[27.51914,47.17784],[27.51908,47.17831],[27.51905,47.17854],[27.51894,47.17934],[27.51892,47.17953],[27.51885,47.18003],[27.5188,47.18049],[27.51875,47.18091],[27.5187,47.18132],[27.51787,47.18129],[27.51704,47.18126],[27.51697,47.18173],[27.5169,47.1822],[27.51688,47.18233],[27.51687,47.18239],[27.51678,47.18299],[27.51676,47.18311],[27.51672,47.1834],[27.51671,47.18347],[27.51663,47.18391],[27.51662,47.18399],[27.51654,47.18451],[27.5157,47.18447],[27.51539,47.18446],[27.51509,47.18445],[27.51437,47.18443],[27.51433,47.18471],[27.5143,47.18495],[27.51427,47.18513],[27.51426,47.1852],[27.51425,47.18536],[27.51415,47.18601],[27.51408,47.18646],[27.51404,47.18676],[27.51402,47.18686],[27.51394,47.18733],[27.51354,47.18727],[27.51302,47.18719],[27.51182,47.186995],[27.51062,47.1868],[27.50989,47.18669],[27.50905,47.18661],[27.50817,47.18647],[27.50781,47.18641],[27.50716,47.18631],[27.506405,47.18619],[27.50565,47.18607],[27.50478,47.18593],[27.50459,47.1859],[27.50389,47.18579],[27.504,47.18527],[27.50413,47.1848],[27.5043,47.18416],[27.50437,47.18391],[27.5045,47.18344],[27.50459,47.18318],[27.50472,47.182715],[27.50485,47.18225],[27.50489,47.18209],[27.50416,47.18211],[27.50331,47.18218],[27.50233,47.18225],[27.50159,47.18233],[27.50068,47.18246],[27.49977,47.18259],[27.49973,47.1824],[27.49968,47.18164],[27.499645,47.18111],[27.49961,47.18058],[27.49959,47.18031],[27.49958,47.18017],[27.49957,47.17967],[27.49973,47.17889],[27.49923,47.17888],[27.49807,47.17883],[27.497295,47.17886],[27.49652,47.17889],[27.4958,47.17892],[27.49592,47.17863],[27.49593,47.17861],[27.49648,47.178035],[27.49703,47.17746],[27.49737,47.17707],[27.49769,47.17664],[27.49813,47.17596],[27.49823,47.17574],[27.49829,47.17551],[27.49789,47.17557],[27.49766,47.17562],[27.49752,47.17571],[27.4974,47.17584],[27.49731,47.17592],[27.49718,47.17605],[27.49707,47.17616],[27.49683,47.17631],[27.49652,47.17642],[27.49611,47.17651],[27.49591,47.17655]]},"properties":{"line":"901","dir":"1","mode":"bus"}},{"type":"Feature","geometry":{"type":"LineString","coordinates":[[27.48835,47.18037],[27.48837,47.17992],[27.48841,47.17915],[27.488415,47.178685],[27.48842,47.17822],[27.48877,47.17815],[27.48879,47.17814],[27.48994,47.177895],[27.49109,47.17765],[27.49232,47.17737],[27.4925,47.17735],[27.49269,47.17734],[27.49304,47.17733],[27.49323,47.17729],[27.49338,47.17727],[27.49357,47.17803],[27.49376,47.17878],[27.49444,47.17879],[27.49468,47.1788],[27.49491,47.17884],[27.4951,47.17889],[27.49521,47.17894],[27.49532,47.17898],[27.49551,47.17903],[27.49572,47.17909],[27.4958,47.17892],[27.49652,47.17889],[27.497295,47.17886],[27.49807,47.17883],[27.49935,47.17888],[27.49973,47.17889],[27.49957,47.17967],[27.49958,47.18017],[27.49959,47.18029],[27.49961,47.18058],[27.50044,47.18047],[27.50127,47.18036],[27.50228,47.18022],[27.5024,47.18021],[27.50325,47.18009],[27.50432,47.17998],[27.50532,47.17985],[27.50528,47.18007],[27.5052,47.18059],[27.505895,47.18067],[27.50659,47.18075],[27.50787,47.18091],[27.50805,47.18093],[27.50815,47.1802],[27.50819,47.17999],[27.50827,47.17945],[27.50829,47.17931],[27.50833,47.17911],[27.50932,47.17913],[27.51007,47.17914],[27.510115,47.1785],[27.51016,47.17786],[27.51024,47.17713],[27.510885,47.177255],[27.51153,47.17738],[27.51175,47.17742],[27.51208,47.17748],[27.5124,47.17753],[27.51298,47.17762],[27.51351,47.17769],[27.51408,47.17777],[27.51474,47.1778],[27.51554,47.17785],[27.515465,47.17855],[27.51539,47.17925],[27.51529,47.180035],[27.51519,47.18082],[27.51513,47.1812],[27.51616,47.18129],[27.51651,47.18131],[27.51704,47.18133],[27.51692,47.18211],[27.51688,47.18233],[27.51679,47.18293],[27.51676,47.18311],[27.51671,47.18345],[27.5167,47.18351],[27.5161,47.18349],[27.51528,47.18346],[27.51452,47.18343],[27.51355,47.18345],[27.512825,47.183455],[27.5121,47.18346],[27.51109,47.18348],[27.51076,47.18349],[27.510585,47.18414],[27.51041,47.18479],[27.51018,47.18562],[27.510025,47.186185],[27.50987,47.18675],[27.51061,47.18686],[27.51179,47.18704],[27.51297,47.18722],[27.51352,47.18731],[27.51396,47.18739],[27.51474,47.18751],[27.51611,47.18772],[27.51748,47.18793],[27.51791,47.18804],[27.51827,47.18812],[27.51878,47.18825],[27.51948,47.188415],[27.52018,47.18858],[27.52022,47.18859],[27.52032,47.18857],[27.52035,47.18856],[27.52041,47.18852],[27.52094,47.18802],[27.52137,47.18765],[27.52154,47.18751],[27.52184,47.18725],[27.52189,47.18722],[27.52191,47.18719],[27.52209,47.18703],[27.52234,47.1868],[27.52245,47.18668],[27.52261,47.1865],[27.5228,47.18625],[27.52287,47.18613],[27.52315,47.1858],[27.52329,47.1856],[27.52383,47.18485],[27.52386,47.18481],[27.5241,47.18448],[27.52429,47.18421],[27.52482,47.18367],[27.52513,47.18337],[27.52578,47.18275],[27.52618,47.18235],[27.52665,47.18186],[27.52726,47.18122],[27.52763,47.18084],[27.528,47.18046],[27.52818,47.18026],[27.52838,47.18005],[27.52897,47.17945],[27.52952,47.17873],[27.53012,47.17812],[27.53036,47.17781],[27.5304,47.17777],[27.53055,47.17772],[27.53119,47.17784],[27.53141,47.17749],[27.531665,47.177055],[27.53192,47.17662],[27.53204,47.17624],[27.5321,47.17602],[27.53216,47.17552],[27.53217,47.17533],[27.53216,47.17484],[27.53215,47.17455],[27.53218,47.17426],[27.53225,47.17399],[27.53229,47.17387],[27.53257,47.17322],[27.53266,47.17302],[27.5326,47.173],[27.53255,47.17297],[27.53252,47.17293],[27.53251,47.17288],[27.53253,47.17283],[27.53256,47.1728],[27.53259,47.17277],[27.53264,47.17275],[27.5327,47.17274],[27.53276,47.17275],[27.53277,47.17237],[27.53383,47.17226],[27.53471,47.17225],[27.53512,47.17224],[27.53579,47.17225],[27.5361,47.17227],[27.53625,47.1723],[27.53645,47.17237],[27.53677,47.17247],[27.53683,47.17249],[27.5372,47.17263],[27.53739,47.1727],[27.53735,47.17265],[27.53733,47.17256],[27.53734,47.17247],[27.53738,47.1724]]},"properties":{"line":"902","dir":"0","mode":"bus"}},{"type":"Feature","geometry":{"type":"LineString","coordinates":[[27.53783,47.17232],[27.53789,47.17234],[27.53794,47.17242],[27.53795,47.17251],[27.53794,47.17261],[27.53793,47.17268],[27.53794,47.17273],[27.53797,47.17277],[27.53803,47.17282],[27.53814,47.17288],[27.53857,47.17289],[27.53904,47.1729],[27.53916,47.17291],[27.53931,47.17292],[27.53952,47.17293],[27.5395,47.17319],[27.53946,47.17336],[27.53938,47.17359],[27.53932,47.17372],[27.53909,47.17369],[27.53885,47.17365],[27.53881,47.17364],[27.53808,47.17356],[27.53771,47.1735],[27.53739,47.17346],[27.53675,47.17338],[27.53659,47.17336],[27.53643,47.17334],[27.53611,47.1733],[27.53585,47.17327],[27.53549,47.17322],[27.53452,47.17311],[27.53429,47.1731],[27.53415,47.17309],[27.53372,47.17304],[27.53318,47.17299],[27.53286,47.17298],[27.53285,47.17299],[27.53279,47.17301],[27.53272,47.17302],[27.53257,47.17322],[27.53229,47.17387],[27.53225,47.17399],[27.53218,47.17426],[27.53215,47.1744],[27.53216,47.17474],[27.53217,47.17533],[27.53216,47.17552],[27.5321,47.17602],[27.53204,47.17624],[27.53192,47.17662],[27.531665,47.177055],[27.53141,47.17749],[27.53119,47.17784],[27.53077,47.17772],[27.5304,47.17777],[27.53012,47.17812],[27.5298,47.17845],[27.52952,47.17873],[27.52897,47.17945],[27.528575,47.179855],[27.52818,47.18026],[27.528,47.18046],[27.52797,47.18049],[27.52726,47.18122],[27.52665,47.18186],[27.52618,47.18235],[27.52578,47.18275],[27.52513,47.18337],[27.52482,47.18367],[27.52429,47.18421],[27.5241,47.18448],[27.52383,47.18485],[27.52362,47.18514],[27.52329,47.1856],[27.52315,47.1858],[27.52287,47.18613],[27.5228,47.18625],[27.52261,47.1865],[27.52245,47.18668],[27.52234,47.1868],[27.52209,47.18703],[27.522,47.18711],[27.52191,47.18719],[27.52189,47.18722],[27.52154,47.18751],[27.52137,47.18765],[27.52094,47.18802],[27.52041,47.18852],[27.52035,47.18856],[27.52032,47.18857],[27.52028,47.18859],[27.52018,47.18858],[27.51948,47.188415],[27.51878,47.18825],[27.51827,47.18812],[27.51748,47.18793],[27.51692,47.18784],[27.51583,47.187675],[27.51474,47.18751],[27.51396,47.18739],[27.51405,47.18681],[27.51409,47.1865],[27.51416,47.18605],[27.51425,47.18536],[27.51426,47.18524],[27.51427,47.18516],[27.5143,47.18495],[27.51433,47.18475],[27.51436,47.18454],[27.51437,47.18446],[27.51501,47.18449],[27.51539,47.1845],[27.51569,47.18451],[27.51654,47.18455],[27.51662,47.18403],[27.51663,47.18395],[27.5167,47.18351],[27.51671,47.18345],[27.51676,47.18311],[27.51679,47.18293],[27.51688,47.18233],[27.5169,47.1822],[27.51704,47.18133],[27.51651,47.18131],[27.51616,47.18129],[27.51513,47.1812],[27.51519,47.18082],[27.51528,47.18011],[27.51537,47.1794],[27.51539,47.17925],[27.51468,47.17924],[27.51386,47.1792],[27.51331,47.17917],[27.51218,47.17916],[27.51135,47.17915],[27.51048,47.17914],[27.50932,47.17913],[27.50833,47.17911],[27.50836,47.17888],[27.508445,47.17831],[27.50853,47.17774],[27.50852,47.17768],[27.50849,47.17766],[27.50841,47.17764],[27.50781,47.17762],[27.50682,47.17755],[27.50572,47.17745],[27.50563,47.17799],[27.50558,47.17825],[27.50554,47.17845],[27.50541,47.17924],[27.50532,47.17985],[27.50528,47.18007],[27.5052,47.18059],[27.50512,47.18109],[27.50501,47.181575],[27.5049,47.18206],[27.50489,47.18209],[27.50416,47.18211],[27.50331,47.18218],[27.50233,47.18225],[27.50159,47.18233],[27.50068,47.18246],[27.49977,47.18259],[27.49973,47.1824],[27.49968,47.18164],[27.499645,47.18111],[27.49961,47.18058],[27.49959,47.18031],[27.49958,47.18017],[27.49957,47.17967],[27.49973,47.17889],[27.49923,47.17888],[27.49807,47.17883],[27.497295,47.17886],[27.49652,47.17889],[27.4958,47.17892],[27.49572,47.17909],[27.49532,47.17898],[27.49521,47.17894],[27.4951,47.17889],[27.49495,47.17886],[27.49491,47.17884],[27.49468,47.1788],[27.49444,47.17879],[27.49376,47.17878],[27.49364,47.17897],[27.49355,47.17906],[27.49339,47.17924],[27.49328,47.17938],[27.49237,47.17953],[27.49146,47.17968],[27.49078,47.17979],[27.49028,47.17989],[27.49008,47.17995],[27.48979,47.18004],[27.489085,47.18019],[27.48838,47.18034]]},"properties":{"line":"902","dir":"1","mode":"bus"}},{"type":"Feature","geometry":{"type":"LineString","coordinates":[[27.55863,47.19052],[27.55869,47.19049],[27.55874,47.19046],[27.55879,47.19045],[27.55899,47.19033],[27.55914,47.19024],[27.55919,47.1902],[27.55925,47.19016],[27.55961,47.18974],[27.55997,47.18932],[27.560305,47.18892],[27.56064,47.18852],[27.56095,47.18817],[27.5611,47.18809],[27.56123,47.188],[27.56133,47.18789],[27.56141,47.18777],[27.56147,47.18764],[27.5615,47.18751],[27.56194,47.18699],[27.56238,47.18647],[27.56258,47.18624],[27.56273,47.18607],[27.56283,47.18595],[27.56329,47.18538],[27.56387,47.1847],[27.56396,47.1846],[27.56416,47.18438],[27.5642,47.18434],[27.56435,47.18417],[27.56452,47.18397],[27.56476,47.1837],[27.56494,47.18348],[27.56511,47.18327],[27.56522,47.18314],[27.56581,47.18242],[27.56619,47.18198],[27.56657,47.18154],[27.56661,47.1815],[27.5667,47.18138],[27.56683,47.18124],[27.56692,47.18112],[27.56705,47.18097],[27.56707,47.18094],[27.56712,47.18089],[27.56727,47.18071],[27.56739,47.18057],[27.56751,47.18043],[27.56757,47.18036],[27.56763,47.18029],[27.56803,47.1798],[27.56851,47.17923],[27.56862,47.1791],[27.56867,47.17904],[27.56918,47.178425],[27.56969,47.17781],[27.57027,47.1771],[27.57058,47.17675],[27.57115,47.17605],[27.57121,47.17598],[27.57132,47.17584],[27.57139,47.17576],[27.57141,47.17574],[27.57151,47.17562],[27.57157,47.17555],[27.57161,47.1755],[27.57171,47.17538],[27.572,47.17506],[27.57207,47.17497],[27.57225,47.17476],[27.57228,47.17473],[27.57248,47.1745],[27.57255,47.17442],[27.5726,47.17436],[27.57285,47.17406],[27.57295,47.17395],[27.57316,47.17371],[27.57331,47.17353],[27.57351,47.17329],[27.57397,47.172725],[27.57443,47.17216],[27.57508,47.17141],[27.57535,47.17109],[27.57542,47.171],[27.5756,47.17067],[27.57604,47.17012],[27.57614,47.16993],[27.57634,47.16971],[27.57635,47.16965],[27.57637,47.16958],[27.5764,47.16954],[27.57644,47.1695],[27.57664,47.16912],[27.57668,47.16902],[27.57674,47.16887],[27.5768,47.1687],[27.57695,47.1684],[27.57699,47.16832],[27.57704,47.16811],[27.57705,47.16807],[27.57706,47.16804],[27.57708,47.16792],[27.57709,47.16784],[27.57714,47.16758],[27.57719,47.16736],[27.57727,47.16711],[27.57732,47.16703],[27.57748,47.16676],[27.57756,47.1666],[27.57752,47.16644],[27.57851,47.16618],[27.57913,47.16601],[27.57939,47.16594],[27.57987,47.16581],[27.5804,47.16567],[27.58074,47.16557],[27.58077,47.16556],[27.58097,47.16551],[27.58143,47.16538],[27.58175,47.16529],[27.582365,47.16511],[27.58298,47.16493],[27.58305,47.16491],[27.5834,47.16481],[27.58357,47.16476],[27.58472,47.16436],[27.58516,47.16423],[27.58543,47.16416],[27.58548,47.16415],[27.58606,47.164],[27.58667,47.1639],[27.58689,47.16388],[27.58729,47.16385],[27.58777,47.16382],[27.58812,47.16381],[27.58832,47.1638],[27.58868,47.1639],[27.58899,47.16398],[27.58924,47.16404],[27.58955,47.16409],[27.58971,47.16411],[27.58999,47.16414],[27.59021,47.16417],[27.59042,47.1642],[27.59049,47.16421],[27.59075,47.16426],[27.59084,47.16427],[27.59098,47.16429],[27.59132,47.16431],[27.59153,47.1643],[27.59164,47.16427],[27.59175,47.16424],[27.59195,47.16416],[27.59287,47.16375],[27.5929,47.16373],[27.59317,47.16361],[27.59323,47.16358],[27.5935,47.16345],[27.59367,47.16331],[27.59373,47.16327],[27.59444,47.16271],[27.59466,47.16239],[27.59468,47.16235],[27.5947,47.16233],[27.59471,47.16224],[27.59472,47.16213],[27.59475,47.16197],[27.59473,47.16187],[27.59465,47.16165],[27.59459,47.16163],[27.59436,47.16156],[27.59432,47.16155],[27.59428,47.16153],[27.59423,47.16152],[27.59384,47.1614],[27.59323,47.16121],[27.59262,47.16102],[27.59259,47.16101],[27.59251,47.16099],[27.59174,47.16075],[27.59161,47.16071],[27.5912,47.16059],[27.59088,47.16049],[27.59048,47.16036],[27.58996,47.1602],[27.58983,47.16016],[27.58913,47.15995],[27.58908,47.15993],[27.58866,47.1598],[27.58828,47.15969],[27.58781,47.15955],[27.58764,47.1595],[27.58744,47.15943],[27.58733,47.1594],[27.58715,47.15935],[27.5869,47.15927],[27.58643,47.15911],[27.5859,47.15893],[27.58576,47.15887],[27.58563,47.1588],[27.58554,47.15873],[27.58537,47.15858],[27.58525,47.15843],[27.58518,47.15828],[27.58514,47.1581],[27.58513,47.15786],[27.58512,47.15773],[27.5851,47.15733],[27.58504,47.15654],[27.58508,47.15642],[27.58532,47.156],[27.58545,47.15581],[27.58562,47.15554],[27.58564,47.15552],[27.58568,47.15543],[27.58575,47.15535],[27.58618,47.15494],[27.58622,47.1549],[27.58636,47.15476],[27.58641,47.15471],[27.58661,47.15453],[27.58695,47.1542],[27.58747,47.15372],[27.5875,47.15369],[27.58777,47.15344],[27.58793,47.15328],[27.58808,47.15314],[27.58813,47.15298],[27.58817,47.15286],[27.58816,47.15262],[27.58814,47.15255],[27.58811,47.15247],[27.58802,47.15232],[27.58797,47.15225],[27.5879,47.15217],[27.5878,47.15207],[27.58738,47.1516],[27.58722,47.15148],[27.5873,47.1515],[27.58738,47.15151],[27.58746,47.1515],[27.58752,47.15149],[27.58765,47.15147],[27.58768,47.15146],[27.58779,47.15145],[27.58784,47.15143],[27.58787,47.15139],[27.58788,47.15138],[27.58789,47.15137],[27.58792,47.15133],[27.58795,47.15127],[27.58796,47.15121],[27.58794,47.15107],[27.58799,47.15108],[27.58825,47.15116],[27.58833,47.1512],[27.5884,47.15121],[27.5887,47.15113],[27.58884,47.15109],[27.58888,47.15107],[27.589,47.15104],[27.58931,47.15094],[27.58975,47.1508],[27.58984,47.15078],[27.59029,47.15062],[27.59056,47.15053],[27.59062,47.15051],[27.5913,47.15029],[27.59198,47.15007],[27.5921,47.15003],[27.5924,47.14994],[27.59271,47.14984],[27.593395,47.14962],[27.59408,47.1494],[27.59417,47.14937],[27.59433,47.1493],[27.59448,47.14922],[27.59453,47.14921],[27.59459,47.1492],[27.59505,47.14908],[27.59544,47.14897],[27.59619,47.14884],[27.597495,47.148655],[27.5988,47.14847],[27.59885,47.14846],[27.599895,47.148315],[27.60094,47.14817],[27.60102,47.14815],[27.60143,47.1481],[27.60172,47.14806],[27.60217,47.148],[27.60225,47.14798],[27.6024,47.14796],[27.60326,47.14784],[27.60345,47.14782],[27.60453,47.14766],[27.60502,47.1476],[27.60569,47.14751],[27.60612,47.14744],[27.60703,47.1473],[27.6078,47.147185],[27.60857,47.14707],[27.60901,47.147],[27.60932,47.14696],[27.60956,47.14692],[27.6097,47.1469],[27.61017,47.14683],[27.61026,47.14682],[27.61057,47.14678],[27.6107,47.14676],[27.612875,47.146465],[27.61505,47.14617],[27.61635,47.14599],[27.61765,47.14581],[27.61886,47.14562],[27.61901,47.1456],[27.61902,47.14565],[27.61901,47.1456],[27.61912,47.14559],[27.61957,47.14552],[27.61912,47.14559],[27.61901,47.1456],[27.61903,47.14566],[27.61906,47.14575],[27.61914,47.14574],[27.61938,47.1457],[27.61962,47.14567],[27.61968,47.1459],[27.61969,47.14592],[27.61976,47.14616],[27.61979,47.14624],[27.61989,47.14658],[27.62005,47.14709],[27.62021,47.14762],[27.6203,47.14793],[27.62036,47.14814],[27.62039,47.14822],[27.62042,47.14833],[27.62044,47.14841],[27.62045,47.14844],[27.62052,47.14868],[27.620695,47.14926],[27.62087,47.14984],[27.62095,47.15008],[27.62103,47.15035],[27.62106,47.15047],[27.62111,47.15063],[27.62119,47.1509],[27.62123,47.15102],[27.62138,47.15149],[27.62141,47.15159],[27.62154,47.15203],[27.62157,47.15213],[27.62163,47.15233],[27.62175,47.15263],[27.62182,47.15275],[27.6219,47.15283],[27.62207,47.15294],[27.62221,47.15303],[27.62233,47.1531],[27.62237,47.15313],[27.62274,47.15324],[27.623,47.1533],[27.62307,47.15331],[27.62317,47.15334],[27.62359,47.15343],[27.62395,47.15352],[27.6241,47.15355],[27.62433,47.1536],[27.6246,47.15368],[27.62488,47.15382],[27.62503,47.15395],[27.62515,47.15407],[27.62526,47.1542],[27.62537,47.15435],[27.62543,47.1545],[27.62545,47.15465],[27.6254,47.15499],[27.62535,47.15508],[27.62523,47.15523],[27.62508,47.15542],[27.6249,47.15555],[27.62483,47.1556],[27.62441,47.15591],[27.62433,47.15597],[27.62425,47.15602],[27.62422,47.15613],[27.6241,47.15623],[27.62388,47.15639],[27.62371,47.15642],[27.62357,47.15652],[27.62344,47.15662],[27.62279,47.15709],[27.62262,47.15722],[27.62217,47.15754],[27.62153,47.15801],[27.6209,47.15846],[27.6207,47.15861],[27.62068,47.15866],[27.62067,47.1587],[27.62031,47.15897],[27.62018,47.15899],[27.62016,47.159],[27.61986,47.1591],[27.61972,47.15913],[27.61952,47.15916],[27.61949,47.15917],[27.61918,47.15921],[27.61908,47.15923],[27.6186,47.1593],[27.61824,47.15936],[27.61787,47.15941],[27.61758,47.15946],[27.61745,47.15948],[27.61716,47.15952],[27.61701,47.15954],[27.61685,47.15957],[27.61656,47.15961],[27.61636,47.15964],[27.61601,47.15969],[27.61574,47.15973],[27.61553,47.15977],[27.61523,47.15981],[27.61507,47.15984],[27.61497,47.15985],[27.61465,47.1599],[27.61438,47.15994],[27.61423,47.15996],[27.61417,47.15997],[27.61405,47.15999],[27.61384,47.16002],[27.61376,47.16003],[27.61336,47.16009],[27.61248,47.16022],[27.61214,47.16028],[27.61181,47.16038],[27.61117,47.16059],[27.61041,47.16085],[27.60952,47.16116],[27.60903,47.16133],[27.60885,47.16139],[27.6087,47.16144],[27.60866,47.16145],[27.60861,47.16147],[27.60853,47.16149],[27.60848,47.16151],[27.60816,47.16165],[27.60801,47.16174],[27.60797,47.16177],[27.60795,47.16179],[27.60793,47.16181],[27.6079,47.16182],[27.60772,47.16187],[27.60722,47.16202],[27.60622,47.16231],[27.60604,47.16236],[27.60584,47.16241],[27.60552,47.16248],[27.60499,47.16254],[27.60491,47.16258],[27.60464,47.16261],[27.60427,47.16263],[27.60371,47.16264],[27.6035,47.16263],[27.6033,47.16261],[27.60287,47.16257],[27.60258,47.16253],[27.6024,47.16251],[27.60225,47.16249],[27.60163,47.16242],[27.60123,47.16246],[27.60099,47.1625],[27.60029,47.16268],[27.59954,47.16287],[27.5992,47.16296],[27.59891,47.16303],[27.59831,47.16313],[27.59821,47.16314],[27.59788,47.16317],[27.59775,47.16318],[27.59711,47.16322],[27.59669,47.16325],[27.59643,47.16326],[27.59567,47.16332],[27.5946,47.163385],[27.59353,47.16345],[27.59323,47.16358],[27.59317,47.16361],[27.5929,47.16373],[27.59287,47.16375],[27.59195,47.16416],[27.59175,47.16424],[27.59164,47.16427],[27.59153,47.1643],[27.59145,47.16431],[27.59098,47.16429],[27.59092,47.16428],[27.59088,47.16427],[27.5908,47.16426],[27.59049,47.16421],[27.59042,47.1642],[27.59026,47.16418],[27.59021,47.16417],[27.58999,47.16414],[27.58971,47.16411],[27.58955,47.16409],[27.58924,47.16404],[27.58899,47.16398],[27.58868,47.1639],[27.58832,47.1638],[27.58812,47.16381],[27.58777,47.16382],[27.58729,47.16385],[27.58689,47.16388],[27.58667,47.1639],[27.58606,47.164],[27.58569,47.16409],[27.58548,47.16415],[27.58516,47.16423],[27.58472,47.16436],[27.58357,47.16476],[27.5834,47.16481],[27.58305,47.16491],[27.58298,47.16493],[27.582365,47.16511],[27.58175,47.16529],[27.58143,47.16538],[27.58097,47.16551],[27.5808,47.16555],[27.58074,47.16557],[27.5804,47.16567],[27.57987,47.16581],[27.57939,47.16594],[27.57913,47.16601],[27.57851,47.16618],[27.57752,47.16644],[27.57756,47.16654],[27.57748,47.16676],[27.57732,47.16703],[27.57727,47.16711],[27.57719,47.16736],[27.57714,47.16754],[27.57709,47.16784],[27.57708,47.16792],[27.57706,47.16799],[27.57705,47.16807],[27.57704,47.16811],[27.57699,47.16832],[27.57695,47.1684],[27.57683,47.16865],[27.5768,47.1687],[27.57668,47.16902],[27.57664,47.16912],[27.57644,47.1695],[27.5764,47.16954],[27.57637,47.16958],[27.57635,47.16964],[27.57634,47.16971],[27.57614,47.16993],[27.57604,47.17012],[27.5756,47.17067],[27.57542,47.171],[27.57535,47.17109],[27.57508,47.17141],[27.57443,47.17216],[27.57397,47.172725],[27.57351,47.17329],[27.57331,47.17353],[27.57316,47.17371],[27.57295,47.17395],[27.57285,47.17406],[27.5726,47.17436],[27.57255,47.17442],[27.57248,47.1745],[27.57228,47.17473],[27.57225,47.17476],[27.572,47.17506],[27.57171,47.17538],[27.57161,47.1755],[27.57157,47.17555],[27.57151,47.17562],[27.57141,47.17574],[27.57139,47.17576],[27.57133,47.17583],[27.57132,47.17584],[27.57121,47.17598],[27.57115,47.17605],[27.57058,47.17675],[27.57027,47.1771],[27.57019,47.17719],[27.56969,47.17781],[27.56918,47.178425],[27.56867,47.17904],[27.56862,47.1791],[27.56851,47.17923],[27.56803,47.1798],[27.56763,47.18029],[27.56757,47.18036],[27.56751,47.18043],[27.56727,47.18071],[27.56718,47.18082],[27.56712,47.18089],[27.56707,47.18094],[27.56705,47.18097],[27.56692,47.18112],[27.56683,47.18124],[27.5667,47.18138],[27.56661,47.1815],[27.56657,47.18154],[27.56619,47.18198],[27.56581,47.18242],[27.56522,47.18314],[27.56511,47.18327],[27.56494,47.18348],[27.56493,47.1835],[27.56476,47.1837],[27.56452,47.18397],[27.56435,47.18417],[27.5642,47.18434],[27.56416,47.18438],[27.56387,47.1847],[27.56329,47.18538],[27.56308,47.18564],[27.56283,47.18595],[27.56273,47.18607],[27.56258,47.18624],[27.56204,47.186875],[27.5615,47.18751],[27.56134,47.18759],[27.56122,47.18769],[27.56111,47.1878],[27.56103,47.18791],[27.56097,47.18803],[27.56095,47.18817],[27.56064,47.18852],[27.560305,47.18892],[27.55997,47.18932],[27.55961,47.18974],[27.55925,47.19016],[27.55922,47.19021],[27.55918,47.19031],[27.55916,47.1904],[27.55914,47.19049],[27.55913,47.1907],[27.55909,47.19075],[27.55904,47.19079]]},"properties":{"line":"1","dir":"Copou","mode":"tram"}},{"type":"Feature","geometry":{"type":"LineString","coordinates":[[27.65861,47.15205],[27.65782,47.15212],[27.656925,47.15224],[27.65603,47.15236],[27.65557,47.1524],[27.65473,47.152475],[27.65389,47.15255],[27.65203,47.15272],[27.65017,47.15289],[27.649355,47.15296],[27.64854,47.15303],[27.64815,47.15307],[27.6467,47.153195],[27.64525,47.15332],[27.64489,47.15321],[27.64445,47.15312],[27.64347,47.15283],[27.64286,47.15265],[27.64264,47.15259],[27.64167,47.15231],[27.6415,47.1523],[27.64097,47.15214],[27.64035,47.151955],[27.63973,47.15177],[27.63952,47.15174],[27.63822,47.15175],[27.63692,47.15176],[27.63674,47.15181],[27.63664,47.15184],[27.63644,47.15191],[27.6362,47.152],[27.63617,47.15201],[27.63565,47.1523],[27.63541,47.15244],[27.63515,47.15261],[27.63507,47.15266],[27.63478,47.15284],[27.63438,47.15308],[27.63404,47.15325],[27.63369,47.15338],[27.63278,47.15373],[27.63274,47.15374],[27.63261,47.1538],[27.63241,47.15387],[27.63236,47.15389],[27.63219,47.15396],[27.632,47.15404],[27.63167,47.15416],[27.63147,47.15423],[27.63107,47.15438],[27.63056,47.15455],[27.629865,47.15477],[27.62917,47.15499],[27.6281,47.15533],[27.62703,47.15567],[27.62672,47.1557],[27.6263,47.15566],[27.62544,47.15549],[27.62537,47.15547],[27.62525,47.15546],[27.62505,47.15549],[27.6249,47.15555],[27.62483,47.1556],[27.62441,47.15591],[27.62433,47.15597],[27.62425,47.15602],[27.6241,47.15608],[27.62403,47.15612],[27.62399,47.15616],[27.62388,47.15624],[27.62377,47.15631],[27.62371,47.15642],[27.62357,47.15652],[27.62344,47.15662],[27.62279,47.15709],[27.62262,47.15722],[27.62217,47.15754],[27.62153,47.15801],[27.6209,47.15846],[27.6207,47.15861],[27.62068,47.15866],[27.62067,47.1587],[27.62031,47.15897],[27.62018,47.15899],[27.62016,47.159],[27.61986,47.1591],[27.61972,47.15913],[27.61952,47.15916],[27.61949,47.15917],[27.61918,47.15921],[27.61908,47.15923],[27.6186,47.1593],[27.61824,47.15936],[27.61787,47.15941],[27.61758,47.15946],[27.61745,47.15948],[27.61716,47.15952],[27.61701,47.15954],[27.61685,47.15957],[27.61656,47.15961],[27.61636,47.15964],[27.61601,47.15969],[27.61574,47.15973],[27.61553,47.15977],[27.61523,47.15981],[27.61507,47.15984],[27.61497,47.15985],[27.61465,47.1599],[27.61438,47.15994],[27.61423,47.15996],[27.61417,47.15997],[27.61405,47.15999],[27.61384,47.16002],[27.61376,47.16003],[27.61336,47.16009],[27.61248,47.16022],[27.61214,47.16028],[27.61181,47.16038],[27.61117,47.16059],[27.61041,47.16085],[27.60952,47.16116],[27.60903,47.16133],[27.60885,47.16139],[27.6087,47.16144],[27.60866,47.16145],[27.60861,47.16147],[27.60853,47.16149],[27.60848,47.16151],[27.60816,47.16165],[27.60801,47.16174],[27.60797,47.16177],[27.60795,47.16179],[27.60793,47.16181],[27.6079,47.16182],[27.60772,47.16187],[27.60722,47.16202],[27.60622,47.16231],[27.60604,47.16236],[27.60584,47.16241],[27.60552,47.16248],[27.60499,47.16254],[27.60491,47.16258],[27.60464,47.16261],[27.60427,47.16263],[27.60371,47.16264],[27.6035,47.16263],[27.6033,47.16261],[27.60287,47.16257],[27.60258,47.16253],[27.6024,47.16251],[27.60225,47.16249],[27.60163,47.16242],[27.60123,47.16246],[27.60099,47.1625],[27.60029,47.16268],[27.59954,47.16287],[27.5992,47.16296],[27.59891,47.16303],[27.59831,47.16313],[27.59821,47.16314],[27.59788,47.16317],[27.59775,47.16318],[27.59711,47.16322],[27.59669,47.16325],[27.59643,47.16326],[27.59567,47.16332],[27.5946,47.163385],[27.59353,47.16345],[27.59323,47.16358],[27.59317,47.16361],[27.5929,47.16373],[27.59287,47.16375],[27.59195,47.16416],[27.59175,47.16424],[27.59164,47.16427],[27.59153,47.1643],[27.59145,47.16431],[27.59098,47.16429],[27.59088,47.16427],[27.5908,47.16426],[27.59049,47.16421],[27.59042,47.1642],[27.59021,47.16417],[27.58999,47.16414],[27.58971,47.16411],[27.58955,47.16409],[27.58924,47.16404],[27.58899,47.16398],[27.58868,47.1639],[27.58832,47.1638],[27.58812,47.16381],[27.58777,47.16382],[27.58729,47.16385],[27.58689,47.16388],[27.58667,47.1639],[27.58606,47.164],[27.58569,47.16409],[27.58548,47.16415],[27.58516,47.16423],[27.58472,47.16436],[27.58357,47.16476],[27.5834,47.16481],[27.58305,47.16491],[27.58298,47.16493],[27.582365,47.16511],[27.58175,47.16529],[27.58143,47.16538],[27.58097,47.16551],[27.5808,47.16555],[27.58074,47.16557],[27.5804,47.16567],[27.57987,47.16581],[27.57939,47.16594],[27.57913,47.16601],[27.57851,47.16618],[27.57752,47.16644],[27.57731,47.1665],[27.576245,47.166795],[27.57518,47.16709],[27.57499,47.16715],[27.57481,47.16721],[27.57426,47.16737],[27.57381,47.16755],[27.57378,47.16756],[27.57349,47.16768],[27.57301,47.16786],[27.57294,47.16789],[27.5724,47.1681],[27.57229,47.16814],[27.57182,47.16833],[27.57085,47.16871],[27.57035,47.1689],[27.56972,47.16914],[27.56937,47.16927],[27.56924,47.16911],[27.56885,47.16862],[27.56874,47.16854],[27.56866,47.1685],[27.56848,47.16832],[27.56844,47.16828],[27.56798,47.16777],[27.56813,47.16769],[27.56856,47.16746],[27.56866,47.1674],[27.56949,47.16696],[27.56964,47.16688],[27.56973,47.16683],[27.56978,47.16677],[27.56985,47.16669],[27.56995,47.16662],[27.57048,47.16631],[27.57052,47.16629]]},"properties":{"line":"3","dir":"0","mode":"tram"}},{"type":"Feature","geometry":{"type":"LineString","coordinates":[[27.57052,47.16629],[27.57092,47.16606],[27.57105,47.16611],[27.57108,47.16612],[27.5713,47.16621],[27.5715,47.16628],[27.57154,47.16629],[27.57157,47.16631],[27.57159,47.16632],[27.57168,47.16635],[27.57242,47.16664],[27.57249,47.16666],[27.57263,47.16672],[27.573245,47.16697],[27.57386,47.16722],[27.57392,47.16724],[27.57426,47.16737],[27.57481,47.16721],[27.57499,47.16715],[27.57518,47.16709],[27.576245,47.166795],[27.57731,47.1665],[27.57752,47.16644],[27.57851,47.16618],[27.57913,47.16601],[27.57939,47.16594],[27.57987,47.16581],[27.5804,47.16567],[27.58074,47.16557],[27.58077,47.16556],[27.58097,47.16551],[27.58143,47.16538],[27.58175,47.16529],[27.582365,47.16511],[27.58298,47.16493],[27.58305,47.16491],[27.5834,47.16481],[27.58357,47.16476],[27.58472,47.16436],[27.58516,47.16423],[27.58543,47.16416],[27.58548,47.16415],[27.58606,47.164],[27.58667,47.1639],[27.58689,47.16388],[27.58729,47.16385],[27.58777,47.16382],[27.58812,47.16381],[27.58832,47.1638],[27.58868,47.1639],[27.58899,47.16398],[27.58924,47.16404],[27.58955,47.16409],[27.58971,47.16411],[27.58999,47.16414],[27.59021,47.16417],[27.59042,47.1642],[27.59049,47.16421],[27.59075,47.16426],[27.59084,47.16427],[27.59098,47.16429],[27.59132,47.16431],[27.59153,47.1643],[27.59164,47.16427],[27.59175,47.16424],[27.59195,47.16416],[27.59287,47.16375],[27.5929,47.16373],[27.59317,47.16361],[27.59323,47.16358],[27.5935,47.16345],[27.594585,47.163385],[27.59567,47.16332],[27.59643,47.16326],[27.59669,47.16325],[27.5969,47.16323],[27.59711,47.16322],[27.59788,47.16317],[27.59821,47.16314],[27.59831,47.16313],[27.59891,47.16303],[27.5992,47.16296],[27.59954,47.16287],[27.60029,47.16268],[27.60099,47.1625],[27.60123,47.16246],[27.60163,47.16242],[27.60225,47.16249],[27.6024,47.16251],[27.60258,47.16253],[27.60287,47.16257],[27.60322,47.16261],[27.6035,47.16263],[27.60371,47.16264],[27.60427,47.16263],[27.60464,47.16261],[27.60491,47.16258],[27.60507,47.16256],[27.60512,47.16255],[27.60537,47.16252],[27.60551,47.16253],[27.60595,47.16242],[27.60614,47.16237],[27.60622,47.16231],[27.60722,47.16202],[27.60772,47.16187],[27.6079,47.16182],[27.60793,47.16181],[27.60795,47.16179],[27.60797,47.16177],[27.60801,47.16174],[27.60816,47.16165],[27.60848,47.16151],[27.60853,47.16149],[27.60861,47.16147],[27.60866,47.16145],[27.6087,47.16144],[27.60885,47.16139],[27.60903,47.16133],[27.60952,47.16116],[27.61041,47.16085],[27.61117,47.16059],[27.61181,47.16038],[27.61214,47.16028],[27.61248,47.16022],[27.61336,47.16009],[27.61345,47.16004],[27.61396,47.15996],[27.61402,47.15999],[27.61417,47.15997],[27.61423,47.15996],[27.61438,47.15994],[27.61495,47.15985],[27.61507,47.15984],[27.61523,47.15981],[27.61553,47.15977],[27.61574,47.15973],[27.61601,47.15969],[27.61636,47.15964],[27.61656,47.15961],[27.61685,47.15957],[27.61701,47.15954],[27.61716,47.15952],[27.61745,47.15948],[27.61758,47.15946],[27.61787,47.15941],[27.61824,47.15936],[27.6186,47.1593],[27.61869,47.15924],[27.61879,47.15923],[27.61941,47.15913],[27.61949,47.15917],[27.61952,47.15916],[27.61972,47.15913],[27.61986,47.1591],[27.62016,47.159],[27.62018,47.15899],[27.62022,47.15896],[27.62058,47.15869],[27.6207,47.15861],[27.6209,47.15846],[27.62153,47.15801],[27.62217,47.15754],[27.62262,47.15722],[27.62279,47.15709],[27.62344,47.15662],[27.62357,47.15652],[27.62371,47.15642],[27.62377,47.15631],[27.62384,47.15627],[27.62388,47.15624],[27.62403,47.15612],[27.6241,47.15608],[27.62425,47.15602],[27.62433,47.15597],[27.62441,47.15591],[27.62483,47.1556],[27.6249,47.15555],[27.62505,47.15549],[27.62518,47.15546],[27.62537,47.15547],[27.62544,47.15549],[27.6263,47.15566],[27.62667,47.1557],[27.62703,47.15567],[27.6281,47.15533],[27.62917,47.15499],[27.629865,47.15477],[27.63056,47.15455],[27.63107,47.15438],[27.63132,47.15429],[27.63147,47.15423],[27.63167,47.15416],[27.632,47.15404],[27.63219,47.15396],[27.63236,47.15389],[27.63241,47.15387],[27.63274,47.15374],[27.63278,47.15373],[27.63369,47.15338],[27.63404,47.15325],[27.63438,47.15308],[27.63478,47.15284],[27.63507,47.15266],[27.63515,47.15261],[27.63541,47.15244],[27.63565,47.1523],[27.63612,47.15204],[27.63617,47.15201],[27.6362,47.152],[27.63664,47.15184],[27.63674,47.15181],[27.63692,47.15176],[27.63722,47.15174],[27.638475,47.151755],[27.63973,47.15177],[27.64035,47.151955],[27.64097,47.15214],[27.6415,47.1523],[27.64167,47.15231],[27.64184,47.15236],[27.64264,47.15259],[27.64347,47.15283],[27.64445,47.15312],[27.64489,47.15321],[27.64525,47.15325],[27.646665,47.15312],[27.64808,47.15299],[27.64848,47.15295],[27.651175,47.15271],[27.65387,47.15247],[27.65501,47.15237],[27.65544,47.15233],[27.65555,47.15232],[27.656685,47.15222],[27.65782,47.15212],[27.65861,47.15205]]},"properties":{"line":"3","dir":"1","mode":"tram"}},{"type":"Feature","geometry":{"type":"LineString","coordinates":[[27.54176,47.16797],[27.54199,47.16779],[27.54253,47.16735],[27.54307,47.16691],[27.54326,47.16681],[27.5435,47.16673],[27.54374,47.16672],[27.54396,47.16668],[27.54477,47.16669],[27.54485,47.16673],[27.545525,47.16674],[27.5462,47.16675],[27.54714,47.166755],[27.54808,47.16676],[27.548985,47.166735],[27.54989,47.16671],[27.55036,47.16672],[27.55079,47.16676],[27.55105,47.16677],[27.553195,47.166775],[27.55534,47.16678],[27.55624,47.16677],[27.55635,47.16675],[27.55695,47.16674],[27.55709,47.16671],[27.55713,47.16667],[27.55718,47.16663],[27.55727,47.16661],[27.55735,47.16662],[27.55745,47.16665],[27.55759,47.16662],[27.55865,47.16612],[27.55882,47.16607],[27.55923,47.16587],[27.56034,47.16533],[27.56145,47.16479],[27.56161,47.16472],[27.5618,47.16463],[27.56182,47.16461],[27.562915,47.16408],[27.56401,47.16355],[27.5642,47.16345],[27.56434,47.16339],[27.56476,47.16318],[27.56482,47.16315],[27.56495,47.16309],[27.565505,47.16282],[27.56606,47.16255],[27.56614,47.16243],[27.56685,47.1621],[27.56711,47.16204],[27.56718,47.16201],[27.56801,47.161755],[27.56884,47.1615],[27.56901,47.16145],[27.56936,47.16134],[27.56954,47.16128],[27.57046,47.161],[27.57074,47.16093],[27.57101,47.1609],[27.57124,47.16089],[27.57218,47.1609],[27.57312,47.16091],[27.57335,47.16089],[27.5736,47.16085],[27.57386,47.16078],[27.57419,47.16065],[27.57446,47.16051],[27.57467,47.16035],[27.57476,47.16025],[27.57484,47.16016],[27.57495,47.15993],[27.57508,47.15976],[27.57515,47.15964],[27.57521,47.15953],[27.57524,47.15944],[27.57522,47.15933],[27.57516,47.15925],[27.57514,47.15923],[27.57509,47.15918],[27.57503,47.15914],[27.57497,47.15911],[27.57492,47.1591],[27.57481,47.15907],[27.57474,47.15902],[27.57468,47.15897],[27.57464,47.15891],[27.57462,47.15884],[27.57463,47.15878],[27.57465,47.15871],[27.5747,47.15865],[27.57475,47.15861],[27.57478,47.15859],[27.57489,47.15848],[27.57498,47.15837],[27.57503,47.15826],[27.57505,47.15819],[27.57504,47.15807],[27.57503,47.15796],[27.57499,47.15778],[27.57498,47.1577],[27.57476,47.15725],[27.57471,47.15716],[27.57464,47.15704],[27.57461,47.15699],[27.57453,47.15684],[27.57451,47.15681],[27.57446,47.15673],[27.57444,47.15669],[27.57426,47.1564],[27.57417,47.15625],[27.57407,47.15609],[27.57381,47.1556],[27.5737,47.15531],[27.57362,47.15501],[27.57357,47.15473],[27.57356,47.15444],[27.57357,47.15419],[27.5736,47.15399],[27.57362,47.15385],[27.57371,47.1536],[27.57376,47.15346],[27.5739,47.15315],[27.57399,47.15298],[27.5743,47.15258],[27.57476,47.15216],[27.57537,47.15175],[27.57597,47.151315],[27.57657,47.15088],[27.57728,47.15037],[27.5774,47.15029],[27.57748,47.15023],[27.57753,47.15019],[27.57767,47.15009],[27.57811,47.14977],[27.57821,47.14971],[27.57858,47.14944],[27.57865,47.1494],[27.57869,47.14937],[27.57871,47.14936],[27.57872,47.14935],[27.57874,47.14934],[27.57877,47.14932],[27.57885,47.14926],[27.57892,47.14922],[27.57898,47.14918],[27.57977,47.14868],[27.58056,47.14818],[27.58084,47.14801],[27.58095,47.14794],[27.58118,47.14779],[27.58127,47.14774],[27.58194,47.14735],[27.58195,47.14734],[27.58203,47.14729],[27.58219,47.14719],[27.58224,47.14717],[27.58258,47.14696],[27.58272,47.1469],[27.58285,47.14683],[27.58319,47.14669],[27.58369,47.14647],[27.58418,47.1463],[27.58444,47.14622],[27.58453,47.1462],[27.58471,47.14616],[27.58495,47.14613],[27.58507,47.14612],[27.58523,47.14611],[27.58567,47.1461],[27.5861,47.14609],[27.58682,47.14608],[27.58731,47.14607],[27.58815,47.14606],[27.58835,47.14607],[27.58863,47.14608],[27.58892,47.1461],[27.58907,47.14611],[27.58928,47.14614],[27.58966,47.14621],[27.59004,47.14633],[27.5902,47.14637],[27.59025,47.1464],[27.59034,47.14643],[27.59051,47.14651],[27.59098,47.14674],[27.59146,47.14706],[27.59177,47.14726],[27.59209,47.14746],[27.59245,47.14772],[27.59267,47.14788],[27.59279,47.14798],[27.59309,47.14819],[27.59322,47.14829],[27.59391,47.1488],[27.59421,47.14902],[27.5944,47.14917],[27.59444,47.1492],[27.59448,47.14922],[27.59453,47.14921],[27.59459,47.1492],[27.59505,47.14908],[27.59544,47.14897],[27.59619,47.14884],[27.597495,47.148655],[27.5988,47.14847],[27.59885,47.14846],[27.59979,47.14833],[27.60073,47.1482],[27.60094,47.14817],[27.60102,47.14815],[27.60143,47.1481],[27.60172,47.14806],[27.60225,47.14798],[27.6024,47.14796],[27.60326,47.14784],[27.60345,47.14782],[27.60453,47.14766],[27.60569,47.14751],[27.60612,47.14744],[27.60703,47.1473],[27.60802,47.14715],[27.60901,47.147],[27.60932,47.14696],[27.60956,47.14692],[27.6097,47.1469],[27.61017,47.14683],[27.61026,47.14682],[27.61057,47.14678],[27.6107,47.14676],[27.612875,47.146465],[27.61505,47.14617],[27.61635,47.14599],[27.61765,47.14581],[27.6188,47.14563],[27.61886,47.14562],[27.61901,47.1456],[27.61912,47.14559],[27.61957,47.14552],[27.62048,47.14539],[27.62068,47.14536],[27.622125,47.145165],[27.62357,47.14497],[27.624395,47.14485],[27.62522,47.14473],[27.62616,47.1446],[27.626995,47.14448],[27.62783,47.14436],[27.628705,47.14424],[27.62958,47.14412],[27.62972,47.14409],[27.63028,47.14402],[27.631025,47.14391],[27.63177,47.1438],[27.6325,47.1437],[27.633245,47.143595],[27.63399,47.14349],[27.63422,47.14345],[27.63508,47.14333],[27.63544,47.14328],[27.63602,47.14326],[27.63649,47.14324],[27.637495,47.14325],[27.6385,47.14326],[27.63945,47.14328],[27.64013,47.1433],[27.641255,47.143325],[27.64238,47.14335],[27.64289,47.14336]]},"properties":{"line":"5","dir":"0","mode":"tram"}},{"type":"Feature","geometry":{"type":"LineString","coordinates":[[27.64246,47.14345],[27.64198,47.14344],[27.64105,47.14343],[27.64012,47.14342],[27.63944,47.14341],[27.63849,47.1434],[27.63749,47.14339],[27.63649,47.14338],[27.63606,47.1434],[27.63549,47.14343],[27.63511,47.14348],[27.63427,47.1436],[27.633045,47.14377],[27.63182,47.14394],[27.631075,47.14405],[27.63033,47.14416],[27.62981,47.14423],[27.628415,47.14443],[27.62702,47.14463],[27.62619,47.14475],[27.62526,47.14488],[27.624435,47.144995],[27.62361,47.14511],[27.62347,47.14513],[27.62235,47.14529],[27.62151,47.14541],[27.62086,47.1455],[27.62073,47.14551],[27.61962,47.14567],[27.61938,47.1457],[27.61906,47.14575],[27.618375,47.145845],[27.61769,47.14594],[27.61717,47.14602],[27.61633,47.14614],[27.61606,47.14617],[27.61498,47.146325],[27.6139,47.14648],[27.61367,47.14651],[27.612585,47.146665],[27.6115,47.14682],[27.61095,47.1469],[27.61086,47.14691],[27.61075,47.14693],[27.61037,47.14698],[27.61009,47.14702],[27.60985,47.14705],[27.60911,47.14716],[27.60899,47.14718],[27.60834,47.14727],[27.6076,47.14737],[27.60722,47.14743],[27.60616,47.14758],[27.60574,47.14764],[27.60456,47.1478],[27.60348,47.14796],[27.60332,47.14798],[27.60317,47.148],[27.60301,47.14802],[27.60252,47.14809],[27.6023,47.14812],[27.60147,47.14823],[27.60121,47.14827],[27.6011,47.14828],[27.60108,47.14829],[27.60075,47.14833],[27.59982,47.148465],[27.59889,47.1486],[27.5988,47.14861],[27.59792,47.14873],[27.59784,47.14875],[27.59738,47.14881],[27.59688,47.14888],[27.59656,47.14893],[27.59611,47.149],[27.59572,47.14906],[27.59554,47.14909],[27.59522,47.14917],[27.59503,47.14922],[27.5949,47.14925],[27.59461,47.14933],[27.59458,47.1493],[27.59455,47.14928],[27.59448,47.14922],[27.59444,47.1492],[27.5944,47.14917],[27.59421,47.14902],[27.59391,47.1488],[27.59322,47.14829],[27.59309,47.14819],[27.59279,47.14798],[27.59267,47.14788],[27.59245,47.14772],[27.59209,47.14746],[27.59177,47.14726],[27.59146,47.14706],[27.59098,47.14674],[27.59051,47.14651],[27.59034,47.14643],[27.59025,47.1464],[27.5902,47.14637],[27.59005,47.14633],[27.58966,47.14621],[27.58932,47.14615],[27.58928,47.14614],[27.58907,47.14611],[27.58892,47.1461],[27.58863,47.14608],[27.58835,47.14607],[27.58815,47.14606],[27.58731,47.14607],[27.58682,47.14608],[27.5861,47.14609],[27.58597,47.1461],[27.58529,47.14611],[27.58507,47.14612],[27.58495,47.14613],[27.58471,47.14616],[27.58453,47.1462],[27.58444,47.14622],[27.58418,47.1463],[27.58369,47.14647],[27.58319,47.14669],[27.58285,47.14683],[27.58272,47.1469],[27.58258,47.14696],[27.58224,47.14717],[27.58219,47.14719],[27.58203,47.14729],[27.58195,47.14733],[27.58194,47.14735],[27.58127,47.14774],[27.58118,47.14779],[27.58095,47.14794],[27.58084,47.14801],[27.58056,47.14818],[27.57977,47.14868],[27.57898,47.14918],[27.57892,47.14922],[27.57891,47.14923],[27.57885,47.14926],[27.57877,47.14932],[27.57874,47.14934],[27.57872,47.14935],[27.57871,47.14936],[27.57869,47.14937],[27.57865,47.1494],[27.57858,47.14944],[27.57821,47.14971],[27.57811,47.14977],[27.57767,47.15009],[27.57753,47.15019],[27.57748,47.15023],[27.5774,47.15029],[27.57657,47.15088],[27.57597,47.151315],[27.57537,47.15175],[27.57476,47.15216],[27.5743,47.15258],[27.57399,47.15298],[27.5739,47.15315],[27.57376,47.15346],[27.57371,47.1536],[27.57362,47.15385],[27.5736,47.15399],[27.57357,47.15419],[27.57356,47.15444],[27.57357,47.15473],[27.57362,47.15501],[27.5737,47.15531],[27.57381,47.1556],[27.57407,47.15609],[27.57417,47.15625],[27.57426,47.1564],[27.57442,47.15667],[27.57444,47.15669],[27.57451,47.15681],[27.57453,47.15684],[27.57461,47.15699],[27.57464,47.15704],[27.57471,47.15716],[27.57476,47.15725],[27.57498,47.1577],[27.57504,47.15777],[27.57509,47.15784],[27.57527,47.15813],[27.57534,47.15828],[27.57538,47.15836],[27.57542,47.15845],[27.57545,47.15852],[27.57547,47.15859],[27.57548,47.15865],[27.57549,47.15877],[27.57548,47.15888],[27.57547,47.15892],[27.57549,47.15912],[27.57547,47.15926],[27.57541,47.15942],[27.5753,47.15959],[27.57526,47.15964],[27.57521,47.15972],[27.5751,47.15987],[27.57505,47.15995],[27.57484,47.16016],[27.57476,47.16025],[27.57467,47.16035],[27.57446,47.16051],[27.57419,47.16065],[27.57386,47.16078],[27.5736,47.16085],[27.57335,47.16089],[27.57312,47.16091],[27.57218,47.1609],[27.57124,47.16089],[27.57101,47.1609],[27.57074,47.16093],[27.57046,47.161],[27.56954,47.16128],[27.56936,47.16134],[27.56901,47.16145],[27.56884,47.1615],[27.56801,47.161755],[27.56718,47.16201],[27.56711,47.16204],[27.56698,47.1621],[27.56687,47.16216],[27.56606,47.16255],[27.565505,47.16282],[27.56495,47.16309],[27.56482,47.16315],[27.56477,47.16325],[27.56442,47.16341],[27.56415,47.16354],[27.56401,47.16355],[27.562915,47.16408],[27.56182,47.16461],[27.5618,47.16463],[27.56161,47.16472],[27.56145,47.16479],[27.56034,47.16533],[27.55923,47.16587],[27.55882,47.16607],[27.55871,47.16618],[27.55836,47.16636],[27.55796,47.16656],[27.55764,47.16671],[27.55752,47.16678],[27.5575,47.16682],[27.55749,47.16684],[27.55747,47.16687],[27.55743,47.16689],[27.55737,47.1669],[27.55732,47.16691],[27.55723,47.1669],[27.55718,47.16689],[27.55712,47.16685],[27.55694,47.16681],[27.55635,47.1668],[27.55622,47.16678],[27.555135,47.166775],[27.55405,47.16677],[27.552855,47.16679],[27.55166,47.16681],[27.55105,47.16677],[27.55091,47.16676],[27.548865,47.166755],[27.54682,47.16675],[27.545915,47.16674],[27.54501,47.16673],[27.54374,47.16672],[27.5435,47.16673],[27.54326,47.16681],[27.54307,47.16691],[27.54253,47.16735],[27.54199,47.16779],[27.54159,47.16811],[27.54136,47.16829],[27.54118,47.16844],[27.54106,47.16854],[27.5405,47.16908]]},"properties":{"line":"5","dir":"1","mode":"tram"}},{"type":"Feature","geometry":{"type":"LineString","coordinates":[[27.54176,47.16797],[27.54199,47.16779],[27.54253,47.16735],[27.54307,47.16691],[27.54326,47.16681],[27.5435,47.16673],[27.54374,47.16672],[27.54396,47.16668],[27.54477,47.16669],[27.54485,47.16673],[27.545525,47.16674],[27.5462,47.16675],[27.54714,47.166755],[27.54808,47.16676],[27.548985,47.166735],[27.54989,47.16671],[27.55069,47.16672],[27.55079,47.16676],[27.55105,47.16677],[27.553195,47.166775],[27.55534,47.16678],[27.55635,47.16675],[27.55695,47.16674],[27.55709,47.16671],[27.55713,47.16667],[27.55718,47.16663],[27.55727,47.16661],[27.55735,47.16662],[27.55745,47.16665],[27.55759,47.16662],[27.55865,47.16612],[27.55882,47.16607],[27.55923,47.16587],[27.56034,47.16533],[27.56145,47.16479],[27.56161,47.16472],[27.5618,47.16463],[27.56182,47.16461],[27.562915,47.16408],[27.56401,47.16355],[27.5642,47.16345],[27.56434,47.16339],[27.56476,47.16318],[27.56482,47.16315],[27.56495,47.16309],[27.565505,47.16282],[27.56606,47.16255],[27.56679,47.16219],[27.56687,47.16216],[27.56698,47.1621],[27.56711,47.16204],[27.56718,47.16201],[27.56801,47.161755],[27.56884,47.1615],[27.56901,47.16145],[27.56936,47.16134],[27.56954,47.16128],[27.57046,47.161],[27.57074,47.16093],[27.57101,47.1609],[27.57124,47.16089],[27.572075,47.1609],[27.57291,47.16091],[27.57335,47.16089],[27.5736,47.16085],[27.57386,47.16078],[27.57419,47.16065],[27.57446,47.16051],[27.57467,47.16035],[27.57476,47.16025],[27.57484,47.16016],[27.57495,47.15993],[27.57508,47.15976],[27.57515,47.15964],[27.57521,47.15953],[27.57524,47.15944],[27.57522,47.15933],[27.57516,47.15925],[27.57514,47.15923],[27.57509,47.15918],[27.57503,47.15914],[27.57497,47.15911],[27.57492,47.1591],[27.57481,47.15907],[27.57469,47.15903],[27.57432,47.15906],[27.57418,47.15911],[27.5739,47.15922],[27.57384,47.15926],[27.5737,47.15934],[27.57326,47.15968],[27.57314,47.15986],[27.57307,47.16002],[27.57305,47.16024],[27.57307,47.16039],[27.57308,47.16042],[27.57311,47.16067],[27.57313,47.16078],[27.57324,47.16138],[27.57331,47.1617],[27.57332,47.16193],[27.5733,47.16207],[27.57327,47.1622],[27.57322,47.16235],[27.573,47.16277],[27.57271,47.1633],[27.57241,47.16381],[27.57226,47.16406],[27.57194,47.16463],[27.57162,47.1652],[27.57136,47.16566],[27.57133,47.16571],[27.57131,47.16573],[27.57128,47.16578],[27.57126,47.16582],[27.57116,47.16601],[27.57105,47.16611],[27.57092,47.16623],[27.57075,47.16633],[27.57073,47.16634],[27.57022,47.16663],[27.57008,47.16671],[27.56997,47.16675],[27.56973,47.16683],[27.56964,47.16688],[27.56949,47.16696],[27.56866,47.1674],[27.56856,47.16746],[27.56813,47.16769],[27.56847,47.16808],[27.56867,47.1683],[27.56879,47.16844],[27.56882,47.16851],[27.56885,47.16862],[27.56918,47.16903],[27.56924,47.16911],[27.56937,47.16927],[27.56972,47.16914],[27.57035,47.1689],[27.57085,47.16871],[27.57182,47.16833],[27.57229,47.16814],[27.5724,47.1681],[27.57294,47.16789],[27.57349,47.16768],[27.57378,47.16756],[27.57381,47.16755],[27.57426,47.16737],[27.57481,47.16721],[27.57499,47.16715],[27.57518,47.16709],[27.576245,47.166795],[27.57731,47.1665],[27.57752,47.16644],[27.57851,47.16618],[27.57913,47.16601],[27.57939,47.16594],[27.57987,47.16581],[27.5804,47.16567],[27.58074,47.16557],[27.58077,47.16556],[27.58097,47.16551],[27.58143,47.16538],[27.58175,47.16529],[27.582365,47.16511],[27.58298,47.16493],[27.58305,47.16491],[27.5834,47.16481],[27.58357,47.16476],[27.58472,47.16436],[27.58516,47.16423],[27.58543,47.16416],[27.58548,47.16415],[27.58606,47.164],[27.58667,47.1639],[27.58689,47.16388],[27.58729,47.16385],[27.58777,47.16382],[27.58812,47.16381],[27.58832,47.1638],[27.58868,47.1639],[27.58899,47.16398],[27.58924,47.16404],[27.58955,47.16409],[27.58971,47.16411],[27.58999,47.16414],[27.59021,47.16417],[27.59042,47.1642],[27.59057,47.16395]]},"properties":{"line":"6","dir":"0","mode":"tram"}},{"type":"Feature","geometry":{"type":"LineString","coordinates":[[27.59017,47.16417],[27.58999,47.16414],[27.58971,47.16411],[27.58955,47.16409],[27.58924,47.16404],[27.58899,47.16398],[27.58868,47.1639],[27.58832,47.1638],[27.58812,47.16381],[27.58777,47.16382],[27.58729,47.16385],[27.58689,47.16388],[27.58667,47.1639],[27.58606,47.164],[27.58569,47.16409],[27.58548,47.16415],[27.58516,47.16423],[27.58472,47.16436],[27.58357,47.16476],[27.5834,47.16481],[27.58305,47.16491],[27.58298,47.16493],[27.582365,47.16511],[27.58175,47.16529],[27.58143,47.16538],[27.58097,47.16551],[27.5808,47.16555],[27.58074,47.16557],[27.5804,47.16567],[27.57987,47.16581],[27.57939,47.16594],[27.57913,47.16601],[27.57851,47.16618],[27.57752,47.16644],[27.57731,47.1665],[27.576245,47.166795],[27.57518,47.16709],[27.57499,47.16715],[27.57481,47.16721],[27.57426,47.16737],[27.57381,47.16755],[27.57378,47.16756],[27.57349,47.16768],[27.57301,47.16786],[27.57294,47.16789],[27.5724,47.1681],[27.57229,47.16814],[27.57182,47.16833],[27.57085,47.16871],[27.57035,47.1689],[27.56972,47.16914],[27.56937,47.16927],[27.56924,47.16911],[27.56885,47.16862],[27.56874,47.16854],[27.56866,47.1685],[27.56848,47.16832],[27.56844,47.16828],[27.56798,47.16777],[27.56813,47.16769],[27.56856,47.16746],[27.56866,47.1674],[27.56949,47.16696],[27.56964,47.16688],[27.56973,47.16683],[27.56978,47.16677],[27.56985,47.16669],[27.56995,47.16662],[27.57048,47.16631],[27.57052,47.16629],[27.57092,47.16606],[27.57126,47.16582],[27.57128,47.16578],[27.57131,47.16573],[27.57133,47.16571],[27.57136,47.16566],[27.57162,47.1652],[27.57194,47.16463],[27.57226,47.16406],[27.57241,47.16381],[27.57271,47.1633],[27.573,47.16277],[27.57322,47.16235],[27.57327,47.1622],[27.5733,47.16207],[27.57332,47.16193],[27.57331,47.1617],[27.57324,47.16138],[27.57313,47.16078],[27.57311,47.16067],[27.57309,47.16053],[27.57308,47.16046],[27.57305,47.16024],[27.57307,47.16002],[27.57314,47.15986],[27.57326,47.15968],[27.5737,47.15934],[27.57384,47.15926],[27.5739,47.15922],[27.57406,47.15911],[27.57465,47.15871],[27.5747,47.15865],[27.57475,47.15861],[27.57478,47.15859],[27.57487,47.15855],[27.57497,47.15853],[27.57505,47.15852],[27.57513,47.15853],[27.57521,47.15854],[27.57528,47.15857],[27.57535,47.1586],[27.5754,47.15864],[27.57543,47.15867],[27.57545,47.15869],[27.57548,47.15874],[27.57549,47.15877],[27.57548,47.15888],[27.57547,47.15892],[27.57549,47.15912],[27.57547,47.15926],[27.57541,47.15942],[27.5753,47.15959],[27.57526,47.15964],[27.57521,47.15972],[27.5751,47.15987],[27.57505,47.15995],[27.57484,47.16016],[27.57476,47.16025],[27.57467,47.16035],[27.57446,47.16051],[27.57419,47.16065],[27.57386,47.16078],[27.5736,47.16085],[27.57335,47.16089],[27.57312,47.16091],[27.57218,47.1609],[27.57124,47.16089],[27.57101,47.1609],[27.57074,47.16093],[27.57046,47.161],[27.56954,47.16128],[27.56936,47.16134],[27.56901,47.16145],[27.56884,47.1615],[27.56801,47.161755],[27.56718,47.16201],[27.56711,47.16204],[27.56698,47.1621],[27.56687,47.16216],[27.56606,47.16255],[27.565505,47.16282],[27.56495,47.16309],[27.56482,47.16315],[27.56477,47.16318],[27.5646,47.16326],[27.56434,47.16339],[27.5642,47.16345],[27.56401,47.16355],[27.562915,47.16408],[27.56182,47.16461],[27.5618,47.16463],[27.56161,47.16472],[27.56145,47.16479],[27.56034,47.16533],[27.55923,47.16587],[27.55882,47.16607],[27.55865,47.16612],[27.55835,47.16626],[27.55759,47.16662],[27.55745,47.16665],[27.5575,47.16669],[27.55751,47.16672],[27.55752,47.16673],[27.55751,47.1668],[27.5575,47.16682],[27.55749,47.16684],[27.55747,47.16687],[27.55743,47.16689],[27.55737,47.1669],[27.55732,47.16691],[27.55723,47.1669],[27.55718,47.16689],[27.55712,47.16685],[27.55694,47.16681],[27.55635,47.1668],[27.55622,47.16678],[27.555135,47.166775],[27.55405,47.16677],[27.55248,47.166765],[27.55091,47.16676],[27.548865,47.166755],[27.54682,47.16675],[27.546045,47.166745],[27.54527,47.16674],[27.54501,47.16673],[27.54374,47.16672],[27.5435,47.16673],[27.54326,47.16681],[27.54307,47.16691],[27.54253,47.16735],[27.54199,47.16779],[27.54159,47.16811],[27.54136,47.16829],[27.54118,47.16844],[27.54106,47.16854],[27.5405,47.16908],[27.54025,47.16933]]},"properties":{"line":"6","dir":"1","mode":"tram"}},{"type":"Feature","geometry":{"type":"LineString","coordinates":[[27.53739,47.17239],[27.53746,47.17232],[27.53758,47.17228],[27.53774,47.17229],[27.5378,47.17231],[27.53789,47.17234],[27.53794,47.17242],[27.53795,47.17251],[27.53794,47.17261],[27.53793,47.17268],[27.53794,47.17273],[27.53797,47.17277],[27.53803,47.17282],[27.53814,47.17288],[27.53857,47.17289],[27.53904,47.1729],[27.53916,47.17291],[27.53931,47.17292],[27.53952,47.17293],[27.53995,47.17295],[27.54036,47.17298],[27.541105,47.173035],[27.54185,47.17309],[27.542,47.1731],[27.54265,47.17314],[27.54324,47.17318],[27.54393,47.17322],[27.54416,47.17323],[27.54454,47.17325],[27.5452,47.17328],[27.54542,47.17329],[27.54567,47.1733],[27.54596,47.17332],[27.54627,47.17333],[27.54715,47.17338],[27.54823,47.17344],[27.54843,47.17345],[27.54895,47.17348],[27.54923,47.17349],[27.54962,47.17352],[27.55007,47.17354],[27.5503,47.17355],[27.55081,47.17356],[27.55139,47.17355],[27.55157,47.17354],[27.55165,47.17353],[27.55177,47.17351],[27.55202,47.17346],[27.55211,47.17345],[27.5522,47.17343],[27.55224,47.17342],[27.55232,47.17341],[27.55247,47.17338],[27.55276,47.17332],[27.55335,47.1732],[27.55348,47.17317],[27.55422,47.17302],[27.55465,47.17293],[27.55533,47.17279],[27.55604,47.17265],[27.55638,47.17258],[27.5565,47.17256],[27.55705,47.17245],[27.55722,47.17242],[27.55757,47.17235],[27.55777,47.17231],[27.55805,47.17226],[27.5584,47.17219],[27.55889,47.17208],[27.55911,47.17202],[27.55947,47.1719],[27.5597,47.1718],[27.5601,47.17163],[27.56019,47.17159],[27.5606,47.17141],[27.5608,47.17132],[27.56082,47.17131],[27.56094,47.17126],[27.56114,47.17117],[27.56119,47.17114],[27.56135,47.17107],[27.56205,47.17074],[27.56248,47.17055],[27.56316,47.170225],[27.56384,47.1699],[27.56453,47.16958],[27.56489,47.16939],[27.5653,47.16918],[27.565875,47.168875],[27.56645,47.16857],[27.56658,47.1685],[27.56742,47.16806],[27.56798,47.16777],[27.56813,47.16769],[27.56856,47.16746],[27.56866,47.1674],[27.56949,47.16696],[27.56964,47.16688],[27.56973,47.16683],[27.56978,47.16677],[27.56985,47.16669],[27.56995,47.16662],[27.57048,47.16631],[27.57052,47.16629],[27.57092,47.16606],[27.57105,47.16611],[27.57108,47.16612],[27.5713,47.16621],[27.5715,47.16628],[27.57154,47.16629],[27.57157,47.16631],[27.57159,47.16632],[27.57168,47.16635],[27.57242,47.16664],[27.57249,47.16666],[27.57263,47.16672],[27.573245,47.16697],[27.57386,47.16722],[27.57392,47.16724],[27.57426,47.16737],[27.57481,47.16721],[27.57499,47.16715],[27.57518,47.16709],[27.576245,47.166795],[27.57731,47.1665],[27.57752,47.16644],[27.57851,47.16618],[27.57913,47.16601],[27.57939,47.16594],[27.57987,47.16581],[27.5804,47.16567],[27.58074,47.16557],[27.58077,47.16556],[27.58097,47.16551],[27.58143,47.16538],[27.58175,47.16529],[27.582365,47.16511],[27.58298,47.16493],[27.58305,47.16491],[27.5834,47.16481],[27.58357,47.16476],[27.58472,47.16436],[27.58516,47.16423],[27.58543,47.16416],[27.58548,47.16415],[27.58606,47.164],[27.58667,47.1639],[27.58689,47.16388],[27.58729,47.16385],[27.58777,47.16382],[27.58812,47.16381],[27.58832,47.1638],[27.58868,47.1639],[27.58899,47.16398],[27.58924,47.16404],[27.58955,47.16409],[27.58971,47.16411],[27.58999,47.16414],[27.59021,47.16417],[27.59042,47.1642],[27.59049,47.16421],[27.59075,47.16426],[27.59084,47.16427],[27.59098,47.16429],[27.59132,47.16431],[27.59153,47.1643],[27.59164,47.16427],[27.59175,47.16424],[27.59195,47.16416],[27.59287,47.16375],[27.5929,47.16373],[27.59317,47.16361],[27.59323,47.16358],[27.5935,47.16345],[27.59367,47.16331],[27.59444,47.16271],[27.59466,47.16239],[27.59468,47.16235],[27.5947,47.16233],[27.59491,47.16199],[27.59504,47.16184],[27.59508,47.16179],[27.5951,47.16177],[27.59508,47.16179],[27.59493,47.16174],[27.59465,47.16165],[27.59459,47.16163],[27.59436,47.16156],[27.59432,47.16155],[27.59428,47.16153],[27.59423,47.16152],[27.59384,47.1614],[27.59323,47.16121],[27.59262,47.16102],[27.59259,47.16101],[27.59251,47.16099],[27.59174,47.16075],[27.59161,47.16071],[27.5912,47.16059],[27.59088,47.16049],[27.59048,47.16036],[27.58996,47.1602],[27.58983,47.16016],[27.58913,47.15995],[27.58908,47.15993],[27.58866,47.1598],[27.58828,47.15969],[27.58781,47.15955],[27.58764,47.1595],[27.58744,47.15943],[27.58733,47.1594],[27.58715,47.15935],[27.58643,47.15911],[27.5859,47.15893],[27.58576,47.15887],[27.58563,47.1588],[27.58554,47.15873],[27.58537,47.15858],[27.58525,47.15843],[27.58518,47.15828],[27.58514,47.1581],[27.58513,47.15786],[27.58512,47.15773],[27.5851,47.15733],[27.58504,47.15654],[27.58508,47.15642],[27.58532,47.156],[27.58545,47.15581],[27.58562,47.15554],[27.58564,47.15552],[27.58568,47.15543],[27.58575,47.15535],[27.58618,47.15494],[27.58622,47.1549],[27.58636,47.15476],[27.58641,47.15471],[27.58661,47.15453],[27.58695,47.1542],[27.58747,47.15372],[27.5875,47.15369],[27.58777,47.15344],[27.58793,47.15328],[27.58808,47.15314],[27.58813,47.15298],[27.58817,47.15286],[27.58814,47.15255],[27.58811,47.15247],[27.58802,47.15232],[27.58797,47.15225],[27.5879,47.15217],[27.5878,47.15207],[27.58738,47.1516],[27.58722,47.15148],[27.58718,47.15145],[27.58713,47.15143],[27.58709,47.15138],[27.58705,47.15134],[27.58702,47.15129],[27.587,47.15122],[27.58701,47.15114],[27.58702,47.15112],[27.58707,47.15104],[27.58711,47.151],[27.58714,47.15098],[27.58716,47.15096],[27.58722,47.15093],[27.58731,47.1509],[27.58736,47.15089],[27.58743,47.15088],[27.58759,47.15089],[27.58766,47.1509],[27.58773,47.15093],[27.5878,47.15096],[27.58786,47.15099],[27.58794,47.15107],[27.58825,47.15116],[27.58833,47.1512],[27.5884,47.15121],[27.5887,47.15113],[27.58884,47.15109],[27.58888,47.15107],[27.589,47.15104],[27.58931,47.15094],[27.58975,47.1508],[27.58984,47.15078],[27.59029,47.15062],[27.59056,47.15053],[27.59062,47.15051],[27.5913,47.15029],[27.59198,47.15007],[27.5921,47.15003],[27.5924,47.14994],[27.59271,47.14984],[27.593395,47.14962],[27.59408,47.1494],[27.59417,47.14937],[27.59433,47.1493],[27.59448,47.14922],[27.59453,47.14921],[27.59459,47.1492],[27.59505,47.14908],[27.59544,47.14897],[27.59619,47.14884],[27.597495,47.148655],[27.5988,47.14847],[27.59885,47.14846],[27.599895,47.148315],[27.60094,47.14817],[27.60102,47.14815],[27.60143,47.1481],[27.60172,47.14806],[27.60217,47.148],[27.60225,47.14798],[27.6024,47.14796],[27.60326,47.14784],[27.60345,47.14782],[27.60453,47.14766],[27.60569,47.14751],[27.60612,47.14744],[27.60703,47.1473],[27.607765,47.14719],[27.6085,47.14708],[27.60901,47.147],[27.60932,47.14696],[27.60956,47.14692],[27.6097,47.1469],[27.61017,47.14683],[27.61026,47.14682],[27.61057,47.14678],[27.6107,47.14676],[27.612875,47.146465],[27.61505,47.14617],[27.61635,47.14599],[27.61765,47.14581],[27.61886,47.14562],[27.61897,47.14561],[27.61901,47.1456],[27.61912,47.14559],[27.61957,47.14552],[27.62048,47.14539],[27.62068,47.14536],[27.622125,47.145165],[27.62357,47.14497],[27.624395,47.14485],[27.62522,47.14473],[27.62616,47.1446],[27.626995,47.14448],[27.62783,47.14436],[27.628655,47.144245],[27.62948,47.14413],[27.62958,47.14412],[27.63028,47.14402],[27.631025,47.14391],[27.63177,47.1438],[27.6325,47.1437],[27.633245,47.143595],[27.63399,47.14349],[27.63422,47.14345],[27.63508,47.14333],[27.63544,47.14328],[27.63649,47.14324],[27.637495,47.14325],[27.6385,47.14326],[27.63945,47.14328],[27.64013,47.1433],[27.641255,47.143325],[27.64238,47.14335],[27.64289,47.14336],[27.6434,47.14337]]},"properties":{"line":"7","dir":"0","mode":"tram"}},{"type":"Feature","geometry":{"type":"LineString","coordinates":[[27.64251,47.14345],[27.64198,47.14344],[27.64105,47.14343],[27.64012,47.14342],[27.63944,47.14341],[27.63849,47.1434],[27.63749,47.14339],[27.63649,47.14338],[27.63594,47.14341],[27.63549,47.14343],[27.63511,47.14348],[27.63427,47.1436],[27.633045,47.14377],[27.63182,47.14394],[27.631075,47.14405],[27.63033,47.14416],[27.62998,47.14421],[27.6285,47.14442],[27.62702,47.14463],[27.62619,47.14475],[27.62526,47.14488],[27.624435,47.144995],[27.62361,47.14511],[27.62347,47.14513],[27.62235,47.14529],[27.62151,47.14541],[27.62078,47.14551],[27.61962,47.14567],[27.61938,47.1457],[27.61906,47.14575],[27.618375,47.145845],[27.61769,47.14594],[27.61717,47.14602],[27.61633,47.14614],[27.61606,47.14617],[27.61498,47.146325],[27.6139,47.14648],[27.61367,47.14651],[27.612585,47.146665],[27.6115,47.14682],[27.61113,47.14687],[27.61086,47.14691],[27.61075,47.14693],[27.61037,47.14698],[27.61009,47.14702],[27.60985,47.14705],[27.60911,47.14716],[27.60899,47.14718],[27.60834,47.14727],[27.6076,47.14737],[27.60722,47.14743],[27.60616,47.14758],[27.60574,47.14764],[27.60456,47.1478],[27.60348,47.14796],[27.60332,47.14798],[27.60317,47.148],[27.60301,47.14802],[27.60252,47.14809],[27.6023,47.14812],[27.60121,47.14827],[27.6011,47.14828],[27.60108,47.14829],[27.60083,47.14832],[27.60075,47.14833],[27.59982,47.148465],[27.59889,47.1486],[27.5988,47.14861],[27.59792,47.14873],[27.59784,47.14875],[27.59738,47.14881],[27.59688,47.14888],[27.59656,47.14893],[27.59611,47.149],[27.59572,47.14906],[27.59554,47.14909],[27.5954,47.14913],[27.59522,47.14917],[27.5949,47.14925],[27.59461,47.14933],[27.59428,47.14942],[27.59422,47.14944],[27.59354,47.14967],[27.59277,47.14992],[27.59217,47.15012],[27.59205,47.15016],[27.5912,47.15044],[27.59035,47.15072],[27.58992,47.15086],[27.58987,47.15089],[27.58968,47.15096],[27.58962,47.15098],[27.58934,47.15106],[27.58895,47.15118],[27.58887,47.1512],[27.58871,47.15124],[27.58784,47.15143],[27.58779,47.15145],[27.58776,47.15147],[27.58779,47.15154],[27.58812,47.15194],[27.58821,47.15204],[27.58826,47.15214],[27.5883,47.1522],[27.58836,47.15231],[27.58846,47.15254],[27.58843,47.15267],[27.5884,47.15281],[27.58815,47.15307],[27.58808,47.15314],[27.58793,47.15328],[27.58777,47.15344],[27.5875,47.15369],[27.58747,47.15372],[27.58695,47.1542],[27.58661,47.15453],[27.58641,47.15471],[27.58636,47.15476],[27.58622,47.1549],[27.58618,47.15494],[27.58575,47.15535],[27.58568,47.15543],[27.58564,47.15552],[27.58562,47.15554],[27.58545,47.15581],[27.58532,47.156],[27.58508,47.15642],[27.58504,47.1565],[27.5851,47.15733],[27.58512,47.15773],[27.58513,47.15782],[27.58514,47.1581],[27.58518,47.15828],[27.58525,47.15843],[27.58537,47.15858],[27.58554,47.15873],[27.58563,47.1588],[27.58576,47.15887],[27.5859,47.15893],[27.58643,47.15911],[27.58645,47.15912],[27.58715,47.15935],[27.58744,47.15943],[27.58764,47.1595],[27.58781,47.15955],[27.58784,47.15956],[27.58828,47.15969],[27.58866,47.1598],[27.58908,47.15993],[27.58913,47.15995],[27.58983,47.16016],[27.58996,47.1602],[27.59048,47.16036],[27.59088,47.16049],[27.5912,47.16059],[27.59161,47.16071],[27.59174,47.16075],[27.59251,47.16099],[27.59259,47.16101],[27.59262,47.16102],[27.59323,47.16121],[27.59384,47.1614],[27.59423,47.16152],[27.59428,47.16153],[27.59432,47.16155],[27.59436,47.16156],[27.59459,47.16163],[27.59465,47.16165],[27.59493,47.16174],[27.59505,47.16178],[27.59508,47.16179],[27.59504,47.16184],[27.59491,47.16199],[27.5947,47.16233],[27.59468,47.16235],[27.59466,47.16239],[27.59444,47.16271],[27.59367,47.16331],[27.5935,47.16345],[27.59323,47.16358],[27.59317,47.16361],[27.5929,47.16373],[27.59287,47.16375],[27.59195,47.16416],[27.59175,47.16424],[27.59164,47.16427],[27.59153,47.1643],[27.59145,47.16431],[27.59098,47.16429],[27.59088,47.16427],[27.5908,47.16426],[27.59049,47.16421],[27.59042,47.1642],[27.59021,47.16417],[27.58999,47.16414],[27.58971,47.16411],[27.58955,47.16409],[27.58924,47.16404],[27.58899,47.16398],[27.58868,47.1639],[27.58832,47.1638],[27.58812,47.16381],[27.58777,47.16382],[27.58729,47.16385],[27.58689,47.16388],[27.58667,47.1639],[27.58606,47.164],[27.58569,47.16409],[27.58548,47.16415],[27.58516,47.16423],[27.58472,47.16436],[27.58357,47.16476],[27.5834,47.16481],[27.58305,47.16491],[27.58298,47.16493],[27.582365,47.16511],[27.58175,47.16529],[27.58143,47.16538],[27.58097,47.16551],[27.5808,47.16555],[27.58074,47.16557],[27.5804,47.16567],[27.57987,47.16581],[27.57939,47.16594],[27.57913,47.16601],[27.57851,47.16618],[27.57752,47.16644],[27.57731,47.1665],[27.576245,47.166795],[27.57518,47.16709],[27.57499,47.16715],[27.57481,47.16721],[27.57426,47.16737],[27.57381,47.16755],[27.57378,47.16756],[27.57349,47.16768],[27.57301,47.16786],[27.57294,47.16789],[27.5724,47.1681],[27.57229,47.16814],[27.57182,47.16833],[27.57085,47.16871],[27.57035,47.1689],[27.56972,47.16914],[27.56937,47.16927],[27.56924,47.16911],[27.56885,47.16862],[27.56874,47.16854],[27.56866,47.1685],[27.56848,47.16832],[27.56844,47.16828],[27.56798,47.16777],[27.56742,47.16806],[27.56727,47.16814],[27.56658,47.1685],[27.56645,47.16857],[27.565875,47.168875],[27.5653,47.16918],[27.56489,47.16939],[27.56453,47.16958],[27.56384,47.1699],[27.56316,47.170225],[27.56248,47.17055],[27.56205,47.17074],[27.56156,47.17097],[27.56135,47.17107],[27.56119,47.17114],[27.56114,47.17117],[27.56094,47.17126],[27.56082,47.17131],[27.5608,47.17132],[27.5606,47.17141],[27.5601,47.17163],[27.5597,47.1718],[27.55947,47.1719],[27.55911,47.17202],[27.55889,47.17208],[27.5584,47.17219],[27.55805,47.17226],[27.55777,47.17231],[27.55757,47.17235],[27.55722,47.17242],[27.55705,47.17245],[27.5565,47.17256],[27.55638,47.17258],[27.55604,47.17265],[27.55533,47.17279],[27.55465,47.17293],[27.55422,47.17302],[27.55348,47.17317],[27.55335,47.1732],[27.55276,47.17332],[27.55247,47.17338],[27.55232,47.17341],[27.55224,47.17342],[27.5522,47.17343],[27.55211,47.17345],[27.55202,47.17346],[27.55177,47.17351],[27.55165,47.17353],[27.55157,47.17354],[27.5515,47.17355],[27.55127,47.17356],[27.55044,47.17355],[27.54962,47.17352],[27.54923,47.17349],[27.54895,47.17348],[27.54843,47.17345],[27.54823,47.17344],[27.54715,47.17338],[27.54627,47.17333],[27.54612,47.17332],[27.54567,47.1733],[27.54542,47.17329],[27.5452,47.17328],[27.54463,47.17325],[27.54416,47.17323],[27.54401,47.17322],[27.54324,47.17318],[27.54265,47.17314],[27.542,47.1731],[27.54185,47.17309],[27.541105,47.173035],[27.54036,47.17298],[27.53995,47.17295],[27.53952,47.17293],[27.53931,47.17292],[27.53916,47.17291],[27.53904,47.1729],[27.53857,47.17289],[27.53814,47.17288],[27.53764,47.17276],[27.53739,47.1727],[27.53735,47.17265],[27.53733,47.17256],[27.53734,47.17247],[27.53738,47.1724]]},"properties":{"line":"7","dir":"1","mode":"tram"}},{"type":"Feature","geometry":{"type":"LineString","coordinates":[[27.55863,47.19052],[27.55869,47.19049],[27.55874,47.19046],[27.55879,47.19045],[27.55899,47.19033],[27.55919,47.1902],[27.55925,47.19016],[27.55961,47.18974],[27.55997,47.18932],[27.560305,47.18892],[27.56064,47.18852],[27.56095,47.18817],[27.56097,47.18803],[27.56103,47.18791],[27.56111,47.1878],[27.56105,47.18777],[27.56111,47.1878],[27.56122,47.18769],[27.56134,47.18759],[27.5615,47.18751],[27.56194,47.18699],[27.56238,47.18647],[27.56258,47.18624],[27.56273,47.18607],[27.56283,47.18595],[27.56329,47.18538],[27.56387,47.1847],[27.56396,47.1846],[27.56416,47.18438],[27.5642,47.18434],[27.56435,47.18417],[27.56452,47.18397],[27.56476,47.1837],[27.56494,47.18348],[27.56511,47.18327],[27.56522,47.18314],[27.56581,47.18242],[27.56619,47.18198],[27.56657,47.18154],[27.56661,47.1815],[27.5667,47.18138],[27.56683,47.18124],[27.56692,47.18112],[27.56705,47.18097],[27.56707,47.18094],[27.56712,47.18089],[27.56727,47.18071],[27.56739,47.18057],[27.56751,47.18043],[27.56757,47.18036],[27.56763,47.18029],[27.56803,47.1798],[27.56851,47.17923],[27.56862,47.1791],[27.56867,47.17904],[27.56918,47.178425],[27.56969,47.17781],[27.57027,47.1771],[27.57058,47.17675],[27.57115,47.17605],[27.57121,47.17598],[27.57132,47.17584],[27.57139,47.17576],[27.57141,47.17574],[27.57151,47.17562],[27.57157,47.17555],[27.57161,47.1755],[27.57171,47.17538],[27.572,47.17506],[27.57207,47.17497],[27.57225,47.17476],[27.57228,47.17473],[27.57248,47.1745],[27.57255,47.17442],[27.5726,47.17436],[27.57285,47.17406],[27.57295,47.17395],[27.57316,47.17371],[27.57331,47.17353],[27.57351,47.17329],[27.57397,47.172725],[27.57443,47.17216],[27.57508,47.17141],[27.57535,47.17109],[27.57542,47.171],[27.5756,47.17067],[27.57604,47.17012],[27.57614,47.16993],[27.57634,47.16971],[27.57635,47.16965],[27.57637,47.16958],[27.5764,47.16954],[27.57644,47.1695],[27.57664,47.16912],[27.57668,47.16902],[27.57674,47.16887],[27.5768,47.1687],[27.57695,47.1684],[27.57699,47.16832],[27.57704,47.16811],[27.57705,47.16807],[27.57706,47.16804],[27.57708,47.16792],[27.57709,47.16784],[27.57714,47.16758],[27.57719,47.16736],[27.57727,47.16711],[27.57732,47.16703],[27.57748,47.16676],[27.57756,47.1666],[27.57752,47.16644],[27.57851,47.16618],[27.57913,47.16601],[27.57939,47.16594],[27.57987,47.16581],[27.5804,47.16567],[27.58074,47.16557],[27.58077,47.16556],[27.58097,47.16551],[27.58143,47.16538],[27.58175,47.16529],[27.582365,47.16511],[27.58298,47.16493],[27.58305,47.16491],[27.5834,47.16481],[27.58357,47.16476],[27.58472,47.16436],[27.58516,47.16423],[27.58543,47.16416],[27.58548,47.16415],[27.58606,47.164],[27.58667,47.1639],[27.58689,47.16388],[27.58729,47.16385],[27.58777,47.16382],[27.58812,47.16381],[27.58832,47.1638],[27.58868,47.1639],[27.58899,47.16398],[27.58924,47.16404],[27.58955,47.16409],[27.58971,47.16411],[27.58999,47.16414],[27.59021,47.16417],[27.59042,47.1642],[27.59049,47.16421],[27.59075,47.16426],[27.59084,47.16427],[27.59098,47.16429],[27.59132,47.16431],[27.59153,47.1643],[27.59164,47.16427],[27.59175,47.16424],[27.59195,47.16416],[27.59287,47.16375],[27.5929,47.16373],[27.59317,47.16361],[27.59323,47.16358],[27.5935,47.16345],[27.59367,47.16331],[27.59444,47.16271],[27.59466,47.16239],[27.59468,47.16235],[27.5947,47.16233],[27.59491,47.16199],[27.59504,47.16184],[27.59508,47.16179],[27.59522,47.16165],[27.59534,47.16155],[27.59569,47.16126],[27.59632,47.16086],[27.59678,47.16065],[27.59689,47.16061],[27.59701,47.16056],[27.59729,47.16046],[27.59798,47.16017],[27.59813,47.1601],[27.59842,47.15997],[27.59884,47.15976],[27.59912,47.15961],[27.59956,47.15933],[27.59971,47.15922],[27.5998,47.15916],[27.60006,47.15896],[27.60008,47.15895],[27.60036,47.15876],[27.60043,47.15874],[27.60048,47.15873],[27.60059,47.15876],[27.60061,47.15877],[27.60087,47.15884],[27.60108,47.1589],[27.60114,47.15884],[27.60127,47.15871],[27.60169,47.1583],[27.60225,47.15774],[27.60236,47.15763],[27.603,47.15698],[27.60318,47.15681],[27.60331,47.15668],[27.60338,47.15661],[27.60344,47.15655],[27.60355,47.15643],[27.60385,47.15614],[27.60391,47.15608],[27.60394,47.15605],[27.60399,47.15599],[27.60406,47.15592],[27.6041,47.15588],[27.60419,47.15576],[27.60428,47.15562],[27.60433,47.15548],[27.60435,47.15533],[27.60438,47.15521],[27.60437,47.15508],[27.60435,47.15494],[27.60432,47.15484],[27.60427,47.15469],[27.60426,47.15467],[27.60419,47.15444],[27.60418,47.15439],[27.60404,47.15394],[27.60402,47.15386],[27.60398,47.15375],[27.60395,47.15364],[27.60394,47.1536],[27.603765,47.153035],[27.60359,47.15247],[27.60358,47.15242],[27.60356,47.15235],[27.60352,47.15221],[27.60349,47.15213],[27.60332,47.15156],[27.60328,47.15142],[27.60319,47.15113],[27.60301,47.15052],[27.60299,47.15045],[27.60286,47.15001],[27.60282,47.14989],[27.60268,47.14939],[27.60262,47.14918],[27.60256,47.14896],[27.60239,47.14841],[27.60237,47.14832],[27.60231,47.14816],[27.6023,47.14812],[27.60252,47.14809],[27.60301,47.14802],[27.60317,47.148],[27.60332,47.14798],[27.60348,47.14796],[27.60347,47.14791],[27.60346,47.14788],[27.60345,47.14782],[27.60453,47.14766],[27.60569,47.14751],[27.60612,47.14744],[27.60703,47.1473],[27.607755,47.14719],[27.60848,47.14708],[27.60901,47.147],[27.60932,47.14696],[27.60956,47.14692],[27.6097,47.1469],[27.61017,47.14683],[27.61026,47.14682],[27.61057,47.14678],[27.6107,47.14676],[27.612875,47.146465],[27.61505,47.14617],[27.61635,47.14599],[27.61765,47.14581],[27.61886,47.14562],[27.61897,47.14561],[27.61901,47.1456],[27.61912,47.14559],[27.61957,47.14552],[27.62048,47.14539],[27.62068,47.14536],[27.622125,47.145165],[27.62357,47.14497],[27.624395,47.14485],[27.62522,47.14473],[27.62616,47.1446],[27.626995,47.14448],[27.62783,47.14436],[27.628655,47.144245],[27.62948,47.14413],[27.62958,47.14412],[27.63028,47.14402],[27.631025,47.14391],[27.63177,47.1438],[27.6325,47.1437],[27.633245,47.143595],[27.63399,47.14349],[27.63422,47.14345],[27.63508,47.14333],[27.63544,47.14328],[27.63545,47.14333],[27.63544,47.14328],[27.63649,47.14324],[27.637495,47.14325],[27.6385,47.14326],[27.63945,47.14328],[27.64013,47.1433],[27.641255,47.143325],[27.64238,47.14335],[27.64289,47.14336],[27.64339,47.14337]]},"properties":{"line":"8","dir":"0","mode":"tram"}},{"type":"Feature","geometry":{"type":"LineString","coordinates":[[27.64251,47.14345],[27.64198,47.14344],[27.64105,47.14343],[27.64012,47.14342],[27.63944,47.14341],[27.63849,47.1434],[27.63749,47.14339],[27.63649,47.14338],[27.63594,47.14341],[27.63549,47.14343],[27.63511,47.14348],[27.63427,47.1436],[27.633045,47.14377],[27.63182,47.14394],[27.631075,47.14405],[27.63033,47.14416],[27.62985,47.14422],[27.628435,47.144425],[27.62702,47.14463],[27.62619,47.14475],[27.62526,47.14488],[27.624435,47.144995],[27.62361,47.14511],[27.62347,47.14513],[27.62235,47.14529],[27.62151,47.14541],[27.62112,47.14546],[27.62073,47.14551],[27.61962,47.14567],[27.61938,47.1457],[27.61906,47.14575],[27.618375,47.145845],[27.61769,47.14594],[27.61717,47.14602],[27.61633,47.14614],[27.61606,47.14617],[27.61498,47.146325],[27.6139,47.14648],[27.61367,47.14651],[27.612585,47.146665],[27.6115,47.14682],[27.61114,47.14687],[27.61086,47.14691],[27.61075,47.14693],[27.61037,47.14698],[27.61009,47.14702],[27.60985,47.14705],[27.60911,47.14716],[27.60899,47.14718],[27.60834,47.14727],[27.6076,47.14737],[27.60722,47.14743],[27.60616,47.14758],[27.60574,47.14764],[27.60456,47.1478],[27.60348,47.14796],[27.60332,47.14798],[27.60317,47.148],[27.60301,47.14802],[27.60291,47.14804],[27.60252,47.14809],[27.6023,47.14812],[27.60237,47.14832],[27.60239,47.14841],[27.60256,47.14896],[27.60268,47.14939],[27.60274,47.14959],[27.60282,47.14989],[27.60286,47.15001],[27.60299,47.15045],[27.60301,47.15052],[27.60319,47.15113],[27.60328,47.15142],[27.60332,47.15156],[27.60349,47.15213],[27.60352,47.15221],[27.60356,47.15235],[27.60358,47.15242],[27.60359,47.15247],[27.603765,47.153035],[27.60394,47.1536],[27.60395,47.15364],[27.60398,47.15375],[27.60402,47.15386],[27.60404,47.15394],[27.60418,47.15439],[27.60419,47.15444],[27.60426,47.15467],[27.60427,47.15469],[27.60432,47.15484],[27.60435,47.15494],[27.60437,47.15508],[27.60438,47.15521],[27.60435,47.15533],[27.60433,47.15548],[27.60428,47.15562],[27.60419,47.15576],[27.6041,47.15588],[27.60406,47.15592],[27.60399,47.15599],[27.60394,47.15605],[27.60391,47.15608],[27.60385,47.15614],[27.60355,47.15643],[27.60344,47.15655],[27.60339,47.1566],[27.60331,47.15668],[27.60318,47.15681],[27.603,47.15698],[27.60236,47.15763],[27.60225,47.15774],[27.60169,47.1583],[27.60127,47.15871],[27.60114,47.15884],[27.60108,47.1589],[27.60089,47.15884],[27.60061,47.15877],[27.60059,47.15876],[27.60048,47.15873],[27.60043,47.15874],[27.60036,47.15876],[27.60006,47.15896],[27.60005,47.15897],[27.5998,47.15916],[27.59971,47.15922],[27.59956,47.15933],[27.59912,47.15961],[27.59884,47.15976],[27.59842,47.15997],[27.59813,47.1601],[27.59798,47.16017],[27.59729,47.16046],[27.59701,47.16056],[27.59689,47.16061],[27.59678,47.16065],[27.59632,47.16086],[27.59569,47.16126],[27.59534,47.16155],[27.59522,47.16165],[27.59508,47.16179],[27.59504,47.16184],[27.59491,47.16199],[27.5947,47.16233],[27.59468,47.16235],[27.59466,47.16239],[27.59444,47.16271],[27.59367,47.16331],[27.5935,47.16345],[27.59323,47.16358],[27.59317,47.16361],[27.5929,47.16373],[27.59287,47.16375],[27.59195,47.16416],[27.59175,47.16424],[27.59164,47.16427],[27.59153,47.1643],[27.59145,47.16431],[27.59098,47.16429],[27.59088,47.16427],[27.5908,47.16426],[27.59049,47.16421],[27.59042,47.1642],[27.59021,47.16417],[27.58999,47.16414],[27.58971,47.16411],[27.58955,47.16409],[27.58924,47.16404],[27.58899,47.16398],[27.58868,47.1639],[27.58832,47.1638],[27.58812,47.16381],[27.58777,47.16382],[27.58729,47.16385],[27.58689,47.16388],[27.58667,47.1639],[27.58606,47.164],[27.58569,47.16409],[27.58548,47.16415],[27.58516,47.16423],[27.58472,47.16436],[27.58357,47.16476],[27.5834,47.16481],[27.58305,47.16491],[27.58298,47.16493],[27.582365,47.16511],[27.58175,47.16529],[27.58143,47.16538],[27.58097,47.16551],[27.5808,47.16555],[27.58074,47.16557],[27.5804,47.16567],[27.57987,47.16581],[27.57939,47.16594],[27.57913,47.16601],[27.57851,47.16618],[27.57752,47.16644],[27.57756,47.16654],[27.57748,47.16676],[27.57732,47.16703],[27.57727,47.16711],[27.57719,47.16736],[27.57714,47.16754],[27.57709,47.16784],[27.57708,47.16792],[27.57706,47.16799],[27.57705,47.16807],[27.57704,47.16811],[27.57699,47.16832],[27.57695,47.1684],[27.57683,47.16865],[27.5768,47.1687],[27.57668,47.16902],[27.57664,47.16912],[27.57644,47.1695],[27.5764,47.16954],[27.57637,47.16958],[27.57635,47.16964],[27.57634,47.16971],[27.57614,47.16993],[27.57604,47.17012],[27.5756,47.17067],[27.57542,47.171],[27.57535,47.17109],[27.57508,47.17141],[27.57443,47.17216],[27.57397,47.172725],[27.57351,47.17329],[27.57331,47.17353],[27.57316,47.17371],[27.57295,47.17395],[27.57285,47.17406],[27.5726,47.17436],[27.57255,47.17442],[27.57248,47.1745],[27.57228,47.17473],[27.57225,47.17476],[27.572,47.17506],[27.57172,47.17537],[27.57171,47.17538],[27.57161,47.1755],[27.57157,47.17555],[27.57151,47.17562],[27.57141,47.17574],[27.57139,47.17576],[27.57132,47.17584],[27.57121,47.17598],[27.57115,47.17605],[27.57058,47.17675],[27.57027,47.1771],[27.56969,47.17781],[27.56918,47.178425],[27.56867,47.17904],[27.56862,47.1791],[27.56851,47.17923],[27.56803,47.1798],[27.56763,47.18029],[27.56757,47.18036],[27.56751,47.18043],[27.56727,47.18071],[27.5672,47.1808],[27.56712,47.18089],[27.56707,47.18094],[27.56705,47.18097],[27.56692,47.18112],[27.56683,47.18124],[27.5667,47.18138],[27.56661,47.1815],[27.56657,47.18154],[27.56619,47.18198],[27.56581,47.18242],[27.56522,47.18314],[27.56511,47.18327],[27.56494,47.18348],[27.56493,47.1835],[27.56476,47.1837],[27.56452,47.18397],[27.56435,47.18417],[27.5642,47.18434],[27.56416,47.18438],[27.56387,47.1847],[27.56329,47.18538],[27.56308,47.18564],[27.56283,47.18595],[27.56273,47.18607],[27.56258,47.18624],[27.56204,47.186875],[27.5615,47.18751],[27.56147,47.18764],[27.56141,47.18777],[27.56133,47.18789],[27.56123,47.188],[27.5611,47.18809],[27.56095,47.18817],[27.56064,47.18852],[27.560305,47.18892],[27.55997,47.18932],[27.55961,47.18974],[27.55925,47.19016],[27.55922,47.19021],[27.55918,47.19031],[27.55916,47.1904],[27.55914,47.19049],[27.55913,47.1907],[27.55909,47.19075],[27.55904,47.19079],[27.55909,47.19075],[27.55913,47.1907],[27.55914,47.19065],[27.55916,47.1904],[27.55918,47.19031],[27.55922,47.19021],[27.55925,47.19016],[27.55919,47.1902],[27.55899,47.19033],[27.55879,47.19045],[27.55874,47.19046],[27.55869,47.19049],[27.55863,47.19052]]},"properties":{"line":"8","dir":"1","mode":"tram"}},{"type":"Feature","geometry":{"type":"LineString","coordinates":[[27.55863,47.19052],[27.55869,47.19049],[27.55874,47.19046],[27.55879,47.19045],[27.55899,47.19033],[27.55919,47.1902],[27.55925,47.19016],[27.55961,47.18974],[27.55997,47.18932],[27.560305,47.18892],[27.56064,47.18852],[27.56095,47.18817],[27.5611,47.18809],[27.56123,47.188],[27.56133,47.18789],[27.56141,47.18777],[27.56147,47.18764],[27.5615,47.18751],[27.56194,47.18699],[27.56238,47.18647],[27.56258,47.18624],[27.56273,47.18607],[27.56283,47.18595],[27.56329,47.18538],[27.56387,47.1847],[27.56396,47.1846],[27.56416,47.18438],[27.5642,47.18434],[27.56435,47.18417],[27.56452,47.18397],[27.56476,47.1837],[27.56494,47.18348],[27.56511,47.18327],[27.56522,47.18314],[27.56581,47.18242],[27.56619,47.18198],[27.56657,47.18154],[27.56661,47.1815],[27.5667,47.18138],[27.56683,47.18124],[27.56692,47.18112],[27.56705,47.18097],[27.56707,47.18094],[27.56712,47.18089],[27.56727,47.18071],[27.56739,47.18057],[27.56751,47.18043],[27.56757,47.18036],[27.56763,47.18029],[27.56803,47.1798],[27.56851,47.17923],[27.56862,47.1791],[27.56867,47.17904],[27.56918,47.178425],[27.56969,47.17781],[27.57027,47.1771],[27.57058,47.17675],[27.57115,47.17605],[27.57121,47.17598],[27.57132,47.17584],[27.57139,47.17576],[27.57141,47.17574],[27.57151,47.17562],[27.57157,47.17555],[27.57161,47.1755],[27.57171,47.17538],[27.572,47.17506],[27.57207,47.17497],[27.57225,47.17476],[27.57228,47.17473],[27.57248,47.1745],[27.57255,47.17442],[27.5726,47.17436],[27.57285,47.17406],[27.57295,47.17395],[27.57316,47.17371],[27.57331,47.17353],[27.57351,47.17329],[27.57397,47.172725],[27.57443,47.17216],[27.57508,47.17141],[27.57535,47.17109],[27.57542,47.171],[27.5756,47.17067],[27.57604,47.17012],[27.57614,47.16993],[27.57634,47.16971],[27.57635,47.16965],[27.57637,47.16958],[27.5764,47.16954],[27.57644,47.1695],[27.57664,47.16912],[27.57668,47.16902],[27.57674,47.16887],[27.5768,47.1687],[27.57695,47.1684],[27.57699,47.16832],[27.57704,47.16811],[27.57705,47.16807],[27.57706,47.16804],[27.57708,47.16792],[27.57709,47.16784],[27.57714,47.16758],[27.57719,47.16736],[27.57727,47.16711],[27.57732,47.16703],[27.57748,47.16676],[27.57756,47.1666],[27.57752,47.16644],[27.57851,47.16618],[27.57913,47.16601],[27.57939,47.16594],[27.57987,47.16581],[27.5804,47.16567],[27.58074,47.16557],[27.58077,47.16556],[27.58097,47.16551],[27.58143,47.16538],[27.58175,47.16529],[27.582365,47.16511],[27.58298,47.16493],[27.58305,47.16491],[27.5834,47.16481],[27.58357,47.16476],[27.58472,47.16436],[27.58516,47.16423],[27.58543,47.16416],[27.58548,47.16415],[27.58606,47.164],[27.58667,47.1639],[27.58689,47.16388],[27.58729,47.16385],[27.58777,47.16382],[27.58812,47.16381],[27.58832,47.1638],[27.58868,47.1639],[27.58899,47.16398],[27.58924,47.16404],[27.58955,47.16409],[27.58971,47.16411],[27.58999,47.16414],[27.59021,47.16417],[27.59042,47.1642],[27.59049,47.16421],[27.59075,47.16426],[27.59084,47.16427],[27.59098,47.16429],[27.59132,47.16431],[27.59153,47.1643],[27.59164,47.16427],[27.59175,47.16424],[27.59195,47.16416],[27.59287,47.16375],[27.5929,47.16373],[27.59317,47.16361],[27.59323,47.16358],[27.5935,47.16345],[27.59367,47.16331],[27.59444,47.16271],[27.59466,47.16239],[27.59468,47.16235],[27.5947,47.16233],[27.59472,47.16213],[27.59473,47.16209],[27.59475,47.16197],[27.59473,47.16187],[27.59465,47.16165],[27.59459,47.16163],[27.59436,47.16156],[27.59432,47.16155],[27.59428,47.16153],[27.59423,47.16152],[27.59384,47.1614],[27.59323,47.16121],[27.59262,47.16102],[27.59259,47.16101],[27.59251,47.16099],[27.59174,47.16075],[27.59161,47.16071],[27.5912,47.16059],[27.59088,47.16049],[27.59048,47.16036],[27.58996,47.1602],[27.58983,47.16016],[27.58913,47.15995],[27.58908,47.15993],[27.58866,47.1598],[27.58828,47.15969],[27.58781,47.15955],[27.58764,47.1595],[27.58744,47.15943],[27.58733,47.1594],[27.58715,47.15935],[27.58643,47.15911],[27.5859,47.15893],[27.58576,47.15887],[27.58563,47.1588],[27.58559,47.15882],[27.58563,47.1588],[27.58554,47.15873],[27.58537,47.15858],[27.58525,47.15843],[27.58518,47.15828],[27.58514,47.1581],[27.58513,47.15786],[27.58512,47.15773],[27.5851,47.15733],[27.58504,47.15654],[27.58508,47.15642],[27.58532,47.156],[27.58545,47.15581],[27.58562,47.15554],[27.58564,47.15552],[27.58568,47.15543],[27.58575,47.15535],[27.58618,47.15494],[27.58622,47.1549],[27.58636,47.15476],[27.58641,47.15471],[27.58661,47.15453],[27.58695,47.1542],[27.58747,47.15372],[27.5875,47.15369],[27.58777,47.15344],[27.58793,47.15328],[27.58808,47.15314],[27.58813,47.15298],[27.58817,47.15286],[27.58814,47.15255],[27.58811,47.15247],[27.58802,47.15232],[27.58797,47.15225],[27.5879,47.15217],[27.5878,47.15207],[27.58738,47.1516],[27.58722,47.15148],[27.58718,47.15145],[27.58713,47.15143],[27.58709,47.15138],[27.58705,47.15134],[27.58702,47.15129],[27.587,47.15122],[27.58701,47.15114],[27.58702,47.15112],[27.58697,47.151],[27.58691,47.15087],[27.58676,47.1507],[27.58669,47.15061],[27.58653,47.15042],[27.58646,47.15033],[27.58638,47.15024],[27.58605,47.14984],[27.58598,47.14976],[27.58594,47.14971],[27.58577,47.1495],[27.58568,47.1494],[27.58549,47.14917],[27.58521,47.14882],[27.58505,47.14864],[27.58485,47.14842],[27.58479,47.14835],[27.58474,47.1483],[27.58436,47.14784],[27.58398,47.14738],[27.58376,47.14713],[27.582615,47.14577],[27.58147,47.14441],[27.58114,47.14401],[27.58108,47.14393],[27.58098,47.1438],[27.58087,47.14365],[27.5808,47.14355],[27.58056,47.14321],[27.58044,47.14301],[27.5803,47.14272],[27.5801,47.14226],[27.57985,47.14156],[27.57973,47.14119],[27.57951,47.14065],[27.57939,47.1404],[27.57928,47.14016],[27.57912,47.13991],[27.57894,47.13972],[27.5787,47.13948],[27.57863,47.13942],[27.57847,47.1393],[27.57836,47.13921],[27.57785,47.13881],[27.57753,47.13855],[27.57705,47.13816],[27.5767,47.13788],[27.57606,47.13738],[27.575595,47.137005],[27.57513,47.13663],[27.57499,47.13652],[27.574535,47.136165],[27.57408,47.13581],[27.57374,47.13555],[27.57346,47.13528],[27.57315,47.13494],[27.57294,47.13468],[27.57275,47.13443],[27.57266,47.13431],[27.57255,47.13414],[27.57244,47.13399],[27.57203,47.13339],[27.5719,47.1332],[27.57152,47.13265],[27.57113,47.13209],[27.57072,47.1315],[27.57067,47.13143],[27.57059,47.13131],[27.570195,47.130755],[27.5698,47.1302],[27.56925,47.12942],[27.5691,47.12921],[27.56898,47.12903],[27.56853,47.128405],[27.56808,47.12778],[27.56805,47.12774],[27.56779,47.12736],[27.56759,47.12708],[27.56743,47.12683],[27.56732,47.12654],[27.56727,47.12636],[27.56725,47.12599],[27.56726,47.12527],[27.56728,47.12468],[27.56727,47.12443],[27.56725,47.12418],[27.56721,47.124],[27.56706,47.12357],[27.56724,47.12375],[27.56736,47.12395]]},"properties":{"line":"9","dir":"0","mode":"tram"}},{"type":"Feature","geometry":{"type":"LineString","coordinates":[[27.56724,47.12375],[27.56736,47.12395],[27.56737,47.12397],[27.56741,47.1241],[27.56744,47.1242],[27.56746,47.12443],[27.56747,47.1245],[27.56745,47.12534],[27.56743,47.12574],[27.56745,47.12626],[27.56754,47.12663],[27.56775,47.12699],[27.56788,47.12718],[27.56826,47.12772],[27.56828,47.12775],[27.56841,47.12793],[27.5688,47.12846],[27.56916,47.12897],[27.56937,47.12926],[27.56968,47.12971],[27.56999,47.13016],[27.570415,47.130765],[27.57084,47.13137],[27.57147,47.13226],[27.5721,47.13315],[27.57219,47.13328],[27.57251,47.13374],[27.57257,47.13381],[27.57291,47.13432],[27.57304,47.13451],[27.57321,47.13476],[27.57359,47.13518],[27.57367,47.13527],[27.57397,47.13554],[27.57443,47.13589],[27.57527,47.13655],[27.57541,47.13666],[27.5759,47.137045],[27.57639,47.13743],[27.57648,47.1375],[27.57694,47.13786],[27.5774,47.13822],[27.57741,47.13824],[27.57765,47.13842],[27.57813,47.13883],[27.57867,47.13924],[27.57883,47.13938],[27.5791,47.13964],[27.57919,47.13974],[27.57938,47.13998],[27.5796,47.14038],[27.57964,47.14047],[27.57969,47.1406],[27.57988,47.1411],[27.5802,47.14195],[27.58028,47.14218],[27.58031,47.14225],[27.58033,47.14231],[27.58039,47.14248],[27.5804,47.14249],[27.58065,47.14304],[27.58067,47.14307],[27.5809,47.14341],[27.58093,47.14346],[27.58132,47.14395],[27.58166,47.14435],[27.58278,47.14568],[27.5839,47.14701],[27.58415,47.14731],[27.584535,47.14777],[27.58492,47.14823],[27.58502,47.14835],[27.58536,47.14877],[27.58547,47.14889],[27.58564,47.1491],[27.58593,47.14944],[27.58597,47.14949],[27.58621,47.14977],[27.58648,47.15009],[27.58655,47.15016],[27.58668,47.15031],[27.58686,47.15054],[27.58696,47.15065],[27.58708,47.15079],[27.58716,47.15085],[27.58731,47.1509],[27.58736,47.15089],[27.58743,47.15088],[27.58759,47.15089],[27.58764,47.1509],[27.58773,47.15093],[27.5878,47.15096],[27.58786,47.15099],[27.58794,47.15107],[27.58796,47.15116],[27.58795,47.15127],[27.58792,47.15133],[27.58789,47.15137],[27.58788,47.15138],[27.58787,47.15139],[27.58784,47.15143],[27.58779,47.15145],[27.58776,47.15147],[27.58779,47.15154],[27.58812,47.15194],[27.58821,47.15204],[27.58826,47.15214],[27.5883,47.1522],[27.58836,47.15231],[27.58846,47.15254],[27.58843,47.15267],[27.5884,47.15281],[27.58815,47.15307],[27.58808,47.15314],[27.58793,47.15328],[27.58777,47.15344],[27.5875,47.15369],[27.58747,47.15372],[27.58695,47.1542],[27.58661,47.15453],[27.58641,47.15471],[27.58636,47.15476],[27.58622,47.1549],[27.58618,47.15494],[27.58629,47.15498],[27.58618,47.15494],[27.58575,47.15535],[27.58568,47.15543],[27.58564,47.15552],[27.58562,47.15554],[27.58545,47.15581],[27.58532,47.156],[27.58527,47.15609],[27.58508,47.15642],[27.58504,47.1565],[27.5851,47.15733],[27.58512,47.15773],[27.58513,47.15782],[27.58514,47.1581],[27.58518,47.15828],[27.58525,47.15843],[27.58537,47.15858],[27.58554,47.15873],[27.58563,47.1588],[27.58576,47.15887],[27.5859,47.15893],[27.58643,47.15911],[27.58715,47.15935],[27.58744,47.15943],[27.58764,47.1595],[27.58773,47.15934],[27.58775,47.15931],[27.58776,47.15929],[27.58775,47.15931],[27.58773,47.15934],[27.58764,47.1595],[27.58781,47.15955],[27.58828,47.15969],[27.58866,47.1598],[27.58908,47.15993],[27.58913,47.15995],[27.58983,47.16016],[27.58996,47.1602],[27.59048,47.16036],[27.59088,47.16049],[27.5912,47.16059],[27.59161,47.16071],[27.59174,47.16075],[27.59251,47.16099],[27.59259,47.16101],[27.59262,47.16102],[27.59323,47.16121],[27.59384,47.1614],[27.59423,47.16152],[27.59428,47.16153],[27.59432,47.16155],[27.59436,47.16156],[27.59459,47.16163],[27.59465,47.16165],[27.59473,47.16187],[27.59475,47.16197],[27.59472,47.16213],[27.5947,47.16233],[27.59468,47.16235],[27.59466,47.16239],[27.59444,47.16271],[27.59367,47.16331],[27.5935,47.16345],[27.59323,47.16358],[27.59317,47.16361],[27.5929,47.16373],[27.59287,47.16375],[27.59195,47.16416],[27.59175,47.16424],[27.59164,47.16427],[27.59153,47.1643],[27.59145,47.16431],[27.59098,47.16429],[27.59088,47.16427],[27.5908,47.16426],[27.59049,47.16421],[27.59042,47.1642],[27.59021,47.16417],[27.58999,47.16414],[27.58971,47.16411],[27.58955,47.16409],[27.58924,47.16404],[27.58899,47.16398],[27.58868,47.1639],[27.58832,47.1638],[27.58812,47.16381],[27.58777,47.16382],[27.58729,47.16385],[27.58689,47.16388],[27.58667,47.1639],[27.58606,47.164],[27.58569,47.16409],[27.58548,47.16415],[27.58516,47.16423],[27.58472,47.16436],[27.58357,47.16476],[27.5834,47.16481],[27.58305,47.16491],[27.58298,47.16493],[27.582365,47.16511],[27.58175,47.16529],[27.58143,47.16538],[27.58097,47.16551],[27.5808,47.16555],[27.58074,47.16557],[27.5804,47.16567],[27.57987,47.16581],[27.57939,47.16594],[27.57913,47.16601],[27.57851,47.16618],[27.57752,47.16644],[27.57756,47.16654],[27.57748,47.16676],[27.57732,47.16703],[27.57727,47.16711],[27.57719,47.16736],[27.57714,47.16754],[27.57709,47.16784],[27.57708,47.16792],[27.57706,47.16799],[27.57705,47.16807],[27.57704,47.16811],[27.57699,47.16832],[27.57695,47.1684],[27.57682,47.16867],[27.5768,47.1687],[27.57668,47.16902],[27.57664,47.16912],[27.57644,47.1695],[27.5764,47.16954],[27.57637,47.16958],[27.57635,47.16964],[27.57634,47.16971],[27.57614,47.16993],[27.57604,47.17012],[27.5756,47.17067],[27.57542,47.171],[27.57535,47.17109],[27.57508,47.17141],[27.57443,47.17216],[27.57397,47.172725],[27.57351,47.17329],[27.57331,47.17353],[27.57316,47.17371],[27.57295,47.17395],[27.57285,47.17406],[27.5726,47.17436],[27.57255,47.17442],[27.57263,47.17446],[27.57247,47.17466],[27.57238,47.17476],[27.57182,47.1754],[27.57151,47.17575],[27.5715,47.17576],[27.57141,47.17574],[27.57139,47.17576],[27.57132,47.17584],[27.57121,47.17598],[27.57115,47.17605],[27.57058,47.17675],[27.57027,47.1771],[27.56969,47.17781],[27.56918,47.178425],[27.56867,47.17904],[27.56862,47.1791],[27.56851,47.17923],[27.56803,47.1798],[27.56763,47.18029],[27.56757,47.18036],[27.56751,47.18043],[27.56727,47.18071],[27.56722,47.18077],[27.56712,47.18089],[27.56707,47.18094],[27.56705,47.18097],[27.56692,47.18112],[27.56683,47.18124],[27.5667,47.18138],[27.56661,47.1815],[27.56657,47.18154],[27.56619,47.18198],[27.56581,47.18242],[27.56522,47.18314],[27.56511,47.18327],[27.56494,47.18348],[27.56493,47.1835],[27.56476,47.1837],[27.56452,47.18397],[27.56435,47.18417],[27.5642,47.18434],[27.56416,47.18438],[27.56387,47.1847],[27.56329,47.18538],[27.56308,47.18564],[27.56283,47.18595],[27.56273,47.18607],[27.56258,47.18624],[27.56204,47.186875],[27.5615,47.18751],[27.56147,47.18764],[27.56141,47.18777],[27.56133,47.18789],[27.56123,47.188],[27.5611,47.18809],[27.56095,47.18817],[27.56064,47.18852],[27.560305,47.18892],[27.55997,47.18932],[27.55961,47.18974],[27.55925,47.19016],[27.55922,47.19021],[27.55918,47.19031],[27.55916,47.1904],[27.55914,47.19049],[27.55913,47.1907],[27.55909,47.19075],[27.55904,47.19079]]},"properties":{"line":"9","dir":"1","mode":"tram"}},{"type":"Feature","geometry":{"type":"LineString","coordinates":[[27.54025,47.16933],[27.5405,47.16908],[27.54106,47.16854],[27.54118,47.16844],[27.54136,47.16829],[27.54159,47.16811],[27.54199,47.16779],[27.54253,47.16735],[27.54307,47.16691],[27.54326,47.16681],[27.5435,47.16673],[27.54374,47.16672],[27.54416,47.16673],[27.54518,47.16674],[27.5462,47.16675],[27.54714,47.166755],[27.54808,47.16676],[27.549565,47.166765],[27.55105,47.16677],[27.553195,47.166775],[27.55534,47.16678],[27.55635,47.16675],[27.55695,47.16674],[27.55709,47.16671],[27.55713,47.16667],[27.55718,47.16663],[27.55727,47.16661],[27.55735,47.16662],[27.55745,47.16665],[27.55759,47.16662],[27.55865,47.16612],[27.55882,47.16607],[27.55923,47.16587],[27.56034,47.16533],[27.56145,47.16479],[27.56161,47.16472],[27.5618,47.16463],[27.56182,47.16461],[27.562915,47.16408],[27.56401,47.16355],[27.5642,47.16345],[27.56434,47.16339],[27.56476,47.16318],[27.56482,47.16315],[27.56495,47.16309],[27.565505,47.16282],[27.56606,47.16255],[27.56679,47.16219],[27.56687,47.16216],[27.56698,47.1621],[27.56711,47.16204],[27.56718,47.16201],[27.56801,47.161755],[27.56884,47.1615],[27.56901,47.16145],[27.56936,47.16134],[27.56954,47.16128],[27.57002,47.16114],[27.57046,47.161],[27.57074,47.16093],[27.57101,47.1609],[27.57124,47.16089],[27.57218,47.1609],[27.57312,47.16091],[27.57335,47.16089],[27.5736,47.16085],[27.57386,47.16078],[27.57419,47.16065],[27.57446,47.16051],[27.57467,47.16035],[27.57476,47.16025],[27.57484,47.16016],[27.57495,47.15993],[27.57508,47.15976],[27.57515,47.15964],[27.57521,47.15953],[27.57524,47.15944],[27.57522,47.15933],[27.57516,47.15925],[27.57514,47.15923],[27.57509,47.15918],[27.57503,47.15914],[27.57497,47.15911],[27.57492,47.1591],[27.57487,47.15914],[27.57492,47.1591],[27.57481,47.15907],[27.57474,47.15902],[27.57468,47.15897],[27.57464,47.15891],[27.57462,47.15884],[27.57463,47.15878],[27.57465,47.15871],[27.5747,47.15865],[27.57475,47.15861],[27.57478,47.15859],[27.57489,47.15848],[27.57498,47.15837],[27.57503,47.15826],[27.57505,47.15819],[27.57504,47.15807],[27.57503,47.15796],[27.57499,47.15778],[27.57498,47.1577],[27.57476,47.15725],[27.57471,47.15716],[27.57464,47.15704],[27.57461,47.15699],[27.57453,47.15684],[27.57451,47.15681],[27.57446,47.15673],[27.57444,47.15669],[27.57426,47.1564],[27.57417,47.15625],[27.57407,47.15609],[27.57381,47.1556],[27.5737,47.15531],[27.57362,47.15501],[27.57357,47.15473],[27.57356,47.15444],[27.57357,47.15419],[27.5736,47.15399],[27.57362,47.15385],[27.57371,47.1536],[27.57376,47.15346],[27.5739,47.15315],[27.57399,47.15298],[27.5743,47.15258],[27.57476,47.15216],[27.57537,47.15175],[27.57597,47.151315],[27.57657,47.15088],[27.57725,47.15039],[27.5774,47.15029],[27.57748,47.15023],[27.57753,47.15019],[27.57767,47.15009],[27.57811,47.14977],[27.57821,47.14971],[27.57858,47.14944],[27.57865,47.1494],[27.57869,47.14937],[27.57871,47.14936],[27.57872,47.14935],[27.57874,47.14934],[27.57877,47.14932],[27.57885,47.14926],[27.57892,47.14922],[27.57898,47.14918],[27.57977,47.14868],[27.58056,47.14818],[27.58084,47.14801],[27.58095,47.14794],[27.58118,47.14779],[27.58127,47.14774],[27.58154,47.14758],[27.58194,47.14735],[27.58195,47.14734],[27.58203,47.14729],[27.58219,47.14719],[27.58224,47.14717],[27.58258,47.14696],[27.58272,47.1469],[27.58285,47.14683],[27.58319,47.14669],[27.58369,47.14647],[27.58418,47.1463],[27.58444,47.14622],[27.58453,47.1462],[27.58471,47.14616],[27.58495,47.14613],[27.58507,47.14612],[27.58523,47.14611],[27.58567,47.1461],[27.5861,47.14609],[27.58682,47.14608],[27.58731,47.14607],[27.58815,47.14606],[27.58835,47.14607],[27.58863,47.14608],[27.58892,47.1461],[27.58907,47.14611],[27.58928,47.14614],[27.58966,47.14621],[27.59004,47.14633],[27.5902,47.14637],[27.59025,47.1464],[27.59034,47.14643],[27.59051,47.14651],[27.59098,47.14674],[27.59146,47.14706],[27.59177,47.14726],[27.59209,47.14746],[27.59245,47.14772],[27.59267,47.14788],[27.59279,47.14798],[27.59309,47.14819],[27.59322,47.14829],[27.59391,47.1488],[27.59421,47.14902],[27.5944,47.14917],[27.59444,47.1492],[27.59448,47.14922],[27.59453,47.14921],[27.59459,47.1492],[27.59505,47.14908],[27.59544,47.14897],[27.59619,47.14884],[27.597495,47.148655],[27.5988,47.14847],[27.59885,47.14846],[27.599895,47.148315],[27.60094,47.14817],[27.60102,47.14815],[27.60143,47.1481],[27.60172,47.14806],[27.60217,47.148],[27.60225,47.14798],[27.6024,47.14796],[27.60326,47.14784],[27.60345,47.14782],[27.60453,47.14766],[27.60569,47.14751],[27.60612,47.14744],[27.60703,47.1473],[27.60779,47.147185],[27.60855,47.14707],[27.60901,47.147],[27.60932,47.14696],[27.60956,47.14692],[27.6097,47.1469],[27.61017,47.14683],[27.61026,47.14682],[27.61057,47.14678],[27.6107,47.14676],[27.612875,47.146465],[27.61505,47.14617],[27.61635,47.14599],[27.61765,47.14581],[27.61884,47.14563],[27.61886,47.14562],[27.61901,47.1456],[27.61903,47.14566],[27.61906,47.14575],[27.61938,47.1457],[27.61962,47.14567],[27.61968,47.1459],[27.61969,47.14592],[27.61976,47.14616],[27.61979,47.14624],[27.61989,47.14658],[27.62005,47.14709],[27.62021,47.14762],[27.6203,47.14793],[27.62035,47.14792],[27.6203,47.14793],[27.62036,47.14814],[27.62039,47.14822],[27.62042,47.14833],[27.62044,47.14841],[27.62045,47.14844],[27.62052,47.14868],[27.620695,47.14926],[27.62087,47.14984],[27.62094,47.15007],[27.62103,47.15035],[27.62106,47.15047],[27.62111,47.15063],[27.62119,47.1509],[27.62123,47.15102],[27.62138,47.15149],[27.62141,47.15159],[27.62154,47.15203],[27.62157,47.15213],[27.62163,47.15233],[27.62175,47.15263],[27.62182,47.15275],[27.6219,47.15283],[27.62207,47.15294],[27.62221,47.15303],[27.62233,47.1531],[27.62237,47.15313],[27.62274,47.15324],[27.623,47.1533],[27.62307,47.15331],[27.62317,47.15334],[27.62359,47.15343],[27.6239,47.1535],[27.62395,47.15352],[27.6241,47.15355],[27.62433,47.1536],[27.6246,47.15368],[27.62488,47.15382],[27.62503,47.15395],[27.62515,47.15407],[27.62526,47.1542],[27.62537,47.15435],[27.62543,47.1545],[27.62545,47.15465],[27.6254,47.15499],[27.62535,47.15508],[27.62523,47.15523],[27.62508,47.15542],[27.6249,47.15555],[27.62483,47.1556],[27.62441,47.15591],[27.62433,47.15597],[27.62425,47.15602],[27.62422,47.15613],[27.62412,47.15621],[27.62388,47.15639],[27.62371,47.15642],[27.62357,47.15652],[27.62344,47.15662],[27.62279,47.15709],[27.62262,47.15722],[27.62217,47.15754],[27.62153,47.15801],[27.6209,47.15846],[27.6207,47.15861],[27.62068,47.15866],[27.62067,47.1587],[27.62031,47.15897],[27.62018,47.15899],[27.62016,47.159],[27.61986,47.1591],[27.61972,47.15913],[27.61952,47.15916],[27.61949,47.15917],[27.61918,47.15921],[27.61908,47.15923],[27.6186,47.1593],[27.61824,47.15936],[27.61787,47.15941],[27.61758,47.15946],[27.61745,47.15948],[27.61716,47.15952],[27.61701,47.15954],[27.61685,47.15957],[27.61656,47.15961],[27.61636,47.15964],[27.61601,47.15969],[27.61574,47.15973],[27.61553,47.15977],[27.61523,47.15981],[27.61507,47.15984],[27.61497,47.15985],[27.61465,47.1599],[27.61438,47.15994],[27.61423,47.15996],[27.61417,47.15997],[27.61405,47.15999],[27.61384,47.16002],[27.61376,47.16003],[27.61336,47.16009],[27.61248,47.16022],[27.61214,47.16028],[27.61181,47.16038],[27.61117,47.16059],[27.61041,47.16085],[27.60952,47.16116],[27.60903,47.16133],[27.60885,47.16139],[27.6087,47.16144],[27.60866,47.16145],[27.60861,47.16147],[27.60858,47.16148]]},"properties":{"line":"11","dir":"0","mode":"tram"}},{"type":"Feature","geometry":{"type":"LineString","coordinates":[[27.60846,47.16151],[27.60853,47.16149],[27.60861,47.16147],[27.60866,47.16145],[27.6087,47.16144],[27.60885,47.16139],[27.60903,47.16133],[27.60952,47.16116],[27.61041,47.16085],[27.61117,47.16059],[27.61181,47.16038],[27.61214,47.16028],[27.61248,47.16022],[27.61336,47.16009],[27.61346,47.16008],[27.61376,47.16003],[27.61384,47.16002],[27.61402,47.15999],[27.61417,47.15997],[27.61423,47.15996],[27.61438,47.15994],[27.61495,47.15985],[27.61507,47.15984],[27.61523,47.15981],[27.61553,47.15977],[27.61574,47.15973],[27.61601,47.15969],[27.61636,47.15964],[27.61656,47.15961],[27.61685,47.15957],[27.61701,47.15954],[27.61716,47.15952],[27.61745,47.15948],[27.61758,47.15946],[27.61787,47.15941],[27.61824,47.15936],[27.6186,47.1593],[27.6188,47.15927],[27.61908,47.15923],[27.61918,47.15921],[27.61949,47.15917],[27.61952,47.15916],[27.61972,47.15913],[27.61986,47.1591],[27.62016,47.159],[27.62018,47.15899],[27.62022,47.15896],[27.62058,47.15869],[27.6207,47.15861],[27.6209,47.15846],[27.62153,47.15801],[27.62217,47.15754],[27.62262,47.15722],[27.62279,47.15709],[27.62344,47.15662],[27.62357,47.15652],[27.62371,47.15642],[27.62377,47.15631],[27.62384,47.15627],[27.62388,47.15624],[27.62403,47.15612],[27.6241,47.15608],[27.62425,47.15602],[27.62433,47.15597],[27.62441,47.15591],[27.62483,47.1556],[27.6249,47.15555],[27.62508,47.15542],[27.62514,47.15534],[27.62523,47.15523],[27.62535,47.15508],[27.6254,47.15499],[27.62545,47.15482],[27.62543,47.1545],[27.62537,47.15435],[27.62526,47.1542],[27.62515,47.15407],[27.62503,47.15395],[27.62488,47.15382],[27.6246,47.15368],[27.62433,47.1536],[27.6241,47.15355],[27.62395,47.15352],[27.62359,47.15343],[27.62317,47.15334],[27.62307,47.15331],[27.623,47.1533],[27.62274,47.15324],[27.62237,47.15313],[27.62233,47.1531],[27.62221,47.15303],[27.6219,47.15283],[27.62182,47.15275],[27.62175,47.15263],[27.62163,47.15233],[27.62157,47.15213],[27.62155,47.15207],[27.62154,47.15203],[27.62141,47.15159],[27.62138,47.15149],[27.62123,47.15102],[27.62119,47.1509],[27.62111,47.15063],[27.62106,47.15047],[27.62103,47.15035],[27.62087,47.14984],[27.62073,47.149375],[27.62059,47.14891],[27.62052,47.14868],[27.62045,47.14844],[27.62044,47.14841],[27.62042,47.14835],[27.62039,47.14822],[27.62036,47.14814],[27.6203,47.14793],[27.62021,47.14762],[27.62005,47.14709],[27.61989,47.14658],[27.61979,47.14624],[27.6197,47.14625],[27.61974,47.14624],[27.61976,47.14616],[27.61969,47.14592],[27.61968,47.1459],[27.61962,47.14567],[27.61938,47.1457],[27.61906,47.14575],[27.618375,47.145845],[27.61769,47.14594],[27.61717,47.14602],[27.61633,47.14614],[27.61606,47.14617],[27.61498,47.146325],[27.6139,47.14648],[27.61367,47.14651],[27.612585,47.146665],[27.6115,47.14682],[27.61117,47.14687],[27.61086,47.14691],[27.61075,47.14693],[27.61037,47.14698],[27.61009,47.14702],[27.60985,47.14705],[27.60911,47.14716],[27.60899,47.14718],[27.60834,47.14727],[27.6076,47.14737],[27.60722,47.14743],[27.60616,47.14758],[27.60574,47.14764],[27.60456,47.1478],[27.60348,47.14796],[27.60332,47.14798],[27.60317,47.148],[27.60301,47.14802],[27.60252,47.14809],[27.6023,47.14812],[27.60121,47.14827],[27.6011,47.14828],[27.60108,47.14829],[27.60078,47.14833],[27.599835,47.148465],[27.59889,47.1486],[27.5988,47.14861],[27.59792,47.14873],[27.59784,47.14875],[27.59738,47.14881],[27.59688,47.14888],[27.59656,47.14893],[27.59611,47.149],[27.59572,47.14906],[27.59554,47.14909],[27.59539,47.14913],[27.59522,47.14917],[27.5949,47.14925],[27.59461,47.14933],[27.59458,47.1493],[27.59455,47.14928],[27.59448,47.14922],[27.59444,47.1492],[27.5944,47.14917],[27.59421,47.14902],[27.59391,47.1488],[27.59322,47.14829],[27.59309,47.14819],[27.59279,47.14798],[27.59267,47.14788],[27.59245,47.14772],[27.59209,47.14746],[27.59177,47.14726],[27.59146,47.14706],[27.59098,47.14674],[27.59051,47.14651],[27.59034,47.14643],[27.59027,47.1464],[27.5902,47.14637],[27.59005,47.14633],[27.58966,47.14621],[27.58928,47.14614],[27.58907,47.14611],[27.58892,47.1461],[27.58863,47.14608],[27.58835,47.14607],[27.58815,47.14606],[27.58731,47.14607],[27.58682,47.14608],[27.5861,47.14609],[27.58597,47.1461],[27.58529,47.14611],[27.58507,47.14612],[27.58495,47.14613],[27.58471,47.14616],[27.58453,47.1462],[27.58444,47.14622],[27.58418,47.1463],[27.58369,47.14647],[27.58319,47.14669],[27.58285,47.14683],[27.58272,47.1469],[27.58258,47.14696],[27.58224,47.14717],[27.58219,47.14719],[27.58203,47.14729],[27.58195,47.14733],[27.58194,47.14735],[27.58127,47.14774],[27.58118,47.14779],[27.58095,47.14794],[27.58084,47.14801],[27.58056,47.14818],[27.579815,47.14865],[27.57907,47.14912],[27.57898,47.14918],[27.57892,47.14922],[27.57885,47.14926],[27.57877,47.14932],[27.57874,47.14934],[27.57872,47.14935],[27.57871,47.14936],[27.57869,47.14937],[27.57865,47.1494],[27.57858,47.14944],[27.57821,47.14971],[27.57811,47.14977],[27.57767,47.15009],[27.57753,47.15019],[27.57748,47.15023],[27.5774,47.15029],[27.57657,47.15088],[27.57597,47.151315],[27.57537,47.15175],[27.57476,47.15216],[27.5743,47.15258],[27.57399,47.15298],[27.5739,47.15315],[27.57376,47.15346],[27.57371,47.1536],[27.57362,47.15385],[27.5736,47.15399],[27.57357,47.15419],[27.57356,47.15444],[27.57357,47.15473],[27.57362,47.15501],[27.5737,47.15531],[27.57381,47.1556],[27.57407,47.15609],[27.57417,47.15625],[27.57426,47.1564],[27.5744,47.15663],[27.57444,47.15669],[27.57451,47.15681],[27.57453,47.15684],[27.57461,47.15699],[27.57464,47.15704],[27.57471,47.15716],[27.57476,47.15725],[27.57495,47.15765],[27.57498,47.1577],[27.57504,47.15777],[27.57509,47.15784],[27.57527,47.15813],[27.57534,47.15828],[27.57537,47.15834],[27.57538,47.15836],[27.57542,47.15845],[27.57545,47.15852],[27.57547,47.15859],[27.57548,47.15865],[27.57549,47.15877],[27.57548,47.15888],[27.57547,47.15892],[27.57549,47.15912],[27.57547,47.15926],[27.57541,47.15942],[27.5753,47.15959],[27.57526,47.15964],[27.57521,47.15972],[27.5751,47.15987],[27.57505,47.15995],[27.57484,47.16016],[27.57476,47.16025],[27.57467,47.16035],[27.57446,47.16051],[27.57419,47.16065],[27.57386,47.16078],[27.5736,47.16085],[27.57335,47.16089],[27.57312,47.16091],[27.57218,47.1609],[27.57124,47.16089],[27.57101,47.1609],[27.57074,47.16093],[27.57046,47.161],[27.56954,47.16128],[27.56936,47.16134],[27.56901,47.16145],[27.56884,47.1615],[27.56801,47.161755],[27.56718,47.16201],[27.56711,47.16204],[27.56698,47.1621],[27.56687,47.16216],[27.56606,47.16255],[27.565505,47.16282],[27.56495,47.16309],[27.56482,47.16315],[27.56477,47.16318],[27.5646,47.16326],[27.56434,47.16339],[27.5642,47.16345],[27.56401,47.16355],[27.562915,47.16408],[27.56182,47.16461],[27.5618,47.16463],[27.56161,47.16472],[27.56145,47.16479],[27.56034,47.16533],[27.55923,47.16587],[27.55882,47.16607],[27.55871,47.16618],[27.55842,47.16633],[27.55836,47.16636],[27.55764,47.16671],[27.55752,47.16678],[27.5575,47.16682],[27.55749,47.16684],[27.55747,47.16687],[27.55743,47.16689],[27.55737,47.1669],[27.55732,47.16691],[27.55723,47.1669],[27.55718,47.16689],[27.55712,47.16685],[27.55694,47.16681],[27.55635,47.1668],[27.55622,47.16678],[27.555135,47.166775],[27.55405,47.16677],[27.55248,47.166765],[27.55091,47.16676],[27.548865,47.166755],[27.54682,47.16675],[27.546045,47.166745],[27.54527,47.16674],[27.54501,47.16673],[27.54374,47.16672],[27.5435,47.16673],[27.54326,47.16681],[27.54307,47.16691],[27.54253,47.16735],[27.54199,47.16779],[27.54159,47.16811],[27.54136,47.16829],[27.54118,47.16844],[27.54106,47.16854],[27.5405,47.16908],[27.54025,47.16933]]},"properties":{"line":"11","dir":"1","mode":"tram"}},{"type":"Feature","geometry":{"type":"LineString","coordinates":[[27.55863,47.19052],[27.55869,47.19049],[27.55874,47.19046],[27.55879,47.19045],[27.55899,47.19033],[27.55919,47.1902],[27.55925,47.19016],[27.55961,47.18974],[27.55997,47.18932],[27.560305,47.18892],[27.56064,47.18852],[27.56095,47.18817],[27.56097,47.18803],[27.56103,47.18791],[27.56111,47.1878],[27.56122,47.18769],[27.56134,47.18759],[27.5615,47.18751],[27.56194,47.18699],[27.56238,47.18647],[27.56258,47.18624],[27.56273,47.18607],[27.56283,47.18595],[27.56329,47.18538],[27.56387,47.1847],[27.56396,47.1846],[27.56416,47.18438],[27.5642,47.18434],[27.56435,47.18417],[27.56452,47.18397],[27.56476,47.1837],[27.56494,47.18348],[27.56511,47.18327],[27.56522,47.18314],[27.56581,47.18242],[27.56619,47.18198],[27.56657,47.18154],[27.56661,47.1815],[27.5667,47.18138],[27.56683,47.18124],[27.56692,47.18112],[27.56705,47.18097],[27.56707,47.18094],[27.56712,47.18089],[27.56727,47.18071],[27.56739,47.18057],[27.56751,47.18043],[27.56757,47.18036],[27.56763,47.18029],[27.56803,47.1798],[27.56851,47.17923],[27.56862,47.1791],[27.56867,47.17904],[27.56918,47.178425],[27.56969,47.17781],[27.57027,47.1771],[27.57058,47.17675],[27.57115,47.17605],[27.57121,47.17598],[27.57132,47.17584],[27.57139,47.17576],[27.57141,47.17574],[27.57151,47.17562],[27.57157,47.17555],[27.57161,47.1755],[27.57171,47.17538],[27.572,47.17506],[27.57207,47.17497],[27.57225,47.17476],[27.57228,47.17473],[27.57248,47.1745],[27.57255,47.17442],[27.5726,47.17436],[27.57285,47.17406],[27.57295,47.17395],[27.57316,47.17371],[27.57331,47.17353],[27.57351,47.17329],[27.57397,47.172725],[27.57443,47.17216],[27.57508,47.17141],[27.57535,47.17109],[27.57542,47.171],[27.5756,47.17067],[27.57604,47.17012],[27.57614,47.16993],[27.57634,47.16971],[27.57635,47.16965],[27.57637,47.16958],[27.5764,47.16954],[27.57644,47.1695],[27.57664,47.16912],[27.57668,47.16902],[27.57674,47.16887],[27.5768,47.1687],[27.57695,47.1684],[27.57699,47.16832],[27.57704,47.16811],[27.57705,47.16807],[27.57706,47.16804],[27.57708,47.16792],[27.57709,47.16784],[27.57714,47.16758],[27.57719,47.16736],[27.57727,47.16711],[27.57732,47.16703],[27.57748,47.16676],[27.57756,47.1666],[27.57752,47.16644],[27.57851,47.16618],[27.57913,47.16601],[27.57939,47.16594],[27.57987,47.16581],[27.5804,47.16567],[27.58074,47.16557],[27.58077,47.16556],[27.58097,47.16551],[27.58143,47.16538],[27.58175,47.16529],[27.582365,47.16511],[27.58298,47.16493],[27.58305,47.16491],[27.5834,47.16481],[27.58357,47.16476],[27.58472,47.16436],[27.58516,47.16423],[27.58543,47.16416],[27.58548,47.16415],[27.58606,47.164],[27.58667,47.1639],[27.58689,47.16388],[27.58729,47.16385],[27.58777,47.16382],[27.58812,47.16381],[27.58832,47.1638],[27.58868,47.1639],[27.58899,47.16398],[27.58924,47.16404],[27.58955,47.16409],[27.58971,47.16411],[27.58999,47.16414],[27.59021,47.16417],[27.59042,47.1642],[27.59049,47.16421],[27.59075,47.16426],[27.59084,47.16427],[27.59098,47.16429],[27.59132,47.16431],[27.59153,47.1643],[27.59164,47.16427],[27.59175,47.16424],[27.59195,47.16416],[27.59287,47.16375],[27.5929,47.16373],[27.59317,47.16361],[27.59323,47.16358],[27.5935,47.16345],[27.594585,47.163385],[27.59567,47.16332],[27.59643,47.16326],[27.59669,47.16325],[27.5969,47.16323],[27.59711,47.16322],[27.59788,47.16317],[27.59821,47.16314],[27.59831,47.16313],[27.59891,47.16303],[27.5992,47.16296],[27.59954,47.16287],[27.60004,47.16274],[27.60029,47.16268],[27.60099,47.1625],[27.60123,47.16246],[27.60143,47.16244],[27.60163,47.16242],[27.60225,47.16249],[27.6024,47.16251],[27.60258,47.16253],[27.60287,47.16257],[27.60322,47.16261],[27.6035,47.16263],[27.60371,47.16264],[27.60427,47.16263],[27.60464,47.16261],[27.60491,47.16258],[27.60507,47.16256],[27.60512,47.16255],[27.60537,47.16252],[27.60551,47.16253],[27.60552,47.16248],[27.60584,47.16241],[27.60622,47.16231],[27.60722,47.16202],[27.60772,47.16187],[27.6079,47.16182],[27.60793,47.16181],[27.60795,47.16179],[27.60797,47.16177],[27.60801,47.16174],[27.60816,47.16165],[27.60848,47.16151],[27.60853,47.16149],[27.60861,47.16147],[27.60866,47.16145],[27.6087,47.16144],[27.60885,47.16139],[27.60903,47.16133],[27.60952,47.16116],[27.61041,47.16085],[27.61117,47.16059],[27.61181,47.16038],[27.61214,47.16028],[27.61248,47.16022],[27.61336,47.16009],[27.61345,47.16008],[27.61376,47.16003],[27.61384,47.16002],[27.61402,47.15999],[27.61417,47.15997],[27.61423,47.15996],[27.61438,47.15994],[27.61495,47.15985],[27.61507,47.15984],[27.61523,47.15981],[27.61553,47.15977],[27.61574,47.15973],[27.61601,47.15969],[27.61636,47.15964],[27.61656,47.15961],[27.61685,47.15957],[27.61701,47.15954],[27.61716,47.15952],[27.61745,47.15948],[27.61758,47.15946],[27.61787,47.15941],[27.61824,47.15936],[27.6186,47.1593],[27.6188,47.15927],[27.6186,47.1593],[27.61869,47.15924],[27.61941,47.15913],[27.61949,47.15917],[27.61952,47.15916],[27.61972,47.15913],[27.61986,47.1591],[27.62016,47.159],[27.62018,47.15899],[27.62022,47.15896],[27.62058,47.15869],[27.6207,47.15861],[27.6209,47.15846],[27.62153,47.15801],[27.62217,47.15754],[27.62262,47.15722],[27.62279,47.15709],[27.62344,47.15662],[27.62357,47.15652],[27.62371,47.15642],[27.62377,47.15631],[27.62388,47.15624],[27.62397,47.15617],[27.62403,47.15612],[27.6241,47.15608],[27.62425,47.15602],[27.62433,47.15597],[27.62441,47.15591],[27.62483,47.1556],[27.6249,47.15555],[27.62508,47.15542],[27.62523,47.15523],[27.62535,47.15508],[27.6254,47.15499],[27.62545,47.15482],[27.62543,47.1545],[27.62537,47.15435],[27.62526,47.1542],[27.62515,47.15407],[27.62503,47.15395],[27.62488,47.15382],[27.6246,47.15368],[27.62433,47.1536],[27.6241,47.15355],[27.62395,47.15352],[27.62359,47.15343],[27.62317,47.15334],[27.62307,47.15331],[27.623,47.1533],[27.62274,47.15324],[27.62237,47.15313],[27.62233,47.1531],[27.62221,47.15303],[27.6219,47.15283],[27.62182,47.15275],[27.62175,47.15263],[27.62163,47.15233],[27.62157,47.15213],[27.62155,47.15207],[27.62154,47.15203],[27.62141,47.15159],[27.62138,47.15149],[27.62123,47.15102],[27.62119,47.1509],[27.62111,47.15063],[27.62106,47.15047],[27.62103,47.15035],[27.62087,47.14984],[27.62073,47.149375],[27.62059,47.14891],[27.62052,47.14868],[27.62045,47.14844],[27.62044,47.14841],[27.62042,47.14835],[27.62039,47.14822],[27.62036,47.14814],[27.6203,47.14793],[27.62021,47.14762],[27.62005,47.14709],[27.61989,47.14658],[27.61979,47.14624],[27.6197,47.14625],[27.61974,47.14624],[27.61976,47.14616],[27.61969,47.14592],[27.61968,47.1459],[27.61962,47.14567],[27.61938,47.1457],[27.61906,47.14575],[27.618375,47.145845],[27.61769,47.14594],[27.61717,47.14602],[27.61633,47.14614],[27.61606,47.14617],[27.61498,47.146325],[27.6139,47.14648],[27.61367,47.14651],[27.612585,47.146665],[27.6115,47.14682],[27.61117,47.14687],[27.61086,47.14691],[27.61075,47.14693],[27.61037,47.14698],[27.61009,47.14702],[27.60985,47.14705],[27.60911,47.14716],[27.60899,47.14718],[27.60834,47.14727],[27.6076,47.14737],[27.60722,47.14743],[27.60616,47.14758],[27.60574,47.14764],[27.60456,47.1478],[27.60348,47.14796],[27.60332,47.14798],[27.60317,47.148],[27.60301,47.14802],[27.60252,47.14809],[27.6023,47.14812],[27.60121,47.14827],[27.6011,47.14828],[27.60108,47.14829],[27.60084,47.14832],[27.60075,47.14833],[27.59982,47.148465],[27.59889,47.1486],[27.5988,47.14861],[27.59792,47.14873],[27.59784,47.14875],[27.59738,47.14881],[27.59688,47.14888],[27.59656,47.14893],[27.59611,47.149],[27.59572,47.14906],[27.59554,47.14909],[27.59539,47.14913],[27.59522,47.14917],[27.5949,47.14925],[27.59461,47.14933],[27.59428,47.14942],[27.59422,47.14944],[27.59354,47.14967],[27.59277,47.14992],[27.59217,47.15012],[27.59205,47.15016],[27.5912,47.15044],[27.59035,47.15072],[27.58992,47.15086],[27.58987,47.15089],[27.58968,47.15096],[27.58943,47.15104],[27.58934,47.15106],[27.58895,47.15118],[27.58887,47.1512],[27.58871,47.15124],[27.58784,47.15143],[27.58779,47.15145],[27.58776,47.15147],[27.58779,47.15154],[27.58812,47.15194],[27.58821,47.15204],[27.58826,47.15214],[27.5883,47.1522],[27.58836,47.15231],[27.58846,47.15254],[27.58843,47.15267],[27.5884,47.15281],[27.5882,47.15302],[27.58815,47.15307],[27.58808,47.15314],[27.58793,47.15328],[27.58777,47.15344],[27.5875,47.15369],[27.58747,47.15372],[27.58726,47.15391],[27.58695,47.1542],[27.58672,47.15443],[27.58661,47.15453],[27.58641,47.15471],[27.58636,47.15476],[27.58622,47.1549],[27.58618,47.15494],[27.58575,47.15535],[27.58568,47.15543],[27.58564,47.15552],[27.58562,47.15554],[27.58545,47.15581],[27.58532,47.156],[27.58508,47.15642],[27.58504,47.1565],[27.5851,47.15733],[27.58512,47.15773],[27.58513,47.15782],[27.58514,47.1581],[27.58518,47.15828],[27.58525,47.15843],[27.58537,47.15858],[27.58554,47.15873],[27.58563,47.1588],[27.58576,47.15887],[27.5859,47.15893],[27.58643,47.15911],[27.58715,47.15935],[27.58744,47.15943],[27.58764,47.1595],[27.58781,47.15955],[27.58828,47.15969],[27.58866,47.1598],[27.58908,47.15993],[27.58913,47.15995],[27.58983,47.16016],[27.58996,47.1602],[27.59048,47.16036],[27.59088,47.16049],[27.5912,47.16059],[27.59161,47.16071],[27.59174,47.16075],[27.59251,47.16099],[27.59259,47.16101],[27.59262,47.16102],[27.59323,47.16121],[27.59384,47.1614],[27.59423,47.16152],[27.59428,47.16153],[27.59432,47.16155],[27.59436,47.16156],[27.59459,47.16163],[27.59465,47.16165],[27.59493,47.16174],[27.59508,47.16179],[27.59504,47.16184],[27.59503,47.16185],[27.59491,47.16199],[27.5947,47.16233],[27.59468,47.16235],[27.59466,47.16239],[27.59444,47.16271],[27.59367,47.16331],[27.5935,47.16345],[27.59323,47.16358],[27.59317,47.16361],[27.5929,47.16373],[27.59287,47.16375],[27.59195,47.16416],[27.59175,47.16424],[27.59164,47.16427],[27.59153,47.1643],[27.59145,47.16431],[27.59098,47.16429],[27.59088,47.16427],[27.5908,47.16426],[27.59049,47.16421],[27.59042,47.1642],[27.59021,47.16417],[27.58999,47.16414],[27.58971,47.16411],[27.58955,47.16409],[27.58924,47.16404],[27.58899,47.16398],[27.58868,47.1639],[27.58832,47.1638],[27.58812,47.16381],[27.58777,47.16382],[27.58729,47.16385],[27.58689,47.16388],[27.58667,47.1639],[27.58606,47.164],[27.58569,47.16409],[27.58548,47.16415],[27.58516,47.16423],[27.58472,47.16436],[27.58357,47.16476],[27.5834,47.16481],[27.58305,47.16491],[27.58298,47.16493],[27.582365,47.16511],[27.58175,47.16529],[27.58143,47.16538],[27.58097,47.16551],[27.5808,47.16555],[27.58074,47.16557],[27.5804,47.16567],[27.57987,47.16581],[27.57939,47.16594],[27.57913,47.16601],[27.57851,47.16618],[27.57752,47.16644],[27.57756,47.16654],[27.57748,47.16676],[27.57732,47.16703],[27.57727,47.16711],[27.57719,47.16736],[27.57714,47.16754],[27.57709,47.16784],[27.57708,47.16792],[27.57706,47.16799],[27.57705,47.16807],[27.57704,47.16811],[27.57699,47.16832],[27.57695,47.1684],[27.57683,47.16865],[27.57695,47.1684],[27.57698,47.16845],[27.57697,47.16872],[27.57687,47.16906],[27.57686,47.16907],[27.57689,47.16924],[27.57694,47.16934],[27.57695,47.16936],[27.57702,47.16946],[27.57704,47.16951],[27.57705,47.16954],[27.57706,47.16961],[27.57707,47.16965],[27.57706,47.16974],[27.57702,47.1698],[27.57696,47.16986],[27.57687,47.1699],[27.57681,47.16991],[27.57673,47.16992],[27.57634,47.17006],[27.57626,47.17011],[27.57618,47.1702],[27.576,47.17042],[27.57576,47.17071],[27.57558,47.17088],[27.57542,47.171],[27.57535,47.17109],[27.57508,47.17141],[27.57443,47.17216],[27.57397,47.172725],[27.57351,47.17329],[27.57331,47.17353],[27.57316,47.17371],[27.57295,47.17395],[27.57285,47.17406],[27.5726,47.17436],[27.57255,47.17442],[27.57248,47.1745],[27.57228,47.17473],[27.57225,47.17476],[27.572,47.17506],[27.57172,47.17537],[27.57171,47.17538],[27.57161,47.1755],[27.57157,47.17555],[27.57151,47.17562],[27.57141,47.17574],[27.57139,47.17576],[27.57132,47.17584],[27.57121,47.17598],[27.57115,47.17605],[27.57058,47.17675],[27.57027,47.1771],[27.56969,47.17781],[27.56918,47.178425],[27.56867,47.17904],[27.56862,47.1791],[27.56851,47.17923],[27.56803,47.1798],[27.56763,47.18029],[27.56757,47.18036],[27.56751,47.18043],[27.56727,47.18071],[27.56721,47.18078],[27.56712,47.18089],[27.56707,47.18094],[27.56705,47.18097],[27.56692,47.18112],[27.56683,47.18124],[27.5667,47.18138],[27.56661,47.1815],[27.56657,47.18154],[27.56619,47.18198],[27.56581,47.18242],[27.56522,47.18314],[27.56511,47.18327],[27.56494,47.18348],[27.56493,47.1835],[27.56476,47.1837],[27.56452,47.18397],[27.56435,47.18417],[27.5642,47.18434],[27.56416,47.18438],[27.56387,47.1847],[27.56329,47.18538],[27.56308,47.18564],[27.56283,47.18595],[27.56273,47.18607],[27.56258,47.18624],[27.56204,47.186875],[27.5615,47.18751],[27.56147,47.18764],[27.56141,47.18777],[27.56133,47.18789],[27.56123,47.188],[27.5611,47.18809],[27.56095,47.18817],[27.56097,47.18803],[27.56102,47.18794],[27.56097,47.18803],[27.56095,47.18817],[27.56064,47.18852],[27.560305,47.18892],[27.55997,47.18932],[27.55961,47.18974],[27.55925,47.19016],[27.55922,47.19021],[27.55918,47.19031],[27.55916,47.1904],[27.55914,47.19049],[27.55913,47.1907],[27.55909,47.19075],[27.55904,47.19079]]},"properties":{"line":"13","dir":"Copou","mode":"tram"}}]}