{"type":"FeatureCollection","features":[{"type":"Feature","geometry":{"type":"Point","coordinates":[27.623445,47.157439]},"properties":{"lines":"18","color":"#0059a9","mode":"bus","arr":["18"],"angle":60.3,"mi":7}},{"type":"Feature","geometry":{"type":"Point","coordinates":[27.623571,47.158775]},"properties":{"lines":"18","color":"#0059a9","mode":"bus","arr":["18"],"angle":15.1,"mi":6}},{"type":"Feature","geometry":{"type":"Point","coordinates":[27.625275,47.158004]},"properties":{"lines":"18","color":"#0059a9","mode":"bus","arr":["18"],"angle":57.5,"mi":3}},{"type":"Feature","geometry":{"type":"Point","coordinates":[27.626406,47.157312]},"properties":{"lines":"18","color":"#0059a9","mode":"bus","arr":["18"],"angle":34.9,"mi":2}},{"type":"Feature","geometry":{"type":"Point","coordinates":[27.628852,47.157861]},"properties":{"lines":"18","color":"#0059a9","mode":"bus","arr":["18"],"angle":-36.4}},{"type":"Feature","geometry":{"type":"Point","coordinates":[27.630226,47.158902]},"properties":{"lines":"18","color":"#0059a9","mode":"bus","arr":["18"],"angle":52.7,"mi":1}},{"type":"Feature","geometry":{"type":"Point","coordinates":[27.630255,47.159928]},"properties":{"lines":"18","color":"#0059a9","mode":"bus","arr":["18"],"angle":88,"mi":4}},{"type":"Feature","geometry":{"type":"Point","coordinates":[27.630658,47.160808]},"properties":{"lines":"18","color":"#0059a9","mode":"bus","arr":["18"],"angle":-21,"mi":5}},{"type":"Feature","geometry":{"type":"Point","coordinates":[27.630796,47.161537]},"properties":{"lines":"18","color":"#0059a9","mode":"bus","arr":["18"],"angle":70.5,"mi":8}},{"type":"Feature","geometry":{"type":"Point","coordinates":[27.575248,47.158305]},"properties":{"lines":"19","color":"#0059a9","mode":"bus","arr":["19"],"angle":42,"mi":3}},{"type":"Feature","geometry":{"type":"Point","coordinates":[27.536438,47.172373]},"properties":{"lines":"30b, 901, 902","color":"#0059a9","mode":"bus","arr":["30b","901","902"],"angle":-22.9}},{"type":"Feature","geometry":{"type":"Point","coordinates":[27.534067,47.172259]},"properties":{"lines":"902","color":"#0059a9","mode":"bus","arr":["902"],"angle":1.7}},{"type":"Feature","geometry":{"type":"Point","coordinates":[27.57618,47.156651]},"properties":{"lines":"19","color":"#0059a9","mode":"bus","arr":["19"],"angle":19.9}},{"type":"Feature","geometry":{"type":"Point","coordinates":[27.58051,47.154745]},"properties":{"lines":"19","color":"#0059a9","mode":"bus","arr":["19"],"angle":34.5,"mi":2}},{"type":"Feature","geometry":{"type":"Point","coordinates":[27.57871,47.155587]},"properties":{"lines":"19","color":"#0059a9","mode":"bus","arr":["19"],"angle":34.5,"extra":1,"ei":0}},{"type":"Feature","geometry":{"type":"Point","coordinates":[27.583301,47.153462]},"properties":{"lines":"19","color":"#0059a9","mode":"bus","arr":["19"],"angle":33.5,"extra":1,"ei":1,"side":-1}},{"type":"Feature","geometry":{"type":"Point","coordinates":[27.585138,47.152648]},"properties":{"lines":"19, 23, 23b, 501, 501b","color":"#0059a9","mode":"bus","arr":["19","23","23b","501","501b"],"angle":33.1}},{"type":"Feature","geometry":{"type":"Point","coordinates":[27.587051,47.151766]},"properties":{"lines":"19, 23, 23b, 501","color":"#0059a9","mode":"bus","arr":["19","23","23b","501"],"angle":43.3}},{"type":"Feature","geometry":{"type":"Point","coordinates":[27.587734,47.150788]},"properties":{"lines":"19, 23b, 47, 501b","color":"#0059a9","mode":"bus","arr":["19","23b","47","501b"],"angle":26.8,"side":-1}},{"type":"Feature","geometry":{"type":"Point","coordinates":[27.588161,47.150534]},"properties":{"lines":"19, 29, 47, 801, 802, 802b","color":"#0059a9","mode":"bus","arr":["19","29","47","801","802","802b"],"angle":50.5}},{"type":"Feature","geometry":{"type":"Point","coordinates":[27.590292,47.148824]},"properties":{"lines":"19, 29, 47, 202, 203, 801, 802, 802b","color":"#0059a9","mode":"bus","arr":["19","29","47","202","203","801","802","802b"],"angle":49.3}},{"type":"Feature","geometry":{"type":"Point","coordinates":[27.597124,47.143423]},"properties":{"lines":"19, 29, 30, 30b, 42, 43, 43c, 46, 202, 203, 801, 802, 802b","color":"#0059a9","mode":"bus","arr":["19","29","30","30b","42","43","43c","46","202","203","801","802","802b"],"angle":44.1}},{"type":"Feature","geometry":{"type":"Point","coordinates":[27.592594,47.146973]},"properties":{"lines":"19, 29, 30, 30b, 42, 43, 43c, 46, 202, 203, 801, 802, 802b","color":"#0059a9","mode":"bus","arr":["19","29","30","30b","42","43","43c","46","202","203","801","802","802b"],"angle":51.7,"mi":1}},{"type":"Feature","geometry":{"type":"Point","coordinates":[27.595573,47.144532]},"properties":{"lines":"19, 29, 30, 30b, 42, 43, 43c, 46, 202, 203, 801, 802, 802b","color":"#0059a9","mode":"bus","arr":["19","29","30","30b","42","43","43c","46","202","203","801","802","802b"],"angle":48.3,"extra":1,"ei":0}},{"type":"Feature","geometry":{"type":"Point","coordinates":[27.599478,47.141848]},"properties":{"lines":"19, 29, 30, 30b, 42, 43, 43c, 46, 202, 203, 801, 802, 802b","color":"#0059a9","mode":"bus","arr":["19","29","30","30b","42","43","43c","46","202","203","801","802","802b"],"angle":41,"extra":1,"ei":1}},{"type":"Feature","geometry":{"type":"Point","coordinates":[27.593424,47.146194]},"properties":{"lines":"19, 30, 30b, 43, 43c, 46, 202, 203","color":"#0059a9","mode":"bus","arr":["19","30","30b","43","43c","46","202","203"],"angle":53.2,"side":-1}},{"type":"Feature","geometry":{"type":"Point","coordinates":[27.602565,47.139741]},"properties":{"lines":"30b, 43c","color":"#0059a9","mode":"bus","arr":["30b","43c"],"angle":43.6,"side":-1,"mi":1}},{"type":"Feature","geometry":{"type":"Point","coordinates":[27.600771,47.140932]},"properties":{"lines":"30b, 43c","color":"#0059a9","mode":"bus","arr":["30b","43c"],"angle":44.8,"extra":1,"ei":0,"side":-1}},{"type":"Feature","geometry":{"type":"Point","coordinates":[27.604732,47.138284]},"properties":{"lines":"30b, 43c","color":"#0059a9","mode":"bus","arr":["30b","43c"],"angle":45.3,"extra":1,"ei":1,"side":-1}},{"type":"Feature","geometry":{"type":"Point","coordinates":[27.606037,47.144685]},"properties":{"lines":"27, 29, 801, 802, 802b","color":"#0059a9","mode":"bus","arr":["27","29","801","802","802b"],"angle":-35.2}},{"type":"Feature","geometry":{"type":"Point","coordinates":[27.600757,47.142101]},"properties":{"lines":"27, 29, 801, 802, 802b","color":"#0059a9","mode":"bus","arr":["27","29","801","802","802b"],"angle":-34.9,"mi":1}},{"type":"Feature","geometry":{"type":"Point","coordinates":[27.609299,47.146245]},"properties":{"lines":"27, 29, 801, 802, 802b","color":"#0059a9","mode":"bus","arr":["27","29","801","802","802b"],"angle":-43.3,"extra":1,"ei":0}},{"type":"Feature","geometry":{"type":"Point","coordinates":[27.602477,47.142992]},"properties":{"lines":"27, 29, 801, 802, 802b","color":"#0059a9","mode":"bus","arr":["27","29","801","802","802b"],"angle":-34.8,"extra":1,"ei":1}},{"type":"Feature","geometry":{"type":"Point","coordinates":[27.606197,47.144682]},"properties":{"lines":"27","color":"#0059a9","mode":"bus","arr":["27"],"angle":-35,"side":-1,"mi":2}},{"type":"Feature","geometry":{"type":"Point","coordinates":[27.609794,47.146387]},"properties":{"lines":"27","color":"#0059a9","mode":"bus","arr":["27"],"angle":-34.4,"side":-1}},{"type":"Feature","geometry":{"type":"Point","coordinates":[27.603435,47.139262]},"properties":{"lines":"19, 27, 30, 42, 43, 46, 202, 203","color":"#0059a9","mode":"bus","arr":["19","27","30","42","43","46","202","203"],"angle":44.4,"mi":1}},{"type":"Feature","geometry":{"type":"Point","coordinates":[27.600644,47.141109]},"properties":{"lines":"19, 27, 30, 30b, 42, 43, 43c, 46, 202, 203","color":"#0059a9","mode":"bus","arr":["19","27","30","30b","42","43","43c","46","202","203"],"angle":44.7}},{"type":"Feature","geometry":{"type":"Point","coordinates":[27.605821,47.137631]},"properties":{"lines":"19, 27, 30, 42, 43, 46, 202, 203","color":"#0059a9","mode":"bus","arr":["19","27","30","42","43","46","202","203"],"angle":45.1}},{"type":"Feature","geometry":{"type":"Point","coordinates":[27.575556,47.133993]},"properties":{"lines":"19, 27, 42, 43","color":"#0059a9","mode":"bus","arr":["19","27","42","43"],"angle":-6.8,"mi":1}},{"type":"Feature","geometry":{"type":"Point","coordinates":[27.587803,47.135615]},"properties":{"lines":"19, 27, 42, 43","color":"#0059a9","mode":"bus","arr":["19","27","42","43"],"angle":-11.4}},{"type":"Feature","geometry":{"type":"Point","coordinates":[27.597121,47.136645]},"properties":{"lines":"19, 27, 42, 43, 43c","color":"#0059a9","mode":"bus","arr":["19","27","42","43","43c"],"angle":-3.1}},{"type":"Feature","geometry":{"type":"Point","coordinates":[27.58142,47.134727]},"properties":{"lines":"19, 27, 42, 43, 43c","color":"#0059a9","mode":"bus","arr":["19","27","42","43","43c"],"angle":-36.2}},{"type":"Feature","geometry":{"type":"Point","coordinates":[27.604823,47.137136]},"properties":{"lines":"19, 27, 42, 43, 43c","color":"#0059a9","mode":"bus","arr":["19","27","42","43","43c"],"angle":-5.8,"extra":1,"ei":0}},{"type":"Feature","geometry":{"type":"Point","coordinates":[27.602058,47.136956]},"properties":{"lines":"19, 27, 42, 43, 43c","color":"#0059a9","mode":"bus","arr":["19","27","42","43","43c"],"angle":-5.3,"extra":1,"ei":1}},{"type":"Feature","geometry":{"type":"Point","coordinates":[27.599293,47.136782]},"properties":{"lines":"19, 27, 42, 43, 43c","color":"#0059a9","mode":"bus","arr":["19","27","42","43","43c"],"angle":-5.4,"extra":1,"ei":2}},{"type":"Feature","geometry":{"type":"Point","coordinates":[27.593768,47.136405]},"properties":{"lines":"19, 27, 42, 43, 43c","color":"#0059a9","mode":"bus","arr":["19","27","42","43","43c"],"angle":-6.4,"extra":1,"ei":3}},{"type":"Feature","geometry":{"type":"Point","coordinates":[27.591038,47.13606]},"properties":{"lines":"19, 27, 42, 43, 43c","color":"#0059a9","mode":"bus","arr":["19","27","42","43","43c"],"angle":-11.3,"extra":1,"ei":4}},{"type":"Feature","geometry":{"type":"Point","coordinates":[27.588316,47.135687]},"properties":{"lines":"19, 27, 42, 43, 43c","color":"#0059a9","mode":"bus","arr":["19","27","42","43","43c"],"angle":-11.6,"extra":1,"ei":5}},{"type":"Feature","geometry":{"type":"Point","coordinates":[27.58612,47.135387]},"properties":{"lines":"19, 27, 42, 43, 43c","color":"#0059a9","mode":"bus","arr":["19","27","42","43","43c"],"angle":-11.2,"extra":1,"ei":0}},{"type":"Feature","geometry":{"type":"Point","coordinates":[27.583355,47.13527]},"properties":{"lines":"19, 27, 42, 43, 43c","color":"#0059a9","mode":"bus","arr":["19","27","42","43","43c"],"angle":-8.1,"extra":1,"ei":1}},{"type":"Feature","geometry":{"type":"Point","coordinates":[27.578637,47.133743]},"properties":{"lines":"19, 27, 42, 43, 43c","color":"#0059a9","mode":"bus","arr":["19","27","42","43","43c"],"angle":19.9,"extra":1,"ei":2}},{"type":"Feature","geometry":{"type":"Point","coordinates":[27.575981,47.134039]},"properties":{"lines":"19, 27, 42, 43, 43c","color":"#0059a9","mode":"bus","arr":["19","27","42","43","43c"],"angle":-10.4,"extra":1,"ei":3}},{"type":"Feature","geometry":{"type":"Point","coordinates":[27.5756,47.134281]},"properties":{"lines":"19, 44, 301, 503, 503b","color":"#0059a9","mode":"bus","arr":["19","44","301","503","503b"],"angle":-11.3}},{"type":"Feature","geometry":{"type":"Point","coordinates":[27.576406,47.133843]},"properties":{"lines":"19, 44, 301, 503, 503b","color":"#0059a9","mode":"bus","arr":["19","44","301","503","503b"],"angle":-67.6,"side":-1,"mi":1}},{"type":"Feature","geometry":{"type":"Point","coordinates":[27.574991,47.133648]},"properties":{"lines":"19, 42, 43, 43c, 44, 301, 502, 503, 503b","color":"#0059a9","mode":"bus","arr":["19","42","43","43c","44","301","502","503","503b"],"angle":20.2}},{"type":"Feature","geometry":{"type":"Point","coordinates":[27.573686,47.134049]},"properties":{"lines":"27, 44, 301, 502, 503, 503b","color":"#0059a9","mode":"bus","arr":["27","44","301","502","503","503b"],"angle":15.9}},{"type":"Feature","geometry":{"type":"Point","coordinates":[27.581406,47.134631]},"properties":{"lines":"43c","color":"#0059a9","mode":"bus","arr":["43c"],"angle":-37.6,"side":-1}},{"type":"Feature","geometry":{"type":"Point","coordinates":[27.586779,47.135411]},"properties":{"lines":"43c","color":"#0059a9","mode":"bus","arr":["43c"],"angle":-11.5,"extra":1,"ei":0,"side":-1}},{"type":"Feature","geometry":{"type":"Point","coordinates":[27.584024,47.135225]},"properties":{"lines":"43c","color":"#0059a9","mode":"bus","arr":["43c"],"angle":-1.2,"extra":1,"ei":1,"side":-1}},{"type":"Feature","geometry":{"type":"Point","coordinates":[27.579283,47.133571]},"properties":{"lines":"43c","color":"#0059a9","mode":"bus","arr":["43c"],"angle":2,"extra":1,"ei":2,"side":-1}},{"type":"Feature","geometry":{"type":"Point","coordinates":[27.57664,47.134058]},"properties":{"lines":"43c","color":"#0059a9","mode":"bus","arr":["43c"],"angle":-6.9,"extra":1,"ei":3,"side":-1}},{"type":"Feature","geometry":{"type":"Point","coordinates":[27.593522,47.146245]},"properties":{"lines":"19, 29, 30b, 42, 43, 43c, 46, 801, 802, 802b","color":"#0059a9","mode":"bus","arr":["19","29","30b","42","43","43c","46","801","802","802b"],"angle":47.4}},{"type":"Feature","geometry":{"type":"Point","coordinates":[27.586002,47.152961]},"properties":{"lines":"19, 23, 23b, 501, 501b","color":"#0059a9","mode":"bus","arr":["19","23","23b","501","501b"],"angle":33.1,"mi":1}},{"type":"Feature","geometry":{"type":"Point","coordinates":[27.584366,47.153682]},"properties":{"lines":"19, 23, 23b, 501, 501b","color":"#0059a9","mode":"bus","arr":["19","23","23b","501","501b"],"angle":33.3,"extra":1,"ei":0}},{"type":"Feature","geometry":{"type":"Point","coordinates":[27.579591,47.155844]},"properties":{"lines":"19","color":"#0059a9","mode":"bus","arr":["19"],"angle":35,"mi":1}},{"type":"Feature","geometry":{"type":"Point","coordinates":[27.582872,47.154343]},"properties":{"lines":"19","color":"#0059a9","mode":"bus","arr":["19"],"angle":33.4,"extra":1,"ei":0}},{"type":"Feature","geometry":{"type":"Point","coordinates":[27.576106,47.157616]},"properties":{"lines":"19","color":"#0059a9","mode":"bus","arr":["19"],"angle":53.6,"extra":1,"ei":1}},{"type":"Feature","geometry":{"type":"Point","coordinates":[27.606613,47.159915]},"properties":{"lines":"20, 47","color":"#0059a9","mode":"bus","arr":["20","47"],"angle":-10.7}},{"type":"Feature","geometry":{"type":"Point","coordinates":[27.610899,47.160124]},"properties":{"lines":"20, 47","color":"#0059a9","mode":"bus","arr":["20","47"],"angle":0.3,"extra":1,"ei":0}},{"type":"Feature","geometry":{"type":"Point","coordinates":[27.602715,47.159226]},"properties":{"lines":"20, 47","color":"#0059a9","mode":"bus","arr":["20","47"],"angle":-15.9,"extra":1,"ei":1}},{"type":"Feature","geometry":{"type":"Point","coordinates":[27.597442,47.162783]},"properties":{"lines":"20","color":"#0059a9","mode":"bus","arr":["20"],"angle":63.6}},{"type":"Feature","geometry":{"type":"Point","coordinates":[27.600314,47.159678]},"properties":{"lines":"20","color":"#0059a9","mode":"bus","arr":["20"],"angle":55.9,"extra":1,"ei":0}},{"type":"Feature","geometry":{"type":"Point","coordinates":[27.598745,47.161237]},"properties":{"lines":"20","color":"#0059a9","mode":"bus","arr":["20"],"angle":55.7,"extra":1,"ei":1}},{"type":"Feature","geometry":{"type":"Point","coordinates":[27.596139,47.164567]},"properties":{"lines":"20","color":"#0059a9","mode":"bus","arr":["20"],"angle":63.7,"extra":1,"ei":2}},{"type":"Feature","geometry":{"type":"Point","coordinates":[27.59491,47.16626]},"properties":{"lines":"20","color":"#0059a9","mode":"bus","arr":["20"],"angle":64.4,"extra":1,"ei":3}},{"type":"Feature","geometry":{"type":"Point","coordinates":[27.593044,47.166057]},"properties":{"lines":"20, 48, 50, 101, 102, 103, 601","color":"#0059a9","mode":"bus","arr":["20","48","50","101","102","103","601"],"angle":-75}},{"type":"Feature","geometry":{"type":"Point","coordinates":[27.591385,47.165245]},"properties":{"lines":"20, 50, 54, 101, 102, 103","color":"#0059a9","mode":"bus","arr":["20","50","54","101","102","103"],"angle":24}},{"type":"Feature","geometry":{"type":"Point","coordinates":[27.590099,47.165581]},"properties":{"lines":"20, 28, 41, 42, 43, 43c, 46, 50, 101, 102","color":"#0059a9","mode":"bus","arr":["20","28","41","42","43","43c","46","50","101","102"],"angle":22.4,"side":-1}},{"type":"Feature","geometry":{"type":"Point","coordinates":[27.589259,47.165806]},"properties":{"lines":"20, 28, 41, 42, 43, 43c, 46, 50, 54, 101, 102","color":"#0059a9","mode":"bus","arr":["20","28","41","42","43","43c","46","50","54","101","102"],"angle":20.6}},{"type":"Feature","geometry":{"type":"Point","coordinates":[27.585977,47.166612]},"properties":{"lines":"20, 28, 41, 42, 43, 43c, 46, 50","color":"#0059a9","mode":"bus","arr":["20","28","41","42","43","43c","46","50"],"angle":17.9}},{"type":"Feature","geometry":{"type":"Point","coordinates":[27.579987,47.168257]},"properties":{"lines":"20, 28, 36, 41, 42, 43, 43c, 46, 50","color":"#0059a9","mode":"bus","arr":["20","28","36","41","42","43","43c","46","50"],"angle":31}},{"type":"Feature","geometry":{"type":"Point","coordinates":[27.581915,47.167618]},"properties":{"lines":"20, 28, 36, 41, 42, 43, 43c, 46, 50","color":"#0059a9","mode":"bus","arr":["20","28","36","41","42","43","43c","46","50"],"angle":20.8,"extra":1,"ei":0}},{"type":"Feature","geometry":{"type":"Point","coordinates":[27.577128,47.169496]},"properties":{"lines":"20, 28, 36, 41, 42, 43, 43c, 46, 50","color":"#0059a9","mode":"bus","arr":["20","28","36","41","42","43","43c","46","50"],"angle":44.7,"extra":1,"ei":1}},{"type":"Feature","geometry":{"type":"Point","coordinates":[27.57619,47.169901]},"properties":{"lines":"20, 43, 43c, 46","color":"#0059a9","mode":"bus","arr":["20","43","43c","46"],"angle":3.7}},{"type":"Feature","geometry":{"type":"Point","coordinates":[27.570246,47.171078]},"properties":{"lines":"20, 43, 43c, 46, 52","color":"#0059a9","mode":"bus","arr":["20","43","43c","46","52"],"angle":18.1}},{"type":"Feature","geometry":{"type":"Point","coordinates":[27.575182,47.169996]},"properties":{"lines":"20, 43, 43c, 46, 52","color":"#0059a9","mode":"bus","arr":["20","43","43c","46","52"],"angle":9.8,"mi":1}},{"type":"Feature","geometry":{"type":"Point","coordinates":[27.573245,47.170407]},"properties":{"lines":"20, 43, 43c, 46, 52","color":"#0059a9","mode":"bus","arr":["20","43","43c","46","52"],"angle":25,"extra":1,"ei":0}},{"type":"Feature","geometry":{"type":"Point","coordinates":[27.568027,47.17168]},"properties":{"lines":"20, 43, 43c, 46, 52","color":"#0059a9","mode":"bus","arr":["20","43","43c","46","52"],"angle":28.6,"extra":1,"ei":1}},{"type":"Feature","geometry":{"type":"Point","coordinates":[27.559116,47.173515]},"properties":{"lines":"20, 43c, 46","color":"#0059a9","mode":"bus","arr":["20","43c","46"],"angle":12.2,"side":-1}},{"type":"Feature","geometry":{"type":"Point","coordinates":[27.564808,47.172317]},"properties":{"lines":"20, 43c, 46","color":"#0059a9","mode":"bus","arr":["20","43c","46"],"angle":-20.1,"extra":1,"ei":0,"side":-1}},{"type":"Feature","geometry":{"type":"Point","coordinates":[27.562236,47.172736]},"properties":{"lines":"20, 43c, 46","color":"#0059a9","mode":"bus","arr":["20","43c","46"],"angle":26.7,"extra":1,"ei":1,"side":-1}},{"type":"Feature","geometry":{"type":"Point","coordinates":[27.556958,47.173839]},"properties":{"lines":"20, 43c, 46","color":"#0059a9","mode":"bus","arr":["20","43c","46"],"angle":12.1,"extra":1,"ei":2,"side":-1}},{"type":"Feature","geometry":{"type":"Point","coordinates":[27.554211,47.174112]},"properties":{"lines":"20, 43c, 46","color":"#0059a9","mode":"bus","arr":["20","43c","46"],"angle":6.3,"extra":1,"ei":3,"side":-1}},{"type":"Feature","geometry":{"type":"Point","coordinates":[27.542399,47.174708]},"properties":{"lines":"20, 43c, 46","color":"#0059a9","mode":"bus","arr":["20","43c","46"],"angle":-12.6,"side":-1}},{"type":"Feature","geometry":{"type":"Point","coordinates":[27.550206,47.174416]},"properties":{"lines":"20, 43c, 46","color":"#0059a9","mode":"bus","arr":["20","43c","46"],"angle":6.1,"extra":1,"ei":0,"side":-1}},{"type":"Feature","geometry":{"type":"Point","coordinates":[27.547439,47.174578]},"properties":{"lines":"20, 43c, 46","color":"#0059a9","mode":"bus","arr":["20","43c","46"],"angle":3.8,"extra":1,"ei":1,"side":-1}},{"type":"Feature","geometry":{"type":"Point","coordinates":[27.544667,47.174697]},"properties":{"lines":"20, 43c, 46","color":"#0059a9","mode":"bus","arr":["20","43c","46"],"angle":3.6,"extra":1,"ei":2,"side":-1}},{"type":"Feature","geometry":{"type":"Point","coordinates":[27.539476,47.173715]},"properties":{"lines":"20, 43c, 46","color":"#0059a9","mode":"bus","arr":["20","43c","46"],"angle":-21.8,"extra":1,"ei":3,"side":-1}},{"type":"Feature","geometry":{"type":"Point","coordinates":[27.536766,47.173322]},"properties":{"lines":"20, 43c, 46","color":"#0059a9","mode":"bus","arr":["20","43c","46"],"angle":-10.6,"extra":1,"ei":4,"side":-1}},{"type":"Feature","geometry":{"type":"Point","coordinates":[27.534034,47.172979]},"properties":{"lines":"20, 43c, 46","color":"#0059a9","mode":"bus","arr":["20","43c","46"],"angle":-10.1,"extra":1,"ei":5,"side":-1}},{"type":"Feature","geometry":{"type":"Point","coordinates":[27.528989,47.172544]},"properties":{"lines":"20, 43c","color":"#0059a9","mode":"bus","arr":["20","43c"],"angle":-1.4}},{"type":"Feature","geometry":{"type":"Point","coordinates":[27.53108,47.172731]},"properties":{"lines":"20, 43c","color":"#0059a9","mode":"bus","arr":["20","43c"],"angle":-8.3,"extra":1,"ei":0}},{"type":"Feature","geometry":{"type":"Point","coordinates":[27.526857,47.172513]},"properties":{"lines":"20, 43c","color":"#0059a9","mode":"bus","arr":["20","43c"],"angle":-1,"extra":1,"ei":0,"side":-1}},{"type":"Feature","geometry":{"type":"Point","coordinates":[27.535659,47.173281]},"properties":{"lines":"20, 43, 43c, 46, 902","color":"#0059a9","mode":"bus","arr":["20","43","43c","46","902"],"angle":-10.3}},{"type":"Feature","geometry":{"type":"Point","coordinates":[27.533226,47.172985]},"properties":{"lines":"20, 43c, 702, 902","color":"#0059a9","mode":"bus","arr":["20","43c","702","902"],"angle":-1.6}},{"type":"Feature","geometry":{"type":"Point","coordinates":[27.519393,47.172467]},"properties":{"lines":"20, 30b, 43c, 901","color":"#0059a9","mode":"bus","arr":["20","30b","43c","901"],"angle":-1.5}},{"type":"Feature","geometry":{"type":"Point","coordinates":[27.525101,47.172575]},"properties":{"lines":"20, 30b, 43c, 901","color":"#0059a9","mode":"bus","arr":["20","30b","43c","901"],"angle":-1.7,"extra":1,"ei":0}},{"type":"Feature","geometry":{"type":"Point","coordinates":[27.522325,47.172518]},"properties":{"lines":"20, 30b, 43c, 901","color":"#0059a9","mode":"bus","arr":["20","30b","43c","901"],"angle":-1.6,"extra":1,"ei":1}},{"type":"Feature","geometry":{"type":"Point","coordinates":[27.516773,47.172472]},"properties":{"lines":"20, 30b, 43c, 901","color":"#0059a9","mode":"bus","arr":["20","30b","43c","901"],"angle":5.4,"extra":1,"ei":2}},{"type":"Feature","geometry":{"type":"Point","coordinates":[27.514044,47.17282]},"properties":{"lines":"20, 30b, 43c, 901","color":"#0059a9","mode":"bus","arr":["20","30b","43c","901"],"angle":11.6,"extra":1,"ei":3}},{"type":"Feature","geometry":{"type":"Point","coordinates":[27.50956,47.172029]},"properties":{"lines":"20, 30b, 43c","color":"#0059a9","mode":"bus","arr":["20","30b","43c"],"angle":-73.6,"mi":7}},{"type":"Feature","geometry":{"type":"Point","coordinates":[27.509503,47.169773]},"properties":{"lines":"20, 30b, 43c","color":"#0059a9","mode":"bus","arr":["20","30b","43c"],"angle":-21,"mi":5}},{"type":"Feature","geometry":{"type":"Point","coordinates":[27.510872,47.169288]},"properties":{"lines":"20, 30b, 43c","color":"#0059a9","mode":"bus","arr":["20","30b","43c"],"angle":7,"side":-1,"mi":3}},{"type":"Feature","geometry":{"type":"Point","coordinates":[27.513084,47.169109]},"properties":{"lines":"20, 30b, 43c","color":"#0059a9","mode":"bus","arr":["20","30b","43c"],"angle":7.4,"side":-1,"mi":2}},{"type":"Feature","geometry":{"type":"Point","coordinates":[27.514183,47.170052]},"properties":{"lines":"20, 30b, 43c","color":"#0059a9","mode":"bus","arr":["20","30b","43c"],"angle":-45.2,"mi":4}},{"type":"Feature","geometry":{"type":"Point","coordinates":[27.515796,47.170114]},"properties":{"lines":"20, 30b, 43c","color":"#0059a9","mode":"bus","arr":["20","30b","43c"],"angle":-7.6,"mi":6}},{"type":"Feature","geometry":{"type":"Point","coordinates":[27.513103,47.169224]},"properties":{"lines":"20, 30b, 43c","color":"#0059a9","mode":"bus","arr":["20","30b","43c"],"angle":6.9}},{"type":"Feature","geometry":{"type":"Point","coordinates":[27.510903,47.169406]},"properties":{"lines":"20, 30b, 43c","color":"#0059a9","mode":"bus","arr":["20","30b","43c"],"angle":6.7,"mi":1}},{"type":"Feature","geometry":{"type":"Point","coordinates":[27.492184,47.176611]},"properties":{"lines":"20","color":"#0059a9","mode":"bus","arr":["20"],"angle":18.3}},{"type":"Feature","geometry":{"type":"Point","coordinates":[27.470733,47.181382]},"properties":{"lines":"20","color":"#0059a9","mode":"bus","arr":["20"],"angle":18.3,"mi":2}},{"type":"Feature","geometry":{"type":"Point","coordinates":[27.510741,47.173266]},"properties":{"lines":"20","color":"#0059a9","mode":"bus","arr":["20"],"angle":10.7,"extra":1,"ei":0}},{"type":"Feature","geometry":{"type":"Point","coordinates":[27.508015,47.173627]},"properties":{"lines":"20","color":"#0059a9","mode":"bus","arr":["20"],"angle":11.9,"extra":1,"ei":1}},{"type":"Feature","geometry":{"type":"Point","coordinates":[27.505315,47.174068]},"properties":{"lines":"20","color":"#0059a9","mode":"bus","arr":["20"],"angle":14,"extra":1,"ei":2}},{"type":"Feature","geometry":{"type":"Point","coordinates":[27.502618,47.174519]},"properties":{"lines":"20","color":"#0059a9","mode":"bus","arr":["20"],"angle":13.5,"extra":1,"ei":3}},{"type":"Feature","geometry":{"type":"Point","coordinates":[27.499917,47.17496]},"properties":{"lines":"20","color":"#0059a9","mode":"bus","arr":["20"],"angle":14,"extra":1,"ei":4}},{"type":"Feature","geometry":{"type":"Point","coordinates":[27.497259,47.175505]},"properties":{"lines":"20","color":"#0059a9","mode":"bus","arr":["20"],"angle":17.8,"extra":1,"ei":5}},{"type":"Feature","geometry":{"type":"Point","coordinates":[27.494614,47.176081]},"properties":{"lines":"20","color":"#0059a9","mode":"bus","arr":["20"],"angle":17.8,"extra":1,"ei":6}},{"type":"Feature","geometry":{"type":"Point","coordinates":[27.489322,47.17723]},"properties":{"lines":"20","color":"#0059a9","mode":"bus","arr":["20"],"angle":17.9,"extra":1,"ei":7}},{"type":"Feature","geometry":{"type":"Point","coordinates":[27.486682,47.177816]},"properties":{"lines":"20","color":"#0059a9","mode":"bus","arr":["20"],"angle":18,"extra":1,"ei":8}},{"type":"Feature","geometry":{"type":"Point","coordinates":[27.484046,47.17841]},"properties":{"lines":"20","color":"#0059a9","mode":"bus","arr":["20"],"angle":18.4,"extra":1,"ei":9}},{"type":"Feature","geometry":{"type":"Point","coordinates":[27.481409,47.179004]},"properties":{"lines":"20","color":"#0059a9","mode":"bus","arr":["20"],"angle":18.1,"extra":1,"ei":10}},{"type":"Feature","geometry":{"type":"Point","coordinates":[27.478771,47.179596]},"properties":{"lines":"20","color":"#0059a9","mode":"bus","arr":["20"],"angle":18.3,"extra":1,"ei":11}},{"type":"Feature","geometry":{"type":"Point","coordinates":[27.476135,47.18019]},"properties":{"lines":"20","color":"#0059a9","mode":"bus","arr":["20"],"angle":18.4,"extra":1,"ei":12}},{"type":"Feature","geometry":{"type":"Point","coordinates":[27.47349,47.180767]},"properties":{"lines":"20","color":"#0059a9","mode":"bus","arr":["20"],"angle":17.4,"extra":1,"ei":13}},{"type":"Feature","geometry":{"type":"Point","coordinates":[27.468815,47.181432]},"properties":{"lines":"20","color":"#0059a9","mode":"bus","arr":["20"],"angle":-77.2,"mi":1}},{"type":"Feature","geometry":{"type":"Point","coordinates":[27.469367,47.181533]},"properties":{"lines":"20","color":"#0059a9","mode":"bus","arr":["20"],"angle":-4.8,"side":-1}},{"type":"Feature","geometry":{"type":"Point","coordinates":[27.511946,47.172666]},"properties":{"lines":"20","color":"#0059a9","mode":"bus","arr":["20"],"angle":-57}},{"type":"Feature","geometry":{"type":"Point","coordinates":[27.576743,47.169517]},"properties":{"lines":"43, 46","color":"#0059a9","mode":"bus","arr":["43","46"],"angle":35}},{"type":"Feature","geometry":{"type":"Point","coordinates":[27.578359,47.168868]},"properties":{"lines":"43, 46","color":"#0059a9","mode":"bus","arr":["43","46"],"angle":28.1,"extra":1,"ei":0}},{"type":"Feature","geometry":{"type":"Point","coordinates":[27.575458,47.169845]},"properties":{"lines":"20, 43c, 52","color":"#0059a9","mode":"bus","arr":["20","43c","52"],"angle":10.8,"side":-1}},{"type":"Feature","geometry":{"type":"Point","coordinates":[27.577674,47.169037]},"properties":{"lines":"20, 28, 41, 42, 43c","color":"#0059a9","mode":"bus","arr":["20","28","41","42","43c"],"angle":25.5,"side":-1}},{"type":"Feature","geometry":{"type":"Point","coordinates":[27.590856,47.164845]},"properties":{"lines":"20, 28, 41, 42, 43, 43c, 46, 50, 103, 601","color":"#0059a9","mode":"bus","arr":["20","28","41","42","43","43c","46","50","103","601"],"angle":65.8}},{"type":"Feature","geometry":{"type":"Point","coordinates":[27.59201,47.164545]},"properties":{"lines":"20, 48, 50, 54, 101, 102, 103, 601","color":"#0059a9","mode":"bus","arr":["20","48","50","54","101","102","103","601"],"angle":-62.9}},{"type":"Feature","geometry":{"type":"Point","coordinates":[27.574725,47.141489]},"properties":{"lines":"23, 23b, 501, 501b","color":"#0059a9","mode":"bus","arr":["23","23b","501","501b"],"angle":35.8}},{"type":"Feature","geometry":{"type":"Point","coordinates":[27.577721,47.140099]},"properties":{"lines":"23, 23b, 501, 501b","color":"#0059a9","mode":"bus","arr":["23","23b","501","501b"],"angle":52.6,"extra":1,"ei":0}},{"type":"Feature","geometry":{"type":"Point","coordinates":[27.573333,47.14233]},"properties":{"lines":"23, 23b, 501, 501b","color":"#0059a9","mode":"bus","arr":["23","23b","501","501b"],"angle":42.1,"extra":1,"ei":1}},{"type":"Feature","geometry":{"type":"Point","coordinates":[27.571236,47.143565]},"properties":{"lines":"23, 23b, 501, 501b","color":"#0059a9","mode":"bus","arr":["23","23b","501","501b"],"angle":32.3,"extra":1,"ei":2}},{"type":"Feature","geometry":{"type":"Point","coordinates":[27.558518,47.147645]},"properties":{"lines":"23, 23b, 501, 501b","color":"#0059a9","mode":"bus","arr":["23","23b","501","501b"],"angle":-63.1}},{"type":"Feature","geometry":{"type":"Point","coordinates":[27.569647,47.144179]},"properties":{"lines":"23, 23b, 501, 501b","color":"#0059a9","mode":"bus","arr":["23","23b","501","501b"],"angle":29.3,"extra":1,"ei":0}},{"type":"Feature","geometry":{"type":"Point","coordinates":[27.567209,47.145059]},"properties":{"lines":"23, 23b, 501, 501b","color":"#0059a9","mode":"bus","arr":["23","23b","501","501b"],"angle":37.9,"extra":1,"ei":1}},{"type":"Feature","geometry":{"type":"Point","coordinates":[27.565015,47.146217]},"properties":{"lines":"23, 23b, 501, 501b","color":"#0059a9","mode":"bus","arr":["23","23b","501","501b"],"angle":38.4,"extra":1,"ei":2}},{"type":"Feature","geometry":{"type":"Point","coordinates":[27.562891,47.147431]},"properties":{"lines":"23, 23b, 501, 501b","color":"#0059a9","mode":"bus","arr":["23","23b","501","501b"],"angle":41.6,"extra":1,"ei":3}},{"type":"Feature","geometry":{"type":"Point","coordinates":[27.560595,47.148487]},"properties":{"lines":"23, 23b, 501, 501b","color":"#0059a9","mode":"bus","arr":["23","23b","501","501b"],"angle":30.6,"extra":1,"ei":4}},{"type":"Feature","geometry":{"type":"Point","coordinates":[27.556265,47.146932]},"properties":{"lines":"23, 23b, 501, 501b","color":"#0059a9","mode":"bus","arr":["23","23b","501","501b"],"angle":-12.4,"extra":1,"ei":5}},{"type":"Feature","geometry":{"type":"Point","coordinates":[27.553566,47.146489]},"properties":{"lines":"23, 23b, 501, 501b","color":"#0059a9","mode":"bus","arr":["23","23b","501","501b"],"angle":-13.7,"extra":1,"ei":6}},{"type":"Feature","geometry":{"type":"Point","coordinates":[27.550865,47.146048]},"properties":{"lines":"23, 23b, 501, 501b","color":"#0059a9","mode":"bus","arr":["23","23b","501","501b"],"angle":-13.3,"extra":1,"ei":7}},{"type":"Feature","geometry":{"type":"Point","coordinates":[27.548168,47.145598]},"properties":{"lines":"23, 23b, 501, 501b","color":"#0059a9","mode":"bus","arr":["23","23b","501","501b"],"angle":-13.5,"extra":1,"ei":8}},{"type":"Feature","geometry":{"type":"Point","coordinates":[27.545466,47.145161]},"properties":{"lines":"23, 23b, 501, 501b","color":"#0059a9","mode":"bus","arr":["23","23b","501","501b"],"angle":-8.6,"extra":1,"ei":9}},{"type":"Feature","geometry":{"type":"Point","coordinates":[27.536025,47.144823]},"properties":{"lines":"23, 23b, 501, 501b","color":"#0059a9","mode":"bus","arr":["23","23b","501","501b"],"angle":26.8}},{"type":"Feature","geometry":{"type":"Point","coordinates":[27.542392,47.145126]},"properties":{"lines":"23, 23b, 501, 501b","color":"#0059a9","mode":"bus","arr":["23","23b","501","501b"],"angle":-0.4,"extra":1,"ei":0}},{"type":"Feature","geometry":{"type":"Point","coordinates":[27.539616,47.145095]},"properties":{"lines":"23, 23b, 501, 501b","color":"#0059a9","mode":"bus","arr":["23","23b","501","501b"],"angle":-4.5,"extra":1,"ei":1}},{"type":"Feature","geometry":{"type":"Point","coordinates":[27.532456,47.146052]},"properties":{"lines":"23, 23b, 501, 501b","color":"#0059a9","mode":"bus","arr":["23","23b","501","501b"],"angle":26.6,"extra":1,"ei":2}},{"type":"Feature","geometry":{"type":"Point","coordinates":[27.529856,47.146524]},"properties":{"lines":"23, 23b, 501, 501b","color":"#0059a9","mode":"bus","arr":["23","23b","501","501b"],"angle":-12,"extra":1,"ei":3}},{"type":"Feature","geometry":{"type":"Point","coordinates":[27.527846,47.146191]},"properties":{"lines":"23b, 501, 501b","color":"#0059a9","mode":"bus","arr":["23b","501","501b"],"angle":-13.2}},{"type":"Feature","geometry":{"type":"Point","coordinates":[27.583756,47.153608]},"properties":{"lines":"23, 501","color":"#0059a9","mode":"bus","arr":["23","501"],"angle":-49}},{"type":"Feature","geometry":{"type":"Point","coordinates":[27.527826,47.14543]},"properties":{"lines":"23b, 503b","color":"#0059a9","mode":"bus","arr":["23b","503b"],"angle":66.4,"mi":2}},{"type":"Feature","geometry":{"type":"Point","coordinates":[27.527282,47.144983]},"properties":{"lines":"23b, 503b","color":"#0059a9","mode":"bus","arr":["23b","503b"],"angle":-26.6,"mi":1}},{"type":"Feature","geometry":{"type":"Point","coordinates":[27.527962,47.143034]},"properties":{"lines":"23b, 503b","color":"#0059a9","mode":"bus","arr":["23b","503b"],"angle":61.6}},{"type":"Feature","geometry":{"type":"Point","coordinates":[27.529259,47.140856]},"properties":{"lines":"23b, 503b","color":"#0059a9","mode":"bus","arr":["23b","503b"],"angle":84.5,"mi":3}},{"type":"Feature","geometry":{"type":"Point","coordinates":[27.527278,47.134771]},"properties":{"lines":"23b","color":"#0059a9","mode":"bus","arr":["23b"],"angle":-55.4}},{"type":"Feature","geometry":{"type":"Point","coordinates":[27.52914,47.139496]},"properties":{"lines":"23b","color":"#0059a9","mode":"bus","arr":["23b"],"angle":-75.7,"extra":1,"ei":0}},{"type":"Feature","geometry":{"type":"Point","coordinates":[27.528383,47.137687]},"properties":{"lines":"23b","color":"#0059a9","mode":"bus","arr":["23b"],"angle":-80.3,"extra":1,"ei":1}},{"type":"Feature","geometry":{"type":"Point","coordinates":[27.526697,47.132283]},"properties":{"lines":"23b","color":"#0059a9","mode":"bus","arr":["23b"],"angle":-87.8,"extra":1,"ei":2}},{"type":"Feature","geometry":{"type":"Point","coordinates":[27.526025,47.130459]},"properties":{"lines":"23b","color":"#0059a9","mode":"bus","arr":["23b"],"angle":-68.3,"extra":1,"ei":3}},{"type":"Feature","geometry":{"type":"Point","coordinates":[27.52001,47.120413]},"properties":{"lines":"23b","color":"#0059a9","mode":"bus","arr":["23b"],"angle":-67.9}},{"type":"Feature","geometry":{"type":"Point","coordinates":[27.524365,47.128469]},"properties":{"lines":"23b","color":"#0059a9","mode":"bus","arr":["23b"],"angle":-62.4,"extra":1,"ei":0}},{"type":"Feature","geometry":{"type":"Point","coordinates":[27.52304,47.12681]},"properties":{"lines":"23b","color":"#0059a9","mode":"bus","arr":["23b"],"angle":-65.9,"extra":1,"ei":1}},{"type":"Feature","geometry":{"type":"Point","coordinates":[27.522097,47.125045]},"properties":{"lines":"23b","color":"#0059a9","mode":"bus","arr":["23b"],"angle":-57.5,"extra":1,"ei":2}},{"type":"Feature","geometry":{"type":"Point","coordinates":[27.521462,47.123271]},"properties":{"lines":"23b","color":"#0059a9","mode":"bus","arr":["23b"],"angle":82.6,"extra":1,"ei":3}},{"type":"Feature","geometry":{"type":"Point","coordinates":[27.520919,47.121535]},"properties":{"lines":"23b","color":"#0059a9","mode":"bus","arr":["23b"],"angle":-48.1,"extra":1,"ei":4}},{"type":"Feature","geometry":{"type":"Point","coordinates":[27.51826,47.11825]},"properties":{"lines":"23b","color":"#0059a9","mode":"bus","arr":["23b"],"angle":-49.1,"extra":1,"ei":5}},{"type":"Feature","geometry":{"type":"Point","coordinates":[27.517357,47.116619]},"properties":{"lines":"23b","color":"#0059a9","mode":"bus","arr":["23b"],"angle":74.1,"extra":1,"ei":6}},{"type":"Feature","geometry":{"type":"Point","coordinates":[27.516927,47.115086]},"properties":{"lines":"23b","color":"#0059a9","mode":"bus","arr":["23b"],"angle":-24.1,"extra":1,"ei":7}},{"type":"Feature","geometry":{"type":"Point","coordinates":[27.514384,47.114326]},"properties":{"lines":"23b","color":"#0059a9","mode":"bus","arr":["23b"],"angle":-23.6,"extra":1,"ei":8}},{"type":"Feature","geometry":{"type":"Point","coordinates":[27.507692,47.109103]},"properties":{"lines":"23b","color":"#0059a9","mode":"bus","arr":["23b"],"angle":-12.3}},{"type":"Feature","geometry":{"type":"Point","coordinates":[27.51211,47.112512]},"properties":{"lines":"23b","color":"#0059a9","mode":"bus","arr":["23b"],"angle":-82.6,"extra":1,"ei":0}},{"type":"Feature","geometry":{"type":"Point","coordinates":[27.511373,47.110697]},"properties":{"lines":"23b","color":"#0059a9","mode":"bus","arr":["23b"],"angle":-60.5,"extra":1,"ei":1}},{"type":"Feature","geometry":{"type":"Point","coordinates":[27.503863,47.108934]},"properties":{"lines":"23b","color":"#0059a9","mode":"bus","arr":["23b"],"angle":18.6,"extra":1,"ei":2}},{"type":"Feature","geometry":{"type":"Point","coordinates":[27.50123,47.109518]},"properties":{"lines":"23b","color":"#0059a9","mode":"bus","arr":["23b"],"angle":28.5,"extra":1,"ei":3}},{"type":"Feature","geometry":{"type":"Point","coordinates":[27.493151,47.108587]},"properties":{"lines":"23b","color":"#0059a9","mode":"bus","arr":["23b"],"angle":15.8}},{"type":"Feature","geometry":{"type":"Point","coordinates":[27.498705,47.109385]},"properties":{"lines":"23b","color":"#0059a9","mode":"bus","arr":["23b"],"angle":-61.1,"extra":1,"ei":0}},{"type":"Feature","geometry":{"type":"Point","coordinates":[27.496495,47.108343]},"properties":{"lines":"23b","color":"#0059a9","mode":"bus","arr":["23b"],"angle":-6.2,"extra":1,"ei":1}},{"type":"Feature","geometry":{"type":"Point","coordinates":[27.491077,47.109003]},"properties":{"lines":"23b","color":"#0059a9","mode":"bus","arr":["23b"],"angle":17.1,"extra":1,"ei":2}},{"type":"Feature","geometry":{"type":"Point","coordinates":[27.488409,47.109524]},"properties":{"lines":"23b","color":"#0059a9","mode":"bus","arr":["23b"],"angle":13.7,"extra":1,"ei":3}},{"type":"Feature","geometry":{"type":"Point","coordinates":[27.588028,47.150969]},"properties":{"lines":"23b, 29, 501b, 801, 802, 802b","color":"#0059a9","mode":"bus","arr":["23b","29","501b","801","802","802b"],"angle":-65.8,"side":-1}},{"type":"Feature","geometry":{"type":"Point","coordinates":[27.583881,47.153553]},"properties":{"lines":"23b, 501b","color":"#0059a9","mode":"bus","arr":["23b","501b"],"angle":-50.3,"side":-1}},{"type":"Feature","geometry":{"type":"Point","coordinates":[27.564249,47.119172]},"properties":{"lines":"27, 41, 44, 301, 502, 503, 503b","color":"#0059a9","mode":"bus","arr":["27","41","44","301","502","503","503b"],"angle":-67.8}},{"type":"Feature","geometry":{"type":"Point","coordinates":[27.566558,47.122745]},"properties":{"lines":"27, 41, 44, 301, 502, 503, 503b","color":"#0059a9","mode":"bus","arr":["27","41","44","301","502","503","503b"],"angle":-66.7,"mi":1}},{"type":"Feature","geometry":{"type":"Point","coordinates":[27.565215,47.120764]},"properties":{"lines":"27, 41, 44, 301, 502, 503, 503b","color":"#0059a9","mode":"bus","arr":["27","41","44","301","502","503","503b"],"angle":-68.2,"extra":1,"ei":0}},{"type":"Feature","geometry":{"type":"Point","coordinates":[27.563046,47.117291]},"properties":{"lines":"27, 41, 44, 301, 502, 503, 503b","color":"#0059a9","mode":"bus","arr":["27","41","44","301","502","503","503b"],"angle":-67,"extra":1,"ei":1}},{"type":"Feature","geometry":{"type":"Point","coordinates":[27.566022,47.121897]},"properties":{"lines":"502, 503b","color":"#0059a9","mode":"bus","arr":["502","503b"],"angle":-66.9,"side":-1}},{"type":"Feature","geometry":{"type":"Point","coordinates":[27.565927,47.121924]},"properties":{"lines":"27, 41, 44, 301, 503","color":"#0059a9","mode":"bus","arr":["27","41","44","301","503"],"angle":-67.2}},{"type":"Feature","geometry":{"type":"Point","coordinates":[27.560753,47.113638]},"properties":{"lines":"27, 41, 44, 301, 502","color":"#0059a9","mode":"bus","arr":["27","41","44","301","502"],"angle":-69.6}},{"type":"Feature","geometry":{"type":"Point","coordinates":[27.562149,47.115852]},"properties":{"lines":"27, 41, 44, 301, 502","color":"#0059a9","mode":"bus","arr":["27","41","44","301","502"],"angle":-67.1,"extra":1,"ei":0}},{"type":"Feature","geometry":{"type":"Point","coordinates":[27.560541,47.11229]},"properties":{"lines":"27, 41, 44, 301, 502","color":"#0059a9","mode":"bus","arr":["27","41","44","301","502"],"angle":-87.9,"extra":1,"ei":1}},{"type":"Feature","geometry":{"type":"Point","coordinates":[27.559464,47.110573]},"properties":{"lines":"27, 41, 44, 301, 502","color":"#0059a9","mode":"bus","arr":["27","41","44","301","502"],"angle":-62.6,"extra":1,"ei":2}},{"type":"Feature","geometry":{"type":"Point","coordinates":[27.559672,47.103704]},"properties":{"lines":"27, 41, 44, 301","color":"#0059a9","mode":"bus","arr":["27","41","44","301"],"angle":89.1}},{"type":"Feature","geometry":{"type":"Point","coordinates":[27.559081,47.1096]},"properties":{"lines":"27, 41, 44, 301","color":"#0059a9","mode":"bus","arr":["27","41","44","301"],"angle":81,"extra":1,"ei":0}},{"type":"Feature","geometry":{"type":"Point","coordinates":[27.559565,47.107742]},"properties":{"lines":"27, 41, 44, 301","color":"#0059a9","mode":"bus","arr":["27","41","44","301"],"angle":87.2,"extra":1,"ei":1}},{"type":"Feature","geometry":{"type":"Point","coordinates":[27.559623,47.105854]},"properties":{"lines":"27, 41, 44, 301","color":"#0059a9","mode":"bus","arr":["27","41","44","301"],"angle":-89.9,"extra":1,"ei":2}},{"type":"Feature","geometry":{"type":"Point","coordinates":[27.559702,47.102078]},"properties":{"lines":"27, 41, 44, 301","color":"#0059a9","mode":"bus","arr":["27","41","44","301"],"angle":88.8,"extra":1,"ei":3}},{"type":"Feature","geometry":{"type":"Point","coordinates":[27.559725,47.100191]},"properties":{"lines":"27, 41, 44, 301","color":"#0059a9","mode":"bus","arr":["27","41","44","301"],"angle":-84.1,"extra":1,"ei":4}},{"type":"Feature","geometry":{"type":"Point","coordinates":[27.559296,47.098325]},"properties":{"lines":"27, 41, 44, 301","color":"#0059a9","mode":"bus","arr":["27","41","44","301"],"angle":-80.6,"extra":1,"ei":5}},{"type":"Feature","geometry":{"type":"Point","coordinates":[27.560848,47.096721]},"properties":{"lines":"27, 41, 44","color":"#0059a9","mode":"bus","arr":["27","41","44"],"angle":8.6,"mi":2}},{"type":"Feature","geometry":{"type":"Point","coordinates":[27.565718,47.096288]},"properties":{"lines":"27, 41, 44","color":"#0059a9","mode":"bus","arr":["27","41","44"],"angle":6.9,"mi":1}},{"type":"Feature","geometry":{"type":"Point","coordinates":[27.563528,47.096475]},"properties":{"lines":"27, 41, 44","color":"#0059a9","mode":"bus","arr":["27","41","44"],"angle":7.6}},{"type":"Feature","geometry":{"type":"Point","coordinates":[27.574572,47.133708]},"properties":{"lines":"502","color":"#0059a9","mode":"bus","arr":["502"],"angle":60.7,"side":-1}},{"type":"Feature","geometry":{"type":"Point","coordinates":[27.610345,47.146633]},"properties":{"lines":"27","color":"#0059a9","mode":"bus","arr":["27"],"angle":-33.3,"side":-1,"mi":1}},{"type":"Feature","geometry":{"type":"Point","coordinates":[27.581439,47.14483]},"properties":{"lines":"28, 47","color":"#0059a9","mode":"bus","arr":["28","47"],"angle":-49.9,"mi":1}},{"type":"Feature","geometry":{"type":"Point","coordinates":[27.582152,47.14446]},"properties":{"lines":"28, 47","color":"#0059a9","mode":"bus","arr":["28","47"],"angle":-71.4,"side":-1}},{"type":"Feature","geometry":{"type":"Point","coordinates":[27.579465,47.147271]},"properties":{"lines":"28, 44, 47","color":"#0059a9","mode":"bus","arr":["28","44","47"],"angle":43.6,"mi":1}},{"type":"Feature","geometry":{"type":"Point","coordinates":[27.581154,47.146154]},"properties":{"lines":"28, 44, 47","color":"#0059a9","mode":"bus","arr":["28","44","47"],"angle":45.3,"extra":1,"ei":0}},{"type":"Feature","geometry":{"type":"Point","coordinates":[27.576945,47.148467]},"properties":{"lines":"28, 44, 47","color":"#0059a9","mode":"bus","arr":["28","44","47"],"angle":1.8,"extra":1,"ei":1}},{"type":"Feature","geometry":{"type":"Point","coordinates":[27.572766,47.151599]},"properties":{"lines":"28, 44, 47","color":"#0059a9","mode":"bus","arr":["28","44","47"],"angle":54}},{"type":"Feature","geometry":{"type":"Point","coordinates":[27.575505,47.149227]},"properties":{"lines":"28, 44, 47","color":"#0059a9","mode":"bus","arr":["28","44","47"],"angle":50,"extra":1,"ei":0}},{"type":"Feature","geometry":{"type":"Point","coordinates":[27.570512,47.153758]},"properties":{"lines":"28, 44, 47","color":"#0059a9","mode":"bus","arr":["28","44","47"],"angle":64.6,"extra":1,"ei":1}},{"type":"Feature","geometry":{"type":"Point","coordinates":[27.570395,47.156626]},"properties":{"lines":"28, 44, 47","color":"#0059a9","mode":"bus","arr":["28","44","47"],"angle":89.3,"mi":2}},{"type":"Feature","geometry":{"type":"Point","coordinates":[27.570384,47.15789]},"properties":{"lines":"28, 44, 47","color":"#0059a9","mode":"bus","arr":["28","44","47"],"angle":-89.9,"extra":1,"ei":0}},{"type":"Feature","geometry":{"type":"Point","coordinates":[27.570453,47.159148]},"properties":{"lines":"28, 44, 47","color":"#0059a9","mode":"bus","arr":["28","44","47"],"angle":-86.6,"mi":3}},{"type":"Feature","geometry":{"type":"Point","coordinates":[27.57111,47.160516]},"properties":{"lines":"28, 44, 47, 52","color":"#0059a9","mode":"bus","arr":["28","44","47","52"],"angle":-42.5,"mi":1}},{"type":"Feature","geometry":{"type":"Point","coordinates":[27.571058,47.161592]},"properties":{"lines":"28, 44, 47, 52","color":"#0059a9","mode":"bus","arr":["28","44","47","52"],"angle":47}},{"type":"Feature","geometry":{"type":"Point","coordinates":[27.56956,47.161851]},"properties":{"lines":"28, 52","color":"#0059a9","mode":"bus","arr":["28","52"],"angle":-50.7}},{"type":"Feature","geometry":{"type":"Point","coordinates":[27.56865,47.161162]},"properties":{"lines":"28, 44, 52","color":"#0059a9","mode":"bus","arr":["28","44","52"],"angle":37.5}},{"type":"Feature","geometry":{"type":"Point","coordinates":[27.570187,47.160242]},"properties":{"lines":"28, 44, 52","color":"#0059a9","mode":"bus","arr":["28","44","52"],"angle":41.4,"extra":1,"ei":0}},{"type":"Feature","geometry":{"type":"Point","coordinates":[27.582407,47.145286]},"properties":{"lines":"28, 44, 47","color":"#0059a9","mode":"bus","arr":["28","44","47"],"angle":45.2,"mi":4}},{"type":"Feature","geometry":{"type":"Point","coordinates":[27.646039,47.143504]},"properties":{"lines":"29, 801, 802, 802b, 803","color":"#0059a9","mode":"bus","arr":["29","801","802","802b","803"],"angle":-1.2}},{"type":"Feature","geometry":{"type":"Point","coordinates":[27.644285,47.14348]},"properties":{"lines":"29, 801, 802, 802b, 803","color":"#0059a9","mode":"bus","arr":["29","801","802","802b","803"],"angle":-1.1,"extra":1,"ei":0}},{"type":"Feature","geometry":{"type":"Point","coordinates":[27.665297,47.13917]},"properties":{"lines":"29, 801, 802, 802b, 803","color":"#0059a9","mode":"bus","arr":["29","801","802","802b","803"],"angle":29.7}},{"type":"Feature","geometry":{"type":"Point","coordinates":[27.649829,47.1435]},"properties":{"lines":"29, 801, 802, 802b, 803","color":"#0059a9","mode":"bus","arr":["29","801","802","802b","803"],"angle":-0.1,"extra":1,"ei":0}},{"type":"Feature","geometry":{"type":"Point","coordinates":[27.652606,47.143477]},"properties":{"lines":"29, 801, 802, 802b, 803","color":"#0059a9","mode":"bus","arr":["29","801","802","802b","803"],"angle":0.8,"extra":1,"ei":1}},{"type":"Feature","geometry":{"type":"Point","coordinates":[27.655284,47.143054]},"properties":{"lines":"29, 801, 802, 802b, 803","color":"#0059a9","mode":"bus","arr":["29","801","802","802b","803"],"angle":26.3,"extra":1,"ei":2}},{"type":"Feature","geometry":{"type":"Point","coordinates":[27.6577,47.142122]},"properties":{"lines":"29, 801, 802, 802b, 803","color":"#0059a9","mode":"bus","arr":["29","801","802","802b","803"],"angle":29.8,"extra":1,"ei":3}},{"type":"Feature","geometry":{"type":"Point","coordinates":[27.660115,47.14119]},"properties":{"lines":"29, 801, 802, 802b, 803","color":"#0059a9","mode":"bus","arr":["29","801","802","802b","803"],"angle":29.2,"extra":1,"ei":4}},{"type":"Feature","geometry":{"type":"Point","coordinates":[27.662523,47.14025]},"properties":{"lines":"29, 801, 802, 802b, 803","color":"#0059a9","mode":"bus","arr":["29","801","802","802b","803"],"angle":30.2,"extra":1,"ei":5}},{"type":"Feature","geometry":{"type":"Point","coordinates":[27.66735,47.138381]},"properties":{"lines":"29, 801, 802, 802b, 803","color":"#0059a9","mode":"bus","arr":["29","801","802","802b","803"],"angle":29.6,"extra":1,"ei":6}},{"type":"Feature","geometry":{"type":"Point","coordinates":[27.669763,47.137446]},"properties":{"lines":"29, 801, 802, 802b, 803","color":"#0059a9","mode":"bus","arr":["29","801","802","802b","803"],"angle":31.1,"extra":1,"ei":7}},{"type":"Feature","geometry":{"type":"Point","coordinates":[27.672103,47.136429]},"properties":{"lines":"29, 801, 802, 802b, 803","color":"#0059a9","mode":"bus","arr":["29","801","802","802b","803"],"angle":32,"extra":1,"ei":8}},{"type":"Feature","geometry":{"type":"Point","coordinates":[27.674628,47.135675]},"properties":{"lines":"29, 801, 802, 802b, 803","color":"#0059a9","mode":"bus","arr":["29","801","802","802b","803"],"angle":11.3,"extra":1,"ei":9}},{"type":"Feature","geometry":{"type":"Point","coordinates":[27.677355,47.135317]},"properties":{"lines":"29, 801, 802, 802b, 803","color":"#0059a9","mode":"bus","arr":["29","801","802","802b","803"],"angle":11.6,"extra":1,"ei":10}},{"type":"Feature","geometry":{"type":"Point","coordinates":[27.680078,47.134945]},"properties":{"lines":"29, 801, 802, 802b, 803","color":"#0059a9","mode":"bus","arr":["29","801","802","802b","803"],"angle":11.1,"extra":1,"ei":11}},{"type":"Feature","geometry":{"type":"Point","coordinates":[27.690269,47.13269]},"properties":{"lines":"29, 801, 802, 802b, 803","color":"#0059a9","mode":"bus","arr":["29","801","802","802b","803"],"angle":20.2}},{"type":"Feature","geometry":{"type":"Point","coordinates":[27.683573,47.134338]},"properties":{"lines":"29, 801, 802, 802b, 803","color":"#0059a9","mode":"bus","arr":["29","801","802","802b","803"],"angle":19.6,"extra":1,"ei":0}},{"type":"Feature","geometry":{"type":"Point","coordinates":[27.686185,47.133696]},"properties":{"lines":"29, 801, 802, 802b, 803","color":"#0059a9","mode":"bus","arr":["29","801","802","802b","803"],"angle":19.5,"extra":1,"ei":1}},{"type":"Feature","geometry":{"type":"Point","coordinates":[27.694022,47.131771]},"properties":{"lines":"29, 801, 802, 802b, 803","color":"#0059a9","mode":"bus","arr":["29","801","802","802b","803"],"angle":19.4,"extra":1,"ei":2}},{"type":"Feature","geometry":{"type":"Point","coordinates":[27.696638,47.131138]},"properties":{"lines":"29, 801, 802, 802b, 803","color":"#0059a9","mode":"bus","arr":["29","801","802","802b","803"],"angle":17.6,"extra":1,"ei":3}},{"type":"Feature","geometry":{"type":"Point","coordinates":[27.594407,47.145518]},"properties":{"lines":"29, 30b, 42, 43, 43c, 46, 801, 802, 802b","color":"#0059a9","mode":"bus","arr":["29","30b","42","43","43c","46","801","802","802b"],"angle":57.2}},{"type":"Feature","geometry":{"type":"Point","coordinates":[27.608181,47.136033]},"properties":{"lines":"30, 30b, 46, 202, 203","color":"#0059a9","mode":"bus","arr":["30","30b","46","202","203"],"angle":45.1}},{"type":"Feature","geometry":{"type":"Point","coordinates":[27.620082,47.125022]},"properties":{"lines":"30, 30b, 46, 202","color":"#0059a9","mode":"bus","arr":["30","30b","46","202"],"angle":40.3}},{"type":"Feature","geometry":{"type":"Point","coordinates":[27.611036,47.134124]},"properties":{"lines":"30, 30b, 46, 202","color":"#0059a9","mode":"bus","arr":["30","30b","46","202"],"angle":45.1,"extra":1,"ei":0}},{"type":"Feature","geometry":{"type":"Point","coordinates":[27.612832,47.1327]},"properties":{"lines":"30, 30b, 46, 202","color":"#0059a9","mode":"bus","arr":["30","30b","46","202"],"angle":66.4,"extra":1,"ei":1}},{"type":"Feature","geometry":{"type":"Point","coordinates":[27.613708,47.130915]},"properties":{"lines":"30, 30b, 46, 202","color":"#0059a9","mode":"bus","arr":["30","30b","46","202"],"angle":62.4,"extra":1,"ei":2}},{"type":"Feature","geometry":{"type":"Point","coordinates":[27.615076,47.129271]},"properties":{"lines":"30, 30b, 46, 202","color":"#0059a9","mode":"bus","arr":["30","30b","46","202"],"angle":60.4,"extra":1,"ei":3}},{"type":"Feature","geometry":{"type":"Point","coordinates":[27.616441,47.127626]},"properties":{"lines":"30, 30b, 46, 202","color":"#0059a9","mode":"bus","arr":["30","30b","46","202"],"angle":60.7,"extra":1,"ei":4}},{"type":"Feature","geometry":{"type":"Point","coordinates":[27.618142,47.126155]},"properties":{"lines":"30, 30b, 46, 202","color":"#0059a9","mode":"bus","arr":["30","30b","46","202"],"angle":40.6,"extra":1,"ei":5}},{"type":"Feature","geometry":{"type":"Point","coordinates":[27.622392,47.123723]},"properties":{"lines":"30, 30b, 46, 202","color":"#0059a9","mode":"bus","arr":["30","30b","46","202"],"angle":38.3,"extra":1,"ei":6}},{"type":"Feature","geometry":{"type":"Point","coordinates":[27.624162,47.122286]},"properties":{"lines":"30, 30b, 46, 202","color":"#0059a9","mode":"bus","arr":["30","30b","46","202"],"angle":54.9,"extra":1,"ei":7}},{"type":"Feature","geometry":{"type":"Point","coordinates":[27.625999,47.120873]},"properties":{"lines":"30, 30b, 46, 202","color":"#0059a9","mode":"bus","arr":["30","30b","46","202"],"angle":47.4,"extra":1,"ei":8}},{"type":"Feature","geometry":{"type":"Point","coordinates":[27.628274,47.119807]},"properties":{"lines":"30, 30b, 46, 202","color":"#0059a9","mode":"bus","arr":["30","30b","46","202"],"angle":31.9,"extra":1,"ei":9}},{"type":"Feature","geometry":{"type":"Point","coordinates":[27.630507,47.118689]},"properties":{"lines":"30, 30b, 46, 202","color":"#0059a9","mode":"bus","arr":["30","30b","46","202"],"angle":38.8,"extra":1,"ei":10}},{"type":"Feature","geometry":{"type":"Point","coordinates":[27.631954,47.117164]},"properties":{"lines":"30, 30b, 46, 202","color":"#0059a9","mode":"bus","arr":["30","30b","46","202"],"angle":76.2,"extra":1,"ei":11}},{"type":"Feature","geometry":{"type":"Point","coordinates":[27.649103,47.100644]},"properties":{"lines":"202","color":"#0059a9","mode":"bus","arr":["202"],"angle":58.2}},{"type":"Feature","geometry":{"type":"Point","coordinates":[27.632364,47.115601]},"properties":{"lines":"202","color":"#0059a9","mode":"bus","arr":["202"],"angle":81,"extra":1,"ei":0}},{"type":"Feature","geometry":{"type":"Point","coordinates":[27.6331,47.113788]},"properties":{"lines":"202","color":"#0059a9","mode":"bus","arr":["202"],"angle":77.3,"extra":1,"ei":1}},{"type":"Feature","geometry":{"type":"Point","coordinates":[27.634037,47.112016]},"properties":{"lines":"202","color":"#0059a9","mode":"bus","arr":["202"],"angle":65.9,"extra":1,"ei":2}},{"type":"Feature","geometry":{"type":"Point","coordinates":[27.635738,47.110561]},"properties":{"lines":"202","color":"#0059a9","mode":"bus","arr":["202"],"angle":44.4,"extra":1,"ei":3}},{"type":"Feature","geometry":{"type":"Point","coordinates":[27.637737,47.109257]},"properties":{"lines":"202","color":"#0059a9","mode":"bus","arr":["202"],"angle":53.7,"extra":1,"ei":4}},{"type":"Feature","geometry":{"type":"Point","coordinates":[27.638914,47.107552]},"properties":{"lines":"202","color":"#0059a9","mode":"bus","arr":["202"],"angle":73.4,"extra":1,"ei":5}},{"type":"Feature","geometry":{"type":"Point","coordinates":[27.640615,47.10611]},"properties":{"lines":"202","color":"#0059a9","mode":"bus","arr":["202"],"angle":46.3,"extra":1,"ei":6}},{"type":"Feature","geometry":{"type":"Point","coordinates":[27.642725,47.104927]},"properties":{"lines":"202","color":"#0059a9","mode":"bus","arr":["202"],"angle":22.8,"extra":1,"ei":7}},{"type":"Feature","geometry":{"type":"Point","coordinates":[27.644956,47.103874]},"properties":{"lines":"202","color":"#0059a9","mode":"bus","arr":["202"],"angle":60.3,"extra":1,"ei":8}},{"type":"Feature","geometry":{"type":"Point","coordinates":[27.646245,47.102201]},"properties":{"lines":"202","color":"#0059a9","mode":"bus","arr":["202"],"angle":60,"extra":1,"ei":9}},{"type":"Feature","geometry":{"type":"Point","coordinates":[27.649683,47.099519]},"properties":{"lines":"202","color":"#0059a9","mode":"bus","arr":["202"],"angle":74.8,"extra":1,"ei":10}},{"type":"Feature","geometry":{"type":"Point","coordinates":[27.64991,47.097677]},"properties":{"lines":"202","color":"#0059a9","mode":"bus","arr":["202"],"angle":-82.8,"extra":1,"ei":11}},{"type":"Feature","geometry":{"type":"Point","coordinates":[27.650267,47.095811]},"properties":{"lines":"202","color":"#0059a9","mode":"bus","arr":["202"],"angle":79.2,"extra":1,"ei":12}},{"type":"Feature","geometry":{"type":"Point","coordinates":[27.6511,47.094034]},"properties":{"lines":"202","color":"#0059a9","mode":"bus","arr":["202"],"angle":-77.9,"extra":1,"ei":13}},{"type":"Feature","geometry":{"type":"Point","coordinates":[27.64866,47.093315]},"properties":{"lines":"202","color":"#0059a9","mode":"bus","arr":["202"],"angle":-14.7,"extra":1,"ei":14}},{"type":"Feature","geometry":{"type":"Point","coordinates":[27.645968,47.092858]},"properties":{"lines":"202","color":"#0059a9","mode":"bus","arr":["202"],"angle":-7,"extra":1,"ei":15}},{"type":"Feature","geometry":{"type":"Point","coordinates":[27.647671,47.091726]},"properties":{"lines":"202","color":"#0059a9","mode":"bus","arr":["202"],"angle":18.2,"extra":1,"ei":16}},{"type":"Feature","geometry":{"type":"Point","coordinates":[27.649946,47.090737]},"properties":{"lines":"202","color":"#0059a9","mode":"bus","arr":["202"],"angle":44.8,"extra":1,"ei":17}},{"type":"Feature","geometry":{"type":"Point","coordinates":[27.652586,47.090447]},"properties":{"lines":"202","color":"#0059a9","mode":"bus","arr":["202"],"angle":0,"extra":1,"ei":18}},{"type":"Feature","geometry":{"type":"Point","coordinates":[27.654997,47.089865]},"properties":{"lines":"202","color":"#0059a9","mode":"bus","arr":["202"],"angle":82.2,"extra":1,"ei":19}},{"type":"Feature","geometry":{"type":"Point","coordinates":[27.529084,47.172286]},"properties":{"lines":"30b, 901","color":"#0059a9","mode":"bus","arr":["30b","901"],"angle":3.4,"side":-1,"mi":1}},{"type":"Feature","geometry":{"type":"Point","coordinates":[27.531424,47.172327]},"properties":{"lines":"30b, 901","color":"#0059a9","mode":"bus","arr":["30b","901"],"angle":3.8}},{"type":"Feature","geometry":{"type":"Point","coordinates":[27.526838,47.172377]},"properties":{"lines":"30b, 901","color":"#0059a9","mode":"bus","arr":["30b","901"],"angle":3.5,"extra":1,"ei":0,"side":-1}},{"type":"Feature","geometry":{"type":"Point","coordinates":[27.534428,47.172191]},"properties":{"lines":"30b, 901","color":"#0059a9","mode":"bus","arr":["30b","901"],"angle":1.7,"side":-1,"mi":2}},{"type":"Feature","geometry":{"type":"Point","coordinates":[27.605542,47.13773]},"properties":{"lines":"30b, 43c","color":"#0059a9","mode":"bus","arr":["30b","43c"],"angle":45,"side":-1}},{"type":"Feature","geometry":{"type":"Point","coordinates":[27.605966,47.137441]},"properties":{"lines":"30b, 42, 43, 43c","color":"#0059a9","mode":"bus","arr":["30b","42","43","43c"],"angle":45.1}},{"type":"Feature","geometry":{"type":"Point","coordinates":[27.606552,47.137043]},"properties":{"lines":"30b","color":"#0059a9","mode":"bus","arr":["30b"],"angle":45,"side":-1}},{"type":"Feature","geometry":{"type":"Point","coordinates":[27.539462,47.1733]},"properties":{"lines":"902","color":"#0059a9","mode":"bus","arr":["902"],"angle":81.3,"mi":2}},{"type":"Feature","geometry":{"type":"Point","coordinates":[27.532709,47.172492]},"properties":{"lines":"902","color":"#0059a9","mode":"bus","arr":["902"],"angle":88.4,"mi":1}},{"type":"Feature","geometry":{"type":"Point","coordinates":[27.490879,47.177668]},"properties":{"lines":"902","color":"#0059a9","mode":"bus","arr":["902"],"angle":17.7,"mi":15}},{"type":"Feature","geometry":{"type":"Point","coordinates":[27.490802,47.179782]},"properties":{"lines":"902","color":"#0059a9","mode":"bus","arr":["902"],"angle":14.3,"mi":14}},{"type":"Feature","geometry":{"type":"Point","coordinates":[27.580946,47.165481]},"properties":{"lines":"36, 50","color":"#0059a9","mode":"bus","arr":["36","50"],"angle":20.5}},{"type":"Feature","geometry":{"type":"Point","coordinates":[27.582483,47.166281]},"properties":{"lines":"36, 50","color":"#0059a9","mode":"bus","arr":["36","50"],"angle":-63.7,"mi":1}},{"type":"Feature","geometry":{"type":"Point","coordinates":[27.542534,47.199153]},"properties":{"lines":"36, 701, 702","color":"#0059a9","mode":"bus","arr":["36","701","702"],"angle":47.7}},{"type":"Feature","geometry":{"type":"Point","coordinates":[27.55796,47.19165]},"properties":{"lines":"36, 701, 702","color":"#0059a9","mode":"bus","arr":["36","701","702"],"angle":59.7,"extra":1,"ei":0}},{"type":"Feature","geometry":{"type":"Point","coordinates":[27.556571,47.193286]},"properties":{"lines":"36, 701, 702","color":"#0059a9","mode":"bus","arr":["36","701","702"],"angle":59.8,"extra":1,"ei":1}},{"type":"Feature","geometry":{"type":"Point","coordinates":[27.555176,47.194919]},"properties":{"lines":"36, 701, 702","color":"#0059a9","mode":"bus","arr":["36","701","702"],"angle":60,"extra":1,"ei":2}},{"type":"Feature","geometry":{"type":"Point","coordinates":[27.553377,47.196325]},"properties":{"lines":"36, 701, 702","color":"#0059a9","mode":"bus","arr":["36","701","702"],"angle":39.8,"extra":1,"ei":3}},{"type":"Feature","geometry":{"type":"Point","coordinates":[27.551046,47.197287]},"properties":{"lines":"36, 701, 702","color":"#0059a9","mode":"bus","arr":["36","701","702"],"angle":14.3,"extra":1,"ei":4}},{"type":"Feature","geometry":{"type":"Point","coordinates":[27.548354,47.197749]},"properties":{"lines":"36, 701, 702","color":"#0059a9","mode":"bus","arr":["36","701","702"],"angle":14.2,"extra":1,"ei":5}},{"type":"Feature","geometry":{"type":"Point","coordinates":[27.545665,47.198223]},"properties":{"lines":"36, 701, 702","color":"#0059a9","mode":"bus","arr":["36","701","702"],"angle":15,"extra":1,"ei":6}},{"type":"Feature","geometry":{"type":"Point","coordinates":[27.541168,47.200176]},"properties":{"lines":"36, 701, 702","color":"#0059a9","mode":"bus","arr":["36","701","702"],"angle":47.3,"extra":1,"ei":7}},{"type":"Feature","geometry":{"type":"Point","coordinates":[27.538571,47.200618]},"properties":{"lines":"36, 701, 702","color":"#0059a9","mode":"bus","arr":["36","701","702"],"angle":19.9,"extra":1,"ei":8}},{"type":"Feature","geometry":{"type":"Point","coordinates":[27.536198,47.201592]},"properties":{"lines":"36, 701, 702","color":"#0059a9","mode":"bus","arr":["36","701","702"],"angle":40.8,"extra":1,"ei":9}},{"type":"Feature","geometry":{"type":"Point","coordinates":[27.534371,47.203014]},"properties":{"lines":"36, 701, 702","color":"#0059a9","mode":"bus","arr":["36","701","702"],"angle":49.3,"extra":1,"ei":10}},{"type":"Feature","geometry":{"type":"Point","coordinates":[27.532554,47.204442]},"properties":{"lines":"36, 701, 702","color":"#0059a9","mode":"bus","arr":["36","701","702"],"angle":49.2,"extra":1,"ei":11}},{"type":"Feature","geometry":{"type":"Point","coordinates":[27.530793,47.205897]},"properties":{"lines":"36, 701, 702","color":"#0059a9","mode":"bus","arr":["36","701","702"],"angle":68.5,"extra":1,"ei":12}},{"type":"Feature","geometry":{"type":"Point","coordinates":[27.531101,47.207751]},"properties":{"lines":"36, 701, 702","color":"#0059a9","mode":"bus","arr":["36","701","702"],"angle":-73.2,"extra":1,"ei":13}},{"type":"Feature","geometry":{"type":"Point","coordinates":[27.5314,47.209562]},"properties":{"lines":"36, 701, 702","color":"#0059a9","mode":"bus","arr":["36","701","702"],"angle":72.4,"extra":1,"ei":14}},{"type":"Feature","geometry":{"type":"Point","coordinates":[27.602161,47.153907]},"properties":{"lines":"42, 43, 43c, 46, 47","color":"#0059a9","mode":"bus","arr":["42","43","43c","46","47"],"angle":-11.6}},{"type":"Feature","geometry":{"type":"Point","coordinates":[27.596225,47.150518]},"properties":{"lines":"42, 43, 43c, 46, 47","color":"#0059a9","mode":"bus","arr":["42","43","43c","46","47"],"angle":-47.3,"mi":1}},{"type":"Feature","geometry":{"type":"Point","coordinates":[27.599471,47.152911]},"properties":{"lines":"42, 43, 43c, 46, 47","color":"#0059a9","mode":"bus","arr":["42","43","43c","46","47"],"angle":-47.1,"extra":1,"ei":0}},{"type":"Feature","geometry":{"type":"Point","coordinates":[27.597589,47.151522]},"properties":{"lines":"42, 43, 43c, 46, 47","color":"#0059a9","mode":"bus","arr":["42","43","43c","46","47"],"angle":-47.1,"extra":1,"ei":1}},{"type":"Feature","geometry":{"type":"Point","coordinates":[27.593882,47.148716]},"properties":{"lines":"42, 43, 43c, 46, 47","color":"#0059a9","mode":"bus","arr":["42","43","43c","46","47"],"angle":-47.2,"extra":1,"ei":2,"side":-1}},{"type":"Feature","geometry":{"type":"Point","coordinates":[27.605848,47.13732]},"properties":{"lines":"42, 43, 43c","color":"#0059a9","mode":"bus","arr":["42","43","43c"],"angle":-66.4}},{"type":"Feature","geometry":{"type":"Point","coordinates":[27.538454,47.173642]},"properties":{"lines":"43, 46, 902","color":"#0059a9","mode":"bus","arr":["43","46","902"],"angle":-10.4}},{"type":"Feature","geometry":{"type":"Point","coordinates":[27.545261,47.174735]},"properties":{"lines":"43","color":"#0059a9","mode":"bus","arr":["43"],"angle":3.8}},{"type":"Feature","geometry":{"type":"Point","coordinates":[27.540515,47.174158]},"properties":{"lines":"43","color":"#0059a9","mode":"bus","arr":["43"],"angle":-29.4,"extra":1,"ei":0}},{"type":"Feature","geometry":{"type":"Point","coordinates":[27.543071,47.174821]},"properties":{"lines":"43","color":"#0059a9","mode":"bus","arr":["43"],"angle":-0.9,"extra":1,"ei":1}},{"type":"Feature","geometry":{"type":"Point","coordinates":[27.548615,47.174588]},"properties":{"lines":"43","color":"#0059a9","mode":"bus","arr":["43"],"angle":4.3,"extra":1,"ei":2}},{"type":"Feature","geometry":{"type":"Point","coordinates":[27.551378,47.174396]},"properties":{"lines":"43","color":"#0059a9","mode":"bus","arr":["43"],"angle":6.3,"extra":1,"ei":3}},{"type":"Feature","geometry":{"type":"Point","coordinates":[27.555906,47.174036]},"properties":{"lines":"43","color":"#0059a9","mode":"bus","arr":["43"],"angle":9.1,"mi":1}},{"type":"Feature","geometry":{"type":"Point","coordinates":[27.552976,47.174268]},"properties":{"lines":"43","color":"#0059a9","mode":"bus","arr":["43"],"angle":6.4,"extra":1,"ei":0}},{"type":"Feature","geometry":{"type":"Point","coordinates":[27.558457,47.173679]},"properties":{"lines":"43","color":"#0059a9","mode":"bus","arr":["43"],"angle":12.5,"extra":1,"ei":1}},{"type":"Feature","geometry":{"type":"Point","coordinates":[27.561317,47.173108]},"properties":{"lines":"43, 46","color":"#0059a9","mode":"bus","arr":["43","46"],"angle":26.3}},{"type":"Feature","geometry":{"type":"Point","coordinates":[27.564272,47.172253]},"properties":{"lines":"43, 46, 52","color":"#0059a9","mode":"bus","arr":["43","46","52"],"angle":-6.4}},{"type":"Feature","geometry":{"type":"Point","coordinates":[27.584597,47.138357]},"properties":{"lines":"44","color":"#0059a9","mode":"bus","arr":["44"],"angle":-70.1}},{"type":"Feature","geometry":{"type":"Point","coordinates":[27.583656,47.144416]},"properties":{"lines":"44","color":"#0059a9","mode":"bus","arr":["44"],"angle":47.3,"extra":1,"ei":0}},{"type":"Feature","geometry":{"type":"Point","coordinates":[27.584999,47.142775]},"properties":{"lines":"44","color":"#0059a9","mode":"bus","arr":["44"],"angle":66.9,"extra":1,"ei":1}},{"type":"Feature","geometry":{"type":"Point","coordinates":[27.585545,47.140943]},"properties":{"lines":"44","color":"#0059a9","mode":"bus","arr":["44"],"angle":87.6,"extra":1,"ei":2}},{"type":"Feature","geometry":{"type":"Point","coordinates":[27.581576,47.136391]},"properties":{"lines":"44","color":"#0059a9","mode":"bus","arr":["44"],"angle":-13.3,"extra":1,"ei":3}},{"type":"Feature","geometry":{"type":"Point","coordinates":[27.579384,47.135355]},"properties":{"lines":"44","color":"#0059a9","mode":"bus","arr":["44"],"angle":-34.1,"extra":1,"ei":4}},{"type":"Feature","geometry":{"type":"Point","coordinates":[27.577201,47.134544]},"properties":{"lines":"44","color":"#0059a9","mode":"bus","arr":["44"],"angle":-52.1,"extra":1,"ei":5}},{"type":"Feature","geometry":{"type":"Point","coordinates":[27.563907,47.165365]},"properties":{"lines":"44, 47","color":"#0059a9","mode":"bus","arr":["44","47"],"angle":34.2}},{"type":"Feature","geometry":{"type":"Point","coordinates":[27.569042,47.162891]},"properties":{"lines":"44, 47","color":"#0059a9","mode":"bus","arr":["44","47"],"angle":41,"extra":1,"ei":0}},{"type":"Feature","geometry":{"type":"Point","coordinates":[27.566796,47.164]},"properties":{"lines":"44, 47","color":"#0059a9","mode":"bus","arr":["44","47"],"angle":34.2,"extra":1,"ei":1}},{"type":"Feature","geometry":{"type":"Point","coordinates":[27.562242,47.166163]},"properties":{"lines":"44, 47","color":"#0059a9","mode":"bus","arr":["44","47"],"angle":35.1,"extra":1,"ei":2}},{"type":"Feature","geometry":{"type":"Point","coordinates":[27.559964,47.167243]},"properties":{"lines":"44, 47","color":"#0059a9","mode":"bus","arr":["44","47"],"angle":35.2,"extra":1,"ei":3}},{"type":"Feature","geometry":{"type":"Point","coordinates":[27.558049,47.168553]},"properties":{"lines":"44, 47","color":"#0059a9","mode":"bus","arr":["44","47"],"angle":56.2,"extra":1,"ei":4}},{"type":"Feature","geometry":{"type":"Point","coordinates":[27.54933,47.169402]},"properties":{"lines":"44, 47","color":"#0059a9","mode":"bus","arr":["44","47"],"angle":2.1}},{"type":"Feature","geometry":{"type":"Point","coordinates":[27.556505,47.169127]},"properties":{"lines":"44, 47","color":"#0059a9","mode":"bus","arr":["44","47"],"angle":24.3,"extra":1,"ei":0}},{"type":"Feature","geometry":{"type":"Point","coordinates":[27.553775,47.169331]},"properties":{"lines":"44, 47","color":"#0059a9","mode":"bus","arr":["44","47"],"angle":1.2,"extra":1,"ei":1}},{"type":"Feature","geometry":{"type":"Point","coordinates":[27.545447,47.169472]},"properties":{"lines":"44, 47","color":"#0059a9","mode":"bus","arr":["44","47"],"angle":0.7,"extra":1,"ei":2}},{"type":"Feature","geometry":{"type":"Point","coordinates":[27.54267,47.169506]},"properties":{"lines":"44, 47","color":"#0059a9","mode":"bus","arr":["44","47"],"angle":1.1,"extra":1,"ei":3}},{"type":"Feature","geometry":{"type":"Point","coordinates":[27.604597,47.128506]},"properties":{"lines":"203","color":"#0059a9","mode":"bus","arr":["203"],"angle":-54.8}},{"type":"Feature","geometry":{"type":"Point","coordinates":[27.610149,47.133842]},"properties":{"lines":"203","color":"#0059a9","mode":"bus","arr":["203"],"angle":64.2,"extra":1,"ei":0}},{"type":"Feature","geometry":{"type":"Point","coordinates":[27.611563,47.132242]},"properties":{"lines":"203","color":"#0059a9","mode":"bus","arr":["203"],"angle":-83.9,"extra":1,"ei":1}},{"type":"Feature","geometry":{"type":"Point","coordinates":[27.609514,47.131027]},"properties":{"lines":"203","color":"#0059a9","mode":"bus","arr":["203"],"angle":-35.7,"extra":1,"ei":2}},{"type":"Feature","geometry":{"type":"Point","coordinates":[27.607165,47.13003]},"properties":{"lines":"203","color":"#0059a9","mode":"bus","arr":["203"],"angle":-23.3,"extra":1,"ei":3}},{"type":"Feature","geometry":{"type":"Point","coordinates":[27.603963,47.127259]},"properties":{"lines":"203","color":"#0059a9","mode":"bus","arr":["203"],"angle":-70.6,"extra":1,"ei":4}},{"type":"Feature","geometry":{"type":"Point","coordinates":[27.602451,47.125679]},"properties":{"lines":"203","color":"#0059a9","mode":"bus","arr":["203"],"angle":-56.9,"extra":1,"ei":5}},{"type":"Feature","geometry":{"type":"Point","coordinates":[27.601128,47.124023]},"properties":{"lines":"203","color":"#0059a9","mode":"bus","arr":["203"],"angle":-69.5,"extra":1,"ei":6}},{"type":"Feature","geometry":{"type":"Point","coordinates":[27.600503,47.12219]},"properties":{"lines":"203","color":"#0059a9","mode":"bus","arr":["203"],"angle":-86,"extra":1,"ei":7}},{"type":"Feature","geometry":{"type":"Point","coordinates":[27.600368,47.120305]},"properties":{"lines":"203","color":"#0059a9","mode":"bus","arr":["203"],"angle":77.6,"extra":1,"ei":8,"side":-1}},{"type":"Feature","geometry":{"type":"Point","coordinates":[27.548652,47.168035]},"properties":{"lines":"47","color":"#0059a9","mode":"bus","arr":["47"],"angle":-42.4,"mi":1}},{"type":"Feature","geometry":{"type":"Point","coordinates":[27.550754,47.169184]},"properties":{"lines":"47","color":"#0059a9","mode":"bus","arr":["47"],"angle":89.9}},{"type":"Feature","geometry":{"type":"Point","coordinates":[27.558149,47.168336]},"properties":{"lines":"47","color":"#0059a9","mode":"bus","arr":["47"],"angle":32.8,"side":-1,"mi":2}},{"type":"Feature","geometry":{"type":"Point","coordinates":[27.596146,47.166468]},"properties":{"lines":"48, 50, 101, 102, 103","color":"#0059a9","mode":"bus","arr":["48","50","101","102","103"],"angle":29.4,"mi":2}},{"type":"Feature","geometry":{"type":"Point","coordinates":[27.598387,47.166225]},"properties":{"lines":"48, 50, 101, 102","color":"#0059a9","mode":"bus","arr":["48","50","101","102"],"angle":21.5}},{"type":"Feature","geometry":{"type":"Point","coordinates":[27.599363,47.16676]},"properties":{"lines":"48, 50, 102","color":"#0059a9","mode":"bus","arr":["48","50","102"],"angle":-56.3}},{"type":"Feature","geometry":{"type":"Point","coordinates":[27.598683,47.173872]},"properties":{"lines":"48, 50, 101, 102, 103","color":"#0059a9","mode":"bus","arr":["48","50","101","102","103"],"angle":75.5,"mi":3}},{"type":"Feature","geometry":{"type":"Point","coordinates":[27.599824,47.1686]},"properties":{"lines":"48, 50, 101, 102, 103","color":"#0059a9","mode":"bus","arr":["48","50","101","102","103"],"angle":88,"extra":1,"ei":0}},{"type":"Feature","geometry":{"type":"Point","coordinates":[27.599745,47.17048]},"properties":{"lines":"48, 50, 101, 102, 103","color":"#0059a9","mode":"bus","arr":["48","50","101","102","103"],"angle":81.5,"extra":1,"ei":1}},{"type":"Feature","geometry":{"type":"Point","coordinates":[27.599194,47.17233]},"properties":{"lines":"48, 50, 101, 102, 103","color":"#0059a9","mode":"bus","arr":["48","50","101","102","103"],"angle":77.6,"extra":1,"ei":2}},{"type":"Feature","geometry":{"type":"Point","coordinates":[27.598132,47.176024]},"properties":{"lines":"48, 50, 101, 102, 103","color":"#0059a9","mode":"bus","arr":["48","50","101","102","103"],"angle":88.1,"extra":1,"ei":3}},{"type":"Feature","geometry":{"type":"Point","coordinates":[27.598063,47.177912]},"properties":{"lines":"48, 50, 101, 102, 103","color":"#0059a9","mode":"bus","arr":["48","50","101","102","103"],"angle":89,"extra":1,"ei":4}},{"type":"Feature","geometry":{"type":"Point","coordinates":[27.598019,47.1798]},"properties":{"lines":"48, 50, 101, 102, 103","color":"#0059a9","mode":"bus","arr":["48","50","101","102","103"],"angle":88.8,"extra":1,"ei":5}},{"type":"Feature","geometry":{"type":"Point","coordinates":[27.597637,47.182176]},"properties":{"lines":"50, 101, 102, 103","color":"#0059a9","mode":"bus","arr":["50","101","102","103"],"angle":79.3}},{"type":"Feature","geometry":{"type":"Point","coordinates":[27.599157,47.168118]},"properties":{"lines":"48, 50, 101, 102, 103","color":"#0059a9","mode":"bus","arr":["48","50","101","102","103"],"angle":-44.6}},{"type":"Feature","geometry":{"type":"Point","coordinates":[27.598328,47.166961]},"properties":{"lines":"48, 50, 101, 102, 103","color":"#0059a9","mode":"bus","arr":["48","50","101","102","103"],"angle":-70.3,"mi":1}},{"type":"Feature","geometry":{"type":"Point","coordinates":[27.602799,47.181013]},"properties":{"lines":"50","color":"#0059a9","mode":"bus","arr":["50"],"angle":57.2,"mi":6}},{"type":"Feature","geometry":{"type":"Point","coordinates":[27.597952,47.183649]},"properties":{"lines":"50","color":"#0059a9","mode":"bus","arr":["50"],"angle":52.3,"extra":1,"ei":0}},{"type":"Feature","geometry":{"type":"Point","coordinates":[27.600251,47.18262]},"properties":{"lines":"50","color":"#0059a9","mode":"bus","arr":["50"],"angle":36.1,"extra":1,"ei":1}},{"type":"Feature","geometry":{"type":"Point","coordinates":[27.603795,47.179782]},"properties":{"lines":"50","color":"#0059a9","mode":"bus","arr":["50"],"angle":61.4,"extra":1,"ei":2}},{"type":"Feature","geometry":{"type":"Point","coordinates":[27.605287,47.178193]},"properties":{"lines":"50","color":"#0059a9","mode":"bus","arr":["50"],"angle":50.1,"extra":1,"ei":3}},{"type":"Feature","geometry":{"type":"Point","coordinates":[27.607221,47.176848]},"properties":{"lines":"50","color":"#0059a9","mode":"bus","arr":["50"],"angle":37.3,"extra":1,"ei":4,"side":-1}},{"type":"Feature","geometry":{"type":"Point","coordinates":[27.612848,47.178821]},"properties":{"lines":"50","color":"#0059a9","mode":"bus","arr":["50"],"angle":21.7,"mi":4}},{"type":"Feature","geometry":{"type":"Point","coordinates":[27.608612,47.177275]},"properties":{"lines":"50","color":"#0059a9","mode":"bus","arr":["50"],"angle":-33.1,"extra":1,"ei":0}},{"type":"Feature","geometry":{"type":"Point","coordinates":[27.609463,47.178903]},"properties":{"lines":"50","color":"#0059a9","mode":"bus","arr":["50"],"angle":74,"extra":1,"ei":1}},{"type":"Feature","geometry":{"type":"Point","coordinates":[27.614647,47.178169]},"properties":{"lines":"50","color":"#0059a9","mode":"bus","arr":["50"],"angle":40.6,"extra":1,"ei":2}},{"type":"Feature","geometry":{"type":"Point","coordinates":[27.616183,47.176618]},"properties":{"lines":"50","color":"#0059a9","mode":"bus","arr":["50"],"angle":64.3,"extra":1,"ei":3}},{"type":"Feature","geometry":{"type":"Point","coordinates":[27.617453,47.174941]},"properties":{"lines":"50","color":"#0059a9","mode":"bus","arr":["50"],"angle":49.8,"extra":1,"ei":4}},{"type":"Feature","geometry":{"type":"Point","coordinates":[27.618892,47.173381]},"properties":{"lines":"50","color":"#0059a9","mode":"bus","arr":["50"],"angle":35.7,"extra":1,"ei":5}},{"type":"Feature","geometry":{"type":"Point","coordinates":[27.618454,47.17398]},"properties":{"lines":"50","color":"#0059a9","mode":"bus","arr":["50"],"angle":62.9,"mi":5}},{"type":"Feature","geometry":{"type":"Point","coordinates":[27.61776,47.176095]},"properties":{"lines":"50","color":"#0059a9","mode":"bus","arr":["50"],"angle":62.1}},{"type":"Feature","geometry":{"type":"Point","coordinates":[27.557597,47.167622]},"properties":{"lines":"52","color":"#0059a9","mode":"bus","arr":["52"],"angle":-81.5,"mi":2}},{"type":"Feature","geometry":{"type":"Point","coordinates":[27.558121,47.16891]},"properties":{"lines":"52","color":"#0059a9","mode":"bus","arr":["52"],"angle":-52.6,"mi":1}},{"type":"Feature","geometry":{"type":"Point","coordinates":[27.560149,47.170594]},"properties":{"lines":"52","color":"#0059a9","mode":"bus","arr":["52"],"angle":-50}},{"type":"Feature","geometry":{"type":"Point","coordinates":[27.562166,47.17242]},"properties":{"lines":"52","color":"#0059a9","mode":"bus","arr":["52"],"angle":-55.4,"mi":3}},{"type":"Feature","geometry":{"type":"Point","coordinates":[27.590336,47.165736]},"properties":{"lines":"54","color":"#0059a9","mode":"bus","arr":["54"],"angle":62.8}},{"type":"Feature","geometry":{"type":"Point","coordinates":[27.581138,47.175162]},"properties":{"lines":"54, 601","color":"#0059a9","mode":"bus","arr":["54","601"],"angle":49.7}},{"type":"Feature","geometry":{"type":"Point","coordinates":[27.589594,47.166776]},"properties":{"lines":"54, 601","color":"#0059a9","mode":"bus","arr":["54","601"],"angle":66.6,"extra":1,"ei":0}},{"type":"Feature","geometry":{"type":"Point","coordinates":[27.588535,47.168519]},"properties":{"lines":"54, 601","color":"#0059a9","mode":"bus","arr":["54","601"],"angle":60.7,"extra":1,"ei":1}},{"type":"Feature","geometry":{"type":"Point","coordinates":[27.586741,47.169936]},"properties":{"lines":"54, 601","color":"#0059a9","mode":"bus","arr":["54","601"],"angle":48.8,"extra":1,"ei":2}},{"type":"Feature","geometry":{"type":"Point","coordinates":[27.58515,47.171481]},"properties":{"lines":"54, 601","color":"#0059a9","mode":"bus","arr":["54","601"],"angle":56.4,"extra":1,"ei":3}},{"type":"Feature","geometry":{"type":"Point","coordinates":[27.583627,47.172985]},"properties":{"lines":"54, 601","color":"#0059a9","mode":"bus","arr":["54","601"],"angle":45.3,"extra":1,"ei":4}},{"type":"Feature","geometry":{"type":"Point","coordinates":[27.577892,47.176965]},"properties":{"lines":"54, 601","color":"#0059a9","mode":"bus","arr":["54","601"],"angle":29.2,"extra":1,"ei":5}},{"type":"Feature","geometry":{"type":"Point","coordinates":[27.575975,47.178315]},"properties":{"lines":"54, 601","color":"#0059a9","mode":"bus","arr":["54","601"],"angle":49.5,"extra":1,"ei":6}},{"type":"Feature","geometry":{"type":"Point","coordinates":[27.574172,47.179748]},"properties":{"lines":"54, 601","color":"#0059a9","mode":"bus","arr":["54","601"],"angle":49.6,"extra":1,"ei":7}},{"type":"Feature","geometry":{"type":"Point","coordinates":[27.572375,47.181187]},"properties":{"lines":"54, 601","color":"#0059a9","mode":"bus","arr":["54","601"],"angle":49.9,"extra":1,"ei":8}},{"type":"Feature","geometry":{"type":"Point","coordinates":[27.570678,47.182682]},"properties":{"lines":"54, 601","color":"#0059a9","mode":"bus","arr":["54","601"],"angle":53.8,"extra":1,"ei":9}},{"type":"Feature","geometry":{"type":"Point","coordinates":[27.567464,47.185893]},"properties":{"lines":"54, 601","color":"#0059a9","mode":"bus","arr":["54","601"],"angle":56.3}},{"type":"Feature","geometry":{"type":"Point","coordinates":[27.56575,47.187677]},"properties":{"lines":"54, 601","color":"#0059a9","mode":"bus","arr":["54","601"],"angle":56.6,"extra":1,"ei":0}},{"type":"Feature","geometry":{"type":"Point","coordinates":[27.568821,47.18453]},"properties":{"lines":"54, 601","color":"#0059a9","mode":"bus","arr":["54","601"],"angle":56,"extra":1,"ei":1}},{"type":"Feature","geometry":{"type":"Point","coordinates":[27.558612,47.198165]},"properties":{"lines":"54, 601","color":"#0059a9","mode":"bus","arr":["54","601"],"angle":69.7}},{"type":"Feature","geometry":{"type":"Point","coordinates":[27.564408,47.189325]},"properties":{"lines":"54, 601","color":"#0059a9","mode":"bus","arr":["54","601"],"angle":66.2,"extra":1,"ei":0}},{"type":"Feature","geometry":{"type":"Point","coordinates":[27.563406,47.191086]},"properties":{"lines":"54, 601","color":"#0059a9","mode":"bus","arr":["54","601"],"angle":69.4,"extra":1,"ei":1}},{"type":"Feature","geometry":{"type":"Point","coordinates":[27.562406,47.192846]},"properties":{"lines":"54, 601","color":"#0059a9","mode":"bus","arr":["54","601"],"angle":71.5,"extra":1,"ei":2}},{"type":"Feature","geometry":{"type":"Point","coordinates":[27.561077,47.194433]},"properties":{"lines":"54, 601","color":"#0059a9","mode":"bus","arr":["54","601"],"angle":43.3,"extra":1,"ei":3}},{"type":"Feature","geometry":{"type":"Point","coordinates":[27.560002,47.19613]},"properties":{"lines":"54, 601","color":"#0059a9","mode":"bus","arr":["54","601"],"angle":59.2,"extra":1,"ei":4}},{"type":"Feature","geometry":{"type":"Point","coordinates":[27.557565,47.199499]},"properties":{"lines":"54, 601","color":"#0059a9","mode":"bus","arr":["54","601"],"angle":59.2,"extra":1,"ei":5}},{"type":"Feature","geometry":{"type":"Point","coordinates":[27.555781,47.200918]},"properties":{"lines":"54, 601","color":"#0059a9","mode":"bus","arr":["54","601"],"angle":35.6,"extra":1,"ei":6}},{"type":"Feature","geometry":{"type":"Point","coordinates":[27.553652,47.201977]},"properties":{"lines":"54, 601","color":"#0059a9","mode":"bus","arr":["54","601"],"angle":61.4,"extra":1,"ei":7}},{"type":"Feature","geometry":{"type":"Point","coordinates":[27.55238,47.203522]},"properties":{"lines":"54, 601","color":"#0059a9","mode":"bus","arr":["54","601"],"angle":-70.7,"extra":1,"ei":8}},{"type":"Feature","geometry":{"type":"Point","coordinates":[27.554889,47.203868]},"properties":{"lines":"54, 601","color":"#0059a9","mode":"bus","arr":["54","601"],"angle":-2.2,"extra":1,"ei":9}},{"type":"Feature","geometry":{"type":"Point","coordinates":[27.590041,47.165753]},"properties":{"lines":"54","color":"#0059a9","mode":"bus","arr":["54"],"angle":-42.1,"mi":1}},{"type":"Feature","geometry":{"type":"Point","coordinates":[27.572394,47.190232]},"properties":{"lines":"54, 601","color":"#0059a9","mode":"bus","arr":["54","601"],"angle":62.4,"mi":1}},{"type":"Feature","geometry":{"type":"Point","coordinates":[27.587425,47.175736]},"properties":{"lines":"54, 601","color":"#0059a9","mode":"bus","arr":["54","601"],"angle":57.9,"extra":1,"ei":0}},{"type":"Feature","geometry":{"type":"Point","coordinates":[27.585975,47.177339]},"properties":{"lines":"54, 601","color":"#0059a9","mode":"bus","arr":["54","601"],"angle":63.6,"extra":1,"ei":1}},{"type":"Feature","geometry":{"type":"Point","coordinates":[27.584424,47.178901]},"properties":{"lines":"54, 601","color":"#0059a9","mode":"bus","arr":["54","601"],"angle":55.7,"extra":1,"ei":2}},{"type":"Feature","geometry":{"type":"Point","coordinates":[27.582797,47.18043]},"properties":{"lines":"54, 601","color":"#0059a9","mode":"bus","arr":["54","601"],"angle":51.8,"extra":1,"ei":3}},{"type":"Feature","geometry":{"type":"Point","coordinates":[27.581117,47.181934]},"properties":{"lines":"54, 601","color":"#0059a9","mode":"bus","arr":["54","601"],"angle":53.7,"extra":1,"ei":4}},{"type":"Feature","geometry":{"type":"Point","coordinates":[27.579471,47.183455]},"properties":{"lines":"54, 601","color":"#0059a9","mode":"bus","arr":["54","601"],"angle":51.4,"extra":1,"ei":5}},{"type":"Feature","geometry":{"type":"Point","coordinates":[27.577522,47.184794]},"properties":{"lines":"54, 601","color":"#0059a9","mode":"bus","arr":["54","601"],"angle":52.5,"extra":1,"ei":6}},{"type":"Feature","geometry":{"type":"Point","coordinates":[27.575917,47.186334]},"properties":{"lines":"54, 601","color":"#0059a9","mode":"bus","arr":["54","601"],"angle":52.2,"extra":1,"ei":7}},{"type":"Feature","geometry":{"type":"Point","coordinates":[27.574274,47.187855]},"properties":{"lines":"54, 601","color":"#0059a9","mode":"bus","arr":["54","601"],"angle":59.8,"extra":1,"ei":8}},{"type":"Feature","geometry":{"type":"Point","coordinates":[27.57039,47.192866]},"properties":{"lines":"54, 601","color":"#0059a9","mode":"bus","arr":["54","601"],"angle":59.5,"extra":1,"ei":9}},{"type":"Feature","geometry":{"type":"Point","coordinates":[27.56879,47.194408]},"properties":{"lines":"54, 601","color":"#0059a9","mode":"bus","arr":["54","601"],"angle":54.2,"extra":1,"ei":10}},{"type":"Feature","geometry":{"type":"Point","coordinates":[27.567231,47.195971]},"properties":{"lines":"54, 601","color":"#0059a9","mode":"bus","arr":["54","601"],"angle":56.2,"extra":1,"ei":11}},{"type":"Feature","geometry":{"type":"Point","coordinates":[27.565702,47.197548]},"properties":{"lines":"54, 601","color":"#0059a9","mode":"bus","arr":["54","601"],"angle":57.8,"extra":1,"ei":12}},{"type":"Feature","geometry":{"type":"Point","coordinates":[27.564558,47.199264]},"properties":{"lines":"54, 601","color":"#0059a9","mode":"bus","arr":["54","601"],"angle":62.8,"extra":1,"ei":13}},{"type":"Feature","geometry":{"type":"Point","coordinates":[27.562524,47.200506]},"properties":{"lines":"54, 601","color":"#0059a9","mode":"bus","arr":["54","601"],"angle":35.2,"extra":1,"ei":14}},{"type":"Feature","geometry":{"type":"Point","coordinates":[27.561029,47.202063]},"properties":{"lines":"54, 601","color":"#0059a9","mode":"bus","arr":["54","601"],"angle":65.1,"extra":1,"ei":15}},{"type":"Feature","geometry":{"type":"Point","coordinates":[27.559277,47.203412]},"properties":{"lines":"54, 601","color":"#0059a9","mode":"bus","arr":["54","601"],"angle":14.5,"extra":1,"ei":16}},{"type":"Feature","geometry":{"type":"Point","coordinates":[27.557013,47.20432]},"properties":{"lines":"54, 601","color":"#0059a9","mode":"bus","arr":["54","601"],"angle":59.9,"extra":1,"ei":17}},{"type":"Feature","geometry":{"type":"Point","coordinates":[27.556096,47.205445]},"properties":{"lines":"601","color":"#0059a9","mode":"bus","arr":["601"],"angle":63.4}},{"type":"Feature","geometry":{"type":"Point","coordinates":[27.588221,47.164867]},"properties":{"lines":"54, 101, 102","color":"#0059a9","mode":"bus","arr":["54","101","102"],"angle":-79.2,"mi":1}},{"type":"Feature","geometry":{"type":"Point","coordinates":[27.589594,47.164051]},"properties":{"lines":"54, 101, 102","color":"#0059a9","mode":"bus","arr":["54","101","102"],"angle":-10.9}},{"type":"Feature","geometry":{"type":"Point","coordinates":[27.59925,47.165932]},"properties":{"lines":"101","color":"#0059a9","mode":"bus","arr":["101"],"angle":26.1}},{"type":"Feature","geometry":{"type":"Point","coordinates":[27.600125,47.166533]},"properties":{"lines":"101","color":"#0059a9","mode":"bus","arr":["101"],"angle":-86.7,"mi":1}},{"type":"Feature","geometry":{"type":"Point","coordinates":[27.597187,47.1887]},"properties":{"lines":"101, 102, 103","color":"#0059a9","mode":"bus","arr":["101","102","103"],"angle":89.8}},{"type":"Feature","geometry":{"type":"Point","coordinates":[27.596793,47.185127]},"properties":{"lines":"101, 102, 103","color":"#0059a9","mode":"bus","arr":["101","102","103"],"angle":83.7,"extra":1,"ei":0}},{"type":"Feature","geometry":{"type":"Point","coordinates":[27.596994,47.187006]},"properties":{"lines":"101, 102, 103","color":"#0059a9","mode":"bus","arr":["101","102","103"],"angle":-82,"extra":1,"ei":1}},{"type":"Feature","geometry":{"type":"Point","coordinates":[27.596981,47.190766]},"properties":{"lines":"101, 102, 103","color":"#0059a9","mode":"bus","arr":["101","102","103"],"angle":78.5,"extra":1,"ei":2}},{"type":"Feature","geometry":{"type":"Point","coordinates":[27.596433,47.192617]},"properties":{"lines":"101, 102, 103","color":"#0059a9","mode":"bus","arr":["101","102","103"],"angle":79,"extra":1,"ei":3}},{"type":"Feature","geometry":{"type":"Point","coordinates":[27.596955,47.193541]},"properties":{"lines":"101, 102","color":"#0059a9","mode":"bus","arr":["101","102"],"angle":-26.2}},{"type":"Feature","geometry":{"type":"Point","coordinates":[27.60077,47.197968]},"properties":{"lines":"102","color":"#0059a9","mode":"bus","arr":["102"],"angle":-75.5}},{"type":"Feature","geometry":{"type":"Point","coordinates":[27.598614,47.195163]},"properties":{"lines":"102","color":"#0059a9","mode":"bus","arr":["102"],"angle":89.3,"extra":1,"ei":0}},{"type":"Feature","geometry":{"type":"Point","coordinates":[27.598934,47.197007]},"properties":{"lines":"102","color":"#0059a9","mode":"bus","arr":["102"],"angle":-78.3,"extra":1,"ei":1}},{"type":"Feature","geometry":{"type":"Point","coordinates":[27.601698,47.200492]},"properties":{"lines":"102","color":"#0059a9","mode":"bus","arr":["102"],"angle":-75.5,"extra":1,"ei":2}},{"type":"Feature","geometry":{"type":"Point","coordinates":[27.602391,47.202321]},"properties":{"lines":"102","color":"#0059a9","mode":"bus","arr":["102"],"angle":-75.4,"extra":1,"ei":3}},{"type":"Feature","geometry":{"type":"Point","coordinates":[27.598008,47.19403]},"properties":{"lines":"101, 102","color":"#0059a9","mode":"bus","arr":["101","102"],"angle":-54.6,"mi":1}},{"type":"Feature","geometry":{"type":"Point","coordinates":[27.593956,47.20971]},"properties":{"lines":"101","color":"#0059a9","mode":"bus","arr":["101"],"angle":-56.1}},{"type":"Feature","geometry":{"type":"Point","coordinates":[27.597636,47.195121]},"properties":{"lines":"101","color":"#0059a9","mode":"bus","arr":["101"],"angle":61.3,"extra":1,"ei":0}},{"type":"Feature","geometry":{"type":"Point","coordinates":[27.596121,47.196702]},"properties":{"lines":"101","color":"#0059a9","mode":"bus","arr":["101"],"angle":62.5,"extra":1,"ei":1}},{"type":"Feature","geometry":{"type":"Point","coordinates":[27.594967,47.19842]},"properties":{"lines":"101","color":"#0059a9","mode":"bus","arr":["101"],"angle":67.5,"extra":1,"ei":2}},{"type":"Feature","geometry":{"type":"Point","coordinates":[27.594477,47.200271]},"properties":{"lines":"101","color":"#0059a9","mode":"bus","arr":["101"],"angle":82.6,"extra":1,"ei":3}},{"type":"Feature","geometry":{"type":"Point","coordinates":[27.594041,47.202132]},"properties":{"lines":"101","color":"#0059a9","mode":"bus","arr":["101"],"angle":86.7,"extra":1,"ei":4}},{"type":"Feature","geometry":{"type":"Point","coordinates":[27.593708,47.204004]},"properties":{"lines":"101","color":"#0059a9","mode":"bus","arr":["101"],"angle":81.2,"extra":1,"ei":5}},{"type":"Feature","geometry":{"type":"Point","coordinates":[27.593266,47.205868]},"properties":{"lines":"101","color":"#0059a9","mode":"bus","arr":["101"],"angle":84.2,"extra":1,"ei":6}},{"type":"Feature","geometry":{"type":"Point","coordinates":[27.593232,47.207755]},"properties":{"lines":"101","color":"#0059a9","mode":"bus","arr":["101"],"angle":-86.5,"extra":1,"ei":7}},{"type":"Feature","geometry":{"type":"Point","coordinates":[27.595552,47.211062]},"properties":{"lines":"101","color":"#0059a9","mode":"bus","arr":["101"],"angle":-47.4,"extra":1,"ei":8}},{"type":"Feature","geometry":{"type":"Point","coordinates":[27.597738,47.212118]},"properties":{"lines":"101","color":"#0059a9","mode":"bus","arr":["101"],"angle":-70,"extra":1,"ei":9}},{"type":"Feature","geometry":{"type":"Point","coordinates":[27.597603,47.21397]},"properties":{"lines":"101","color":"#0059a9","mode":"bus","arr":["101"],"angle":57.2,"extra":1,"ei":10}},{"type":"Feature","geometry":{"type":"Point","coordinates":[27.595456,47.215045]},"properties":{"lines":"101","color":"#0059a9","mode":"bus","arr":["101"],"angle":69.3,"extra":1,"ei":11}},{"type":"Feature","geometry":{"type":"Point","coordinates":[27.594665,47.216854]},"properties":{"lines":"101","color":"#0059a9","mode":"bus","arr":["101"],"angle":74.2,"extra":1,"ei":12}},{"type":"Feature","geometry":{"type":"Point","coordinates":[27.594271,47.218719]},"properties":{"lines":"101","color":"#0059a9","mode":"bus","arr":["101"],"angle":85.6,"extra":1,"ei":13}},{"type":"Feature","geometry":{"type":"Point","coordinates":[27.594063,47.220602]},"properties":{"lines":"101","color":"#0059a9","mode":"bus","arr":["101"],"angle":-88.9,"extra":1,"ei":14}},{"type":"Feature","geometry":{"type":"Point","coordinates":[27.594435,47.222472]},"properties":{"lines":"101","color":"#0059a9","mode":"bus","arr":["101"],"angle":-81.1,"extra":1,"ei":15}},{"type":"Feature","geometry":{"type":"Point","coordinates":[27.596188,47.229226]},"properties":{"lines":"101","color":"#0059a9","mode":"bus","arr":["101"],"angle":-87.9}},{"type":"Feature","geometry":{"type":"Point","coordinates":[27.595089,47.224622]},"properties":{"lines":"101","color":"#0059a9","mode":"bus","arr":["101"],"angle":-78.9,"extra":1,"ei":0}},{"type":"Feature","geometry":{"type":"Point","coordinates":[27.59553,47.226484]},"properties":{"lines":"101","color":"#0059a9","mode":"bus","arr":["101"],"angle":-78.2,"extra":1,"ei":1}},{"type":"Feature","geometry":{"type":"Point","coordinates":[27.596408,47.232104]},"properties":{"lines":"101","color":"#0059a9","mode":"bus","arr":["101"],"angle":-82.8,"extra":1,"ei":2}},{"type":"Feature","geometry":{"type":"Point","coordinates":[27.596841,47.23397]},"properties":{"lines":"101","color":"#0059a9","mode":"bus","arr":["101"],"angle":-80,"extra":1,"ei":3}},{"type":"Feature","geometry":{"type":"Point","coordinates":[27.596939,47.167271]},"properties":{"lines":"103","color":"#0059a9","mode":"bus","arr":["103"],"angle":-16.4}},{"type":"Feature","geometry":{"type":"Point","coordinates":[27.599293,47.167563]},"properties":{"lines":"103","color":"#0059a9","mode":"bus","arr":["103"],"angle":1.1,"mi":1}},{"type":"Feature","geometry":{"type":"Point","coordinates":[27.592182,47.198742]},"properties":{"lines":"103","color":"#0059a9","mode":"bus","arr":["103"],"angle":65.3}},{"type":"Feature","geometry":{"type":"Point","coordinates":[27.587432,47.202951]},"properties":{"lines":"103","color":"#0059a9","mode":"bus","arr":["103"],"angle":66.2,"extra":1,"ei":0}},{"type":"Feature","geometry":{"type":"Point","coordinates":[27.589151,47.201487]},"properties":{"lines":"103","color":"#0059a9","mode":"bus","arr":["103"],"angle":40,"extra":1,"ei":1}},{"type":"Feature","geometry":{"type":"Point","coordinates":[27.591203,47.200232]},"properties":{"lines":"103","color":"#0059a9","mode":"bus","arr":["103"],"angle":60.9,"extra":1,"ei":2}},{"type":"Feature","geometry":{"type":"Point","coordinates":[27.593404,47.196765]},"properties":{"lines":"103","color":"#0059a9","mode":"bus","arr":["103"],"angle":68,"extra":1,"ei":3}},{"type":"Feature","geometry":{"type":"Point","coordinates":[27.594384,47.194998]},"properties":{"lines":"103","color":"#0059a9","mode":"bus","arr":["103"],"angle":67.9,"extra":1,"ei":4}},{"type":"Feature","geometry":{"type":"Point","coordinates":[27.595773,47.193414]},"properties":{"lines":"103","color":"#0059a9","mode":"bus","arr":["103"],"angle":37.8,"extra":1,"ei":5}},{"type":"Feature","geometry":{"type":"Point","coordinates":[27.624746,47.212211]},"properties":{"lines":"104","color":"#0059a9","mode":"bus","arr":["104"],"angle":-22.8}},{"type":"Feature","geometry":{"type":"Point","coordinates":[27.604584,47.204039]},"properties":{"lines":"104","color":"#0059a9","mode":"bus","arr":["104"],"angle":-32.5,"extra":1,"ei":0}},{"type":"Feature","geometry":{"type":"Point","coordinates":[27.606713,47.205244]},"properties":{"lines":"104","color":"#0059a9","mode":"bus","arr":["104"],"angle":-40.1,"extra":1,"ei":1}},{"type":"Feature","geometry":{"type":"Point","coordinates":[27.608799,47.206487]},"properties":{"lines":"104","color":"#0059a9","mode":"bus","arr":["104"],"angle":-52.3,"extra":1,"ei":2}},{"type":"Feature","geometry":{"type":"Point","coordinates":[27.609944,47.208195]},"properties":{"lines":"104","color":"#0059a9","mode":"bus","arr":["104"],"angle":-55.7,"extra":1,"ei":3}},{"type":"Feature","geometry":{"type":"Point","coordinates":[27.612374,47.208407]},"properties":{"lines":"104","color":"#0059a9","mode":"bus","arr":["104"],"angle":5.8,"extra":1,"ei":4}},{"type":"Feature","geometry":{"type":"Point","coordinates":[27.615045,47.208849]},"properties":{"lines":"104","color":"#0059a9","mode":"bus","arr":["104"],"angle":-19.3,"extra":1,"ei":5}},{"type":"Feature","geometry":{"type":"Point","coordinates":[27.617762,47.20921]},"properties":{"lines":"104","color":"#0059a9","mode":"bus","arr":["104"],"angle":-7.6,"extra":1,"ei":6}},{"type":"Feature","geometry":{"type":"Point","coordinates":[27.619189,47.210667]},"properties":{"lines":"104","color":"#0059a9","mode":"bus","arr":["104"],"angle":-39.6,"extra":1,"ei":7}},{"type":"Feature","geometry":{"type":"Point","coordinates":[27.621805,47.211195]},"properties":{"lines":"104","color":"#0059a9","mode":"bus","arr":["104"],"angle":-28.6,"extra":1,"ei":8}},{"type":"Feature","geometry":{"type":"Point","coordinates":[27.626921,47.212558]},"properties":{"lines":"104","color":"#0059a9","mode":"bus","arr":["104"],"angle":-2.7,"extra":1,"ei":9}},{"type":"Feature","geometry":{"type":"Point","coordinates":[27.629211,47.213498]},"properties":{"lines":"104","color":"#0059a9","mode":"bus","arr":["104"],"angle":-45.8,"extra":1,"ei":10}},{"type":"Feature","geometry":{"type":"Point","coordinates":[27.630161,47.215199]},"properties":{"lines":"104","color":"#0059a9","mode":"bus","arr":["104"],"angle":81.1,"extra":1,"ei":11}},{"type":"Feature","geometry":{"type":"Point","coordinates":[27.629935,47.217067]},"properties":{"lines":"104","color":"#0059a9","mode":"bus","arr":["104"],"angle":-66.5,"extra":1,"ei":12}},{"type":"Feature","geometry":{"type":"Point","coordinates":[27.63225,47.218063]},"properties":{"lines":"104","color":"#0059a9","mode":"bus","arr":["104"],"angle":-27.7,"extra":1,"ei":13}},{"type":"Feature","geometry":{"type":"Point","coordinates":[27.634779,47.218806]},"properties":{"lines":"104","color":"#0059a9","mode":"bus","arr":["104"],"angle":-7,"extra":1,"ei":14}},{"type":"Feature","geometry":{"type":"Point","coordinates":[27.637362,47.21919]},"properties":{"lines":"104","color":"#0059a9","mode":"bus","arr":["104"],"angle":-62.1,"extra":1,"ei":15}},{"type":"Feature","geometry":{"type":"Point","coordinates":[27.637354,47.220973]},"properties":{"lines":"104","color":"#0059a9","mode":"bus","arr":["104"],"angle":67.8,"extra":1,"ei":16}},{"type":"Feature","geometry":{"type":"Point","coordinates":[27.636865,47.222794]},"properties":{"lines":"104","color":"#0059a9","mode":"bus","arr":["104"],"angle":-82.7,"extra":1,"ei":17}},{"type":"Feature","geometry":{"type":"Point","coordinates":[27.661965,47.095823]},"properties":{"lines":"202","color":"#0059a9","mode":"bus","arr":["202"],"angle":-42.3}},{"type":"Feature","geometry":{"type":"Point","coordinates":[27.656209,47.089608]},"properties":{"lines":"202","color":"#0059a9","mode":"bus","arr":["202"],"angle":-19.9,"extra":1,"ei":0}},{"type":"Feature","geometry":{"type":"Point","coordinates":[27.658555,47.090602]},"properties":{"lines":"202","color":"#0059a9","mode":"bus","arr":["202"],"angle":-48.2,"extra":1,"ei":1}},{"type":"Feature","geometry":{"type":"Point","coordinates":[27.659684,47.092306]},"properties":{"lines":"202","color":"#0059a9","mode":"bus","arr":["202"],"angle":-70.3,"extra":1,"ei":2}},{"type":"Feature","geometry":{"type":"Point","coordinates":[27.660535,47.094089]},"properties":{"lines":"202","color":"#0059a9","mode":"bus","arr":["202"],"angle":-59.5,"extra":1,"ei":3}},{"type":"Feature","geometry":{"type":"Point","coordinates":[27.662356,47.097341]},"properties":{"lines":"202","color":"#0059a9","mode":"bus","arr":["202"],"angle":72.1,"extra":1,"ei":4}},{"type":"Feature","geometry":{"type":"Point","coordinates":[27.661549,47.099141]},"properties":{"lines":"202","color":"#0059a9","mode":"bus","arr":["202"],"angle":85.8,"extra":1,"ei":5}},{"type":"Feature","geometry":{"type":"Point","coordinates":[27.661393,47.101006]},"properties":{"lines":"202","color":"#0059a9","mode":"bus","arr":["202"],"angle":-79,"extra":1,"ei":6}},{"type":"Feature","geometry":{"type":"Point","coordinates":[27.66346,47.102204]},"properties":{"lines":"202","color":"#0059a9","mode":"bus","arr":["202"],"angle":-45.8,"extra":1,"ei":7}},{"type":"Feature","geometry":{"type":"Point","coordinates":[27.602179,47.11775]},"properties":{"lines":"203","color":"#0059a9","mode":"bus","arr":["203"],"angle":77.3}},{"type":"Feature","geometry":{"type":"Point","coordinates":[27.601553,47.11968]},"properties":{"lines":"203","color":"#0059a9","mode":"bus","arr":["203"],"angle":71,"extra":1,"ei":0}},{"type":"Feature","geometry":{"type":"Point","coordinates":[27.602764,47.115994]},"properties":{"lines":"203","color":"#0059a9","mode":"bus","arr":["203"],"angle":79.1,"extra":1,"ei":1}},{"type":"Feature","geometry":{"type":"Point","coordinates":[27.551472,47.081108]},"properties":{"lines":"301","color":"#0059a9","mode":"bus","arr":["301"],"angle":-73.8}},{"type":"Feature","geometry":{"type":"Point","coordinates":[27.558778,47.095938]},"properties":{"lines":"301","color":"#0059a9","mode":"bus","arr":["301"],"angle":-83.1,"extra":1,"ei":0}},{"type":"Feature","geometry":{"type":"Point","coordinates":[27.558391,47.094071]},"properties":{"lines":"301","color":"#0059a9","mode":"bus","arr":["301"],"angle":-67.2,"extra":1,"ei":1}},{"type":"Feature","geometry":{"type":"Point","coordinates":[27.557172,47.092482]},"properties":{"lines":"301","color":"#0059a9","mode":"bus","arr":["301"],"angle":-85,"extra":1,"ei":2}},{"type":"Feature","geometry":{"type":"Point","coordinates":[27.556008,47.090868]},"properties":{"lines":"301","color":"#0059a9","mode":"bus","arr":["301"],"angle":-38.7,"extra":1,"ei":3}},{"type":"Feature","geometry":{"type":"Point","coordinates":[27.554409,47.089382]},"properties":{"lines":"301","color":"#0059a9","mode":"bus","arr":["301"],"angle":-74.6,"extra":1,"ei":4}},{"type":"Feature","geometry":{"type":"Point","coordinates":[27.553893,47.087526]},"properties":{"lines":"301","color":"#0059a9","mode":"bus","arr":["301"],"angle":-79.7,"extra":1,"ei":5}},{"type":"Feature","geometry":{"type":"Point","coordinates":[27.553378,47.085671]},"properties":{"lines":"301","color":"#0059a9","mode":"bus","arr":["301"],"angle":-77.9,"extra":1,"ei":6}},{"type":"Feature","geometry":{"type":"Point","coordinates":[27.552662,47.083847]},"properties":{"lines":"301","color":"#0059a9","mode":"bus","arr":["301"],"angle":-73.2,"extra":1,"ei":7}},{"type":"Feature","geometry":{"type":"Point","coordinates":[27.550635,47.078376]},"properties":{"lines":"301","color":"#0059a9","mode":"bus","arr":["301"],"angle":85.6,"extra":1,"ei":8}},{"type":"Feature","geometry":{"type":"Point","coordinates":[27.550934,47.076499]},"properties":{"lines":"301","color":"#0059a9","mode":"bus","arr":["301"],"angle":83.6,"extra":1,"ei":9}},{"type":"Feature","geometry":{"type":"Point","coordinates":[27.550955,47.07462]},"properties":{"lines":"301","color":"#0059a9","mode":"bus","arr":["301"],"angle":-78.8,"extra":1,"ei":10}},{"type":"Feature","geometry":{"type":"Point","coordinates":[27.549646,47.072979]},"properties":{"lines":"301","color":"#0059a9","mode":"bus","arr":["301"],"angle":-55.3,"extra":1,"ei":11}},{"type":"Feature","geometry":{"type":"Point","coordinates":[27.548773,47.071255]},"properties":{"lines":"301","color":"#0059a9","mode":"bus","arr":["301"],"angle":81.7,"extra":1,"ei":12}},{"type":"Feature","geometry":{"type":"Point","coordinates":[27.549268,47.069397]},"properties":{"lines":"301","color":"#0059a9","mode":"bus","arr":["301"],"angle":81.6,"extra":1,"ei":13}},{"type":"Feature","geometry":{"type":"Point","coordinates":[27.54927,47.067538]},"properties":{"lines":"301","color":"#0059a9","mode":"bus","arr":["301"],"angle":-55.3,"extra":1,"ei":14}},{"type":"Feature","geometry":{"type":"Point","coordinates":[27.547954,47.065968]},"properties":{"lines":"301","color":"#0059a9","mode":"bus","arr":["301"],"angle":-77.6,"extra":1,"ei":15}},{"type":"Feature","geometry":{"type":"Point","coordinates":[27.673613,47.150694]},"properties":{"lines":"401","color":"#0059a9","mode":"bus","arr":["401"],"angle":8.6,"mi":3}},{"type":"Feature","geometry":{"type":"Point","coordinates":[27.661351,47.151829]},"properties":{"lines":"401","color":"#0059a9","mode":"bus","arr":["401"],"angle":5.8,"extra":1,"ei":0}},{"type":"Feature","geometry":{"type":"Point","coordinates":[27.664097,47.151555]},"properties":{"lines":"401","color":"#0059a9","mode":"bus","arr":["401"],"angle":8.9,"extra":1,"ei":1}},{"type":"Feature","geometry":{"type":"Point","coordinates":[27.666854,47.151329]},"properties":{"lines":"401","color":"#0059a9","mode":"bus","arr":["401"],"angle":5.5,"extra":1,"ei":2}},{"type":"Feature","geometry":{"type":"Point","coordinates":[27.669612,47.151109]},"properties":{"lines":"401","color":"#0059a9","mode":"bus","arr":["401"],"angle":7.4,"extra":1,"ei":3}},{"type":"Feature","geometry":{"type":"Point","coordinates":[27.677638,47.149732]},"properties":{"lines":"401","color":"#0059a9","mode":"bus","arr":["401"],"angle":22.1,"extra":1,"ei":4}},{"type":"Feature","geometry":{"type":"Point","coordinates":[27.680211,47.149021]},"properties":{"lines":"401","color":"#0059a9","mode":"bus","arr":["401"],"angle":22.1,"extra":1,"ei":5}},{"type":"Feature","geometry":{"type":"Point","coordinates":[27.682768,47.14829]},"properties":{"lines":"401","color":"#0059a9","mode":"bus","arr":["401"],"angle":14.2,"extra":1,"ei":6}},{"type":"Feature","geometry":{"type":"Point","coordinates":[27.685532,47.148346]},"properties":{"lines":"401","color":"#0059a9","mode":"bus","arr":["401"],"angle":-4.4,"extra":1,"ei":7}},{"type":"Feature","geometry":{"type":"Point","coordinates":[27.685367,47.178138]},"properties":{"lines":"401","color":"#0059a9","mode":"bus","arr":["401"],"angle":64.1}},{"type":"Feature","geometry":{"type":"Point","coordinates":[27.68483,47.152264]},"properties":{"lines":"401","color":"#0059a9","mode":"bus","arr":["401"],"angle":-73}},{"type":"Feature","geometry":{"type":"Point","coordinates":[27.685483,47.158876]},"properties":{"lines":"401","color":"#0059a9","mode":"bus","arr":["401"],"angle":-75.2,"extra":1,"ei":0}},{"type":"Feature","geometry":{"type":"Point","coordinates":[27.686436,47.160648]},"properties":{"lines":"401","color":"#0059a9","mode":"bus","arr":["401"],"angle":-72.9,"extra":1,"ei":1}},{"type":"Feature","geometry":{"type":"Point","coordinates":[27.687967,47.162063]},"properties":{"lines":"401","color":"#0059a9","mode":"bus","arr":["401"],"angle":-67.5,"extra":1,"ei":2}},{"type":"Feature","geometry":{"type":"Point","coordinates":[27.688132,47.163945]},"properties":{"lines":"401","color":"#0059a9","mode":"bus","arr":["401"],"angle":-87.9,"extra":1,"ei":3}},{"type":"Feature","geometry":{"type":"Point","coordinates":[27.68826,47.165832]},"properties":{"lines":"401","color":"#0059a9","mode":"bus","arr":["401"],"angle":-87.2,"extra":1,"ei":4}},{"type":"Feature","geometry":{"type":"Point","coordinates":[27.688411,47.167717]},"properties":{"lines":"401","color":"#0059a9","mode":"bus","arr":["401"],"angle":-87.3,"extra":1,"ei":5}},{"type":"Feature","geometry":{"type":"Point","coordinates":[27.688576,47.169602]},"properties":{"lines":"401","color":"#0059a9","mode":"bus","arr":["401"],"angle":-86,"extra":1,"ei":6}},{"type":"Feature","geometry":{"type":"Point","coordinates":[27.689069,47.171435]},"properties":{"lines":"401","color":"#0059a9","mode":"bus","arr":["401"],"angle":-74.7,"extra":1,"ei":7}},{"type":"Feature","geometry":{"type":"Point","coordinates":[27.688262,47.173195]},"properties":{"lines":"401","color":"#0059a9","mode":"bus","arr":["401"],"angle":63.4,"extra":1,"ei":8}},{"type":"Feature","geometry":{"type":"Point","coordinates":[27.687063,47.174896]},"properties":{"lines":"401","color":"#0059a9","mode":"bus","arr":["401"],"angle":69.4,"extra":1,"ei":9}},{"type":"Feature","geometry":{"type":"Point","coordinates":[27.686221,47.176695]},"properties":{"lines":"401","color":"#0059a9","mode":"bus","arr":["401"],"angle":72.9,"extra":1,"ei":10}},{"type":"Feature","geometry":{"type":"Point","coordinates":[27.683543,47.179972]},"properties":{"lines":"401","color":"#0059a9","mode":"bus","arr":["401"],"angle":54.4,"extra":1,"ei":11}},{"type":"Feature","geometry":{"type":"Point","coordinates":[27.682003,47.181544]},"properties":{"lines":"401","color":"#0059a9","mode":"bus","arr":["401"],"angle":56.9,"extra":1,"ei":12}},{"type":"Feature","geometry":{"type":"Point","coordinates":[27.680472,47.183119]},"properties":{"lines":"401","color":"#0059a9","mode":"bus","arr":["401"],"angle":56.8,"extra":1,"ei":13}},{"type":"Feature","geometry":{"type":"Point","coordinates":[27.678983,47.184711]},"properties":{"lines":"401","color":"#0059a9","mode":"bus","arr":["401"],"angle":64.4,"extra":1,"ei":14}},{"type":"Feature","geometry":{"type":"Point","coordinates":[27.677564,47.186328]},"properties":{"lines":"401","color":"#0059a9","mode":"bus","arr":["401"],"angle":52.4,"extra":1,"ei":15}},{"type":"Feature","geometry":{"type":"Point","coordinates":[27.6758,47.187786]},"properties":{"lines":"401","color":"#0059a9","mode":"bus","arr":["401"],"angle":48,"extra":1,"ei":16}},{"type":"Feature","geometry":{"type":"Point","coordinates":[27.674131,47.189286]},"properties":{"lines":"401","color":"#0059a9","mode":"bus","arr":["401"],"angle":52.6,"extra":1,"ei":17}},{"type":"Feature","geometry":{"type":"Point","coordinates":[27.672807,47.190937]},"properties":{"lines":"401","color":"#0059a9","mode":"bus","arr":["401"],"angle":64.9,"extra":1,"ei":18}},{"type":"Feature","geometry":{"type":"Point","coordinates":[27.671562,47.192625]},"properties":{"lines":"401","color":"#0059a9","mode":"bus","arr":["401"],"angle":62.2,"extra":1,"ei":19}},{"type":"Feature","geometry":{"type":"Point","coordinates":[27.670251,47.19429]},"properties":{"lines":"401","color":"#0059a9","mode":"bus","arr":["401"],"angle":61.5,"extra":1,"ei":20}},{"type":"Feature","geometry":{"type":"Point","coordinates":[27.668914,47.195944]},"properties":{"lines":"401","color":"#0059a9","mode":"bus","arr":["401"],"angle":56.1,"extra":1,"ei":21}},{"type":"Feature","geometry":{"type":"Point","coordinates":[27.686936,47.155234]},"properties":{"lines":"401","color":"#0059a9","mode":"bus","arr":["401"],"angle":-82.8,"extra":1,"ei":0}},{"type":"Feature","geometry":{"type":"Point","coordinates":[27.685704,47.15358]},"properties":{"lines":"401","color":"#0059a9","mode":"bus","arr":["401"],"angle":-59,"extra":1,"ei":1}},{"type":"Feature","geometry":{"type":"Point","coordinates":[27.685216,47.150052]},"properties":{"lines":"401","color":"#0059a9","mode":"bus","arr":["401"],"angle":80.4,"extra":1,"ei":2}},{"type":"Feature","geometry":{"type":"Point","coordinates":[27.686617,47.148463]},"properties":{"lines":"401","color":"#0059a9","mode":"bus","arr":["401"],"angle":53.5,"extra":1,"ei":3}},{"type":"Feature","geometry":{"type":"Point","coordinates":[27.687022,47.15667]},"properties":{"lines":"401","color":"#0059a9","mode":"bus","arr":["401"],"angle":-75.3,"mi":1}},{"type":"Feature","geometry":{"type":"Point","coordinates":[27.686308,47.157691]},"properties":{"lines":"401","color":"#0059a9","mode":"bus","arr":["401"],"angle":29.7,"mi":2}},{"type":"Feature","geometry":{"type":"Point","coordinates":[27.524568,47.145675]},"properties":{"lines":"501, 501b","color":"#0059a9","mode":"bus","arr":["501","501b"],"angle":-13.7}},{"type":"Feature","geometry":{"type":"Point","coordinates":[27.487892,47.135583]},"properties":{"lines":"501, 501b","color":"#0059a9","mode":"bus","arr":["501","501b"],"angle":-15.3}},{"type":"Feature","geometry":{"type":"Point","coordinates":[27.511835,47.140957]},"properties":{"lines":"501, 501b","color":"#0059a9","mode":"bus","arr":["501","501b"],"angle":-47.1}},{"type":"Feature","geometry":{"type":"Point","coordinates":[27.52042,47.144726]},"properties":{"lines":"501, 501b","color":"#0059a9","mode":"bus","arr":["501","501b"],"angle":-29.1,"extra":1,"ei":0}},{"type":"Feature","geometry":{"type":"Point","coordinates":[27.518003,47.143795]},"properties":{"lines":"501, 501b","color":"#0059a9","mode":"bus","arr":["501","501b"],"angle":-29.9,"extra":1,"ei":1}},{"type":"Feature","geometry":{"type":"Point","coordinates":[27.515591,47.142859]},"properties":{"lines":"501, 501b","color":"#0059a9","mode":"bus","arr":["501","501b"],"angle":-28.6,"extra":1,"ei":2}},{"type":"Feature","geometry":{"type":"Point","coordinates":[27.513194,47.141909]},"properties":{"lines":"501, 501b","color":"#0059a9","mode":"bus","arr":["501","501b"],"angle":-39.8,"extra":1,"ei":3}},{"type":"Feature","geometry":{"type":"Point","coordinates":[27.508615,47.140178]},"properties":{"lines":"501, 501b","color":"#0059a9","mode":"bus","arr":["501","501b"],"angle":-19.2,"extra":1,"ei":4}},{"type":"Feature","geometry":{"type":"Point","coordinates":[27.506557,47.138936]},"properties":{"lines":"501, 501b","color":"#0059a9","mode":"bus","arr":["501","501b"],"angle":-46.5,"extra":1,"ei":5}},{"type":"Feature","geometry":{"type":"Point","coordinates":[27.504173,47.138247]},"properties":{"lines":"501, 501b","color":"#0059a9","mode":"bus","arr":["501","501b"],"angle":6.3,"extra":1,"ei":6}},{"type":"Feature","geometry":{"type":"Point","coordinates":[27.500008,47.138462]},"properties":{"lines":"501, 501b","color":"#0059a9","mode":"bus","arr":["501","501b"],"angle":-8.7,"extra":1,"ei":0}},{"type":"Feature","geometry":{"type":"Point","coordinates":[27.497372,47.137898]},"properties":{"lines":"501, 501b","color":"#0059a9","mode":"bus","arr":["501","501b"],"angle":-23.8,"extra":1,"ei":1}},{"type":"Feature","geometry":{"type":"Point","coordinates":[27.494817,47.137157]},"properties":{"lines":"501, 501b","color":"#0059a9","mode":"bus","arr":["501","501b"],"angle":-22.1,"extra":1,"ei":2}},{"type":"Feature","geometry":{"type":"Point","coordinates":[27.492234,47.136463]},"properties":{"lines":"501, 501b","color":"#0059a9","mode":"bus","arr":["501","501b"],"angle":-21.1,"extra":1,"ei":3}},{"type":"Feature","geometry":{"type":"Point","coordinates":[27.489585,47.135901]},"properties":{"lines":"501, 501b","color":"#0059a9","mode":"bus","arr":["501","501b"],"angle":-14.8,"extra":1,"ei":4}},{"type":"Feature","geometry":{"type":"Point","coordinates":[27.484227,47.134904]},"properties":{"lines":"501, 501b","color":"#0059a9","mode":"bus","arr":["501","501b"],"angle":-16,"extra":1,"ei":5}},{"type":"Feature","geometry":{"type":"Point","coordinates":[27.481555,47.134391]},"properties":{"lines":"501, 501b","color":"#0059a9","mode":"bus","arr":["501","501b"],"angle":-24.2,"extra":1,"ei":6}},{"type":"Feature","geometry":{"type":"Point","coordinates":[27.480072,47.132838]},"properties":{"lines":"501, 501b","color":"#0059a9","mode":"bus","arr":["501","501b"],"angle":-56.6,"extra":1,"ei":7}},{"type":"Feature","geometry":{"type":"Point","coordinates":[27.478421,47.131321]},"properties":{"lines":"501, 501b","color":"#0059a9","mode":"bus","arr":["501","501b"],"angle":-52.8,"extra":1,"ei":8}},{"type":"Feature","geometry":{"type":"Point","coordinates":[27.586466,47.151742]},"properties":{"lines":"501b","color":"#0059a9","mode":"bus","arr":["501b"],"angle":-58.5}},{"type":"Feature","geometry":{"type":"Point","coordinates":[27.576963,47.143242]},"properties":{"lines":"501b","color":"#0059a9","mode":"bus","arr":["501b"],"angle":-53.8,"mi":2}},{"type":"Feature","geometry":{"type":"Point","coordinates":[27.468096,47.121945]},"properties":{"lines":"501b","color":"#0059a9","mode":"bus","arr":["501b"],"angle":-69.4}},{"type":"Feature","geometry":{"type":"Point","coordinates":[27.461534,47.113979]},"properties":{"lines":"501b","color":"#0059a9","mode":"bus","arr":["501b"],"angle":-61.7,"extra":1,"ei":0}},{"type":"Feature","geometry":{"type":"Point","coordinates":[27.462852,47.115641]},"properties":{"lines":"501b","color":"#0059a9","mode":"bus","arr":["501b"],"angle":-61.7,"extra":1,"ei":1}},{"type":"Feature","geometry":{"type":"Point","coordinates":[27.464142,47.117313]},"properties":{"lines":"501b","color":"#0059a9","mode":"bus","arr":["501b"],"angle":-67.2,"extra":1,"ei":2}},{"type":"Feature","geometry":{"type":"Point","coordinates":[27.465087,47.119089]},"properties":{"lines":"501b","color":"#0059a9","mode":"bus","arr":["501b"],"angle":-69.3,"extra":1,"ei":3}},{"type":"Feature","geometry":{"type":"Point","coordinates":[27.466851,47.120504]},"properties":{"lines":"501b","color":"#0059a9","mode":"bus","arr":["501b"],"angle":-40.8,"extra":1,"ei":4}},{"type":"Feature","geometry":{"type":"Point","coordinates":[27.469765,47.123662]},"properties":{"lines":"501b","color":"#0059a9","mode":"bus","arr":["501b"],"angle":-52.6,"extra":1,"ei":5}},{"type":"Feature","geometry":{"type":"Point","coordinates":[27.471449,47.125164]},"properties":{"lines":"501b","color":"#0059a9","mode":"bus","arr":["501b"],"angle":-52.6,"extra":1,"ei":6}},{"type":"Feature","geometry":{"type":"Point","coordinates":[27.473141,47.126661]},"properties":{"lines":"501b","color":"#0059a9","mode":"bus","arr":["501b"],"angle":-52.4,"extra":1,"ei":7}},{"type":"Feature","geometry":{"type":"Point","coordinates":[27.474833,47.128159]},"properties":{"lines":"501b","color":"#0059a9","mode":"bus","arr":["501b"],"angle":-51.9,"extra":1,"ei":8}},{"type":"Feature","geometry":{"type":"Point","coordinates":[27.476546,47.129645]},"properties":{"lines":"501b","color":"#0059a9","mode":"bus","arr":["501b"],"angle":-52.6,"extra":1,"ei":9}},{"type":"Feature","geometry":{"type":"Point","coordinates":[27.586708,47.151361]},"properties":{"lines":"501b","color":"#0059a9","mode":"bus","arr":["501b"],"angle":12.6,"mi":1}},{"type":"Feature","geometry":{"type":"Point","coordinates":[27.574916,47.142383]},"properties":{"lines":"501b","color":"#0059a9","mode":"bus","arr":["501b"],"angle":-51.9,"mi":3}},{"type":"Feature","geometry":{"type":"Point","coordinates":[27.575965,47.142869]},"properties":{"lines":"501b","color":"#0059a9","mode":"bus","arr":["501b"],"angle":41.6,"mi":1}},{"type":"Feature","geometry":{"type":"Point","coordinates":[27.578656,47.142876]},"properties":{"lines":"501b","color":"#0059a9","mode":"bus","arr":["501b"],"angle":31.8,"mi":4}},{"type":"Feature","geometry":{"type":"Point","coordinates":[27.53113,47.098423]},"properties":{"lines":"502","color":"#0059a9","mode":"bus","arr":["502"],"angle":-21.3}},{"type":"Feature","geometry":{"type":"Point","coordinates":[27.557678,47.109695]},"properties":{"lines":"502","color":"#0059a9","mode":"bus","arr":["502"],"angle":-25.5}},{"type":"Feature","geometry":{"type":"Point","coordinates":[27.559229,47.110506]},"properties":{"lines":"502","color":"#0059a9","mode":"bus","arr":["502"],"angle":-11.2,"extra":1,"ei":0}},{"type":"Feature","geometry":{"type":"Point","coordinates":[27.535361,47.099513]},"properties":{"lines":"502","color":"#0059a9","mode":"bus","arr":["502"],"angle":-22.1,"extra":1,"ei":0}},{"type":"Feature","geometry":{"type":"Point","coordinates":[27.532758,47.098856]},"properties":{"lines":"502","color":"#0059a9","mode":"bus","arr":["502"],"angle":-21,"extra":1,"ei":1}},{"type":"Feature","geometry":{"type":"Point","coordinates":[27.527675,47.097344]},"properties":{"lines":"502","color":"#0059a9","mode":"bus","arr":["502"],"angle":-33.3,"extra":1,"ei":2}},{"type":"Feature","geometry":{"type":"Point","coordinates":[27.547125,47.104147]},"properties":{"lines":"502","color":"#0059a9","mode":"bus","arr":["502"],"angle":-17.6}},{"type":"Feature","geometry":{"type":"Point","coordinates":[27.555187,47.108281]},"properties":{"lines":"502","color":"#0059a9","mode":"bus","arr":["502"],"angle":-69.6,"extra":1,"ei":0}},{"type":"Feature","geometry":{"type":"Point","coordinates":[27.554368,47.10649]},"properties":{"lines":"502","color":"#0059a9","mode":"bus","arr":["502"],"angle":-65.2,"extra":1,"ei":1}},{"type":"Feature","geometry":{"type":"Point","coordinates":[27.552038,47.105566]},"properties":{"lines":"502","color":"#0059a9","mode":"bus","arr":["502"],"angle":-24.1,"extra":1,"ei":2}},{"type":"Feature","geometry":{"type":"Point","coordinates":[27.549524,47.104769]},"properties":{"lines":"502","color":"#0059a9","mode":"bus","arr":["502"],"angle":-20.6,"extra":1,"ei":3}},{"type":"Feature","geometry":{"type":"Point","coordinates":[27.544415,47.10332]},"properties":{"lines":"502","color":"#0059a9","mode":"bus","arr":["502"],"angle":-29.2,"extra":1,"ei":4}},{"type":"Feature","geometry":{"type":"Point","coordinates":[27.541998,47.10239]},"properties":{"lines":"502","color":"#0059a9","mode":"bus","arr":["502"],"angle":-29.2,"extra":1,"ei":5}},{"type":"Feature","geometry":{"type":"Point","coordinates":[27.539659,47.101379]},"properties":{"lines":"502","color":"#0059a9","mode":"bus","arr":["502"],"angle":-37.6,"extra":1,"ei":6}},{"type":"Feature","geometry":{"type":"Point","coordinates":[27.53749,47.100201]},"properties":{"lines":"502","color":"#0059a9","mode":"bus","arr":["502"],"angle":-33.5,"extra":1,"ei":7}},{"type":"Feature","geometry":{"type":"Point","coordinates":[27.555618,47.12094]},"properties":{"lines":"503, 503b","color":"#0059a9","mode":"bus","arr":["503","503b"],"angle":34.5}},{"type":"Feature","geometry":{"type":"Point","coordinates":[27.561652,47.117342]},"properties":{"lines":"503, 503b","color":"#0059a9","mode":"bus","arr":["503","503b"],"angle":41.8,"extra":1,"ei":0}},{"type":"Feature","geometry":{"type":"Point","coordinates":[27.559591,47.118608]},"properties":{"lines":"503, 503b","color":"#0059a9","mode":"bus","arr":["503","503b"],"angle":42,"extra":1,"ei":1}},{"type":"Feature","geometry":{"type":"Point","coordinates":[27.557493,47.119845]},"properties":{"lines":"503, 503b","color":"#0059a9","mode":"bus","arr":["503","503b"],"angle":41.9,"extra":1,"ei":2}},{"type":"Feature","geometry":{"type":"Point","coordinates":[27.553035,47.122081]},"properties":{"lines":"503, 503b","color":"#0059a9","mode":"bus","arr":["503","503b"],"angle":32,"extra":1,"ei":3}},{"type":"Feature","geometry":{"type":"Point","coordinates":[27.550684,47.123085]},"properties":{"lines":"503, 503b","color":"#0059a9","mode":"bus","arr":["503","503b"],"angle":29.1,"extra":1,"ei":4}},{"type":"Feature","geometry":{"type":"Point","coordinates":[27.548195,47.123921]},"properties":{"lines":"503, 503b","color":"#0059a9","mode":"bus","arr":["503","503b"],"angle":24.2,"extra":1,"ei":5}},{"type":"Feature","geometry":{"type":"Point","coordinates":[27.54217,47.127307]},"properties":{"lines":"503, 503b","color":"#0059a9","mode":"bus","arr":["503","503b"],"angle":42.7}},{"type":"Feature","geometry":{"type":"Point","coordinates":[27.546299,47.124759]},"properties":{"lines":"503, 503b","color":"#0059a9","mode":"bus","arr":["503","503b"],"angle":42.6,"extra":1,"ei":0}},{"type":"Feature","geometry":{"type":"Point","coordinates":[27.544257,47.126038]},"properties":{"lines":"503, 503b","color":"#0059a9","mode":"bus","arr":["503","503b"],"angle":42.3,"extra":1,"ei":1}},{"type":"Feature","geometry":{"type":"Point","coordinates":[27.540136,47.128571]},"properties":{"lines":"503, 503b","color":"#0059a9","mode":"bus","arr":["503","503b"],"angle":42.7,"extra":1,"ei":2}},{"type":"Feature","geometry":{"type":"Point","coordinates":[27.538082,47.129841]},"properties":{"lines":"503, 503b","color":"#0059a9","mode":"bus","arr":["503","503b"],"angle":42.1,"extra":1,"ei":3}},{"type":"Feature","geometry":{"type":"Point","coordinates":[27.536113,47.131417]},"properties":{"lines":"503b","color":"#0059a9","mode":"bus","arr":["503b"],"angle":51.9,"mi":3}},{"type":"Feature","geometry":{"type":"Point","coordinates":[27.532258,47.136211]},"properties":{"lines":"503b","color":"#0059a9","mode":"bus","arr":["503b"],"angle":55.6}},{"type":"Feature","geometry":{"type":"Point","coordinates":[27.534497,47.13313]},"properties":{"lines":"503b","color":"#0059a9","mode":"bus","arr":["503b"],"angle":65,"extra":1,"ei":0}},{"type":"Feature","geometry":{"type":"Point","coordinates":[27.533328,47.134827]},"properties":{"lines":"503b","color":"#0059a9","mode":"bus","arr":["503b"],"angle":49.1,"extra":1,"ei":1}},{"type":"Feature","geometry":{"type":"Point","coordinates":[27.530502,47.138045]},"properties":{"lines":"503b","color":"#0059a9","mode":"bus","arr":["503b"],"angle":64.7,"extra":1,"ei":2}},{"type":"Feature","geometry":{"type":"Point","coordinates":[27.529881,47.139878]},"properties":{"lines":"503b","color":"#0059a9","mode":"bus","arr":["503b"],"angle":84.5,"extra":1,"ei":3}},{"type":"Feature","geometry":{"type":"Point","coordinates":[27.529572,47.140343]},"properties":{"lines":"503b","color":"#0059a9","mode":"bus","arr":["503b"],"angle":31,"mi":1}},{"type":"Feature","geometry":{"type":"Point","coordinates":[27.526355,47.14504]},"properties":{"lines":"503b","color":"#0059a9","mode":"bus","arr":["503b"],"angle":61,"mi":2}},{"type":"Feature","geometry":{"type":"Point","coordinates":[27.590462,47.172518]},"properties":{"lines":"601","color":"#0059a9","mode":"bus","arr":["601"],"angle":55,"mi":2}},{"type":"Feature","geometry":{"type":"Point","coordinates":[27.593472,47.168472]},"properties":{"lines":"601","color":"#0059a9","mode":"bus","arr":["601"],"angle":69.4}},{"type":"Feature","geometry":{"type":"Point","coordinates":[27.59209,47.170921]},"properties":{"lines":"601","color":"#0059a9","mode":"bus","arr":["601"],"angle":58.3,"extra":1,"ei":0}},{"type":"Feature","geometry":{"type":"Point","coordinates":[27.588906,47.174016]},"properties":{"lines":"601","color":"#0059a9","mode":"bus","arr":["601"],"angle":54.6,"extra":1,"ei":1}},{"type":"Feature","geometry":{"type":"Point","coordinates":[27.54874,47.217348]},"properties":{"lines":"601","color":"#0059a9","mode":"bus","arr":["601"],"angle":83.2}},{"type":"Feature","geometry":{"type":"Point","coordinates":[27.555202,47.206874]},"properties":{"lines":"601","color":"#0059a9","mode":"bus","arr":["601"],"angle":67.4,"extra":1,"ei":0}},{"type":"Feature","geometry":{"type":"Point","coordinates":[27.554147,47.208621]},"properties":{"lines":"601","color":"#0059a9","mode":"bus","arr":["601"],"angle":67.5,"extra":1,"ei":1}},{"type":"Feature","geometry":{"type":"Point","coordinates":[27.553099,47.210369]},"properties":{"lines":"601","color":"#0059a9","mode":"bus","arr":["601"],"angle":67.5,"extra":1,"ei":2}},{"type":"Feature","geometry":{"type":"Point","coordinates":[27.551875,47.212055]},"properties":{"lines":"601","color":"#0059a9","mode":"bus","arr":["601"],"angle":53.1,"extra":1,"ei":3}},{"type":"Feature","geometry":{"type":"Point","coordinates":[27.550799,47.213778]},"properties":{"lines":"601","color":"#0059a9","mode":"bus","arr":["601"],"angle":66.6,"extra":1,"ei":4}},{"type":"Feature","geometry":{"type":"Point","coordinates":[27.549862,47.215534]},"properties":{"lines":"601","color":"#0059a9","mode":"bus","arr":["601"],"angle":56.9,"extra":1,"ei":5}},{"type":"Feature","geometry":{"type":"Point","coordinates":[27.548234,47.219089]},"properties":{"lines":"601","color":"#0059a9","mode":"bus","arr":["601"],"angle":71.6,"extra":1,"ei":6}},{"type":"Feature","geometry":{"type":"Point","coordinates":[27.547305,47.220869]},"properties":{"lines":"601","color":"#0059a9","mode":"bus","arr":["601"],"angle":68.3,"extra":1,"ei":7}},{"type":"Feature","geometry":{"type":"Point","coordinates":[27.545931,47.222505]},"properties":{"lines":"601","color":"#0059a9","mode":"bus","arr":["601"],"angle":53.5,"extra":1,"ei":8}},{"type":"Feature","geometry":{"type":"Point","coordinates":[27.543877,47.223729]},"properties":{"lines":"601","color":"#0059a9","mode":"bus","arr":["601"],"angle":26.1,"extra":1,"ei":9}},{"type":"Feature","geometry":{"type":"Point","coordinates":[27.54209,47.225138]},"properties":{"lines":"601","color":"#0059a9","mode":"bus","arr":["601"],"angle":55.8,"extra":1,"ei":10}},{"type":"Feature","geometry":{"type":"Point","coordinates":[27.540276,47.226561]},"properties":{"lines":"601","color":"#0059a9","mode":"bus","arr":["601"],"angle":46.2,"extra":1,"ei":11}},{"type":"Feature","geometry":{"type":"Point","coordinates":[27.534563,47.233107]},"properties":{"lines":"601","color":"#0059a9","mode":"bus","arr":["601"],"angle":81.3,"mi":3}},{"type":"Feature","geometry":{"type":"Point","coordinates":[27.538153,47.228095]},"properties":{"lines":"601","color":"#0059a9","mode":"bus","arr":["601"],"angle":50.9,"extra":1,"ei":0}},{"type":"Feature","geometry":{"type":"Point","coordinates":[27.537038,47.229801]},"properties":{"lines":"601","color":"#0059a9","mode":"bus","arr":["601"],"angle":74.8,"extra":1,"ei":1}},{"type":"Feature","geometry":{"type":"Point","coordinates":[27.536034,47.231542]},"properties":{"lines":"601","color":"#0059a9","mode":"bus","arr":["601"],"angle":52.1,"extra":1,"ei":2}},{"type":"Feature","geometry":{"type":"Point","coordinates":[27.534204,47.234969]},"properties":{"lines":"601","color":"#0059a9","mode":"bus","arr":["601"],"angle":78.5,"extra":1,"ei":3}},{"type":"Feature","geometry":{"type":"Point","coordinates":[27.533459,47.236788]},"properties":{"lines":"601","color":"#0059a9","mode":"bus","arr":["601"],"angle":74.9,"extra":1,"ei":4}},{"type":"Feature","geometry":{"type":"Point","coordinates":[27.53274,47.238612]},"properties":{"lines":"601","color":"#0059a9","mode":"bus","arr":["601"],"angle":76,"extra":1,"ei":5}},{"type":"Feature","geometry":{"type":"Point","coordinates":[27.532151,47.240079]},"properties":{"lines":"601","color":"#0059a9","mode":"bus","arr":["601"],"angle":-14,"mi":1}},{"type":"Feature","geometry":{"type":"Point","coordinates":[27.532413,47.239363]},"properties":{"lines":"601","color":"#0059a9","mode":"bus","arr":["601"],"angle":60,"side":-1}},{"type":"Feature","geometry":{"type":"Point","coordinates":[27.531108,47.242691]},"properties":{"lines":"601","color":"#0059a9","mode":"bus","arr":["601"],"angle":79.1,"mi":2}},{"type":"Feature","geometry":{"type":"Point","coordinates":[27.531726,47.240981]},"properties":{"lines":"601","color":"#0059a9","mode":"bus","arr":["601"],"angle":74.3,"extra":1,"ei":0}},{"type":"Feature","geometry":{"type":"Point","coordinates":[27.531318,47.244681]},"properties":{"lines":"601","color":"#0059a9","mode":"bus","arr":["601"],"angle":-76.2,"extra":1,"ei":1}},{"type":"Feature","geometry":{"type":"Point","coordinates":[27.519229,47.266276]},"properties":{"lines":"601","color":"#0059a9","mode":"bus","arr":["601"],"angle":71.9}},{"type":"Feature","geometry":{"type":"Point","coordinates":[27.531713,47.246287]},"properties":{"lines":"601","color":"#0059a9","mode":"bus","arr":["601"],"angle":-87.4,"extra":1,"ei":0}},{"type":"Feature","geometry":{"type":"Point","coordinates":[27.531683,47.248175]},"properties":{"lines":"601","color":"#0059a9","mode":"bus","arr":["601"],"angle":88.4,"extra":1,"ei":1}},{"type":"Feature","geometry":{"type":"Point","coordinates":[27.530836,47.249933]},"properties":{"lines":"601","color":"#0059a9","mode":"bus","arr":["601"],"angle":58.1,"extra":1,"ei":2}},{"type":"Feature","geometry":{"type":"Point","coordinates":[27.529357,47.251531]},"properties":{"lines":"601","color":"#0059a9","mode":"bus","arr":["601"],"angle":59.4,"extra":1,"ei":3}},{"type":"Feature","geometry":{"type":"Point","coordinates":[27.528117,47.25322]},"properties":{"lines":"601","color":"#0059a9","mode":"bus","arr":["601"],"angle":64.7,"extra":1,"ei":4}},{"type":"Feature","geometry":{"type":"Point","coordinates":[27.526936,47.254929]},"properties":{"lines":"601","color":"#0059a9","mode":"bus","arr":["601"],"angle":65,"extra":1,"ei":5}},{"type":"Feature","geometry":{"type":"Point","coordinates":[27.525706,47.256621]},"properties":{"lines":"601","color":"#0059a9","mode":"bus","arr":["601"],"angle":59.5,"extra":1,"ei":6}},{"type":"Feature","geometry":{"type":"Point","coordinates":[27.524246,47.258228]},"properties":{"lines":"601","color":"#0059a9","mode":"bus","arr":["601"],"angle":64.7,"extra":1,"ei":7}},{"type":"Feature","geometry":{"type":"Point","coordinates":[27.523797,47.260084]},"properties":{"lines":"601","color":"#0059a9","mode":"bus","arr":["601"],"angle":84.4,"extra":1,"ei":8}},{"type":"Feature","geometry":{"type":"Point","coordinates":[27.523284,47.261924]},"properties":{"lines":"601","color":"#0059a9","mode":"bus","arr":["601"],"angle":61.3,"extra":1,"ei":9}},{"type":"Feature","geometry":{"type":"Point","coordinates":[27.52156,47.263401]},"properties":{"lines":"601","color":"#0059a9","mode":"bus","arr":["601"],"angle":50.8,"extra":1,"ei":10}},{"type":"Feature","geometry":{"type":"Point","coordinates":[27.519922,47.26492]},"properties":{"lines":"601","color":"#0059a9","mode":"bus","arr":["601"],"angle":64.2,"extra":1,"ei":11}},{"type":"Feature","geometry":{"type":"Point","coordinates":[27.518196,47.268508]},"properties":{"lines":"601","color":"#0059a9","mode":"bus","arr":["601"],"angle":67.8,"extra":1,"ei":12}},{"type":"Feature","geometry":{"type":"Point","coordinates":[27.518036,47.270337]},"properties":{"lines":"601","color":"#0059a9","mode":"bus","arr":["601"],"angle":-80.7,"extra":1,"ei":13}},{"type":"Feature","geometry":{"type":"Point","coordinates":[27.51857,47.27219]},"properties":{"lines":"601","color":"#0059a9","mode":"bus","arr":["601"],"angle":-76.7,"extra":1,"ei":14}},{"type":"Feature","geometry":{"type":"Point","coordinates":[27.519217,47.274027]},"properties":{"lines":"601","color":"#0059a9","mode":"bus","arr":["601"],"angle":-76.7,"extra":1,"ei":15}},{"type":"Feature","geometry":{"type":"Point","coordinates":[27.519857,47.275864]},"properties":{"lines":"601","color":"#0059a9","mode":"bus","arr":["601"],"angle":-80.5,"extra":1,"ei":16}},{"type":"Feature","geometry":{"type":"Point","coordinates":[27.519798,47.277747]},"properties":{"lines":"601","color":"#0059a9","mode":"bus","arr":["601"],"angle":85.6,"extra":1,"ei":17}},{"type":"Feature","geometry":{"type":"Point","coordinates":[27.518723,47.279447]},"properties":{"lines":"601","color":"#0059a9","mode":"bus","arr":["601"],"angle":58.3,"extra":1,"ei":18}},{"type":"Feature","geometry":{"type":"Point","coordinates":[27.517274,47.281057]},"properties":{"lines":"601","color":"#0059a9","mode":"bus","arr":["601"],"angle":60.9,"extra":1,"ei":19}},{"type":"Feature","geometry":{"type":"Point","coordinates":[27.516074,47.28276]},"properties":{"lines":"601","color":"#0059a9","mode":"bus","arr":["601"],"angle":65.2,"extra":1,"ei":20}},{"type":"Feature","geometry":{"type":"Point","coordinates":[27.514923,47.284479]},"properties":{"lines":"601","color":"#0059a9","mode":"bus","arr":["601"],"angle":65.7,"extra":1,"ei":21}},{"type":"Feature","geometry":{"type":"Point","coordinates":[27.513754,47.286191]},"properties":{"lines":"601","color":"#0059a9","mode":"bus","arr":["601"],"angle":61.6,"extra":1,"ei":22}},{"type":"Feature","geometry":{"type":"Point","coordinates":[27.512036,47.287663]},"properties":{"lines":"601","color":"#0059a9","mode":"bus","arr":["601"],"angle":59.8,"extra":1,"ei":23}},{"type":"Feature","geometry":{"type":"Point","coordinates":[27.590237,47.165689]},"properties":{"lines":"601","color":"#0059a9","mode":"bus","arr":["601"],"angle":68.8,"mi":1}},{"type":"Feature","geometry":{"type":"Point","coordinates":[27.530722,47.210965]},"properties":{"lines":"701, 702","color":"#0059a9","mode":"bus","arr":["701","702"],"angle":66.1}},{"type":"Feature","geometry":{"type":"Point","coordinates":[27.515974,47.217822]},"properties":{"lines":"701, 702","color":"#0059a9","mode":"bus","arr":["701","702"],"angle":13.5}},{"type":"Feature","geometry":{"type":"Point","coordinates":[27.528988,47.212963]},"properties":{"lines":"701, 702","color":"#0059a9","mode":"bus","arr":["701","702"],"angle":36.2,"extra":1,"ei":0}},{"type":"Feature","geometry":{"type":"Point","coordinates":[27.527146,47.214364]},"properties":{"lines":"701, 702","color":"#0059a9","mode":"bus","arr":["701","702"],"angle":52.4,"extra":1,"ei":1}},{"type":"Feature","geometry":{"type":"Point","coordinates":[27.525118,47.215634]},"properties":{"lines":"701, 702","color":"#0059a9","mode":"bus","arr":["701","702"],"angle":37.2,"extra":1,"ei":2}},{"type":"Feature","geometry":{"type":"Point","coordinates":[27.523718,47.214886]},"properties":{"lines":"701, 702","color":"#0059a9","mode":"bus","arr":["701","702"],"angle":-17.2,"extra":1,"ei":3}},{"type":"Feature","geometry":{"type":"Point","coordinates":[27.521681,47.215941]},"properties":{"lines":"701, 702","color":"#0059a9","mode":"bus","arr":["701","702"],"angle":40,"extra":1,"ei":4}},{"type":"Feature","geometry":{"type":"Point","coordinates":[27.519263,47.216867]},"properties":{"lines":"701, 702","color":"#0059a9","mode":"bus","arr":["701","702"],"angle":29.2,"extra":1,"ei":5}},{"type":"Feature","geometry":{"type":"Point","coordinates":[27.514074,47.218134]},"properties":{"lines":"701, 702","color":"#0059a9","mode":"bus","arr":["701","702"],"angle":14.4,"extra":1,"ei":6}},{"type":"Feature","geometry":{"type":"Point","coordinates":[27.51179,47.219169]},"properties":{"lines":"701, 702","color":"#0059a9","mode":"bus","arr":["701","702"],"angle":39.6,"extra":1,"ei":7}},{"type":"Feature","geometry":{"type":"Point","coordinates":[27.509864,47.220521]},"properties":{"lines":"701, 702","color":"#0059a9","mode":"bus","arr":["701","702"],"angle":57.7,"extra":1,"ei":8}},{"type":"Feature","geometry":{"type":"Point","coordinates":[27.508522,47.222175]},"properties":{"lines":"701, 702","color":"#0059a9","mode":"bus","arr":["701","702"],"angle":61.4,"extra":1,"ei":9}},{"type":"Feature","geometry":{"type":"Point","coordinates":[27.507203,47.223837]},"properties":{"lines":"701, 702","color":"#0059a9","mode":"bus","arr":["701","702"],"angle":60.4,"extra":1,"ei":10}},{"type":"Feature","geometry":{"type":"Point","coordinates":[27.50582,47.225474]},"properties":{"lines":"701, 702","color":"#0059a9","mode":"bus","arr":["701","702"],"angle":59.9,"extra":1,"ei":11}},{"type":"Feature","geometry":{"type":"Point","coordinates":[27.504899,47.227236]},"properties":{"lines":"701, 702","color":"#0059a9","mode":"bus","arr":["701","702"],"angle":62.9,"extra":1,"ei":12}},{"type":"Feature","geometry":{"type":"Point","coordinates":[27.485762,47.239922]},"properties":{"lines":"701","color":"#0059a9","mode":"bus","arr":["701"],"angle":56.2}},{"type":"Feature","geometry":{"type":"Point","coordinates":[27.503925,47.228135]},"properties":{"lines":"701","color":"#0059a9","mode":"bus","arr":["701"],"angle":51.3,"extra":1,"ei":0}},{"type":"Feature","geometry":{"type":"Point","coordinates":[27.502093,47.229552]},"properties":{"lines":"701","color":"#0059a9","mode":"bus","arr":["701"],"angle":46.9,"extra":1,"ei":1}},{"type":"Feature","geometry":{"type":"Point","coordinates":[27.500177,47.230919]},"properties":{"lines":"701","color":"#0059a9","mode":"bus","arr":["701"],"angle":46.9,"extra":1,"ei":2}},{"type":"Feature","geometry":{"type":"Point","coordinates":[27.498181,47.232231]},"properties":{"lines":"701","color":"#0059a9","mode":"bus","arr":["701"],"angle":38.3,"extra":1,"ei":3}},{"type":"Feature","geometry":{"type":"Point","coordinates":[27.49585,47.233253]},"properties":{"lines":"701","color":"#0059a9","mode":"bus","arr":["701"],"angle":33.8,"extra":1,"ei":4}},{"type":"Feature","geometry":{"type":"Point","coordinates":[27.493572,47.234331]},"properties":{"lines":"701","color":"#0059a9","mode":"bus","arr":["701"],"angle":39.5,"extra":1,"ei":5}},{"type":"Feature","geometry":{"type":"Point","coordinates":[27.491517,47.235601]},"properties":{"lines":"701","color":"#0059a9","mode":"bus","arr":["701"],"angle":42.8,"extra":1,"ei":6}},{"type":"Feature","geometry":{"type":"Point","coordinates":[27.489487,47.23689]},"properties":{"lines":"701","color":"#0059a9","mode":"bus","arr":["701"],"angle":43.8,"extra":1,"ei":7}},{"type":"Feature","geometry":{"type":"Point","coordinates":[27.487601,47.238272]},"properties":{"lines":"701","color":"#0059a9","mode":"bus","arr":["701"],"angle":51.5,"extra":1,"ei":8}},{"type":"Feature","geometry":{"type":"Point","coordinates":[27.484514,47.241393]},"properties":{"lines":"701","color":"#0059a9","mode":"bus","arr":["701"],"angle":74.3,"extra":1,"ei":9}},{"type":"Feature","geometry":{"type":"Point","coordinates":[27.484223,47.243268]},"properties":{"lines":"701","color":"#0059a9","mode":"bus","arr":["701"],"angle":84.4,"extra":1,"ei":10}},{"type":"Feature","geometry":{"type":"Point","coordinates":[27.483144,47.24494]},"properties":{"lines":"701","color":"#0059a9","mode":"bus","arr":["701"],"angle":37.3,"extra":1,"ei":11}},{"type":"Feature","geometry":{"type":"Point","coordinates":[27.481043,47.246067]},"properties":{"lines":"701","color":"#0059a9","mode":"bus","arr":["701"],"angle":56.9,"extra":1,"ei":12}},{"type":"Feature","geometry":{"type":"Point","coordinates":[27.479086,47.247389]},"properties":{"lines":"701","color":"#0059a9","mode":"bus","arr":["701"],"angle":38.5,"extra":1,"ei":13}},{"type":"Feature","geometry":{"type":"Point","coordinates":[27.4768,47.248462]},"properties":{"lines":"701","color":"#0059a9","mode":"bus","arr":["701"],"angle":33.6,"extra":1,"ei":14}},{"type":"Feature","geometry":{"type":"Point","coordinates":[27.474483,47.249503]},"properties":{"lines":"701","color":"#0059a9","mode":"bus","arr":["701"],"angle":33,"extra":1,"ei":15}},{"type":"Feature","geometry":{"type":"Point","coordinates":[27.472154,47.250531]},"properties":{"lines":"701","color":"#0059a9","mode":"bus","arr":["701"],"angle":32.7,"extra":1,"ei":16}},{"type":"Feature","geometry":{"type":"Point","coordinates":[27.469822,47.251557]},"properties":{"lines":"701","color":"#0059a9","mode":"bus","arr":["701"],"angle":33.6,"extra":1,"ei":17}},{"type":"Feature","geometry":{"type":"Point","coordinates":[27.456161,47.258171]},"properties":{"lines":"701","color":"#0059a9","mode":"bus","arr":["701"],"angle":46.4}},{"type":"Feature","geometry":{"type":"Point","coordinates":[27.467076,47.252818]},"properties":{"lines":"701","color":"#0059a9","mode":"bus","arr":["701"],"angle":36.5,"extra":1,"ei":0}},{"type":"Feature","geometry":{"type":"Point","coordinates":[27.464877,47.25397]},"properties":{"lines":"701","color":"#0059a9","mode":"bus","arr":["701"],"angle":36.8,"extra":1,"ei":1}},{"type":"Feature","geometry":{"type":"Point","coordinates":[27.462675,47.255122]},"properties":{"lines":"701","color":"#0059a9","mode":"bus","arr":["701"],"angle":37.3,"extra":1,"ei":2}},{"type":"Feature","geometry":{"type":"Point","coordinates":[27.460404,47.256208]},"properties":{"lines":"701","color":"#0059a9","mode":"bus","arr":["701"],"angle":30.9,"extra":1,"ei":3}},{"type":"Feature","geometry":{"type":"Point","coordinates":[27.45793,47.257065]},"properties":{"lines":"701","color":"#0059a9","mode":"bus","arr":["701"],"angle":26.3,"extra":1,"ei":4}},{"type":"Feature","geometry":{"type":"Point","coordinates":[27.454043,47.259738]},"properties":{"lines":"701","color":"#0059a9","mode":"bus","arr":["701"],"angle":47.1,"extra":1,"ei":5}},{"type":"Feature","geometry":{"type":"Point","coordinates":[27.452164,47.261129]},"properties":{"lines":"701","color":"#0059a9","mode":"bus","arr":["701"],"angle":48.3,"extra":1,"ei":6}},{"type":"Feature","geometry":{"type":"Point","coordinates":[27.450403,47.262589]},"properties":{"lines":"701","color":"#0059a9","mode":"bus","arr":["701"],"angle":52,"extra":1,"ei":7}},{"type":"Feature","geometry":{"type":"Point","coordinates":[27.448671,47.264064]},"properties":{"lines":"701","color":"#0059a9","mode":"bus","arr":["701"],"angle":48.3,"extra":1,"ei":8}},{"type":"Feature","geometry":{"type":"Point","coordinates":[27.44674,47.26542]},"properties":{"lines":"701","color":"#0059a9","mode":"bus","arr":["701"],"angle":37.5,"extra":1,"ei":9}},{"type":"Feature","geometry":{"type":"Point","coordinates":[27.532189,47.175463]},"properties":{"lines":"702, 902","color":"#0059a9","mode":"bus","arr":["702","902"],"angle":86.9}},{"type":"Feature","geometry":{"type":"Point","coordinates":[27.532272,47.173956]},"properties":{"lines":"702, 902","color":"#0059a9","mode":"bus","arr":["702","902"],"angle":77.2,"extra":1,"ei":0}},{"type":"Feature","geometry":{"type":"Point","coordinates":[27.531342,47.177636]},"properties":{"lines":"702, 902","color":"#0059a9","mode":"bus","arr":["702","902"],"angle":68.1,"extra":1,"ei":1}},{"type":"Feature","geometry":{"type":"Point","coordinates":[27.519533,47.195704]},"properties":{"lines":"702","color":"#0059a9","mode":"bus","arr":["702"],"angle":68.5}},{"type":"Feature","geometry":{"type":"Point","coordinates":[27.502968,47.224123]},"properties":{"lines":"702","color":"#0059a9","mode":"bus","arr":["702"],"angle":-87.4,"mi":3}},{"type":"Feature","geometry":{"type":"Point","coordinates":[27.530679,47.178681]},"properties":{"lines":"702","color":"#0059a9","mode":"bus","arr":["702"],"angle":66.4,"extra":1,"ei":0}},{"type":"Feature","geometry":{"type":"Point","coordinates":[27.529615,47.180425]},"properties":{"lines":"702","color":"#0059a9","mode":"bus","arr":["702"],"angle":68.8,"extra":1,"ei":1}},{"type":"Feature","geometry":{"type":"Point","coordinates":[27.5285,47.182154]},"properties":{"lines":"702","color":"#0059a9","mode":"bus","arr":["702"],"angle":64.2,"extra":1,"ei":2}},{"type":"Feature","geometry":{"type":"Point","coordinates":[27.527295,47.183848]},"properties":{"lines":"702","color":"#0059a9","mode":"bus","arr":["702"],"angle":67.2,"extra":1,"ei":3}},{"type":"Feature","geometry":{"type":"Point","coordinates":[27.525811,47.185437]},"properties":{"lines":"702","color":"#0059a9","mode":"bus","arr":["702"],"angle":55.6,"extra":1,"ei":4}},{"type":"Feature","geometry":{"type":"Point","coordinates":[27.52482,47.187193]},"properties":{"lines":"702","color":"#0059a9","mode":"bus","arr":["702"],"angle":68.9,"extra":1,"ei":5}},{"type":"Feature","geometry":{"type":"Point","coordinates":[27.523881,47.188969]},"properties":{"lines":"702","color":"#0059a9","mode":"bus","arr":["702"],"angle":68.1,"extra":1,"ei":6}},{"type":"Feature","geometry":{"type":"Point","coordinates":[27.522704,47.190677]},"properties":{"lines":"702","color":"#0059a9","mode":"bus","arr":["702"],"angle":63.1,"extra":1,"ei":7}},{"type":"Feature","geometry":{"type":"Point","coordinates":[27.521497,47.192378]},"properties":{"lines":"702","color":"#0059a9","mode":"bus","arr":["702"],"angle":64.8,"extra":1,"ei":8}},{"type":"Feature","geometry":{"type":"Point","coordinates":[27.520417,47.194117]},"properties":{"lines":"702","color":"#0059a9","mode":"bus","arr":["702"],"angle":67.2,"extra":1,"ei":9}},{"type":"Feature","geometry":{"type":"Point","coordinates":[27.518391,47.197633]},"properties":{"lines":"702","color":"#0059a9","mode":"bus","arr":["702"],"angle":68.1,"extra":1,"ei":10}},{"type":"Feature","geometry":{"type":"Point","coordinates":[27.517377,47.199391]},"properties":{"lines":"702","color":"#0059a9","mode":"bus","arr":["702"],"angle":69.4,"extra":1,"ei":11}},{"type":"Feature","geometry":{"type":"Point","coordinates":[27.516703,47.201198]},"properties":{"lines":"702","color":"#0059a9","mode":"bus","arr":["702"],"angle":-87.4,"extra":1,"ei":12}},{"type":"Feature","geometry":{"type":"Point","coordinates":[27.516143,47.202898]},"properties":{"lines":"702","color":"#0059a9","mode":"bus","arr":["702"],"angle":36,"extra":1,"ei":13}},{"type":"Feature","geometry":{"type":"Point","coordinates":[27.514061,47.204095]},"properties":{"lines":"702","color":"#0059a9","mode":"bus","arr":["702"],"angle":44.1,"extra":1,"ei":14}},{"type":"Feature","geometry":{"type":"Point","coordinates":[27.512636,47.205695]},"properties":{"lines":"702","color":"#0059a9","mode":"bus","arr":["702"],"angle":60.4,"extra":1,"ei":15}},{"type":"Feature","geometry":{"type":"Point","coordinates":[27.511216,47.207304]},"properties":{"lines":"702","color":"#0059a9","mode":"bus","arr":["702"],"angle":65.9,"extra":1,"ei":16}},{"type":"Feature","geometry":{"type":"Point","coordinates":[27.510134,47.20898]},"properties":{"lines":"702","color":"#0059a9","mode":"bus","arr":["702"],"angle":53.2,"extra":1,"ei":17}},{"type":"Feature","geometry":{"type":"Point","coordinates":[27.508494,47.210502]},"properties":{"lines":"702","color":"#0059a9","mode":"bus","arr":["702"],"angle":59.2,"extra":1,"ei":18}},{"type":"Feature","geometry":{"type":"Point","coordinates":[27.507346,47.212221]},"properties":{"lines":"702","color":"#0059a9","mode":"bus","arr":["702"],"angle":66.9,"extra":1,"ei":19}},{"type":"Feature","geometry":{"type":"Point","coordinates":[27.504283,47.221742]},"properties":{"lines":"702","color":"#0059a9","mode":"bus","arr":["702"],"angle":72.7,"extra":1,"ei":0}},{"type":"Feature","geometry":{"type":"Point","coordinates":[27.503555,47.225272]},"properties":{"lines":"702","color":"#0059a9","mode":"bus","arr":["702"],"angle":-73.9,"extra":1,"ei":1}},{"type":"Feature","geometry":{"type":"Point","coordinates":[27.504518,47.227036]},"properties":{"lines":"702","color":"#0059a9","mode":"bus","arr":["702"],"angle":-68.2,"extra":1,"ei":2}},{"type":"Feature","geometry":{"type":"Point","coordinates":[27.504134,47.215988]},"properties":{"lines":"702","color":"#0059a9","mode":"bus","arr":["702"],"angle":82,"mi":1}},{"type":"Feature","geometry":{"type":"Point","coordinates":[27.50366,47.220062]},"properties":{"lines":"702","color":"#0059a9","mode":"bus","arr":["702"],"angle":-55.1,"extra":1,"ei":0}},{"type":"Feature","geometry":{"type":"Point","coordinates":[27.50373,47.21828]},"properties":{"lines":"702","color":"#0059a9","mode":"bus","arr":["702"],"angle":87.7,"extra":1,"ei":1}},{"type":"Feature","geometry":{"type":"Point","coordinates":[27.503369,47.214695]},"properties":{"lines":"702","color":"#0059a9","mode":"bus","arr":["702"],"angle":-54.6,"extra":1,"ei":2}},{"type":"Feature","geometry":{"type":"Point","coordinates":[27.504475,47.213174]},"properties":{"lines":"702","color":"#0059a9","mode":"bus","arr":["702"],"angle":44.4,"extra":1,"ei":3}},{"type":"Feature","geometry":{"type":"Point","coordinates":[27.506188,47.216292]},"properties":{"lines":"702","color":"#0059a9","mode":"bus","arr":["702"],"angle":68,"mi":2}},{"type":"Feature","geometry":{"type":"Point","coordinates":[27.504773,47.218825]},"properties":{"lines":"702","color":"#0059a9","mode":"bus","arr":["702"],"angle":51.6,"extra":1,"ei":0}},{"type":"Feature","geometry":{"type":"Point","coordinates":[27.506617,47.213378]},"properties":{"lines":"702","color":"#0059a9","mode":"bus","arr":["702"],"angle":82.3,"extra":1,"ei":1}},{"type":"Feature","geometry":{"type":"Point","coordinates":[27.503125,47.219791]},"properties":{"lines":"702","color":"#0059a9","mode":"bus","arr":["702"],"angle":-76.8}},{"type":"Feature","geometry":{"type":"Point","coordinates":[27.698394,47.130402]},"properties":{"lines":"801, 802, 802b","color":"#0059a9","mode":"bus","arr":["801","802","802b"],"angle":59.8}},{"type":"Feature","geometry":{"type":"Point","coordinates":[27.70609,47.12191]},"properties":{"lines":"801, 802, 802b","color":"#0059a9","mode":"bus","arr":["801","802","802b"],"angle":55.9}},{"type":"Feature","geometry":{"type":"Point","coordinates":[27.699061,47.129283]},"properties":{"lines":"801, 802, 802b","color":"#0059a9","mode":"bus","arr":["801","802","802b"],"angle":68.1,"extra":1,"ei":0}},{"type":"Feature","geometry":{"type":"Point","coordinates":[27.700049,47.127519]},"properties":{"lines":"801, 802, 802b","color":"#0059a9","mode":"bus","arr":["801","802","802b"],"angle":67,"extra":1,"ei":1}},{"type":"Feature","geometry":{"type":"Point","coordinates":[27.701444,47.1259]},"properties":{"lines":"801, 802, 802b","color":"#0059a9","mode":"bus","arr":["801","802","802b"],"angle":38.2,"extra":1,"ei":2}},{"type":"Feature","geometry":{"type":"Point","coordinates":[27.703688,47.124843]},"properties":{"lines":"801, 802, 802b","color":"#0059a9","mode":"bus","arr":["801","802","802b"],"angle":54.5,"extra":1,"ei":3}},{"type":"Feature","geometry":{"type":"Point","coordinates":[27.704743,47.123108]},"properties":{"lines":"801, 802, 802b","color":"#0059a9","mode":"bus","arr":["801","802","802b"],"angle":56.8,"extra":1,"ei":4}},{"type":"Feature","geometry":{"type":"Point","coordinates":[27.708439,47.120338]},"properties":{"lines":"801, 802, 802b","color":"#0059a9","mode":"bus","arr":["801","802","802b"],"angle":32.4,"extra":1,"ei":5}},{"type":"Feature","geometry":{"type":"Point","coordinates":[27.710835,47.119385]},"properties":{"lines":"801, 802, 802b","color":"#0059a9","mode":"bus","arr":["801","802","802b"],"angle":29.8,"extra":1,"ei":6}},{"type":"Feature","geometry":{"type":"Point","coordinates":[27.71323,47.118431]},"properties":{"lines":"801, 802, 802b","color":"#0059a9","mode":"bus","arr":["801","802","802b"],"angle":27.9,"extra":1,"ei":7}},{"type":"Feature","geometry":{"type":"Point","coordinates":[27.715702,47.117571]},"properties":{"lines":"801, 802, 802b","color":"#0059a9","mode":"bus","arr":["801","802","802b"],"angle":24.9,"extra":1,"ei":8}},{"type":"Feature","geometry":{"type":"Point","coordinates":[27.718239,47.116803]},"properties":{"lines":"801, 802, 802b","color":"#0059a9","mode":"bus","arr":["801","802","802b"],"angle":25.8,"extra":1,"ei":9}},{"type":"Feature","geometry":{"type":"Point","coordinates":[27.738214,47.109396]},"properties":{"lines":"802, 802b","color":"#0059a9","mode":"bus","arr":["802","802b"],"angle":42.6}},{"type":"Feature","geometry":{"type":"Point","coordinates":[27.719654,47.116212]},"properties":{"lines":"802, 802b","color":"#0059a9","mode":"bus","arr":["802","802b"],"angle":33.7,"extra":1,"ei":0}},{"type":"Feature","geometry":{"type":"Point","coordinates":[27.722062,47.115284]},"properties":{"lines":"802, 802b","color":"#0059a9","mode":"bus","arr":["802","802b"],"angle":25.1,"extra":1,"ei":1}},{"type":"Feature","geometry":{"type":"Point","coordinates":[27.724557,47.114456]},"properties":{"lines":"802, 802b","color":"#0059a9","mode":"bus","arr":["802","802b"],"angle":25.8,"extra":1,"ei":2}},{"type":"Feature","geometry":{"type":"Point","coordinates":[27.726985,47.113548]},"properties":{"lines":"802, 802b","color":"#0059a9","mode":"bus","arr":["802","802b"],"angle":35.6,"extra":1,"ei":3}},{"type":"Feature","geometry":{"type":"Point","coordinates":[27.729262,47.112468]},"properties":{"lines":"802, 802b","color":"#0059a9","mode":"bus","arr":["802","802b"],"angle":33.3,"extra":1,"ei":4}},{"type":"Feature","geometry":{"type":"Point","coordinates":[27.731833,47.111776]},"properties":{"lines":"802, 802b","color":"#0059a9","mode":"bus","arr":["802","802b"],"angle":19.3,"extra":1,"ei":5}},{"type":"Feature","geometry":{"type":"Point","coordinates":[27.73446,47.111171]},"properties":{"lines":"802, 802b","color":"#0059a9","mode":"bus","arr":["802","802b"],"angle":25.1,"extra":1,"ei":6}},{"type":"Feature","geometry":{"type":"Point","coordinates":[27.736768,47.110126]},"properties":{"lines":"802, 802b","color":"#0059a9","mode":"bus","arr":["802","802b"],"angle":35.2,"extra":1,"ei":7}},{"type":"Feature","geometry":{"type":"Point","coordinates":[27.740818,47.10756]},"properties":{"lines":"802, 802b","color":"#0059a9","mode":"bus","arr":["802","802b"],"angle":38.5,"extra":1,"ei":8}},{"type":"Feature","geometry":{"type":"Point","coordinates":[27.743188,47.106578]},"properties":{"lines":"802, 802b","color":"#0059a9","mode":"bus","arr":["802","802b"],"angle":31.4,"extra":1,"ei":9}},{"type":"Feature","geometry":{"type":"Point","coordinates":[27.745375,47.105429]},"properties":{"lines":"802, 802b","color":"#0059a9","mode":"bus","arr":["802","802b"],"angle":43.3,"extra":1,"ei":10}},{"type":"Feature","geometry":{"type":"Point","coordinates":[27.747337,47.104093]},"properties":{"lines":"802, 802b","color":"#0059a9","mode":"bus","arr":["802","802b"],"angle":44.8,"extra":1,"ei":11}},{"type":"Feature","geometry":{"type":"Point","coordinates":[27.749573,47.103042]},"properties":{"lines":"802, 802b","color":"#0059a9","mode":"bus","arr":["802","802b"],"angle":13.8,"extra":1,"ei":12}},{"type":"Feature","geometry":{"type":"Point","coordinates":[27.752305,47.102825]},"properties":{"lines":"802, 802b","color":"#0059a9","mode":"bus","arr":["802","802b"],"angle":-9.8,"extra":1,"ei":13}},{"type":"Feature","geometry":{"type":"Point","coordinates":[27.755017,47.103233]},"properties":{"lines":"802, 802b","color":"#0059a9","mode":"bus","arr":["802","802b"],"angle":-12,"extra":1,"ei":14}},{"type":"Feature","geometry":{"type":"Point","coordinates":[27.721865,47.111892]},"properties":{"lines":"801, 802b","color":"#0059a9","mode":"bus","arr":["801","802b"],"angle":-31.6}},{"type":"Feature","geometry":{"type":"Point","coordinates":[27.719205,47.115969]},"properties":{"lines":"801, 802b","color":"#0059a9","mode":"bus","arr":["801","802b"],"angle":39.9,"extra":1,"ei":0}},{"type":"Feature","geometry":{"type":"Point","coordinates":[27.721255,47.114704]},"properties":{"lines":"801, 802b","color":"#0059a9","mode":"bus","arr":["801","802b"],"angle":51.5,"extra":1,"ei":1}},{"type":"Feature","geometry":{"type":"Point","coordinates":[27.722938,47.113202]},"properties":{"lines":"801, 802b","color":"#0059a9","mode":"bus","arr":["801","802b"],"angle":68.7,"extra":1,"ei":2}},{"type":"Feature","geometry":{"type":"Point","coordinates":[27.719171,47.110719]},"properties":{"lines":"801, 802b","color":"#0059a9","mode":"bus","arr":["801","802b"],"angle":-32.4,"extra":1,"ei":3}},{"type":"Feature","geometry":{"type":"Point","coordinates":[27.718023,47.109155]},"properties":{"lines":"801, 802b","color":"#0059a9","mode":"bus","arr":["801","802b"],"angle":-58.6,"extra":1,"ei":4}},{"type":"Feature","geometry":{"type":"Point","coordinates":[27.716454,47.107598]},"properties":{"lines":"801, 802b","color":"#0059a9","mode":"bus","arr":["801","802b"],"angle":-57,"extra":1,"ei":5}},{"type":"Feature","geometry":{"type":"Point","coordinates":[27.748162,47.12408]},"properties":{"lines":"803","color":"#0059a9","mode":"bus","arr":["803"],"angle":20.6}},{"type":"Feature","geometry":{"type":"Point","coordinates":[27.699486,47.13043]},"properties":{"lines":"803","color":"#0059a9","mode":"bus","arr":["803"],"angle":16.6,"extra":1,"ei":0}},{"type":"Feature","geometry":{"type":"Point","coordinates":[27.702233,47.130174]},"properties":{"lines":"803","color":"#0059a9","mode":"bus","arr":["803"],"angle":5.1,"extra":1,"ei":1}},{"type":"Feature","geometry":{"type":"Point","coordinates":[27.705002,47.130021]},"properties":{"lines":"803","color":"#0059a9","mode":"bus","arr":["803"],"angle":5.1,"extra":1,"ei":2}},{"type":"Feature","geometry":{"type":"Point","coordinates":[27.707765,47.129835]},"properties":{"lines":"803","color":"#0059a9","mode":"bus","arr":["803"],"angle":5.2,"extra":1,"ei":3}},{"type":"Feature","geometry":{"type":"Point","coordinates":[27.710532,47.129672]},"properties":{"lines":"803","color":"#0059a9","mode":"bus","arr":["803"],"angle":4.1,"extra":1,"ei":4}},{"type":"Feature","geometry":{"type":"Point","coordinates":[27.713295,47.12949]},"properties":{"lines":"803","color":"#0059a9","mode":"bus","arr":["803"],"angle":5.2,"extra":1,"ei":5}},{"type":"Feature","geometry":{"type":"Point","coordinates":[27.716063,47.12933]},"properties":{"lines":"803","color":"#0059a9","mode":"bus","arr":["803"],"angle":5.3,"extra":1,"ei":6}},{"type":"Feature","geometry":{"type":"Point","coordinates":[27.718827,47.129148]},"properties":{"lines":"803","color":"#0059a9","mode":"bus","arr":["803"],"angle":5.4,"extra":1,"ei":7}},{"type":"Feature","geometry":{"type":"Point","coordinates":[27.721594,47.128985]},"properties":{"lines":"803","color":"#0059a9","mode":"bus","arr":["803"],"angle":4.6,"extra":1,"ei":8}},{"type":"Feature","geometry":{"type":"Point","coordinates":[27.724363,47.128836]},"properties":{"lines":"803","color":"#0059a9","mode":"bus","arr":["803"],"angle":3.1,"extra":1,"ei":9}},{"type":"Feature","geometry":{"type":"Point","coordinates":[27.727132,47.128711]},"properties":{"lines":"803","color":"#0059a9","mode":"bus","arr":["803"],"angle":0,"extra":1,"ei":10}},{"type":"Feature","geometry":{"type":"Point","coordinates":[27.72988,47.128928]},"properties":{"lines":"803","color":"#0059a9","mode":"bus","arr":["803"],"angle":-6.4,"extra":1,"ei":11}},{"type":"Feature","geometry":{"type":"Point","coordinates":[27.73264,47.128802]},"properties":{"lines":"803","color":"#0059a9","mode":"bus","arr":["803"],"angle":5,"extra":1,"ei":12}},{"type":"Feature","geometry":{"type":"Point","coordinates":[27.735289,47.128259]},"properties":{"lines":"803","color":"#0059a9","mode":"bus","arr":["803"],"angle":14.1,"extra":1,"ei":13}},{"type":"Feature","geometry":{"type":"Point","coordinates":[27.737962,47.127783]},"properties":{"lines":"803","color":"#0059a9","mode":"bus","arr":["803"],"angle":29.2,"extra":1,"ei":14}},{"type":"Feature","geometry":{"type":"Point","coordinates":[27.740327,47.126804]},"properties":{"lines":"803","color":"#0059a9","mode":"bus","arr":["803"],"angle":20.2,"extra":1,"ei":15}},{"type":"Feature","geometry":{"type":"Point","coordinates":[27.742918,47.126149]},"properties":{"lines":"803","color":"#0059a9","mode":"bus","arr":["803"],"angle":12.2,"extra":1,"ei":16}},{"type":"Feature","geometry":{"type":"Point","coordinates":[27.745331,47.125329]},"properties":{"lines":"803","color":"#0059a9","mode":"bus","arr":["803"],"angle":42.9,"extra":1,"ei":17}},{"type":"Feature","geometry":{"type":"Point","coordinates":[27.750261,47.123718]},"properties":{"lines":"803","color":"#0059a9","mode":"bus","arr":["803"],"angle":13.7,"extra":1,"ei":18}},{"type":"Feature","geometry":{"type":"Point","coordinates":[27.752413,47.122599]},"properties":{"lines":"803","color":"#0059a9","mode":"bus","arr":["803"],"angle":38.2,"extra":1,"ei":19}},{"type":"Feature","geometry":{"type":"Point","coordinates":[27.75474,47.12158]},"properties":{"lines":"803","color":"#0059a9","mode":"bus","arr":["803"],"angle":37.5,"extra":1,"ei":20}},{"type":"Feature","geometry":{"type":"Point","coordinates":[27.756954,47.120441]},"properties":{"lines":"803","color":"#0059a9","mode":"bus","arr":["803"],"angle":32.4,"extra":1,"ei":21}},{"type":"Feature","geometry":{"type":"Point","coordinates":[27.759654,47.12017]},"properties":{"lines":"803","color":"#0059a9","mode":"bus","arr":["803"],"angle":9,"extra":1,"ei":22}},{"type":"Feature","geometry":{"type":"Point","coordinates":[27.762258,47.119531]},"properties":{"lines":"803","color":"#0059a9","mode":"bus","arr":["803"],"angle":25.4,"extra":1,"ei":23}},{"type":"Feature","geometry":{"type":"Point","coordinates":[27.764587,47.119967]},"properties":{"lines":"803","color":"#0059a9","mode":"bus","arr":["803"],"angle":-49,"extra":1,"ei":24}},{"type":"Feature","geometry":{"type":"Point","coordinates":[27.766418,47.121386]},"properties":{"lines":"803","color":"#0059a9","mode":"bus","arr":["803"],"angle":-45.3,"extra":1,"ei":25}},{"type":"Feature","geometry":{"type":"Point","coordinates":[27.768387,47.122714]},"properties":{"lines":"803","color":"#0059a9","mode":"bus","arr":["803"],"angle":-48.8,"extra":1,"ei":26}},{"type":"Feature","geometry":{"type":"Point","coordinates":[27.770214,47.124137]},"properties":{"lines":"803","color":"#0059a9","mode":"bus","arr":["803"],"angle":-49,"extra":1,"ei":27}},{"type":"Feature","geometry":{"type":"Point","coordinates":[27.772046,47.125557]},"properties":{"lines":"803","color":"#0059a9","mode":"bus","arr":["803"],"angle":-48.5,"extra":1,"ei":28}},{"type":"Feature","geometry":{"type":"Point","coordinates":[27.77388,47.126975]},"properties":{"lines":"803","color":"#0059a9","mode":"bus","arr":["803"],"angle":-48.8,"extra":1,"ei":29}},{"type":"Feature","geometry":{"type":"Point","coordinates":[27.775727,47.128385]},"properties":{"lines":"803","color":"#0059a9","mode":"bus","arr":["803"],"angle":-48.3,"extra":1,"ei":30}},{"type":"Feature","geometry":{"type":"Point","coordinates":[27.777573,47.129796]},"properties":{"lines":"803","color":"#0059a9","mode":"bus","arr":["803"],"angle":-47.8,"extra":1,"ei":31}},{"type":"Feature","geometry":{"type":"Point","coordinates":[27.779427,47.131203]},"properties":{"lines":"803","color":"#0059a9","mode":"bus","arr":["803"],"angle":-48.5,"extra":1,"ei":32}},{"type":"Feature","geometry":{"type":"Point","coordinates":[27.781256,47.132624]},"properties":{"lines":"803","color":"#0059a9","mode":"bus","arr":["803"],"angle":-49,"extra":1,"ei":33}},{"type":"Feature","geometry":{"type":"Point","coordinates":[27.783104,47.134033]},"properties":{"lines":"803","color":"#0059a9","mode":"bus","arr":["803"],"angle":-48.2,"extra":1,"ei":34}},{"type":"Feature","geometry":{"type":"Point","coordinates":[27.784958,47.13544]},"properties":{"lines":"803","color":"#0059a9","mode":"bus","arr":["803"],"angle":-48.5,"extra":1,"ei":35}},{"type":"Feature","geometry":{"type":"Point","coordinates":[27.711737,47.12947]},"properties":{"lines":"803","color":"#0059a9","mode":"bus","arr":["803"],"angle":4.4,"side":-1}},{"type":"Feature","geometry":{"type":"Point","coordinates":[27.821651,47.131417]},"properties":{"lines":"803","color":"#0059a9","mode":"bus","arr":["803"],"angle":52.4}},{"type":"Feature","geometry":{"type":"Point","coordinates":[27.813466,47.126488]},"properties":{"lines":"803","color":"#0059a9","mode":"bus","arr":["803"],"angle":14.1,"extra":1,"ei":0}},{"type":"Feature","geometry":{"type":"Point","coordinates":[27.815842,47.126924]},"properties":{"lines":"803","color":"#0059a9","mode":"bus","arr":["803"],"angle":-64.8,"extra":1,"ei":1}},{"type":"Feature","geometry":{"type":"Point","coordinates":[27.816073,47.128792]},"properties":{"lines":"803","color":"#0059a9","mode":"bus","arr":["803"],"angle":-87,"extra":1,"ei":2}},{"type":"Feature","geometry":{"type":"Point","coordinates":[27.816584,47.130631]},"properties":{"lines":"803","color":"#0059a9","mode":"bus","arr":["803"],"angle":-65.9,"extra":1,"ei":3}},{"type":"Feature","geometry":{"type":"Point","coordinates":[27.818645,47.131829]},"properties":{"lines":"803","color":"#0059a9","mode":"bus","arr":["803"],"angle":-29.2,"extra":1,"ei":4}},{"type":"Feature","geometry":{"type":"Point","coordinates":[27.823364,47.130603]},"properties":{"lines":"803","color":"#0059a9","mode":"bus","arr":["803"],"angle":22.4,"extra":1,"ei":5}},{"type":"Feature","geometry":{"type":"Point","coordinates":[27.824328,47.128987]},"properties":{"lines":"803","color":"#0059a9","mode":"bus","arr":["803"],"angle":86.7,"extra":1,"ei":6}},{"type":"Feature","geometry":{"type":"Point","coordinates":[27.82433,47.127107]},"properties":{"lines":"803","color":"#0059a9","mode":"bus","arr":["803"],"angle":-67.5,"extra":1,"ei":7}},{"type":"Feature","geometry":{"type":"Point","coordinates":[27.822649,47.125606]},"properties":{"lines":"803","color":"#0059a9","mode":"bus","arr":["803"],"angle":-52.7,"extra":1,"ei":8}},{"type":"Feature","geometry":{"type":"Point","coordinates":[27.820963,47.124105]},"properties":{"lines":"803","color":"#0059a9","mode":"bus","arr":["803"],"angle":-52.6,"extra":1,"ei":9}},{"type":"Feature","geometry":{"type":"Point","coordinates":[27.802298,47.130042]},"properties":{"lines":"803","color":"#0059a9","mode":"bus","arr":["803"],"angle":31.7}},{"type":"Feature","geometry":{"type":"Point","coordinates":[27.787968,47.136391]},"properties":{"lines":"803","color":"#0059a9","mode":"bus","arr":["803"],"angle":27.7,"extra":1,"ei":0}},{"type":"Feature","geometry":{"type":"Point","coordinates":[27.790365,47.135441]},"properties":{"lines":"803","color":"#0059a9","mode":"bus","arr":["803"],"angle":33.9,"extra":1,"ei":1}},{"type":"Feature","geometry":{"type":"Point","coordinates":[27.792895,47.135137]},"properties":{"lines":"803","color":"#0059a9","mode":"bus","arr":["803"],"angle":-17,"extra":1,"ei":2}},{"type":"Feature","geometry":{"type":"Point","coordinates":[27.794806,47.134836]},"properties":{"lines":"803","color":"#0059a9","mode":"bus","arr":["803"],"angle":-85.8,"extra":1,"ei":3}},{"type":"Feature","geometry":{"type":"Point","coordinates":[27.7962,47.133291]},"properties":{"lines":"803","color":"#0059a9","mode":"bus","arr":["803"],"angle":49.2,"extra":1,"ei":4}},{"type":"Feature","geometry":{"type":"Point","coordinates":[27.798063,47.131893]},"properties":{"lines":"803","color":"#0059a9","mode":"bus","arr":["803"],"angle":41.7,"extra":1,"ei":5}},{"type":"Feature","geometry":{"type":"Point","coordinates":[27.800362,47.130843]},"properties":{"lines":"803","color":"#0059a9","mode":"bus","arr":["803"],"angle":30.5,"extra":1,"ei":6}},{"type":"Feature","geometry":{"type":"Point","coordinates":[27.805265,47.129085]},"properties":{"lines":"803","color":"#0059a9","mode":"bus","arr":["803"],"angle":23.2,"extra":1,"ei":7}},{"type":"Feature","geometry":{"type":"Point","coordinates":[27.807829,47.128359]},"properties":{"lines":"803","color":"#0059a9","mode":"bus","arr":["803"],"angle":26.4,"extra":1,"ei":8}},{"type":"Feature","geometry":{"type":"Point","coordinates":[27.810142,47.127317]},"properties":{"lines":"803","color":"#0059a9","mode":"bus","arr":["803"],"angle":33.5,"extra":1,"ei":9}},{"type":"Feature","geometry":{"type":"Point","coordinates":[27.812431,47.126249]},"properties":{"lines":"803","color":"#0059a9","mode":"bus","arr":["803"],"angle":33.8,"extra":1,"ei":10,"side":-1}},{"type":"Feature","geometry":{"type":"Point","coordinates":[27.814676,47.125138]},"properties":{"lines":"803","color":"#0059a9","mode":"bus","arr":["803"],"angle":37.3,"extra":1,"ei":11}},{"type":"Feature","geometry":{"type":"Point","coordinates":[27.816896,47.124003]},"properties":{"lines":"803","color":"#0059a9","mode":"bus","arr":["803"],"angle":36.8,"extra":1,"ei":12}},{"type":"Feature","geometry":{"type":"Point","coordinates":[27.819135,47.122885]},"properties":{"lines":"803","color":"#0059a9","mode":"bus","arr":["803"],"angle":35.6,"extra":1,"ei":13}},{"type":"Feature","geometry":{"type":"Point","coordinates":[27.497238,47.175993]},"properties":{"lines":"901","color":"#0059a9","mode":"bus","arr":["901"],"angle":52.2,"mi":4}},{"type":"Feature","geometry":{"type":"Point","coordinates":[27.497157,47.17723]},"properties":{"lines":"901","color":"#0059a9","mode":"bus","arr":["901"],"angle":59,"mi":3}},{"type":"Feature","geometry":{"type":"Point","coordinates":[27.497721,47.178804]},"properties":{"lines":"901, 902","color":"#0059a9","mode":"bus","arr":["901","902"],"angle":2.7,"mi":6}},{"type":"Feature","geometry":{"type":"Point","coordinates":[27.499589,47.180732]},"properties":{"lines":"901, 902","color":"#0059a9","mode":"bus","arr":["901","902"],"angle":-86.4,"mi":3}},{"type":"Feature","geometry":{"type":"Point","coordinates":[27.502441,47.180199]},"properties":{"lines":"901, 902","color":"#0059a9","mode":"bus","arr":["901","902"],"angle":11.3,"mi":2}},{"type":"Feature","geometry":{"type":"Point","coordinates":[27.505107,47.180952]},"properties":{"lines":"901, 902","color":"#0059a9","mode":"bus","arr":["901","902"],"angle":83.3}},{"type":"Feature","geometry":{"type":"Point","coordinates":[27.50551,47.178632]},"properties":{"lines":"902","color":"#0059a9","mode":"bus","arr":["902"],"angle":83.6,"mi":2}},{"type":"Feature","geometry":{"type":"Point","coordinates":[27.504325,47.183914]},"properties":{"lines":"901","color":"#0059a9","mode":"bus","arr":["901"],"angle":78.8}},{"type":"Feature","geometry":{"type":"Point","coordinates":[27.506858,47.186235]},"properties":{"lines":"901","color":"#0059a9","mode":"bus","arr":["901"],"angle":-11.5,"mi":1}},{"type":"Feature","geometry":{"type":"Point","coordinates":[27.511888,47.187033]},"properties":{"lines":"901, 902","color":"#0059a9","mode":"bus","arr":["901","902"],"angle":-13.5,"mi":4}},{"type":"Feature","geometry":{"type":"Point","coordinates":[27.517137,47.187853]},"properties":{"lines":"902","color":"#0059a9","mode":"bus","arr":["902"],"angle":-14.3,"mi":13}},{"type":"Feature","geometry":{"type":"Point","coordinates":[27.515271,47.187564]},"properties":{"lines":"902","color":"#0059a9","mode":"bus","arr":["902"],"angle":-12.7,"extra":1,"ei":0}},{"type":"Feature","geometry":{"type":"Point","coordinates":[27.514139,47.185897]},"properties":{"lines":"901, 902","color":"#0059a9","mode":"bus","arr":["901","902"],"angle":84.5,"mi":5}},{"type":"Feature","geometry":{"type":"Point","coordinates":[27.514331,47.184534]},"properties":{"lines":"901, 902","color":"#0059a9","mode":"bus","arr":["901","902"],"angle":84.3,"extra":1,"ei":0}},{"type":"Feature","geometry":{"type":"Point","coordinates":[27.516654,47.183633]},"properties":{"lines":"901, 902","color":"#0059a9","mode":"bus","arr":["901","902"],"angle":84,"mi":7}},{"type":"Feature","geometry":{"type":"Point","coordinates":[27.517008,47.181288]},"properties":{"lines":"901, 902","color":"#0059a9","mode":"bus","arr":["901","902"],"angle":83.8,"extra":1,"ei":0}},{"type":"Feature","geometry":{"type":"Point","coordinates":[27.517842,47.181312]},"properties":{"lines":"901","color":"#0059a9","mode":"bus","arr":["901"],"angle":-3,"mi":2}},{"type":"Feature","geometry":{"type":"Point","coordinates":[27.519233,47.176898]},"properties":{"lines":"901","color":"#0059a9","mode":"bus","arr":["901"],"angle":85.1,"mi":5}},{"type":"Feature","geometry":{"type":"Point","coordinates":[27.518774,47.180399]},"properties":{"lines":"901","color":"#0059a9","mode":"bus","arr":["901"],"angle":85.1,"extra":1,"ei":0}},{"type":"Feature","geometry":{"type":"Point","coordinates":[27.519013,47.178518]},"properties":{"lines":"901","color":"#0059a9","mode":"bus","arr":["901"],"angle":84.9,"extra":1,"ei":1}},{"type":"Feature","geometry":{"type":"Point","coordinates":[27.519543,47.174758]},"properties":{"lines":"901","color":"#0059a9","mode":"bus","arr":["901"],"angle":81.3,"extra":1,"ei":2}},{"type":"Feature","geometry":{"type":"Point","coordinates":[27.519962,47.172891]},"properties":{"lines":"901","color":"#0059a9","mode":"bus","arr":["901"],"angle":81.3,"extra":1,"ei":3}},{"type":"Feature","geometry":{"type":"Point","coordinates":[27.5023,47.182255]},"properties":{"lines":"901, 902","color":"#0059a9","mode":"bus","arr":["901","902"],"angle":7.8,"mi":1}},{"type":"Feature","geometry":{"type":"Point","coordinates":[27.4884,47.17924]},"properties":{"lines":"902","color":"#0059a9","mode":"bus","arr":["902"],"angle":89.1,"mi":16}},{"type":"Feature","geometry":{"type":"Point","coordinates":[27.493667,47.17834]},"properties":{"lines":"902","color":"#0059a9","mode":"bus","arr":["902"],"angle":-84.5,"mi":12}},{"type":"Feature","geometry":{"type":"Point","coordinates":[27.494732,47.178791]},"properties":{"lines":"902","color":"#0059a9","mode":"bus","arr":["902"],"angle":-13.8,"mi":11}},{"type":"Feature","geometry":{"type":"Point","coordinates":[27.506576,47.180752]},"properties":{"lines":"902","color":"#0059a9","mode":"bus","arr":["902"],"angle":-11}},{"type":"Feature","geometry":{"type":"Point","coordinates":[27.516051,47.181217]},"properties":{"lines":"902","color":"#0059a9","mode":"bus","arr":["902"],"angle":-4.9,"mi":10}},{"type":"Feature","geometry":{"type":"Point","coordinates":[27.508261,47.179262]},"properties":{"lines":"902","color":"#0059a9","mode":"bus","arr":["902"],"angle":84.9,"mi":1}},{"type":"Feature","geometry":{"type":"Point","coordinates":[27.511834,47.179113]},"properties":{"lines":"902","color":"#0059a9","mode":"bus","arr":["902"],"angle":-1.2,"mi":5}},{"type":"Feature","geometry":{"type":"Point","coordinates":[27.509668,47.179095]},"properties":{"lines":"902","color":"#0059a9","mode":"bus","arr":["902"],"angle":-0.5,"extra":1,"ei":0}},{"type":"Feature","geometry":{"type":"Point","coordinates":[27.515219,47.179202]},"properties":{"lines":"902","color":"#0059a9","mode":"bus","arr":["902"],"angle":-0.3,"extra":1,"ei":1}},{"type":"Feature","geometry":{"type":"Point","coordinates":[27.510151,47.178112]},"properties":{"lines":"902","color":"#0059a9","mode":"bus","arr":["902"],"angle":86.2,"mi":4}},{"type":"Feature","geometry":{"type":"Point","coordinates":[27.512849,47.177572]},"properties":{"lines":"902","color":"#0059a9","mode":"bus","arr":["902"],"angle":-10.9,"mi":6}},{"type":"Feature","geometry":{"type":"Point","coordinates":[27.515343,47.179491]},"properties":{"lines":"902","color":"#0059a9","mode":"bus","arr":["902"],"angle":84.2,"mi":9}},{"type":"Feature","geometry":{"type":"Point","coordinates":[27.513701,47.183414]},"properties":{"lines":"902","color":"#0059a9","mode":"bus","arr":["902"],"angle":-0.2,"mi":8}},{"type":"Feature","geometry":{"type":"Point","coordinates":[27.510315,47.185083]},"properties":{"lines":"902","color":"#0059a9","mode":"bus","arr":["902"],"angle":79.3,"mi":7}},{"type":"Feature","geometry":{"type":"Point","coordinates":[27.510611,47.183918]},"properties":{"lines":"902","color":"#0059a9","mode":"bus","arr":["902"],"angle":80.5,"extra":1,"ei":0}},{"type":"Feature","geometry":{"type":"Point","coordinates":[27.525569,47.182911]},"properties":{"lines":"902","color":"#0059a9","mode":"bus","arr":["902"],"angle":54.8,"mi":17}},{"type":"Feature","geometry":{"type":"Point","coordinates":[27.521151,47.187849]},"properties":{"lines":"902","color":"#0059a9","mode":"bus","arr":["902"],"angle":52.7,"extra":1,"ei":0}},{"type":"Feature","geometry":{"type":"Point","coordinates":[27.522727,47.1863]},"properties":{"lines":"902","color":"#0059a9","mode":"bus","arr":["902"],"angle":62.2,"extra":1,"ei":1}},{"type":"Feature","geometry":{"type":"Point","coordinates":[27.523977,47.184614]},"properties":{"lines":"902","color":"#0059a9","mode":"bus","arr":["902"],"angle":65.7,"extra":1,"ei":2}},{"type":"Feature","geometry":{"type":"Point","coordinates":[27.527012,47.181455]},"properties":{"lines":"902","color":"#0059a9","mode":"bus","arr":["902"],"angle":56.2,"extra":1,"ei":3}},{"type":"Feature","geometry":{"type":"Point","coordinates":[27.528528,47.179873]},"properties":{"lines":"902","color":"#0059a9","mode":"bus","arr":["902"],"angle":56.9,"extra":1,"ei":4}},{"type":"Feature","geometry":{"type":"Point","coordinates":[27.529959,47.178256]},"properties":{"lines":"902","color":"#0059a9","mode":"bus","arr":["902"],"angle":58.6,"extra":1,"ei":5}},{"type":"Feature","geometry":{"type":"Point","coordinates":[27.507054,47.177536]},"properties":{"lines":"902","color":"#0059a9","mode":"bus","arr":["902"],"angle":-6.1,"mi":3}},{"type":"Feature","geometry":{"type":"Point","coordinates":[27.618478,47.175145]},"properties":{"lines":"50","color":"#0059a9","mode":"bus","arr":["50"],"angle":-63.3,"mi":2}},{"type":"Feature","geometry":{"type":"Point","coordinates":[27.618333,47.175751]},"properties":{"lines":"50","color":"#0059a9","mode":"bus","arr":["50"],"angle":14.4,"mi":1}},{"type":"Feature","geometry":{"type":"Point","coordinates":[27.618478,47.175145]},"properties":{"lines":"50","color":"#0059a9","mode":"bus","arr":["50"],"angle":-63.3,"mi":3}},{"type":"Feature","geometry":{"type":"Point","coordinates":[27.576439,47.14288]},"properties":{"lines":"501b","color":"#0059a9","mode":"bus","arr":["501b"],"angle":-36.1}},{"type":"Feature","geometry":{"type":"Point","coordinates":[27.562585,47.186241]},"properties":{"lines":"1, 8, 9, 13","color":"#d6212b","mode":"tram","arr":["1","8","9","13","36","42","52"],"busLines":"36, 42, 52","angle":59.8}},{"type":"Feature","geometry":{"type":"Point","coordinates":[27.559436,47.189947]},"properties":{"lines":"1, 8, 9, 13","color":"#d6212b","mode":"tram","arr":["1","8","9","13","36","42","52"],"busLines":"36, 42, 52","angle":61,"extra":1,"ei":0}},{"type":"Feature","geometry":{"type":"Point","coordinates":[27.560825,47.188311]},"properties":{"lines":"1, 8, 9, 13","color":"#d6212b","mode":"tram","arr":["1","8","9","13","36","42","52"],"busLines":"36, 42, 52","angle":59.2,"extra":1,"ei":1}},{"type":"Feature","geometry":{"type":"Point","coordinates":[27.563601,47.185043]},"properties":{"lines":"1, 8, 9, 13","color":"#d6212b","mode":"tram","arr":["1","8","9","13","36","42","52"],"busLines":"36, 42, 52","angle":60,"extra":1,"ei":2}},{"type":"Feature","geometry":{"type":"Point","coordinates":[27.564984,47.183406]},"properties":{"lines":"1, 8, 9, 13","color":"#d6212b","mode":"tram","arr":["1","8","9","13","36","42","52"],"busLines":"36, 42, 52","angle":60.1,"extra":1,"ei":3}},{"type":"Feature","geometry":{"type":"Point","coordinates":[27.566374,47.181771]},"properties":{"lines":"1, 8, 9, 13","color":"#d6212b","mode":"tram","arr":["1","8","9","13","36","42","52"],"busLines":"36, 42, 52","angle":59.9,"extra":1,"ei":4}},{"type":"Feature","geometry":{"type":"Point","coordinates":[27.571415,47.175754]},"properties":{"lines":"1, 8, 9, 13","color":"#d6212b","mode":"tram","arr":["1","8","9","13","28","36","42","52"],"busLines":"28, 36, 42, 52","angle":60.5}},{"type":"Feature","geometry":{"type":"Point","coordinates":[27.567118,47.180894]},"properties":{"lines":"1, 8, 9, 13","color":"#d6212b","mode":"tram","arr":["1","8","9","13","28","36","42","52"],"busLines":"28, 36, 42, 52","angle":59.8,"extra":1,"ei":0}},{"type":"Feature","geometry":{"type":"Point","coordinates":[27.568502,47.179257]},"properties":{"lines":"1, 8, 9, 13","color":"#d6212b","mode":"tram","arr":["1","8","9","13","28","36","42","52"],"busLines":"28, 36, 42, 52","angle":59.6,"extra":1,"ei":1}},{"type":"Feature","geometry":{"type":"Point","coordinates":[27.569874,47.177615]},"properties":{"lines":"1, 8, 9, 13","color":"#d6212b","mode":"tram","arr":["1","8","9","13","28","36","42","52"],"busLines":"28, 36, 42, 52","angle":60.5,"extra":1,"ei":2}},{"type":"Feature","geometry":{"type":"Point","coordinates":[27.572602,47.174325]},"properties":{"lines":"1, 8, 9, 13","color":"#d6212b","mode":"tram","arr":["1","8","9","13","28","36","42","52"],"busLines":"28, 36, 42, 52","angle":60.6,"extra":1,"ei":3}},{"type":"Feature","geometry":{"type":"Point","coordinates":[27.573973,47.172682]},"properties":{"lines":"1, 8, 9, 13","color":"#d6212b","mode":"tram","arr":["1","8","9","13","28","36","42","52"],"busLines":"28, 36, 42, 52","angle":60.5,"extra":1,"ei":4}},{"type":"Feature","geometry":{"type":"Point","coordinates":[27.575346,47.171041]},"properties":{"lines":"1, 8, 9, 13","color":"#d6212b","mode":"tram","arr":["1","8","9","13","28","36","42","52"],"busLines":"28, 36, 42, 52","angle":59.3,"extra":1,"ei":5}},{"type":"Feature","geometry":{"type":"Point","coordinates":[27.57705,47.167879]},"properties":{"lines":"1, 8, 9, 13","color":"#d6212b","mode":"tram","arr":["1","8","9","13","36","50"],"busLines":"36, 50","angle":81.2}},{"type":"Feature","geometry":{"type":"Point","coordinates":[27.558562,47.19083]},"properties":{"lines":"1, 8, 9","color":"#d6212b","mode":"tram","arr":["1","8","9"],"angle":-43.4,"side":-1}},{"type":"Feature","geometry":{"type":"Point","coordinates":[27.562756,47.18599]},"properties":{"lines":"8, 13","color":"#d6212b","mode":"tram","arr":["8","13","36","42","52"],"busLines":"36, 42, 52","angle":59.7}},{"type":"Feature","geometry":{"type":"Point","coordinates":[27.559493,47.189828]},"properties":{"lines":"8, 13","color":"#d6212b","mode":"tram","arr":["8","13","36","42","52"],"busLines":"36, 42, 52","angle":59.9,"extra":1,"ei":0}},{"type":"Feature","geometry":{"type":"Point","coordinates":[27.560884,47.188193]},"properties":{"lines":"8, 13","color":"#d6212b","mode":"tram","arr":["8","13","36","42","52"],"busLines":"36, 42, 52","angle":61.8,"extra":1,"ei":1,"side":-1}},{"type":"Feature","geometry":{"type":"Point","coordinates":[27.563655,47.184923]},"properties":{"lines":"8, 13","color":"#d6212b","mode":"tram","arr":["8","13","36","42","52"],"busLines":"36, 42, 52","angle":60.3,"extra":1,"ei":2}},{"type":"Feature","geometry":{"type":"Point","coordinates":[27.565044,47.183288]},"properties":{"lines":"8, 13","color":"#d6212b","mode":"tram","arr":["8","13","36","42","52"],"busLines":"36, 42, 52","angle":59.9,"extra":1,"ei":3}},{"type":"Feature","geometry":{"type":"Point","coordinates":[27.56643,47.181651]},"properties":{"lines":"8, 13","color":"#d6212b","mode":"tram","arr":["8","13","36","42","52"],"busLines":"36, 42, 52","angle":59.5,"extra":1,"ei":4,"side":-1}},{"type":"Feature","geometry":{"type":"Point","coordinates":[27.58429,47.164509]},"properties":{"lines":"1, 3, 6, 7, 8, 9, 13","color":"#d6212b","mode":"tram","arr":["1","3","6","7","8","9","13"],"angle":25.5}},{"type":"Feature","geometry":{"type":"Point","coordinates":[27.57921,47.165937]},"properties":{"lines":"1, 3, 6, 7, 8, 9, 13","color":"#d6212b","mode":"tram","arr":["1","3","6","7","8","9","13"],"angle":20.8,"extra":1,"ei":0}},{"type":"Feature","geometry":{"type":"Point","coordinates":[27.581813,47.16528]},"properties":{"lines":"1, 3, 6, 7, 8, 9, 13","color":"#d6212b","mode":"tram","arr":["1","3","6","7","8","9","13"],"angle":21.2,"extra":1,"ei":1}},{"type":"Feature","geometry":{"type":"Point","coordinates":[27.58694,47.163852]},"properties":{"lines":"1, 3, 6, 7, 8, 9, 13","color":"#d6212b","mode":"tram","arr":["1","3","6","7","8","9","13"],"angle":10.8,"extra":1,"ei":2}},{"type":"Feature","geometry":{"type":"Point","coordinates":[27.589642,47.16407]},"properties":{"lines":"1, 3, 6, 7, 8, 9, 13","color":"#d6212b","mode":"tram","arr":["1","3","6","7","8","9","13"],"angle":-10.2,"extra":1,"ei":3}},{"type":"Feature","geometry":{"type":"Point","coordinates":[27.59266,47.16381]},"properties":{"lines":"1, 3, 7, 8, 9, 13","color":"#d6212b","mode":"tram","arr":["1","3","7","8","9","13","28","41","42","43","43c","46"],"busLines":"28, 41, 42, 43, 43c, 46","angle":34.5}},{"type":"Feature","geometry":{"type":"Point","coordinates":[27.591501,47.164295]},"properties":{"lines":"1, 3, 7, 8, 9, 13","color":"#d6212b","mode":"tram","arr":["1","3","7","8","9","13","20","28","41","42","43","43c","46","48","50","54","101","102","103","601"],"busLines":"20, 28, 41, 42, 43, 43c, 46, 48, 50, 54, 101, 102, 103, 601","angle":13.8}},{"type":"Feature","geometry":{"type":"Point","coordinates":[27.594283,47.162843]},"properties":{"lines":"1, 7, 8, 9, 13","color":"#d6212b","mode":"tram","arr":["1","7","8","9","13","28","41","42","43","43c","46"],"busLines":"28, 41, 42, 43, 43c, 46","angle":54}},{"type":"Feature","geometry":{"type":"Point","coordinates":[27.591585,47.160696]},"properties":{"lines":"1, 7, 9, 13","color":"#d6212b","mode":"tram","arr":["1","7","9","13","28","41"],"busLines":"28, 41","angle":-24.1}},{"type":"Feature","geometry":{"type":"Point","coordinates":[27.594157,47.161494]},"properties":{"lines":"1, 7, 9, 13","color":"#d6212b","mode":"tram","arr":["1","7","9","13","28","41"],"busLines":"28, 41","angle":-24.7,"extra":1,"ei":0}},{"type":"Feature","geometry":{"type":"Point","coordinates":[27.589099,47.159932]},"properties":{"lines":"1, 7, 9, 13","color":"#d6212b","mode":"tram","arr":["1","7","9","13","28","41"],"busLines":"28, 41","angle":-25.9,"extra":1,"ei":1}},{"type":"Feature","geometry":{"type":"Point","coordinates":[27.586514,47.158723]},"properties":{"lines":"1, 7, 9, 13","color":"#d6212b","mode":"tram","arr":["1","7","9","13"],"angle":-34.8}},{"type":"Feature","geometry":{"type":"Point","coordinates":[27.586069,47.154938]},"properties":{"lines":"1, 7, 9, 13","color":"#d6212b","mode":"tram","arr":["1","7","9","13","28","41"],"busLines":"28, 41","angle":54.6,"mi":1}},{"type":"Feature","geometry":{"type":"Point","coordinates":[27.585009,47.157076]},"properties":{"lines":"1, 7, 9, 13","color":"#d6212b","mode":"tram","arr":["1","7","9","13","28","41"],"busLines":"28, 41","angle":-87.2,"extra":1,"ei":0}},{"type":"Feature","geometry":{"type":"Point","coordinates":[27.587327,47.153753]},"properties":{"lines":"1, 7, 9, 13","color":"#d6212b","mode":"tram","arr":["1","7","9","13","28","41"],"busLines":"28, 41","angle":54.4,"extra":1,"ei":1}},{"type":"Feature","geometry":{"type":"Point","coordinates":[27.587821,47.151881]},"properties":{"lines":"1, 7, 9, 13","color":"#d6212b","mode":"tram","arr":["1","7","9","13","19","23","23b","28","41","501","501b"],"busLines":"19, 23, 23b, 28, 41, 501, 501b","angle":-61.3}},{"type":"Feature","geometry":{"type":"Point","coordinates":[27.555005,47.172858]},"properties":{"lines":"7","color":"#d6212b","mode":"tram","arr":["7","19","30","30b","901"],"busLines":"19, 30, 30b, 901","angle":16.4}},{"type":"Feature","geometry":{"type":"Point","coordinates":[27.567102,47.168192]},"properties":{"lines":"7","color":"#d6212b","mode":"tram","arr":["7","19","30","30b","901"],"busLines":"19, 30, 30b, 901","angle":37.7,"extra":1,"ei":0}},{"type":"Feature","geometry":{"type":"Point","coordinates":[27.564912,47.169354]},"properties":{"lines":"7","color":"#d6212b","mode":"tram","arr":["7","19","30","30b","901"],"busLines":"19, 30, 30b, 901","angle":37.9,"extra":1,"ei":1}},{"type":"Feature","geometry":{"type":"Point","coordinates":[27.562652,47.170451]},"properties":{"lines":"7","color":"#d6212b","mode":"tram","arr":["7","19","30","30b","901"],"busLines":"19, 30, 30b, 901","angle":34.1,"extra":1,"ei":2}},{"type":"Feature","geometry":{"type":"Point","coordinates":[27.560356,47.171513]},"properties":{"lines":"7","color":"#d6212b","mode":"tram","arr":["7","19","30","30b","901"],"busLines":"19, 30, 30b, 901","angle":33.2,"extra":1,"ei":3,"side":-1}},{"type":"Feature","geometry":{"type":"Point","coordinates":[27.557841,47.172284]},"properties":{"lines":"7","color":"#d6212b","mode":"tram","arr":["7","19","30","30b","901"],"busLines":"19, 30, 30b, 901","angle":16.7,"extra":1,"ei":4}},{"type":"Feature","geometry":{"type":"Point","coordinates":[27.552521,47.173371]},"properties":{"lines":"7","color":"#d6212b","mode":"tram","arr":["7","19","30","30b","901"],"busLines":"19, 30, 30b, 901","angle":17.2,"extra":1,"ei":5}},{"type":"Feature","geometry":{"type":"Point","coordinates":[27.549779,47.173507]},"properties":{"lines":"7","color":"#d6212b","mode":"tram","arr":["7","19","30","30b","901"],"busLines":"19, 30, 30b, 901","angle":-4.2,"extra":1,"ei":6}},{"type":"Feature","geometry":{"type":"Point","coordinates":[27.547009,47.173371]},"properties":{"lines":"7","color":"#d6212b","mode":"tram","arr":["7","19","30","30b","901"],"busLines":"19, 30, 30b, 901","angle":-4.2,"extra":1,"ei":7}},{"type":"Feature","geometry":{"type":"Point","coordinates":[27.54424,47.173224]},"properties":{"lines":"7","color":"#d6212b","mode":"tram","arr":["7","19","30","30b","901"],"busLines":"19, 30, 30b, 901","angle":-5,"extra":1,"ei":8}},{"type":"Feature","geometry":{"type":"Point","coordinates":[27.541475,47.17305]},"properties":{"lines":"7","color":"#d6212b","mode":"tram","arr":["7","19","30","30b","901"],"busLines":"19, 30, 30b, 901","angle":-7.9,"extra":1,"ei":9}},{"type":"Feature","geometry":{"type":"Point","coordinates":[27.538415,47.17287]},"properties":{"lines":"7","color":"#d6212b","mode":"tram","arr":["7","19","30","30b","901","902"],"busLines":"19, 30, 30b, 901, 902","angle":-4.2}},{"type":"Feature","geometry":{"type":"Point","coordinates":[27.537974,47.172508]},"properties":{"lines":"7","color":"#d6212b","mode":"tram","arr":["7","19","30","902"],"busLines":"19, 30, 902","angle":-75.2,"side":-1}},{"type":"Feature","geometry":{"type":"Point","coordinates":[27.584422,47.147818]},"properties":{"lines":"9","color":"#d6212b","mode":"tram","arr":["9","23","23b","28","41","47","501","501b"],"busLines":"23, 23b, 28, 41, 47, 501, 501b","angle":-60}},{"type":"Feature","geometry":{"type":"Point","coordinates":[27.586803,47.150661]},"properties":{"lines":"9","color":"#d6212b","mode":"tram","arr":["9","23","23b","28","41","47","501","501b"],"busLines":"23, 23b, 28, 41, 47, 501, 501b","angle":-60.8,"extra":1,"ei":0}},{"type":"Feature","geometry":{"type":"Point","coordinates":[27.585438,47.149016]},"properties":{"lines":"9","color":"#d6212b","mode":"tram","arr":["9","23","23b","28","41","47","501","501b"],"busLines":"23, 23b, 28, 41, 47, 501, 501b","angle":-60.1,"extra":1,"ei":1}},{"type":"Feature","geometry":{"type":"Point","coordinates":[27.582665,47.145743]},"properties":{"lines":"9","color":"#d6212b","mode":"tram","arr":["9","23","23b","28","41","47","501","501b"],"busLines":"23, 23b, 28, 41, 47, 501, 501b","angle":-60.2,"extra":1,"ei":2}},{"type":"Feature","geometry":{"type":"Point","coordinates":[27.57994,47.141651]},"properties":{"lines":"9","color":"#d6212b","mode":"tram","arr":["9","23","23b","41","501","501b"],"busLines":"23, 23b, 41, 501, 501b","angle":-75.6,"mi":1}},{"type":"Feature","geometry":{"type":"Point","coordinates":[27.580692,47.143325]},"properties":{"lines":"9","color":"#d6212b","mode":"tram","arr":["9","23","23b","41","501","501b"],"busLines":"23, 23b, 41, 501, 501b","angle":-66,"extra":1,"ei":0}},{"type":"Feature","geometry":{"type":"Point","coordinates":[27.579015,47.139736]},"properties":{"lines":"9","color":"#d6212b","mode":"tram","arr":["9","23","23b","41","501","501b"],"busLines":"23, 23b, 41, 501, 501b","angle":-59.8,"extra":1,"ei":1}},{"type":"Feature","geometry":{"type":"Point","coordinates":[27.575541,47.136881]},"properties":{"lines":"9","color":"#d6212b","mode":"tram","arr":["9","41"],"busLines":"41","angle":-49.3,"side":-1}},{"type":"Feature","geometry":{"type":"Point","coordinates":[27.577549,47.138465]},"properties":{"lines":"9","color":"#d6212b","mode":"tram","arr":["9","41"],"busLines":"41","angle":-49.3,"extra":1,"ei":0,"side":-1}},{"type":"Feature","geometry":{"type":"Point","coordinates":[27.573922,47.135604]},"properties":{"lines":"9","color":"#d6212b","mode":"tram","arr":["9","41"],"busLines":"41","angle":-49.8,"extra":1,"ei":1,"side":-1}},{"type":"Feature","geometry":{"type":"Point","coordinates":[27.569165,47.129201]},"properties":{"lines":"9","color":"#d6212b","mode":"tram","arr":["9","27","41","44","301","502","503","503b"],"busLines":"27, 41, 44, 301, 502, 503, 503b","angle":-64.3}},{"type":"Feature","geometry":{"type":"Point","coordinates":[27.572254,47.133621]},"properties":{"lines":"9","color":"#d6212b","mode":"tram","arr":["9","27","41","44","301","502","503","503b"],"busLines":"27, 41, 44, 301, 502, 503, 503b","angle":-64.7,"extra":1,"ei":0}},{"type":"Feature","geometry":{"type":"Point","coordinates":[27.571062,47.131916]},"properties":{"lines":"9","color":"#d6212b","mode":"tram","arr":["9","27","41","44","301","502","503","503b"],"busLines":"27, 41, 44, 301, 502, 503, 503b","angle":-64.3,"extra":1,"ei":1}},{"type":"Feature","geometry":{"type":"Point","coordinates":[27.567492,47.126797]},"properties":{"lines":"9","color":"#d6212b","mode":"tram","arr":["9","27","41","44","301","502","503","503b"],"busLines":"27, 41, 44, 301, 502, 503, 503b","angle":-70.1,"extra":1,"ei":2}},{"type":"Feature","geometry":{"type":"Point","coordinates":[27.567314,47.124924]},"properties":{"lines":"9","color":"#d6212b","mode":"tram","arr":["9","27","41","44","301","502","503","503b"],"busLines":"27, 41, 44, 301, 502, 503, 503b","angle":89.3,"extra":1,"ei":3}},{"type":"Feature","geometry":{"type":"Point","coordinates":[27.569245,47.129259]},"properties":{"lines":"9","color":"#d6212b","mode":"tram","arr":["9","27","41","44","301","502","503","503b"],"busLines":"27, 41, 44, 301, 502, 503, 503b","angle":-64.3,"mi":1}},{"type":"Feature","geometry":{"type":"Point","coordinates":[27.567363,47.12469]},"properties":{"lines":"9","color":"#d6212b","mode":"tram","arr":["9","27","41","44","301","502","503","503b"],"busLines":"27, 41, 44, 301, 502, 503, 503b","angle":89.7,"extra":1,"ei":0}},{"type":"Feature","geometry":{"type":"Point","coordinates":[27.567439,47.126572]},"properties":{"lines":"9","color":"#d6212b","mode":"tram","arr":["9","27","41","44","301","502","503","503b"],"busLines":"27, 41, 44, 301, 502, 503, 503b","angle":-76.2,"extra":1,"ei":1}},{"type":"Feature","geometry":{"type":"Point","coordinates":[27.570957,47.131705]},"properties":{"lines":"9","color":"#d6212b","mode":"tram","arr":["9","27","41","44","301","502","503","503b"],"busLines":"27, 41, 44, 301, 502, 503, 503b","angle":-64.3,"extra":1,"ei":2}},{"type":"Feature","geometry":{"type":"Point","coordinates":[27.572151,47.13341]},"properties":{"lines":"9","color":"#d6212b","mode":"tram","arr":["9","27","41","44","301","502","503","503b"],"busLines":"27, 41, 44, 301, 502, 503, 503b","angle":-65,"extra":1,"ei":3}},{"type":"Feature","geometry":{"type":"Point","coordinates":[27.575605,47.136889]},"properties":{"lines":"9","color":"#d6212b","mode":"tram","arr":["9","41"],"busLines":"41","angle":-49.5,"side":-1,"mi":1}},{"type":"Feature","geometry":{"type":"Point","coordinates":[27.573617,47.135295]},"properties":{"lines":"9","color":"#d6212b","mode":"tram","arr":["9","41"],"busLines":"41","angle":-53.1,"extra":1,"ei":0,"side":-1}},{"type":"Feature","geometry":{"type":"Point","coordinates":[27.577216,47.138172]},"properties":{"lines":"9","color":"#d6212b","mode":"tram","arr":["9","41"],"busLines":"41","angle":-49.5,"extra":1,"ei":1,"side":-1}},{"type":"Feature","geometry":{"type":"Point","coordinates":[27.579982,47.141658]},"properties":{"lines":"9","color":"#d6212b","mode":"tram","arr":["9","23","23b","41","501","501b"],"busLines":"23, 23b, 41, 501, 501b","angle":-75.9}},{"type":"Feature","geometry":{"type":"Point","coordinates":[27.579287,47.139971]},"properties":{"lines":"9","color":"#d6212b","mode":"tram","arr":["9","23","23b","41","501","501b"],"busLines":"23, 23b, 41, 501, 501b","angle":-64.7,"extra":1,"ei":0,"side":-1}},{"type":"Feature","geometry":{"type":"Point","coordinates":[27.58091,47.143575]},"properties":{"lines":"9","color":"#d6212b","mode":"tram","arr":["9","23","23b","41","501","501b"],"busLines":"23, 23b, 41, 501, 501b","angle":-62.5,"extra":1,"ei":1}},{"type":"Feature","geometry":{"type":"Point","coordinates":[27.584263,47.147568]},"properties":{"lines":"9","color":"#d6212b","mode":"tram","arr":["9","23","23b","28","41","47","501","501b"],"busLines":"23, 23b, 28, 41, 47, 501, 501b","angle":-60,"mi":1}},{"type":"Feature","geometry":{"type":"Point","coordinates":[27.582082,47.144985]},"properties":{"lines":"9","color":"#d6212b","mode":"tram","arr":["9","23","23b","28","41","47","501","501b"],"busLines":"23, 23b, 28, 41, 47, 501, 501b","angle":-60.5,"extra":1,"ei":0}},{"type":"Feature","geometry":{"type":"Point","coordinates":[27.58622,47.149902]},"properties":{"lines":"9","color":"#d6212b","mode":"tram","arr":["9","23","23b","28","41","47","501","501b"],"busLines":"23, 23b, 28, 41, 47, 501, 501b","angle":-60.6,"extra":1,"ei":1}},{"type":"Feature","geometry":{"type":"Point","coordinates":[27.588106,47.151268]},"properties":{"lines":"1, 7","color":"#d6212b","mode":"tram","arr":["1","7","23b","501b"],"busLines":"23b, 501b","angle":21.4}},{"type":"Feature","geometry":{"type":"Point","coordinates":[27.591653,47.150166]},"properties":{"lines":"1, 7","color":"#d6212b","mode":"tram","arr":["1","7","29","801","802","802b"],"busLines":"29, 801, 802, 802b","angle":25.5}},{"type":"Feature","geometry":{"type":"Point","coordinates":[27.590057,47.150686]},"properties":{"lines":"1, 7","color":"#d6212b","mode":"tram","arr":["1","7","29","801","802","802b"],"busLines":"29, 801, 802, 802b","angle":25.7,"extra":1,"ei":0}},{"type":"Feature","geometry":{"type":"Point","coordinates":[27.598661,47.148514]},"properties":{"lines":"1, 5, 7, 11","color":"#d6212b","mode":"tram","arr":["1","5","7","11","29","801","802","802b"],"busLines":"29, 801, 802, 802b","angle":11.6}},{"type":"Feature","geometry":{"type":"Point","coordinates":[27.595901,47.1489]},"properties":{"lines":"1, 5, 7, 11","color":"#d6212b","mode":"tram","arr":["1","5","7","11","29","801","802","802b"],"busLines":"29, 801, 802, 802b","angle":13.5,"extra":1,"ei":0}},{"type":"Feature","geometry":{"type":"Point","coordinates":[27.601344,47.148146]},"properties":{"lines":"1, 5, 7, 11","color":"#d6212b","mode":"tram","arr":["1","5","7","11","29","801","802","802b"],"busLines":"29, 801, 802, 802b","angle":11.4,"extra":1,"ei":1}},{"type":"Feature","geometry":{"type":"Point","coordinates":[27.606262,47.147447]},"properties":{"lines":"1, 5, 7, 8, 11","color":"#d6212b","mode":"tram","arr":["1","5","7","8","11","29","801","802","802b"],"busLines":"29, 801, 802, 802b","angle":11.7}},{"type":"Feature","geometry":{"type":"Point","coordinates":[27.604143,47.147751]},"properties":{"lines":"1, 5, 7, 8, 11","color":"#d6212b","mode":"tram","arr":["1","5","7","8","11","29","801","802","802b"],"busLines":"29, 801, 802, 802b","angle":11.3,"extra":1,"ei":0}},{"type":"Feature","geometry":{"type":"Point","coordinates":[27.609581,47.146979]},"properties":{"lines":"1, 5, 7, 8, 11","color":"#d6212b","mode":"tram","arr":["1","5","7","8","11","29","801","802","802b"],"busLines":"29, 801, 802, 802b","angle":12.3,"extra":1,"ei":1}},{"type":"Feature","geometry":{"type":"Point","coordinates":[27.614395,47.146301]},"properties":{"lines":"1, 5, 7, 8, 11","color":"#d6212b","mode":"tram","arr":["1","5","7","8","11","27","29","801","802","802b"],"busLines":"27, 29, 801, 802, 802b","angle":11.6}},{"type":"Feature","geometry":{"type":"Point","coordinates":[27.611101,47.14676]},"properties":{"lines":"1, 5, 7, 8, 11","color":"#d6212b","mode":"tram","arr":["1","5","7","8","11","27","29","801","802","802b"],"busLines":"27, 29, 801, 802, 802b","angle":11.6,"extra":1,"ei":0}},{"type":"Feature","geometry":{"type":"Point","coordinates":[27.616542,47.146001]},"properties":{"lines":"1, 5, 7, 8, 11","color":"#d6212b","mode":"tram","arr":["1","5","7","8","11","27","29","801","802","802b"],"busLines":"27, 29, 801, 802, 802b","angle":12,"extra":1,"ei":1}},{"type":"Feature","geometry":{"type":"Point","coordinates":[27.631116,47.143921]},"properties":{"lines":"5, 7, 8","color":"#d6212b","mode":"tram","arr":["5","7","8","29","801","802","802b"],"busLines":"29, 801, 802, 802b","angle":11.8,"side":-1}},{"type":"Feature","geometry":{"type":"Point","coordinates":[27.620916,47.145375]},"properties":{"lines":"5, 7, 8","color":"#d6212b","mode":"tram","arr":["5","7","8","29","801","802","802b"],"busLines":"29, 801, 802, 802b","angle":12.1,"extra":1,"ei":0}},{"type":"Feature","geometry":{"type":"Point","coordinates":[27.623634,47.144987]},"properties":{"lines":"5, 7, 8","color":"#d6212b","mode":"tram","arr":["5","7","8","29","801","802","802b"],"busLines":"29, 801, 802, 802b","angle":11.7,"extra":1,"ei":1}},{"type":"Feature","geometry":{"type":"Point","coordinates":[27.626353,47.144601]},"properties":{"lines":"5, 7, 8","color":"#d6212b","mode":"tram","arr":["5","7","8","29","801","802","802b"],"busLines":"29, 801, 802, 802b","angle":11.9,"extra":1,"ei":2,"side":-1}},{"type":"Feature","geometry":{"type":"Point","coordinates":[27.629071,47.144212]},"properties":{"lines":"5, 7, 8","color":"#d6212b","mode":"tram","arr":["5","7","8","29","801","802","802b"],"busLines":"29, 801, 802, 802b","angle":11.9,"extra":1,"ei":3}},{"type":"Feature","geometry":{"type":"Point","coordinates":[27.634512,47.14345]},"properties":{"lines":"5, 7, 8","color":"#d6212b","mode":"tram","arr":["5","7","8","29","801","802","802b"],"busLines":"29, 801, 802, 802b","angle":10.3,"extra":1,"ei":4}},{"type":"Feature","geometry":{"type":"Point","coordinates":[27.637271,47.143278]},"properties":{"lines":"5, 7, 8","color":"#d6212b","mode":"tram","arr":["5","7","8","29","801","802","802b"],"busLines":"29, 801, 802, 802b","angle":-0.3,"extra":1,"ei":5,"side":-1}},{"type":"Feature","geometry":{"type":"Point","coordinates":[27.640048,47.143323]},"properties":{"lines":"5, 7, 8","color":"#d6212b","mode":"tram","arr":["5","7","8","29","801","802","802b"],"busLines":"29, 801, 802, 802b","angle":-1.5,"extra":1,"ei":6}},{"type":"Feature","geometry":{"type":"Point","coordinates":[27.642812,47.14332]},"properties":{"lines":"5, 7, 8","color":"#d6212b","mode":"tram","arr":["5","7","8","29","801","802","802b"],"busLines":"29, 801, 802, 802b","angle":9.9,"extra":1,"ei":7,"side":-1}},{"type":"Feature","geometry":{"type":"Point","coordinates":[27.630816,47.144005]},"properties":{"lines":"5, 7, 8","color":"#d6212b","mode":"tram","arr":["5","7","8","29","801","802","802b"],"busLines":"29, 801, 802, 802b","angle":11.7,"mi":1}},{"type":"Feature","geometry":{"type":"Point","coordinates":[27.641124,47.143376]},"properties":{"lines":"5, 7, 8","color":"#d6212b","mode":"tram","arr":["5","7","8","29","801","802","802b"],"busLines":"29, 801, 802, 802b","angle":-1.6,"extra":1,"ei":0}},{"type":"Feature","geometry":{"type":"Point","coordinates":[27.638348,47.143324]},"properties":{"lines":"5, 7, 8","color":"#d6212b","mode":"tram","arr":["5","7","8","29","801","802","802b"],"busLines":"29, 801, 802, 802b","angle":-1.2,"extra":1,"ei":1}},{"type":"Feature","geometry":{"type":"Point","coordinates":[27.635573,47.143367]},"properties":{"lines":"5, 7, 8","color":"#d6212b","mode":"tram","arr":["5","7","8","29","801","802","802b"],"busLines":"29, 801, 802, 802b","angle":6.6,"extra":1,"ei":2}},{"type":"Feature","geometry":{"type":"Point","coordinates":[27.632845,47.143717]},"properties":{"lines":"5, 7, 8","color":"#d6212b","mode":"tram","arr":["5","7","8","29","801","802","802b"],"busLines":"29, 801, 802, 802b","angle":11.9,"extra":1,"ei":3}},{"type":"Feature","geometry":{"type":"Point","coordinates":[27.627407,47.144487]},"properties":{"lines":"5, 7, 8","color":"#d6212b","mode":"tram","arr":["5","7","8","29","801","802","802b"],"busLines":"29, 801, 802, 802b","angle":12,"extra":1,"ei":4}},{"type":"Feature","geometry":{"type":"Point","coordinates":[27.624689,47.144876]},"properties":{"lines":"5, 7, 8","color":"#d6212b","mode":"tram","arr":["5","7","8","29","801","802","802b"],"busLines":"29, 801, 802, 802b","angle":11.4,"extra":1,"ei":5}},{"type":"Feature","geometry":{"type":"Point","coordinates":[27.621968,47.145255]},"properties":{"lines":"5, 7, 8","color":"#d6212b","mode":"tram","arr":["5","7","8","29","801","802","802b"],"busLines":"29, 801, 802, 802b","angle":11.7,"extra":1,"ei":6}},{"type":"Feature","geometry":{"type":"Point","coordinates":[27.6432,47.143173]},"properties":{"lines":"7, 8","color":"#d6212b","mode":"tram","arr":["7","8","29","801","802","802b"],"busLines":"29, 801, 802, 802b","angle":5.3,"side":-1}},{"type":"Feature","geometry":{"type":"Point","coordinates":[27.621319,47.15126]},"properties":{"lines":"1, 11, 13","color":"#d6212b","mode":"tram","arr":["1","11","13","27"],"busLines":"27","angle":-78.9}},{"type":"Feature","geometry":{"type":"Point","coordinates":[27.619834,47.146434]},"properties":{"lines":"1, 11, 13","color":"#d6212b","mode":"tram","arr":["1","11","13","27"],"busLines":"27","angle":-78.9,"extra":1,"ei":0}},{"type":"Feature","geometry":{"type":"Point","coordinates":[27.620399,47.148283]},"properties":{"lines":"1, 11, 13","color":"#d6212b","mode":"tram","arr":["1","11","13","27"],"busLines":"27","angle":-78.5,"extra":1,"ei":1}},{"type":"Feature","geometry":{"type":"Point","coordinates":[27.623162,47.153323]},"properties":{"lines":"1, 11, 13","color":"#d6212b","mode":"tram","arr":["1","11","13","27"],"busLines":"27","angle":-18.1,"extra":1,"ei":2}},{"type":"Feature","geometry":{"type":"Point","coordinates":[27.625354,47.154331]},"properties":{"lines":"1, 11, 13","color":"#d6212b","mode":"tram","arr":["1","11","13","27"],"busLines":"27","angle":-69.4,"extra":1,"ei":3}},{"type":"Feature","geometry":{"type":"Point","coordinates":[27.624458,47.155854]},"properties":{"lines":"1, 3, 11, 13","color":"#d6212b","mode":"tram","arr":["1","3","11","13","18","27","47","401"],"busLines":"18, 27, 47, 401","angle":46.7}},{"type":"Feature","geometry":{"type":"Point","coordinates":[27.618815,47.159244]},"properties":{"lines":"1, 3, 11, 13","color":"#d6212b","mode":"tram","arr":["1","3","11","13","20","27","47"],"busLines":"20, 27, 47","angle":12.4}},{"type":"Feature","geometry":{"type":"Point","coordinates":[27.62288,47.15699]},"properties":{"lines":"1, 3, 11, 13","color":"#d6212b","mode":"tram","arr":["1","3","11","13","20","27","47"],"busLines":"20, 27, 47","angle":46.7,"extra":1,"ei":0}},{"type":"Feature","geometry":{"type":"Point","coordinates":[27.62098,47.158367]},"properties":{"lines":"1, 3, 11, 13","color":"#d6212b","mode":"tram","arr":["1","3","11","13","20","27","47"],"busLines":"20, 27, 47","angle":47,"extra":1,"ei":1}},{"type":"Feature","geometry":{"type":"Point","coordinates":[27.615939,47.159667]},"properties":{"lines":"1, 3, 11, 13","color":"#d6212b","mode":"tram","arr":["1","3","11","13","20","27","47"],"busLines":"20, 27, 47","angle":12.5,"extra":1,"ei":2}},{"type":"Feature","geometry":{"type":"Point","coordinates":[27.613226,47.160069]},"properties":{"lines":"1, 3, 11, 13","color":"#d6212b","mode":"tram","arr":["1","3","11","13","20","27","47"],"busLines":"20, 27, 47","angle":12.7,"extra":1,"ei":3}},{"type":"Feature","geometry":{"type":"Point","coordinates":[27.610308,47.160866]},"properties":{"lines":"1, 3, 11, 13","color":"#d6212b","mode":"tram","arr":["1","3","11","13","20","27"],"busLines":"20, 27","angle":26.4}},{"type":"Feature","geometry":{"type":"Point","coordinates":[27.608468,47.161502]},"properties":{"lines":"1, 3, 11, 13","color":"#d6212b","mode":"tram","arr":["1","3","11","13","20","27"],"busLines":"20, 27","angle":27.7,"extra":1,"ei":0,"side":-1}},{"type":"Feature","geometry":{"type":"Point","coordinates":[27.600961,47.162488]},"properties":{"lines":"1, 3, 13","color":"#d6212b","mode":"tram","arr":["1","3","13"],"angle":17.7}},{"type":"Feature","geometry":{"type":"Point","coordinates":[27.607244,47.161986]},"properties":{"lines":"1, 3, 13","color":"#d6212b","mode":"tram","arr":["1","3","13"],"angle":23.6,"extra":1,"ei":0}},{"type":"Feature","geometry":{"type":"Point","coordinates":[27.604642,47.162591]},"properties":{"lines":"1, 3, 13","color":"#d6212b","mode":"tram","arr":["1","3","13"],"angle":4.7,"extra":1,"ei":1}},{"type":"Feature","geometry":{"type":"Point","coordinates":[27.59925,47.162931]},"properties":{"lines":"1, 3, 13","color":"#d6212b","mode":"tram","arr":["1","3","13"],"angle":17.9,"extra":1,"ei":2}},{"type":"Feature","geometry":{"type":"Point","coordinates":[27.596519,47.163248]},"properties":{"lines":"1, 3, 13","color":"#d6212b","mode":"tram","arr":["1","3","13"],"angle":6.2,"extra":1,"ei":3}},{"type":"Feature","geometry":{"type":"Point","coordinates":[27.593756,47.163436]},"properties":{"lines":"1, 3, 13","color":"#d6212b","mode":"tram","arr":["1","3","13"],"angle":9.1,"extra":1,"ei":4}},{"type":"Feature","geometry":{"type":"Point","coordinates":[27.640995,47.152123]},"properties":{"lines":"3","color":"#d6212b","mode":"tram","arr":["3","401"],"busLines":"401","angle":-24}},{"type":"Feature","geometry":{"type":"Point","coordinates":[27.657139,47.152189]},"properties":{"lines":"3","color":"#d6212b","mode":"tram","arr":["3","401"],"busLines":"401","angle":7.6,"extra":1,"ei":0}},{"type":"Feature","geometry":{"type":"Point","coordinates":[27.654385,47.152437]},"properties":{"lines":"3","color":"#d6212b","mode":"tram","arr":["3","401"],"busLines":"401","angle":7.7,"extra":1,"ei":1}},{"type":"Feature","geometry":{"type":"Point","coordinates":[27.651631,47.15268]},"properties":{"lines":"3","color":"#d6212b","mode":"tram","arr":["3","401"],"busLines":"401","angle":7.5,"extra":1,"ei":2}},{"type":"Feature","geometry":{"type":"Point","coordinates":[27.648879,47.152935]},"properties":{"lines":"3","color":"#d6212b","mode":"tram","arr":["3","401"],"busLines":"401","angle":7.5,"extra":1,"ei":3}},{"type":"Feature","geometry":{"type":"Point","coordinates":[27.646126,47.153184]},"properties":{"lines":"3","color":"#d6212b","mode":"tram","arr":["3","401"],"busLines":"401","angle":7.7,"extra":1,"ei":4}},{"type":"Feature","geometry":{"type":"Point","coordinates":[27.643462,47.152854]},"properties":{"lines":"3","color":"#d6212b","mode":"tram","arr":["3","401"],"busLines":"401","angle":-23.4,"extra":1,"ei":5}},{"type":"Feature","geometry":{"type":"Point","coordinates":[27.638251,47.151718]},"properties":{"lines":"3","color":"#d6212b","mode":"tram","arr":["3","401"],"busLines":"401","angle":0.5,"extra":1,"ei":6}},{"type":"Feature","geometry":{"type":"Point","coordinates":[27.635699,47.152243]},"properties":{"lines":"3","color":"#d6212b","mode":"tram","arr":["3","401"],"busLines":"401","angle":40.4,"extra":1,"ei":7}},{"type":"Feature","geometry":{"type":"Point","coordinates":[27.633521,47.1534]},"properties":{"lines":"3","color":"#d6212b","mode":"tram","arr":["3","401"],"busLines":"401","angle":29.3,"extra":1,"ei":8}},{"type":"Feature","geometry":{"type":"Point","coordinates":[27.631104,47.15433]},"properties":{"lines":"3","color":"#d6212b","mode":"tram","arr":["3","401"],"busLines":"401","angle":29.3,"extra":1,"ei":9}},{"type":"Feature","geometry":{"type":"Point","coordinates":[27.628597,47.155139]},"properties":{"lines":"3","color":"#d6212b","mode":"tram","arr":["3","401"],"busLines":"401","angle":23.3,"extra":1,"ei":10}},{"type":"Feature","geometry":{"type":"Point","coordinates":[27.625999,47.155583]},"properties":{"lines":"3","color":"#d6212b","mode":"tram","arr":["3","401"],"busLines":"401","angle":-14.6,"extra":1,"ei":11}},{"type":"Feature","geometry":{"type":"Point","coordinates":[27.576027,47.166846]},"properties":{"lines":"3, 6, 7","color":"#d6212b","mode":"tram","arr":["3","6","7","36","50"],"busLines":"36, 50","angle":21.6}},{"type":"Feature","geometry":{"type":"Point","coordinates":[27.570783,47.168715]},"properties":{"lines":"3, 6, 7","color":"#d6212b","mode":"tram","arr":["3","6","7","901"],"busLines":"901","angle":30.1}},{"type":"Feature","geometry":{"type":"Point","coordinates":[27.572926,47.167868]},"properties":{"lines":"3, 6, 7","color":"#d6212b","mode":"tram","arr":["3","6","7","901"],"busLines":"901","angle":30,"extra":1,"ei":0}},{"type":"Feature","geometry":{"type":"Point","coordinates":[27.568583,47.168338]},"properties":{"lines":"3, 6, 7","color":"#d6212b","mode":"tram","arr":["3","6","7","901"],"busLines":"901","angle":-60.9,"extra":1,"ei":1}},{"type":"Feature","geometry":{"type":"Point","coordinates":[27.56942,47.166969]},"properties":{"lines":"3, 6, 7","color":"#d6212b","mode":"tram","arr":["3","6","7","19","30","30b","901"],"busLines":"19, 30, 30b, 901","angle":37.9}},{"type":"Feature","geometry":{"type":"Point","coordinates":[27.569391,47.166949]},"properties":{"lines":"6","color":"#d6212b","mode":"tram","arr":["6","19","30","30b","901"],"busLines":"19, 30, 30b, 901","angle":37.9}},{"type":"Feature","geometry":{"type":"Point","coordinates":[27.573192,47.162391]},"properties":{"lines":"6","color":"#d6212b","mode":"tram","arr":["6","19","30","30b","36"],"busLines":"19, 30, 30b, 36","angle":72.9}},{"type":"Feature","geometry":{"type":"Point","coordinates":[27.57158,47.165232]},"properties":{"lines":"6","color":"#d6212b","mode":"tram","arr":["6","19","30","30b","36"],"busLines":"19, 30, 30b, 36","angle":68.7,"extra":1,"ei":0}},{"type":"Feature","geometry":{"type":"Point","coordinates":[27.573247,47.159804]},"properties":{"lines":"6","color":"#d6212b","mode":"tram","arr":["6","19","30","30b","36"],"busLines":"19, 30, 30b, 36","angle":64.1,"extra":1,"ei":1}},{"type":"Feature","geometry":{"type":"Point","coordinates":[27.590655,47.164149]},"properties":{"lines":"6","color":"#d6212b","mode":"tram","arr":["6"],"angle":-57}},{"type":"Feature","geometry":{"type":"Point","coordinates":[27.573132,47.16242]},"properties":{"lines":"6","color":"#d6212b","mode":"tram","arr":["6","19","30","30b","36"],"busLines":"19, 30, 30b, 36","angle":71.4,"mi":1}},{"type":"Feature","geometry":{"type":"Point","coordinates":[27.571387,47.165469]},"properties":{"lines":"6","color":"#d6212b","mode":"tram","arr":["6","19","30","30b","36"],"busLines":"19, 30, 30b, 36","angle":68.5,"extra":1,"ei":0,"side":-1}},{"type":"Feature","geometry":{"type":"Point","coordinates":[27.572403,47.163711]},"properties":{"lines":"6","color":"#d6212b","mode":"tram","arr":["6","19","30","30b","36"],"busLines":"19, 30, 30b, 36","angle":69,"extra":1,"ei":1}},{"type":"Feature","geometry":{"type":"Point","coordinates":[27.573079,47.160048]},"properties":{"lines":"6","color":"#d6212b","mode":"tram","arr":["6","19","30","30b","36"],"busLines":"19, 30, 30b, 36","angle":79.8,"extra":1,"ei":2}},{"type":"Feature","geometry":{"type":"Point","coordinates":[27.572715,47.16676]},"properties":{"lines":"3, 7","color":"#d6212b","mode":"tram","arr":["3","7","36","50","901"],"busLines":"36, 50, 901","angle":-29.8}},{"type":"Feature","geometry":{"type":"Point","coordinates":[27.57454,47.167235]},"properties":{"lines":"3, 7","color":"#d6212b","mode":"tram","arr":["3","7","36","50","901"],"busLines":"36, 50, 901","angle":8.2,"extra":1,"ei":0,"side":-1}},{"type":"Feature","geometry":{"type":"Point","coordinates":[27.57519,47.159078]},"properties":{"lines":"5, 6, 11","color":"#d6212b","mode":"tram","arr":["5","6","11"],"angle":14.3,"side":-1,"mi":1}},{"type":"Feature","geometry":{"type":"Point","coordinates":[27.57507,47.15851]},"properties":{"lines":"5, 6, 11","color":"#d6212b","mode":"tram","arr":["5","6","11"],"angle":1.8}},{"type":"Feature","geometry":{"type":"Point","coordinates":[27.573319,47.160904]},"properties":{"lines":"5, 6, 11","color":"#d6212b","mode":"tram","arr":["5","6","11","36"],"busLines":"36","angle":9.5}},{"type":"Feature","geometry":{"type":"Point","coordinates":[27.575247,47.159559]},"properties":{"lines":"5, 6, 11","color":"#d6212b","mode":"tram","arr":["5","6","11","36"],"busLines":"36","angle":68.1,"extra":1,"ei":0}},{"type":"Feature","geometry":{"type":"Point","coordinates":[27.570684,47.160964]},"properties":{"lines":"5, 6, 11","color":"#d6212b","mode":"tram","arr":["5","6","11","36"],"busLines":"36","angle":16.2,"extra":1,"ei":1}},{"type":"Feature","geometry":{"type":"Point","coordinates":[27.568259,47.161679]},"properties":{"lines":"5, 6, 11","color":"#d6212b","mode":"tram","arr":["5","6","11","28","36","52"],"busLines":"28, 36, 52","angle":23.7}},{"type":"Feature","geometry":{"type":"Point","coordinates":[27.562336,47.164326]},"properties":{"lines":"5, 6, 11","color":"#d6212b","mode":"tram","arr":["5","6","11","28","36","44","52"],"busLines":"28, 36, 44, 52","angle":35.7}},{"type":"Feature","geometry":{"type":"Point","coordinates":[27.566178,47.162453]},"properties":{"lines":"5, 6, 11","color":"#d6212b","mode":"tram","arr":["5","6","11","28","36","44","52"],"busLines":"28, 36, 44, 52","angle":35.8,"extra":1,"ei":0}},{"type":"Feature","geometry":{"type":"Point","coordinates":[27.563921,47.163552]},"properties":{"lines":"5, 6, 11","color":"#d6212b","mode":"tram","arr":["5","6","11","28","36","44","52"],"busLines":"28, 36, 44, 52","angle":35.3,"extra":1,"ei":1}},{"type":"Feature","geometry":{"type":"Point","coordinates":[27.559408,47.165755]},"properties":{"lines":"5, 6, 11","color":"#d6212b","mode":"tram","arr":["5","6","11","28","36","44","52"],"busLines":"28, 36, 44, 52","angle":35.6,"extra":1,"ei":2}},{"type":"Feature","geometry":{"type":"Point","coordinates":[27.552223,47.166738]},"properties":{"lines":"5, 6, 11","color":"#d6212b","mode":"tram","arr":["5","6","11","28","36","44"],"busLines":"28, 36, 44","angle":-0.4}},{"type":"Feature","geometry":{"type":"Point","coordinates":[27.555959,47.16675]},"properties":{"lines":"5, 6, 11","color":"#d6212b","mode":"tram","arr":["5","6","11","28","36","44"],"busLines":"28, 36, 44","angle":-0.2,"extra":1,"ei":0}},{"type":"Feature","geometry":{"type":"Point","coordinates":[27.550404,47.166731]},"properties":{"lines":"5, 6, 11","color":"#d6212b","mode":"tram","arr":["5","6","11","28","36","44"],"busLines":"28, 36, 44","angle":0.1,"extra":1,"ei":1}},{"type":"Feature","geometry":{"type":"Point","coordinates":[27.547627,47.166724]},"properties":{"lines":"5, 6, 11","color":"#d6212b","mode":"tram","arr":["5","6","11","28","36","44"],"busLines":"28, 36, 44","angle":-0.1,"extra":1,"ei":2}},{"type":"Feature","geometry":{"type":"Point","coordinates":[27.543103,47.166913]},"properties":{"lines":"5, 6, 11","color":"#d6212b","mode":"tram","arr":["5","6","11","28","36","44","47"],"busLines":"28, 36, 44, 47","angle":42.3}},{"type":"Feature","geometry":{"type":"Point","coordinates":[27.545709,47.166719]},"properties":{"lines":"5, 6, 11","color":"#d6212b","mode":"tram","arr":["5","6","11","28","36","44","47"],"busLines":"28, 36, 44, 47","angle":-0.7,"extra":1,"ei":0}},{"type":"Feature","geometry":{"type":"Point","coordinates":[27.541271,47.168409]},"properties":{"lines":"5, 6, 11","color":"#d6212b","mode":"tram","arr":["5","6","11","28","36","44","47"],"busLines":"28, 36, 44, 47","angle":50.1,"extra":1,"ei":1}},{"type":"Feature","geometry":{"type":"Point","coordinates":[27.574695,47.15884]},"properties":{"lines":"5, 11","color":"#d6212b","mode":"tram","arr":["5","11"],"angle":-80.7,"side":-1}},{"type":"Feature","geometry":{"type":"Point","coordinates":[27.575374,47.158432]},"properties":{"lines":"5, 11","color":"#d6212b","mode":"tram","arr":["5","11","30b"],"busLines":"30b","angle":-74.9,"side":-1}},{"type":"Feature","geometry":{"type":"Point","coordinates":[27.574947,47.157641]},"properties":{"lines":"5, 11","color":"#d6212b","mode":"tram","arr":["5","11","19","30","30b"],"busLines":"19, 30, 30b","angle":-69.7}},{"type":"Feature","geometry":{"type":"Point","coordinates":[27.579595,47.148735]},"properties":{"lines":"5, 11","color":"#d6212b","mode":"tram","arr":["5","11","30","30b"],"busLines":"30, 30b","angle":43.1}},{"type":"Feature","geometry":{"type":"Point","coordinates":[27.574175,47.156228]},"properties":{"lines":"5, 11","color":"#d6212b","mode":"tram","arr":["5","11","30","30b"],"busLines":"30, 30b","angle":-69.3,"extra":1,"ei":0}},{"type":"Feature","geometry":{"type":"Point","coordinates":[27.573569,47.1544]},"properties":{"lines":"5, 11","color":"#d6212b","mode":"tram","arr":["5","11","30","30b"],"busLines":"30, 30b","angle":89.5,"extra":1,"ei":1}},{"type":"Feature","geometry":{"type":"Point","coordinates":[27.574321,47.152606]},"properties":{"lines":"5, 11","color":"#d6212b","mode":"tram","arr":["5","11","30","30b"],"busLines":"30, 30b","angle":59,"extra":1,"ei":2}},{"type":"Feature","geometry":{"type":"Point","coordinates":[27.576133,47.151181]},"properties":{"lines":"5, 11","color":"#d6212b","mode":"tram","arr":["5","11","30","30b"],"busLines":"30, 30b","angle":46.2,"extra":1,"ei":3}},{"type":"Feature","geometry":{"type":"Point","coordinates":[27.57805,47.149814]},"properties":{"lines":"5, 11","color":"#d6212b","mode":"tram","arr":["5","11","30","30b"],"busLines":"30, 30b","angle":46.8,"extra":1,"ei":4}},{"type":"Feature","geometry":{"type":"Point","coordinates":[27.582054,47.147199]},"properties":{"lines":"5, 11","color":"#d6212b","mode":"tram","arr":["5","11","30","30b"],"busLines":"30, 30b","angle":42,"extra":1,"ei":5}},{"type":"Feature","geometry":{"type":"Point","coordinates":[27.58439,47.146192]},"properties":{"lines":"5, 11","color":"#d6212b","mode":"tram","arr":["5","11","30","30b"],"busLines":"30, 30b","angle":23.5,"extra":1,"ei":6}},{"type":"Feature","geometry":{"type":"Point","coordinates":[27.587142,47.146047]},"properties":{"lines":"5, 11","color":"#d6212b","mode":"tram","arr":["5","11","30","30b"],"busLines":"30, 30b","angle":0.8,"extra":1,"ei":7}},{"type":"Feature","geometry":{"type":"Point","coordinates":[27.589883,47.146224]},"properties":{"lines":"5, 11","color":"#d6212b","mode":"tram","arr":["5","11","30","30b"],"busLines":"30, 30b","angle":-22.4,"extra":1,"ei":8}},{"type":"Feature","geometry":{"type":"Point","coordinates":[27.591992,47.147423]},"properties":{"lines":"5, 11","color":"#d6212b","mode":"tram","arr":["5","11","30","30b"],"busLines":"30, 30b","angle":-47.2,"extra":1,"ei":9}},{"type":"Feature","geometry":{"type":"Point","coordinates":[27.593438,47.148486]},"properties":{"lines":"5, 11","color":"#d6212b","mode":"tram","arr":["5","11"],"angle":-47.2}},{"type":"Feature","geometry":{"type":"Point","coordinates":[27.614497,47.14632]},"properties":{"lines":"5, 7, 8, 11, 13","color":"#d6212b","mode":"tram","arr":["5","7","8","11","13","27","29","801","802","802b"],"busLines":"27, 29, 801, 802, 802b","angle":11.5}},{"type":"Feature","geometry":{"type":"Point","coordinates":[27.61791,47.145833]},"properties":{"lines":"5, 7, 8, 11, 13","color":"#d6212b","mode":"tram","arr":["5","7","8","11","13","27","29","801","802","802b"],"busLines":"27, 29, 801, 802, 802b","angle":11.6,"extra":1,"ei":0}},{"type":"Feature","geometry":{"type":"Point","coordinates":[27.612472,47.146601]},"properties":{"lines":"5, 7, 8, 11, 13","color":"#d6212b","mode":"tram","arr":["5","7","8","11","13","27","29","801","802","802b"],"busLines":"27, 29, 801, 802, 802b","angle":11.5,"extra":1,"ei":1}},{"type":"Feature","geometry":{"type":"Point","coordinates":[27.609752,47.146985]},"properties":{"lines":"5, 7, 8, 11, 13","color":"#d6212b","mode":"tram","arr":["5","7","8","11","13","27","29","801","802","802b"],"busLines":"27, 29, 801, 802, 802b","angle":11.9,"extra":1,"ei":2}},{"type":"Feature","geometry":{"type":"Point","coordinates":[27.606148,47.147493]},"properties":{"lines":"5, 7, 8, 11, 13","color":"#d6212b","mode":"tram","arr":["5","7","8","11","13","29","801","802","802b"],"busLines":"29, 801, 802, 802b","angle":12}},{"type":"Feature","geometry":{"type":"Point","coordinates":[27.60836,47.147181]},"properties":{"lines":"5, 7, 8, 11, 13","color":"#d6212b","mode":"tram","arr":["5","7","8","11","13","29","801","802","802b"],"busLines":"29, 801, 802, 802b","angle":11.7,"extra":1,"ei":0}},{"type":"Feature","geometry":{"type":"Point","coordinates":[27.602921,47.147948]},"properties":{"lines":"5, 7, 8, 11, 13","color":"#d6212b","mode":"tram","arr":["5","7","8","11","13","29","801","802","802b"],"busLines":"29, 801, 802, 802b","angle":11.9,"extra":1,"ei":1}},{"type":"Feature","geometry":{"type":"Point","coordinates":[27.598696,47.148544]},"properties":{"lines":"5, 7, 11, 13","color":"#d6212b","mode":"tram","arr":["5","7","11","13","29","801","802","802b"],"busLines":"29, 801, 802, 802b","angle":11.6}},{"type":"Feature","geometry":{"type":"Point","coordinates":[27.601217,47.148193]},"properties":{"lines":"5, 7, 11, 13","color":"#d6212b","mode":"tram","arr":["5","7","11","13","29","801","802","802b"],"busLines":"29, 801, 802, 802b","angle":11,"extra":1,"ei":0}},{"type":"Feature","geometry":{"type":"Point","coordinates":[27.595776,47.148951]},"properties":{"lines":"5, 7, 11, 13","color":"#d6212b","mode":"tram","arr":["5","7","11","13","29","801","802","802b"],"busLines":"29, 801, 802, 802b","angle":13.6,"extra":1,"ei":1}},{"type":"Feature","geometry":{"type":"Point","coordinates":[27.587324,47.151231]},"properties":{"lines":"7, 9","color":"#d6212b","mode":"tram","arr":["7","9"],"angle":-60.4,"side":-1}},{"type":"Feature","geometry":{"type":"Point","coordinates":[27.587672,47.151497]},"properties":{"lines":"7, 13","color":"#d6212b","mode":"tram","arr":["7","13","19","23","23b","28","41","501b"],"busLines":"19, 23, 23b, 28, 41, 501b","angle":47.1,"side":-1}},{"type":"Feature","geometry":{"type":"Point","coordinates":[27.588455,47.151213]},"properties":{"lines":"7, 13","color":"#d6212b","mode":"tram","arr":["7","13","23b","29","501b","801","802","802b"],"busLines":"23b, 29, 501b, 801, 802, 802b","angle":19.8}},{"type":"Feature","geometry":{"type":"Point","coordinates":[27.591878,47.150121]},"properties":{"lines":"7, 13","color":"#d6212b","mode":"tram","arr":["7","13","29","801","802","802b"],"busLines":"29, 801, 802, 802b","angle":25.4}},{"type":"Feature","geometry":{"type":"Point","coordinates":[27.590168,47.15068]},"properties":{"lines":"7, 13","color":"#d6212b","mode":"tram","arr":["7","13","29","801","802","802b"],"busLines":"29, 801, 802, 802b","angle":26,"extra":1,"ei":0}},{"type":"Feature","geometry":{"type":"Point","coordinates":[27.597771,47.160234]},"properties":{"lines":"8","color":"#d6212b","mode":"tram","arr":["8","42","43","43c","46"],"busLines":"42, 43, 43c, 46","angle":30.6}},{"type":"Feature","geometry":{"type":"Point","coordinates":[27.595771,47.161231]},"properties":{"lines":"8","color":"#d6212b","mode":"tram","arr":["8","42","43","43c","46"],"busLines":"42, 43, 43c, 46","angle":47.5,"extra":1,"ei":0}},{"type":"Feature","geometry":{"type":"Point","coordinates":[27.600128,47.158921]},"properties":{"lines":"8","color":"#d6212b","mode":"tram","arr":["8","42","43","43c","46"],"busLines":"42, 43, 43c, 46","angle":41.2,"extra":1,"ei":1}},{"type":"Feature","geometry":{"type":"Point","coordinates":[27.603532,47.156445]},"properties":{"lines":"8","color":"#d6212b","mode":"tram","arr":["8","42","43","43c","46","47"],"busLines":"42, 43, 43c, 46, 47","angle":55.7}},{"type":"Feature","geometry":{"type":"Point","coordinates":[27.601794,47.15817]},"properties":{"lines":"8","color":"#d6212b","mode":"tram","arr":["8","42","43","43c","46","47"],"busLines":"42, 43, 43c, 46, 47","angle":55.5,"extra":1,"ei":0}},{"type":"Feature","geometry":{"type":"Point","coordinates":[27.604331,47.154912]},"properties":{"lines":"8","color":"#d6212b","mode":"tram","arr":["8","42","43","43c","46","47"],"busLines":"42, 43, 43c, 46, 47","angle":-81.5,"extra":1,"ei":1,"side":-1}},{"type":"Feature","geometry":{"type":"Point","coordinates":[27.60307,47.150695]},"properties":{"lines":"8","color":"#d6212b","mode":"tram","arr":["8"],"angle":-78.5}},{"type":"Feature","geometry":{"type":"Point","coordinates":[27.603658,47.152664]},"properties":{"lines":"8","color":"#d6212b","mode":"tram","arr":["8"],"angle":-78.5,"extra":1,"ei":0}},{"type":"Feature","geometry":{"type":"Point","coordinates":[27.602554,47.148962]},"properties":{"lines":"8","color":"#d6212b","mode":"tram","arr":["8"],"angle":-78.6,"extra":1,"ei":1}}]}