{"type":"FeatureCollection","features":[{"type":"Feature","geometry":{"type":"Point","coordinates":[27.623999,47.156272]},"properties":{"name":"Tătărași Sud","lines":"18, 20, 27, 47, 401","arr":["18","20","27","47","401"],"terminus":1,"mode":"bus","color":"#0059a9","colorDark":"#00294f","angle":225.9,"snapDist":8,"label":1}},{"type":"Feature","geometry":{"type":"Point","coordinates":[27.627365,47.157117]},"properties":{"name":"Str. Locotenent Popovici","lines":"18","arr":["18"],"terminus":0,"mode":"bus","color":"#0059a9","colorDark":"#00294f","angle":142.6,"snapDist":3,"label":1}},{"type":"Feature","geometry":{"type":"Point","coordinates":[27.630143,47.158972]},"properties":{"name":"Str. Aviației","lines":"18","arr":["18"],"terminus":0,"mode":"bus","color":"#0059a9","colorDark":"#00294f","angle":51.8,"snapDist":0,"label":1}},{"type":"Feature","geometry":{"type":"Point","coordinates":[27.630221,47.16057]},"properties":{"name":"Str. Moților","lines":"18","arr":["18"],"terminus":0,"mode":"bus","color":"#0059a9","colorDark":"#00294f","angle":86.9,"snapDist":0,"label":1}},{"type":"Feature","geometry":{"type":"Point","coordinates":[27.630473,47.162158]},"properties":{"name":"Str. Mistrețului","lines":"18","arr":["18"],"terminus":1,"mode":"bus","color":"#0059a9","colorDark":"#00294f","angle":68.3,"snapDist":1,"label":1}},{"type":"Feature","geometry":{"type":"Point","coordinates":[27.537398,47.172416]},"properties":{"name":"Canta","lines":"19, 30, 902","arr":["19","30","902"],"terminus":1,"mode":"bus","color":"#0059a9","colorDark":"#00294f","angle":78.1,"snapDist":5,"label":1}},{"type":"Feature","geometry":{"type":"Point","coordinates":[27.545259,47.173236]},"properties":{"name":"Sergent Grigore Ioan","lines":"19, 30, 30b, 901","arr":["19","30","30b","901"],"terminus":0,"mode":"bus","color":"#0059a9","colorDark":"#00294f","angle":175.6,"snapDist":2,"label":1}},{"type":"Feature","geometry":{"type":"Point","coordinates":[27.550078,47.17348]},"properties":{"name":"Moara 1 Mai","lines":"19, 30, 30b, 901","arr":["19","30","30b","901"],"terminus":0,"mode":"bus","color":"#0059a9","colorDark":"#00294f","angle":176.4,"snapDist":0,"label":1}},{"type":"Feature","geometry":{"type":"Point","coordinates":[27.56149,47.171054]},"properties":{"name":"Octav Bancilă","lines":"19, 30, 30b, 901","arr":["19","30","30b","901"],"terminus":0,"mode":"bus","color":"#0059a9","colorDark":"#00294f","angle":215.4,"snapDist":15,"label":1}},{"type":"Feature","geometry":{"type":"Point","coordinates":[27.568339,47.167446]},"properties":{"name":"Str. Bacinschi","lines":"19, 30, 30b","arr":["19","30","30b"],"terminus":0,"mode":"bus","color":"#0059a9","colorDark":"#00294f","angle":218.8,"snapDist":0,"label":0}},{"type":"Feature","geometry":{"type":"Point","coordinates":[27.571082,47.165855]},"properties":{"name":"Gară","lines":"19, 30, 30b, 36","arr":["19","30","30b","36"],"terminus":0,"mode":"bus","color":"#0059a9","colorDark":"#00294f","angle":245.9,"snapDist":3,"label":0}},{"type":"Feature","geometry":{"type":"Point","coordinates":[27.573162,47.161426]},"properties":{"name":"Pasaj Alexandru cel Bun","lines":"19, 30, 30b, 36","arr":["19","30","30b","36"],"terminus":0,"mode":"bus","color":"#0059a9","colorDark":"#00294f","angle":277.8,"snapDist":3,"label":1}},{"type":"Feature","geometry":{"type":"Point","coordinates":[27.57606,47.156678]},"properties":{"name":"Podul de Piatră","lines":"19","arr":["19"],"terminus":0,"mode":"bus","color":"#0059a9","colorDark":"#00294f","angle":198.4,"snapDist":7,"label":1}},{"type":"Feature","geometry":{"type":"Point","coordinates":[27.582655,47.153758]},"properties":{"name":"Pod Cantemir","lines":"19","arr":["19"],"terminus":0,"mode":"bus","color":"#0059a9","colorDark":"#00294f","angle":214.3,"snapDist":1,"label":1}},{"type":"Feature","geometry":{"type":"Point","coordinates":[27.586407,47.152078]},"properties":{"name":"Podu Ros","lines":"19, 23","arr":["19","23"],"terminus":1,"mode":"bus","color":"#0059a9","colorDark":"#00294f","angle":213.5,"snapDist":5,"label":1}},{"type":"Feature","geometry":{"type":"Point","coordinates":[27.588203,47.150498]},"properties":{"name":"Podu Roș (2)","lines":"19, 47, 202, 203","arr":["19","47","202","203"],"terminus":1,"mode":"bus","color":"#0059a9","colorDark":"#00294f","angle":230.7,"snapDist":6,"label":1}},{"type":"Feature","geometry":{"type":"Point","coordinates":[27.592885,47.146722]},"properties":{"name":"Casa Sindicatelor","lines":"19, 30, 30b, 42, 43, 43c, 46, 202, 203","arr":["19","30","30b","42","43","43c","46","202","203"],"terminus":0,"mode":"bus","color":"#0059a9","colorDark":"#00294f","angle":226.5,"snapDist":9,"label":1}},{"type":"Feature","geometry":{"type":"Point","coordinates":[27.600168,47.141339]},"properties":{"name":"Frigorifer","lines":"19, 27, 30, 30b, 42, 43, 43c, 46, 202, 203","arr":["19","27","30","30b","42","43","43c","46","202","203"],"terminus":0,"mode":"bus","color":"#0059a9","colorDark":"#00294f","angle":224.8,"snapDist":0,"label":1}},{"type":"Feature","geometry":{"type":"Point","coordinates":[27.604519,47.137115]},"properties":{"name":"Cămine C.U.G.","lines":"19, 27, 42, 43, 43c","arr":["19","27","42","43","43c"],"terminus":0,"mode":"bus","color":"#0059a9","colorDark":"#00294f","angle":354.3,"snapDist":2,"label":1}},{"type":"Feature","geometry":{"type":"Point","coordinates":[27.600207,47.136841]},"properties":{"name":"Continental","lines":"19, 27, 42, 43, 43c","arr":["19","27","42","43","43c"],"terminus":0,"mode":"bus","color":"#0059a9","colorDark":"#00294f","angle":355.3,"snapDist":1,"label":1}},{"type":"Feature","geometry":{"type":"Point","coordinates":[27.594876,47.136477]},"properties":{"name":"Liceul C.U.G.","lines":"19, 27, 42, 43, 43c","arr":["19","27","42","43","43c"],"terminus":0,"mode":"bus","color":"#0059a9","colorDark":"#00294f","angle":353.6,"snapDist":6,"label":1}},{"type":"Feature","geometry":{"type":"Point","coordinates":[27.586769,47.135479]},"properties":{"name":"Blocuri Cetățuia","lines":"19, 27, 42, 43, 43c","arr":["19","27","42","43","43c"],"terminus":0,"mode":"bus","color":"#0059a9","colorDark":"#00294f","angle":348.3,"snapDist":3,"label":1}},{"type":"Feature","geometry":{"type":"Point","coordinates":[27.580401,47.134027]},"properties":{"name":"Bazar","lines":"19, 27, 42, 43, 43c","arr":["19","27","42","43","43c"],"terminus":0,"mode":"bus","color":"#0059a9","colorDark":"#00294f","angle":309,"snapDist":3,"label":1}},{"type":"Feature","geometry":{"type":"Point","coordinates":[27.576019,47.134043]},"properties":{"name":"C.U.G. I","lines":"19, 27, 42, 43, 43c","arr":["19","27","42","43","43c"],"terminus":1,"mode":"bus","color":"#0059a9","colorDark":"#00294f","angle":349.8,"snapDist":7,"label":1}},{"type":"Feature","geometry":{"type":"Point","coordinates":[27.575645,47.13364]},"properties":{"name":"C.U.G. I","lines":"19, 42, 43, 43c, 301, 502, 503","arr":["19","42","43","43c","301","502","503"],"terminus":1,"mode":"bus","color":"#0059a9","colorDark":"#00294f","angle":178.3,"snapDist":3,"label":0}},{"type":"Feature","geometry":{"type":"Point","coordinates":[27.580555,47.134046]},"properties":{"name":"Bazar","lines":"19, 27, 42, 43, 43c","arr":["19","27","42","43","43c"],"terminus":0,"mode":"bus","color":"#0059a9","colorDark":"#00294f","angle":131.1,"snapDist":4,"label":0}},{"type":"Feature","geometry":{"type":"Point","coordinates":[27.586494,47.13544]},"properties":{"name":"Blocuri Cetățuia","lines":"19, 27, 42, 43, 43c","arr":["19","27","42","43","43c"],"terminus":0,"mode":"bus","color":"#0059a9","colorDark":"#00294f","angle":168.3,"snapDist":3,"label":0}},{"type":"Feature","geometry":{"type":"Point","coordinates":[27.593837,47.13641]},"properties":{"name":"Liceul C.U.G.","lines":"19, 27, 42, 43, 43c","arr":["19","27","42","43","43c"],"terminus":0,"mode":"bus","color":"#0059a9","colorDark":"#00294f","angle":174,"snapDist":7,"label":0}},{"type":"Feature","geometry":{"type":"Point","coordinates":[27.600368,47.13685]},"properties":{"name":"Continental","lines":"19, 27, 42, 43, 43c","arr":["19","27","42","43","43c"],"terminus":0,"mode":"bus","color":"#0059a9","colorDark":"#00294f","angle":174.7,"snapDist":3,"label":0}},{"type":"Feature","geometry":{"type":"Point","coordinates":[27.604836,47.137102]},"properties":{"name":"Cămine C.U.G.","lines":"19, 27, 42, 43, 43c","arr":["19","27","42","43","43c"],"terminus":0,"mode":"bus","color":"#0059a9","colorDark":"#00294f","angle":263.3,"snapDist":2,"label":0}},{"type":"Feature","geometry":{"type":"Point","coordinates":[27.599258,47.141996]},"properties":{"name":"Frigorifer","lines":"19, 29, 30, 30b, 42, 43, 43c, 46, 202, 203, 801, 802, 802b","arr":["19","29","30","30b","42","43","43c","46","202","203","801","802","802b"],"terminus":0,"mode":"bus","color":"#0059a9","colorDark":"#00294f","angle":44.8,"snapDist":9,"label":0}},{"type":"Feature","geometry":{"type":"Point","coordinates":[27.594683,47.145225]},"properties":{"name":"Casa Sindicatelor","lines":"19, 29, 30, 30b, 42, 43, 43c, 46, 202, 203, 801, 802, 802b","arr":["19","29","30","30b","42","43","43c","46","202","203","801","802","802b"],"terminus":0,"mode":"bus","color":"#0059a9","colorDark":"#00294f","angle":45.3,"snapDist":8,"label":0}},{"type":"Feature","geometry":{"type":"Point","coordinates":[27.588509,47.150245]},"properties":{"name":"Podu Roș (2)","lines":"19, 29, 47, 202, 203, 801, 802, 802b","arr":["19","29","47","202","203","801","802","802b"],"terminus":1,"mode":"bus","color":"#0059a9","colorDark":"#00294f","angle":50.5,"snapDist":10,"label":0}},{"type":"Feature","geometry":{"type":"Point","coordinates":[27.586864,47.152588]},"properties":{"name":"Bis. Lipovenească","lines":"19, 23, 23b, 501, 501b","arr":["19","23","23b","501","501b"],"terminus":0,"mode":"bus","color":"#0059a9","colorDark":"#00294f","angle":31.6,"snapDist":5,"label":1}},{"type":"Feature","geometry":{"type":"Point","coordinates":[27.583718,47.15397]},"properties":{"name":"Pod Cantemir","lines":"19","arr":["19"],"terminus":0,"mode":"bus","color":"#0059a9","colorDark":"#00294f","angle":32.9,"snapDist":4,"label":0}},{"type":"Feature","geometry":{"type":"Point","coordinates":[27.576507,47.157288]},"properties":{"name":"Podul de Piatră","lines":"19","arr":["19"],"terminus":0,"mode":"bus","color":"#0059a9","colorDark":"#00294f","angle":43.9,"snapDist":6,"label":0}},{"type":"Feature","geometry":{"type":"Point","coordinates":[27.57334,47.161272]},"properties":{"name":"Pasaj ACB","lines":"19, 30, 30b, 36","arr":["19","30","30b","36"],"terminus":0,"mode":"bus","color":"#0059a9","colorDark":"#00294f","angle":94.7,"snapDist":2,"label":1}},{"type":"Feature","geometry":{"type":"Point","coordinates":[27.571522,47.165454]},"properties":{"name":"Gară","lines":"19, 30, 30b, 36","arr":["19","30","30b","36"],"terminus":0,"mode":"bus","color":"#0059a9","colorDark":"#00294f","angle":68.7,"snapDist":6,"label":0}},{"type":"Feature","geometry":{"type":"Point","coordinates":[27.568767,47.167379]},"properties":{"name":"Str. Bacinschi","lines":"19, 30, 30b, 901","arr":["19","30","30b","901"],"terminus":1,"mode":"bus","color":"#0059a9","colorDark":"#00294f","angle":37.9,"snapDist":6,"label":1}},{"type":"Feature","geometry":{"type":"Point","coordinates":[27.560626,47.171439]},"properties":{"name":"Octav Bancilă","lines":"19, 30, 30b, 901","arr":["19","30","30b","901"],"terminus":0,"mode":"bus","color":"#0059a9","colorDark":"#00294f","angle":32.7,"snapDist":6,"label":0}},{"type":"Feature","geometry":{"type":"Point","coordinates":[27.553034,47.173307]},"properties":{"name":"Moara 1 Mai","lines":"19, 30, 30b, 901","arr":["19","30","30b","901"],"terminus":0,"mode":"bus","color":"#0059a9","colorDark":"#00294f","angle":17.1,"snapDist":3,"label":1}},{"type":"Feature","geometry":{"type":"Point","coordinates":[27.544627,47.173265]},"properties":{"name":"Sergent Grigore Ioan","lines":"19, 30, 30b, 901","arr":["19","30","30b","901"],"terminus":0,"mode":"bus","color":"#0059a9","colorDark":"#00294f","angle":355.3,"snapDist":0,"label":0}},{"type":"Feature","geometry":{"type":"Point","coordinates":[27.537834,47.172316]},"properties":{"name":"Canta","lines":"19, 30, 902","arr":["19","30","902"],"terminus":1,"mode":"bus","color":"#0059a9","colorDark":"#00294f","angle":329.5,"snapDist":1,"label":0}},{"type":"Feature","geometry":{"type":"Point","coordinates":[27.62398,47.156286]},"properties":{"name":"Tătărași Sud","lines":"20, 27, 401","arr":["20","27","401"],"terminus":1,"mode":"bus","color":"#0059a9","colorDark":"#00294f","angle":45.9,"snapDist":4,"label":0}},{"type":"Feature","geometry":{"type":"Point","coordinates":[27.620436,47.158855]},"properties":{"name":"Flora","lines":"20, 27, 47","arr":["20","27","47"],"terminus":0,"mode":"bus","color":"#0059a9","colorDark":"#00294f","angle":46.4,"snapDist":8,"label":1}},{"type":"Feature","geometry":{"type":"Point","coordinates":[27.614587,47.159917]},"properties":{"name":"Dr. Savini","lines":"20, 27, 47","arr":["20","27","47"],"terminus":0,"mode":"bus","color":"#0059a9","colorDark":"#00294f","angle":12.5,"snapDist":4,"label":1}},{"type":"Feature","geometry":{"type":"Point","coordinates":[27.608273,47.161563]},"properties":{"name":"Tătărași Nord","lines":"20, 27","arr":["20","27"],"terminus":1,"mode":"bus","color":"#0059a9","colorDark":"#00294f","angle":214.9,"snapDist":4,"label":1}},{"type":"Feature","geometry":{"type":"Point","coordinates":[27.61062,47.160125]},"properties":{"name":"Spitalul Sf. Maria","lines":"20, 47","arr":["20","47"],"terminus":0,"mode":"bus","color":"#0059a9","colorDark":"#00294f","angle":0.4,"snapDist":3,"label":1}},{"type":"Feature","geometry":{"type":"Point","coordinates":[27.600553,47.159441]},"properties":{"name":"Citadin","lines":"20","arr":["20"],"terminus":0,"mode":"bus","color":"#0059a9","colorDark":"#00294f","angle":55.4,"snapDist":2,"label":1}},{"type":"Feature","geometry":{"type":"Point","coordinates":[27.596162,47.164536]},"properties":{"name":"Str. Conductelor","lines":"20","arr":["20"],"terminus":0,"mode":"bus","color":"#0059a9","colorDark":"#00294f","angle":63.9,"snapDist":1,"label":1}},{"type":"Feature","geometry":{"type":"Point","coordinates":[27.59498,47.166159]},"properties":{"name":"Podu de Fier","lines":"20","arr":["20"],"terminus":0,"mode":"bus","color":"#0059a9","colorDark":"#00294f","angle":64.6,"snapDist":3,"label":1}},{"type":"Feature","geometry":{"type":"Point","coordinates":[27.589332,47.165787]},"properties":{"name":"Tg. Cucu","lines":"20, 28, 41, 42, 43, 43c, 46, 50","arr":["20","28","41","42","43","43c","46","50"],"terminus":0,"mode":"bus","color":"#0059a9","colorDark":"#00294f","angle":20.5,"snapDist":4,"label":0}},{"type":"Feature","geometry":{"type":"Point","coordinates":[27.579175,47.168586]},"properties":{"name":"Piața Independenței","lines":"20, 28, 36, 41, 42, 43, 43c, 46, 50","arr":["20","28","36","41","42","43","43c","46","50"],"terminus":1,"mode":"bus","color":"#0059a9","colorDark":"#00294f","angle":30,"snapDist":1,"label":1}},{"type":"Feature","geometry":{"type":"Point","coordinates":[27.57119,47.170866]},"properties":{"name":"Blocuri Păcurari","lines":"20, 43, 43c, 46, 52","arr":["20","43","43c","46","52"],"terminus":0,"mode":"bus","color":"#0059a9","colorDark":"#00294f","angle":18.9,"snapDist":2,"label":1}},{"type":"Feature","geometry":{"type":"Point","coordinates":[27.559073,47.173586]},"properties":{"name":"Petru Poni","lines":"20, 43, 43c, 46","arr":["20","43","43c","46"],"terminus":0,"mode":"bus","color":"#0059a9","colorDark":"#00294f","angle":12.6,"snapDist":5,"label":1}},{"type":"Feature","geometry":{"type":"Point","coordinates":[27.550445,47.174463]},"properties":{"name":"Moara 1 Mai","lines":"20, 43, 43c, 46","arr":["20","43","43c","46"],"terminus":0,"mode":"bus","color":"#0059a9","colorDark":"#00294f","angle":6.1,"snapDist":7,"label":0}},{"type":"Feature","geometry":{"type":"Point","coordinates":[27.544136,47.174786]},"properties":{"name":"Cimitirul Evreiesc","lines":"20, 43, 43c, 46","arr":["20","43","43c","46"],"terminus":0,"mode":"bus","color":"#0059a9","colorDark":"#00294f","angle":3.8,"snapDist":1,"label":1}},{"type":"Feature","geometry":{"type":"Point","coordinates":[27.537383,47.173502]},"properties":{"name":"OMV Păcurari","lines":"20, 43, 43c, 46, 902","arr":["20","43","43c","46","902"],"terminus":0,"mode":"bus","color":"#0059a9","colorDark":"#00294f","angle":347.6,"snapDist":3,"label":1}},{"type":"Feature","geometry":{"type":"Point","coordinates":[27.53372,47.173044]},"properties":{"name":"Păcurari","lines":"20, 43, 43c, 46, 702, 902","arr":["20","43","43c","46","702","902"],"terminus":1,"mode":"bus","color":"#0059a9","colorDark":"#00294f","angle":349.8,"snapDist":4,"label":1}},{"type":"Feature","geometry":{"type":"Point","coordinates":[27.520079,47.172475]},"properties":{"name":"Popas Păcurari","lines":"20, 30b, 43c, 901","arr":["20","30b","43c","901"],"terminus":0,"mode":"bus","color":"#0059a9","colorDark":"#00294f","angle":358.4,"snapDist":1,"label":1}},{"type":"Feature","geometry":{"type":"Point","coordinates":[27.513453,47.169077]},"properties":{"name":"Mall Moldova","lines":"20","arr":["20"],"terminus":0,"mode":"bus","color":"#0059a9","colorDark":"#00294f","angle":187.4,"snapDist":2,"label":0}},{"type":"Feature","geometry":{"type":"Point","coordinates":[27.51505,47.170058]},"properties":{"name":"Leroy Merlin MALL MOLDOVA","lines":"20","arr":["20"],"terminus":0,"mode":"bus","color":"#0059a9","colorDark":"#00294f","angle":175,"snapDist":0,"label":1}},{"type":"Feature","geometry":{"type":"Point","coordinates":[27.506687,47.173837]},"properties":{"name":"Str. 1 Decembrie V.Lupului","lines":"20","arr":["20"],"terminus":0,"mode":"bus","color":"#0059a9","colorDark":"#00294f","angle":14,"snapDist":3,"label":1}},{"type":"Feature","geometry":{"type":"Point","coordinates":[27.498825,47.175166]},"properties":{"name":"Troița V.Lupului","lines":"20","arr":["20"],"terminus":0,"mode":"bus","color":"#0059a9","colorDark":"#00294f","angle":17.7,"snapDist":3,"label":1}},{"type":"Feature","geometry":{"type":"Point","coordinates":[27.488983,47.177306]},"properties":{"name":"Antibiotice","lines":"20","arr":["20"],"terminus":0,"mode":"bus","color":"#0059a9","colorDark":"#00294f","angle":19.2,"snapDist":4,"label":1}},{"type":"Feature","geometry":{"type":"Point","coordinates":[27.474242,47.180609]},"properties":{"name":"Dedeman","lines":"20","arr":["20"],"terminus":0,"mode":"bus","color":"#0059a9","colorDark":"#00294f","angle":17.5,"snapDist":7,"label":1}},{"type":"Feature","geometry":{"type":"Point","coordinates":[27.468988,47.181248]},"properties":{"name":"METRO","lines":"20","arr":["20"],"terminus":1,"mode":"bus","color":"#0059a9","colorDark":"#00294f","angle":-72.7,"snapDist":6,"label":1}},{"type":"Feature","geometry":{"type":"Point","coordinates":[27.468963,47.181196]},"properties":{"name":"METRO","lines":"20","arr":["20"],"terminus":1,"mode":"bus","color":"#0059a9","colorDark":"#00294f","angle":107.3,"snapDist":3,"label":0}},{"type":"Feature","geometry":{"type":"Point","coordinates":[27.488074,47.177437]},"properties":{"name":"Antibiotice","lines":"20","arr":["20"],"terminus":0,"mode":"bus","color":"#0059a9","colorDark":"#00294f","angle":198.5,"snapDist":4,"label":0}},{"type":"Feature","geometry":{"type":"Point","coordinates":[27.499122,47.175027]},"properties":{"name":"Troița V.Lupului","lines":"20","arr":["20"],"terminus":0,"mode":"bus","color":"#0059a9","colorDark":"#00294f","angle":196.2,"snapDist":0,"label":0}},{"type":"Feature","geometry":{"type":"Point","coordinates":[27.506099,47.173863]},"properties":{"name":"Str. 1 Decembrie V.Lupului","lines":"20","arr":["20"],"terminus":0,"mode":"bus","color":"#0059a9","colorDark":"#00294f","angle":193.3,"snapDist":2,"label":0}},{"type":"Feature","geometry":{"type":"Point","coordinates":[27.512975,47.169119]},"properties":{"name":"Mall Moldova","lines":"20, 30b, 43c","arr":["20","30b","43c"],"terminus":1,"mode":"bus","color":"#0059a9","colorDark":"#00294f","angle":187.4,"snapDist":3,"label":1}},{"type":"Feature","geometry":{"type":"Point","coordinates":[27.51515,47.170064]},"properties":{"name":"Leroy Merlin Mall Moldova","lines":"20, 30b, 43c","arr":["20","30b","43c"],"terminus":0,"mode":"bus","color":"#0059a9","colorDark":"#00294f","angle":175,"snapDist":0,"label":1}},{"type":"Feature","geometry":{"type":"Point","coordinates":[27.520186,47.172406]},"properties":{"name":"Popas Păcurari","lines":"20, 30b, 43c, 901","arr":["20","30b","43c","901"],"terminus":0,"mode":"bus","color":"#0059a9","colorDark":"#00294f","angle":178,"snapDist":0,"label":0}},{"type":"Feature","geometry":{"type":"Point","coordinates":[27.533676,47.172937]},"properties":{"name":"Pacurari","lines":"20, 43, 43c, 46, 702","arr":["20","43","43c","46","702"],"terminus":1,"mode":"bus","color":"#0059a9","colorDark":"#00294f","angle":170.2,"snapDist":2,"label":1}},{"type":"Feature","geometry":{"type":"Point","coordinates":[27.538588,47.173659]},"properties":{"name":"OMV Păcurari","lines":"20, 43, 43c, 46","arr":["20","43","43c","46"],"terminus":0,"mode":"bus","color":"#0059a9","colorDark":"#00294f","angle":169.6,"snapDist":6,"label":0}},{"type":"Feature","geometry":{"type":"Point","coordinates":[27.544225,47.174716]},"properties":{"name":"Cimitirul Evreiesc","lines":"20, 43, 43c, 46","arr":["20","43","43c","46"],"terminus":0,"mode":"bus","color":"#0059a9","colorDark":"#00294f","angle":183.6,"snapDist":2,"label":0}},{"type":"Feature","geometry":{"type":"Point","coordinates":[27.552302,47.174259]},"properties":{"name":"Moara 1 Mai","lines":"20, 43, 43c, 46","arr":["20","43","43c","46"],"terminus":0,"mode":"bus","color":"#0059a9","colorDark":"#00294f","angle":186.9,"snapDist":1,"label":0}},{"type":"Feature","geometry":{"type":"Point","coordinates":[27.558453,47.173614]},"properties":{"name":"Petru Poni","lines":"20, 43, 43c, 46","arr":["20","43","43c","46"],"terminus":0,"mode":"bus","color":"#0059a9","colorDark":"#00294f","angle":192.5,"snapDist":7,"label":0}},{"type":"Feature","geometry":{"type":"Point","coordinates":[27.570938,47.170923]},"properties":{"name":"Blocuri Păcurari","lines":"20, 43, 43c, 46, 52","arr":["20","43","43c","46","52"],"terminus":0,"mode":"bus","color":"#0059a9","colorDark":"#00294f","angle":198.2,"snapDist":7,"label":0}},{"type":"Feature","geometry":{"type":"Point","coordinates":[27.580837,47.167932]},"properties":{"name":"Piața Independenței","lines":"20, 28, 41, 42, 43, 43c, 46","arr":["20","28","41","42","43","43c","46"],"terminus":0,"mode":"bus","color":"#0059a9","colorDark":"#00294f","angle":207.6,"snapDist":2,"label":0}},{"type":"Feature","geometry":{"type":"Point","coordinates":[27.590936,47.164725]},"properties":{"name":"Tg. Cucu","lines":"20, 28, 41, 42, 43, 43c, 46, 50, 601","arr":["20","28","41","42","43","43c","46","50","601"],"terminus":1,"mode":"bus","color":"#0059a9","colorDark":"#00294f","angle":245.9,"snapDist":1,"label":1}},{"type":"Feature","geometry":{"type":"Point","coordinates":[27.594699,47.166556]},"properties":{"name":"Podu de Fier","lines":"20","arr":["20"],"terminus":0,"mode":"bus","color":"#0059a9","colorDark":"#00294f","angle":244.2,"snapDist":4,"label":0}},{"type":"Feature","geometry":{"type":"Point","coordinates":[27.596275,47.164379]},"properties":{"name":"Str. Conductelor","lines":"20","arr":["20"],"terminus":0,"mode":"bus","color":"#0059a9","colorDark":"#00294f","angle":243.6,"snapDist":9,"label":0}},{"type":"Feature","geometry":{"type":"Point","coordinates":[27.599735,47.160151]},"properties":{"name":"Bucșinescu","lines":"20","arr":["20"],"terminus":0,"mode":"bus","color":"#0059a9","colorDark":"#00294f","angle":236.3,"snapDist":2,"label":1}},{"type":"Feature","geometry":{"type":"Point","coordinates":[27.60947,47.160118]},"properties":{"name":"Spitalul Sf. Maria","lines":"20, 47","arr":["20","47"],"terminus":0,"mode":"bus","color":"#0059a9","colorDark":"#00294f","angle":176.5,"snapDist":0,"label":0}},{"type":"Feature","geometry":{"type":"Point","coordinates":[27.61328,47.160006]},"properties":{"name":"Dr. Savini","lines":"20, 27, 47","arr":["20","27","47"],"terminus":0,"mode":"bus","color":"#0059a9","colorDark":"#00294f","angle":218,"snapDist":1,"label":0}},{"type":"Feature","geometry":{"type":"Point","coordinates":[27.618909,47.159154]},"properties":{"name":"Flora","lines":"20, 27, 47","arr":["20","27","47"],"terminus":0,"mode":"bus","color":"#0059a9","colorDark":"#00294f","angle":193.2,"snapDist":0,"label":0}},{"type":"Feature","geometry":{"type":"Point","coordinates":[27.585969,47.149758]},"properties":{"name":"Podu Roș (3)","lines":"23, 23b, 28, 41, 47, 501","arr":["23","23b","28","41","47","501"],"terminus":0,"mode":"bus","color":"#0059a9","colorDark":"#00294f","angle":300.2,"snapDist":1,"label":1}},{"type":"Feature","geometry":{"type":"Point","coordinates":[27.580275,47.142723]},"properties":{"name":"Pod Nicolina","lines":"23, 23b, 41, 501, 501b","arr":["23","23b","41","501","501b"],"terminus":0,"mode":"bus","color":"#0059a9","colorDark":"#00294f","angle":286.4,"snapDist":2,"label":1}},{"type":"Feature","geometry":{"type":"Point","coordinates":[27.578169,47.139704]},"properties":{"name":"Tudor Neculai","lines":"23, 23b, 501, 501b","arr":["23","23b","501","501b"],"terminus":0,"mode":"bus","color":"#0059a9","colorDark":"#00294f","angle":53,"snapDist":5,"label":1}},{"type":"Feature","geometry":{"type":"Point","coordinates":[27.568815,47.144462]},"properties":{"name":"Sos. Voinești","lines":"23, 23b, 501, 501b","arr":["23","23b","501","501b"],"terminus":0,"mode":"bus","color":"#0059a9","colorDark":"#00294f","angle":21.9,"snapDist":6,"label":1}},{"type":"Feature","geometry":{"type":"Point","coordinates":[27.561923,47.147938]},"properties":{"name":"Centrul Maternal Maternus","lines":"23, 23b, 501, 501b","arr":["23","23b","501","501b"],"terminus":0,"mode":"bus","color":"#0059a9","colorDark":"#00294f","angle":32.1,"snapDist":4,"label":1}},{"type":"Feature","geometry":{"type":"Point","coordinates":[27.556007,47.146892]},"properties":{"name":"Complex Class Residence","lines":"23, 23b, 501, 501b","arr":["23","23b","501","501b"],"terminus":0,"mode":"bus","color":"#0059a9","colorDark":"#00294f","angle":345.7,"snapDist":2,"label":1}},{"type":"Feature","geometry":{"type":"Point","coordinates":[27.549503,47.145819]},"properties":{"name":"Complex Sun City","lines":"23, 23b, 501, 501b","arr":["23","23b","501","501b"],"terminus":0,"mode":"bus","color":"#0059a9","colorDark":"#00294f","angle":345.4,"snapDist":3,"label":1}},{"type":"Feature","geometry":{"type":"Point","coordinates":[27.539321,47.145074]},"properties":{"name":"Str. Viilor","lines":"23, 23b, 501, 501b","arr":["23","23b","501","501b"],"terminus":0,"mode":"bus","color":"#0059a9","colorDark":"#00294f","angle":353.1,"snapDist":5,"label":1}},{"type":"Feature","geometry":{"type":"Point","coordinates":[27.531887,47.146246]},"properties":{"name":"Str. Constantin Langa","lines":"23, 23b, 501, 501b","arr":["23","23b","501","501b"],"terminus":0,"mode":"bus","color":"#0059a9","colorDark":"#00294f","angle":26.8,"snapDist":5,"label":1}},{"type":"Feature","geometry":{"type":"Point","coordinates":[27.528135,47.146241]},"properties":{"name":"Primaria Miroslava","lines":"23, 23b, 501, 501b","arr":["23","23b","501","501b"],"terminus":1,"mode":"bus","color":"#0059a9","colorDark":"#00294f","angle":165.8,"snapDist":5,"label":1}},{"type":"Feature","geometry":{"type":"Point","coordinates":[27.532003,47.146206]},"properties":{"name":"Str. Constantin Langa","lines":"23, 23b, 501, 501b","arr":["23","23b","501","501b"],"terminus":0,"mode":"bus","color":"#0059a9","colorDark":"#00294f","angle":206.7,"snapDist":2,"label":0}},{"type":"Feature","geometry":{"type":"Point","coordinates":[27.540173,47.145112]},"properties":{"name":"Str. Viilor","lines":"23, 23b, 501, 501b","arr":["23","23b","501","501b"],"terminus":0,"mode":"bus","color":"#0059a9","colorDark":"#00294f","angle":177.8,"snapDist":2,"label":0}},{"type":"Feature","geometry":{"type":"Point","coordinates":[27.5494,47.145801]},"properties":{"name":"Complex Sun City","lines":"23, 23b, 501, 501b","arr":["23","23b","501","501b"],"terminus":0,"mode":"bus","color":"#0059a9","colorDark":"#00294f","angle":165.4,"snapDist":2,"label":0}},{"type":"Feature","geometry":{"type":"Point","coordinates":[27.555211,47.14676]},"properties":{"name":"Complex Class Residence","lines":"23, 23b, 501, 501b","arr":["23","23b","501","501b"],"terminus":0,"mode":"bus","color":"#0059a9","colorDark":"#00294f","angle":168.2,"snapDist":3,"label":0}},{"type":"Feature","geometry":{"type":"Point","coordinates":[27.562107,47.147854]},"properties":{"name":"Centrul Maternal Maternus","lines":"23, 23b, 501, 501b","arr":["23","23b","501","501b"],"terminus":0,"mode":"bus","color":"#0059a9","colorDark":"#00294f","angle":214.5,"snapDist":2,"label":0}},{"type":"Feature","geometry":{"type":"Point","coordinates":[27.570071,47.144018]},"properties":{"name":"Sos. Voinești","lines":"23, 23b, 501, 501b","arr":["23","23b","501","501b"],"terminus":0,"mode":"bus","color":"#0059a9","colorDark":"#00294f","angle":208.4,"snapDist":2,"label":0}},{"type":"Feature","geometry":{"type":"Point","coordinates":[27.572626,47.142764]},"properties":{"name":"Tudor Neculai","lines":"23, 23b, 501b","arr":["23","23b","501b"],"terminus":0,"mode":"bus","color":"#0059a9","colorDark":"#00294f","angle":222.1,"snapDist":1,"label":1}},{"type":"Feature","geometry":{"type":"Point","coordinates":[27.580665,47.143071]},"properties":{"name":"Pod Nicolina","lines":"23, 23b, 41, 501, 501b","arr":["23","23b","41","501","501b"],"terminus":0,"mode":"bus","color":"#0059a9","colorDark":"#00294f","angle":112.7,"snapDist":1,"label":0}},{"type":"Feature","geometry":{"type":"Point","coordinates":[27.586471,47.150087]},"properties":{"name":"Podu Roș (3)","lines":"23, 23b, 28, 41, 47, 501, 501b","arr":["23","23b","28","41","47","501","501b"],"terminus":0,"mode":"bus","color":"#0059a9","colorDark":"#00294f","angle":-59.5,"snapDist":7,"label":0}},{"type":"Feature","geometry":{"type":"Point","coordinates":[27.586387,47.152087]},"properties":{"name":"Podu Ros (4)","lines":"23b, 501, 501b","arr":["23b","501","501b"],"terminus":1,"mode":"bus","color":"#0059a9","colorDark":"#00294f","angle":213.5,"snapDist":5,"label":1}},{"type":"Feature","geometry":{"type":"Point","coordinates":[27.527679,47.145682]},"properties":{"name":"Primaria Miroslava","lines":"23b, 503b","arr":["23b","503b"],"terminus":0,"mode":"bus","color":"#0059a9","colorDark":"#00294f","angle":253.1,"snapDist":3,"label":0}},{"type":"Feature","geometry":{"type":"Point","coordinates":[27.517562,47.116169]},"properties":{"name":"Dancas - DC 28","lines":"23b","arr":["23b"],"terminus":0,"mode":"bus","color":"#0059a9","colorDark":"#00294f","angle":252.4,"snapDist":3,"label":1}},{"type":"Feature","geometry":{"type":"Point","coordinates":[27.508371,47.109241]},"properties":{"name":"Centrul de zi Cornesti","lines":"23b","arr":["23b"],"terminus":0,"mode":"bus","color":"#0059a9","colorDark":"#00294f","angle":340.3,"snapDist":5,"label":1}},{"type":"Feature","geometry":{"type":"Point","coordinates":[27.500121,47.110051]},"properties":{"name":"Centru Proselnici","lines":"23b","arr":["23b"],"terminus":0,"mode":"bus","color":"#0059a9","colorDark":"#00294f","angle":38,"snapDist":12,"label":1}},{"type":"Feature","geometry":{"type":"Point","coordinates":[27.486,47.11021]},"properties":{"name":"Scoala Proselnici","lines":"23b","arr":["23b"],"terminus":1,"mode":"bus","color":"#0059a9","colorDark":"#00294f","angle":109.3,"snapDist":6,"label":1}},{"type":"Feature","geometry":{"type":"Point","coordinates":[27.485996,47.110201]},"properties":{"name":"Scoala Proselnici","lines":"23b","arr":["23b"],"terminus":1,"mode":"bus","color":"#0059a9","colorDark":"#00294f","angle":289.3,"snapDist":3,"label":0}},{"type":"Feature","geometry":{"type":"Point","coordinates":[27.500134,47.110044]},"properties":{"name":"Centru Proselnici","lines":"23b","arr":["23b"],"terminus":0,"mode":"bus","color":"#0059a9","colorDark":"#00294f","angle":218,"snapDist":1,"label":0}},{"type":"Feature","geometry":{"type":"Point","coordinates":[27.50835,47.109236]},"properties":{"name":"Centrul de zi Cornesti","lines":"23b","arr":["23b"],"terminus":0,"mode":"bus","color":"#0059a9","colorDark":"#00294f","angle":160.3,"snapDist":2,"label":0}},{"type":"Feature","geometry":{"type":"Point","coordinates":[27.517587,47.116116]},"properties":{"name":"Dancas - DC28","lines":"23b","arr":["23b"],"terminus":0,"mode":"bus","color":"#0059a9","colorDark":"#00294f","angle":72.4,"snapDist":7,"label":1}},{"type":"Feature","geometry":{"type":"Point","coordinates":[27.621537,47.152074]},"properties":{"name":"Pod Metalurgie","lines":"27","arr":["27"],"terminus":0,"mode":"bus","color":"#0059a9","colorDark":"#00294f","angle":281.9,"snapDist":2,"label":1}},{"type":"Feature","geometry":{"type":"Point","coordinates":[27.620574,47.148917]},"properties":{"name":"C.F.S.II","lines":"27","arr":["27"],"terminus":0,"mode":"bus","color":"#0059a9","colorDark":"#00294f","angle":281.8,"snapDist":4,"label":1}},{"type":"Feature","geometry":{"type":"Point","coordinates":[27.619758,47.146273]},"properties":{"name":"Piața Ing. Virgil Săhleanu","lines":"27","arr":["27"],"terminus":0,"mode":"bus","color":"#0059a9","colorDark":"#00294f","angle":281.7,"snapDist":4,"label":1}},{"type":"Feature","geometry":{"type":"Point","coordinates":[27.617523,47.145951]},"properties":{"name":"C.F.S.","lines":"27, 29, 801, 802, 802b","arr":["27","29","801","802","802b"],"terminus":0,"mode":"bus","color":"#0059a9","colorDark":"#00294f","angle":12.1,"snapDist":1,"label":1}},{"type":"Feature","geometry":{"type":"Point","coordinates":[27.610507,47.146935]},"properties":{"name":"Baza 3","lines":"27, 29, 801, 802, 802b","arr":["27","29","801","802","802b"],"terminus":0,"mode":"bus","color":"#0059a9","colorDark":"#00294f","angle":11.6,"snapDist":9,"label":1}},{"type":"Feature","geometry":{"type":"Point","coordinates":[27.606361,47.144841]},"properties":{"name":"Moldomobila","lines":"27, 29, 801, 802, 802b","arr":["27","29","801","802","802b"],"terminus":0,"mode":"bus","color":"#0059a9","colorDark":"#00294f","angle":324.7,"snapDist":1,"label":1}},{"type":"Feature","geometry":{"type":"Point","coordinates":[27.602568,47.143036]},"properties":{"name":"Liceul de Construcții","lines":"27, 29, 801, 802, 802b","arr":["27","29","801","802","802b"],"terminus":0,"mode":"bus","color":"#0059a9","colorDark":"#00294f","angle":325.2,"snapDist":5,"label":1}},{"type":"Feature","geometry":{"type":"Point","coordinates":[27.572013,47.133395]},"properties":{"name":"C.U.G. I","lines":"27, 41, 44, 301, 502, 503b","arr":["27","41","44","301","502","503b"],"terminus":0,"mode":"bus","color":"#0059a9","colorDark":"#00294f","angle":296.1,"snapDist":4,"label":1}},{"type":"Feature","geometry":{"type":"Point","coordinates":[27.569231,47.129425]},"properties":{"name":"Biserica Înălțarea Domnului","lines":"27, 41, 44, 301, 502, 503, 503b","arr":["27","41","44","301","502","503","503b"],"terminus":0,"mode":"bus","color":"#0059a9","colorDark":"#00294f","angle":295.4,"snapDist":6,"label":1}},{"type":"Feature","geometry":{"type":"Point","coordinates":[27.567244,47.125094]},"properties":{"name":"Spital Elytis","lines":"27, 41, 44, 301, 502, 503, 503b","arr":["27","41","44","301","502","503","503b"],"terminus":0,"mode":"bus","color":"#0059a9","colorDark":"#00294f","angle":269.4,"snapDist":1,"label":1}},{"type":"Feature","geometry":{"type":"Point","coordinates":[27.564425,47.119507]},"properties":{"name":"Vama II","lines":"27, 41, 44, 301, 502, 503, 503b","arr":["27","41","44","301","502","503","503b"],"terminus":0,"mode":"bus","color":"#0059a9","colorDark":"#00294f","angle":293.1,"snapDist":3,"label":1}},{"type":"Feature","geometry":{"type":"Point","coordinates":[27.56304,47.117281]},"properties":{"name":"Oțelarie","lines":"27, 41, 44, 301, 502, 503, 503b","arr":["27","41","44","301","502","503","503b"],"terminus":0,"mode":"bus","color":"#0059a9","colorDark":"#00294f","angle":293,"snapDist":0,"label":1}},{"type":"Feature","geometry":{"type":"Point","coordinates":[27.561104,47.114194]},"properties":{"name":"Baza Nautică","lines":"27, 41, 44, 301, 502","arr":["27","41","44","301","502"],"terminus":0,"mode":"bus","color":"#0059a9","colorDark":"#00294f","angle":293.6,"snapDist":5,"label":1}},{"type":"Feature","geometry":{"type":"Point","coordinates":[27.559596,47.110744]},"properties":{"name":"Horpaz","lines":"27, 41, 44, 301, 502","arr":["27","41","44","301","502"],"terminus":0,"mode":"bus","color":"#0059a9","colorDark":"#00294f","angle":297.7,"snapDist":1,"label":1}},{"type":"Feature","geometry":{"type":"Point","coordinates":[27.559616,47.105615]},"properties":{"name":"Sere Ciurea","lines":"27, 41, 44, 301","arr":["27","41","44","301"],"terminus":0,"mode":"bus","color":"#0059a9","colorDark":"#00294f","angle":268.9,"snapDist":2,"label":1}},{"type":"Feature","geometry":{"type":"Point","coordinates":[27.559759,47.100665]},"properties":{"name":"Lunca Cetățuii","lines":"27, 41, 44, 301","arr":["27","41","44","301"],"terminus":0,"mode":"bus","color":"#0059a9","colorDark":"#00294f","angle":268.4,"snapDist":1,"label":1}},{"type":"Feature","geometry":{"type":"Point","coordinates":[27.559019,47.097186]},"properties":{"name":"Astoria","lines":"27, 41, 44, 301","arr":["27","41","44","301"],"terminus":0,"mode":"bus","color":"#0059a9","colorDark":"#00294f","angle":279.4,"snapDist":1,"label":1}},{"type":"Feature","geometry":{"type":"Point","coordinates":[27.561188,47.096684]},"properties":{"name":"Blocuri Ciurea","lines":"27, 41, 44","arr":["27","41","44"],"terminus":1,"mode":"bus","color":"#0059a9","colorDark":"#00294f","angle":189.3,"snapDist":2,"label":1}},{"type":"Feature","geometry":{"type":"Point","coordinates":[27.566582,47.09664]},"properties":{"name":"Blocuri Ciurea","lines":"27, 41, 44","arr":["27","41","44"],"terminus":1,"mode":"bus","color":"#0059a9","colorDark":"#00294f","angle":277.8,"snapDist":1,"label":1}},{"type":"Feature","geometry":{"type":"Point","coordinates":[27.558987,47.097052]},"properties":{"name":"Astoria","lines":"27, 41, 44, 301","arr":["27","41","44","301"],"terminus":0,"mode":"bus","color":"#0059a9","colorDark":"#00294f","angle":99.1,"snapDist":2,"label":0}},{"type":"Feature","geometry":{"type":"Point","coordinates":[27.55974,47.100332]},"properties":{"name":"Lunca Cetățuii","lines":"27, 41, 44, 301","arr":["27","41","44","301"],"terminus":0,"mode":"bus","color":"#0059a9","colorDark":"#00294f","angle":94.2,"snapDist":3,"label":0}},{"type":"Feature","geometry":{"type":"Point","coordinates":[27.559643,47.104863]},"properties":{"name":"Sere Ciurea","lines":"27, 41, 44, 301","arr":["27","41","44","301"],"terminus":0,"mode":"bus","color":"#0059a9","colorDark":"#00294f","angle":88.2,"snapDist":5,"label":0}},{"type":"Feature","geometry":{"type":"Point","coordinates":[27.559379,47.110458]},"properties":{"name":"Horpaz","lines":"27, 41, 44, 301, 502","arr":["27","41","44","301","502"],"terminus":0,"mode":"bus","color":"#0059a9","colorDark":"#00294f","angle":116,"snapDist":1,"label":0}},{"type":"Feature","geometry":{"type":"Point","coordinates":[27.560982,47.114003]},"properties":{"name":"Baza Nautică","lines":"27, 41, 44, 301, 502","arr":["27","41","44","301","502"],"terminus":0,"mode":"bus","color":"#0059a9","colorDark":"#00294f","angle":112.9,"snapDist":2,"label":0}},{"type":"Feature","geometry":{"type":"Point","coordinates":[27.562715,47.11675]},"properties":{"name":"Oțelărie","lines":"27, 41, 44, 301, 502, 503, 503b","arr":["27","41","44","301","502","503","503b"],"terminus":0,"mode":"bus","color":"#0059a9","colorDark":"#00294f","angle":112.1,"snapDist":2,"label":1}},{"type":"Feature","geometry":{"type":"Point","coordinates":[27.564304,47.119247]},"properties":{"name":"Vama II","lines":"27, 41, 44, 301, 502, 503, 503b","arr":["27","41","44","301","502","503","503b"],"terminus":0,"mode":"bus","color":"#0059a9","colorDark":"#00294f","angle":116.3,"snapDist":2,"label":0}},{"type":"Feature","geometry":{"type":"Point","coordinates":[27.567047,47.12349]},"properties":{"name":"Spital Elytis","lines":"27, 41, 44, 301, 502, 503, 503b","arr":["27","41","44","301","502","503","503b"],"terminus":0,"mode":"bus","color":"#0059a9","colorDark":"#00294f","angle":116.4,"snapDist":4,"label":0}},{"type":"Feature","geometry":{"type":"Point","coordinates":[27.568612,47.12853]},"properties":{"name":"Biserica Înălțarea Domnului","lines":"27, 41, 44, 301, 502, 503, 503b","arr":["27","41","44","301","502","503","503b"],"terminus":0,"mode":"bus","color":"#0059a9","colorDark":"#00294f","angle":115.4,"snapDist":5,"label":0}},{"type":"Feature","geometry":{"type":"Point","coordinates":[27.575491,47.133987]},"properties":{"name":"C.U.G. I","lines":"27","arr":["27"],"terminus":0,"mode":"bus","color":"#0059a9","colorDark":"#00294f","angle":172.1,"snapDist":3,"label":0}},{"type":"Feature","geometry":{"type":"Point","coordinates":[27.600111,47.141791]},"properties":{"name":"Frigorifer","lines":"27","arr":["27"],"terminus":0,"mode":"bus","color":"#0059a9","colorDark":"#00294f","angle":144.1,"snapDist":1,"label":0}},{"type":"Feature","geometry":{"type":"Point","coordinates":[27.608794,47.145997]},"properties":{"name":"Baza 3","lines":"27","arr":["27"],"terminus":0,"mode":"bus","color":"#0059a9","colorDark":"#00294f","angle":145.8,"snapDist":3,"label":0}},{"type":"Feature","geometry":{"type":"Point","coordinates":[27.61539,47.146102]},"properties":{"name":"C.F.S.","lines":"27, 29, 801, 802, 802b","arr":["27","29","801","802","802b"],"terminus":0,"mode":"bus","color":"#0059a9","colorDark":"#00294f","angle":192.1,"snapDist":7,"label":0}},{"type":"Feature","geometry":{"type":"Point","coordinates":[27.61884,47.145608]},"properties":{"name":"Piața Ing. Virgil Săhleanu","lines":"27, 29, 801, 802, 802b","arr":["27","29","801","802","802b"],"terminus":0,"mode":"bus","color":"#0059a9","colorDark":"#00294f","angle":191.6,"snapDist":1,"label":0}},{"type":"Feature","geometry":{"type":"Point","coordinates":[27.620272,47.147934]},"properties":{"name":"C.F.S. II","lines":"27","arr":["27"],"terminus":0,"mode":"bus","color":"#0059a9","colorDark":"#00294f","angle":101.7,"snapDist":3,"label":1}},{"type":"Feature","geometry":{"type":"Point","coordinates":[27.620931,47.150081]},"properties":{"name":"Pod Metalurgie","lines":"27","arr":["27"],"terminus":0,"mode":"bus","color":"#0059a9","colorDark":"#00294f","angle":101.7,"snapDist":2,"label":1}},{"type":"Feature","geometry":{"type":"Point","coordinates":[27.622069,47.152939]},"properties":{"name":"Blocuri Metalurgie","lines":"27","arr":["27"],"terminus":0,"mode":"bus","color":"#0059a9","colorDark":"#00294f","angle":135.8,"snapDist":1,"label":1}},{"type":"Feature","geometry":{"type":"Point","coordinates":[27.609014,47.161296]},"properties":{"name":"Tătărași Nord","lines":"27","arr":["27"],"terminus":1,"mode":"bus","color":"#0059a9","colorDark":"#00294f","angle":26.9,"snapDist":8,"label":0}},{"type":"Feature","geometry":{"type":"Point","coordinates":[27.566937,47.181693]},"properties":{"name":"Triumf Rond","lines":"28","arr":["28"],"terminus":1,"mode":"bus","color":"#0059a9","colorDark":"#00294f","angle":141.3,"snapDist":8,"label":1}},{"type":"Feature","geometry":{"type":"Point","coordinates":[27.567371,47.180564]},"properties":{"name":"Triumf","lines":"28, 36, 42, 52","arr":["28","36","42","52"],"terminus":0,"mode":"bus","color":"#0059a9","colorDark":"#00294f","angle":240.2,"snapDist":1,"label":1}},{"type":"Feature","geometry":{"type":"Point","coordinates":[27.57205,47.174964]},"properties":{"name":"Universitate","lines":"28, 36, 42, 52","arr":["28","36","42","52"],"terminus":0,"mode":"bus","color":"#0059a9","colorDark":"#00294f","angle":240.8,"snapDist":1,"label":1}},{"type":"Feature","geometry":{"type":"Point","coordinates":[27.593572,47.161295]},"properties":{"name":"Muzeul Municipal „Regina Maria“","lines":"28, 41","arr":["28","41"],"terminus":0,"mode":"bus","color":"#0059a9","colorDark":"#00294f","angle":335.7,"snapDist":8,"label":1}},{"type":"Feature","geometry":{"type":"Point","coordinates":[27.588886,47.159852]},"properties":{"name":"Palatul Culturii","lines":"28, 41","arr":["28","41"],"terminus":0,"mode":"bus","color":"#0059a9","colorDark":"#00294f","angle":335.6,"snapDist":9,"label":1}},{"type":"Feature","geometry":{"type":"Point","coordinates":[27.587224,47.153872]},"properties":{"name":"Sala Polivalentă","lines":"28, 41","arr":["28","41"],"terminus":0,"mode":"bus","color":"#0059a9","colorDark":"#00294f","angle":234.3,"snapDist":5,"label":1}},{"type":"Feature","geometry":{"type":"Point","coordinates":[27.581317,47.144738]},"properties":{"name":"Pasaj Nicolina","lines":"28, 47","arr":["28","47"],"terminus":0,"mode":"bus","color":"#0059a9","colorDark":"#00294f","angle":131.9,"snapDist":0,"label":1}},{"type":"Feature","geometry":{"type":"Point","coordinates":[27.578677,47.147795]},"properties":{"name":"Gara Nicolina","lines":"28, 44, 47","arr":["28","44","47"],"terminus":0,"mode":"bus","color":"#0059a9","colorDark":"#00294f","angle":44.7,"snapDist":1,"label":1}},{"type":"Feature","geometry":{"type":"Point","coordinates":[27.574534,47.150018]},"properties":{"name":"Spitalul de Recuperare","lines":"28, 44, 47","arr":["28","44","47"],"terminus":0,"mode":"bus","color":"#0059a9","colorDark":"#00294f","angle":50.5,"snapDist":2,"label":1}},{"type":"Feature","geometry":{"type":"Point","coordinates":[27.572531,47.15182]},"properties":{"name":"Policlinica Recuperare","lines":"28, 44, 47","arr":["28","44","47"],"terminus":0,"mode":"bus","color":"#0059a9","colorDark":"#00294f","angle":54.7,"snapDist":2,"label":1}},{"type":"Feature","geometry":{"type":"Point","coordinates":[27.570404,47.156087]},"properties":{"name":"Mircea cel Bătrân","lines":"28, 44, 47","arr":["28","44","47"],"terminus":0,"mode":"bus","color":"#0059a9","colorDark":"#00294f","angle":89.7,"snapDist":2,"label":1}},{"type":"Feature","geometry":{"type":"Point","coordinates":[27.570705,47.160284]},"properties":{"name":"Piața Alexandru cel Bun","lines":"28, 44, 47, 52","arr":["28","44","47","52"],"terminus":1,"mode":"bus","color":"#0059a9","colorDark":"#00294f","angle":139.8,"snapDist":2,"label":1}},{"type":"Feature","geometry":{"type":"Point","coordinates":[27.569659,47.161934]},"properties":{"name":"Piața Alexandru cel Bun II","lines":"28, 52","arr":["28","52"],"terminus":0,"mode":"bus","color":"#0059a9","colorDark":"#00294f","angle":309.1,"snapDist":6,"label":1}},{"type":"Feature","geometry":{"type":"Point","coordinates":[27.564595,47.163282]},"properties":{"name":"Minerva","lines":"28, 36, 52","arr":["28","36","52"],"terminus":0,"mode":"bus","color":"#0059a9","colorDark":"#00294f","angle":35.5,"snapDist":2,"label":1}},{"type":"Feature","geometry":{"type":"Point","coordinates":[27.555905,47.166735]},"properties":{"name":"Zimbru","lines":"28, 36","arr":["28","36"],"terminus":0,"mode":"bus","color":"#0059a9","colorDark":"#00294f","angle":1.1,"snapDist":6,"label":1}},{"type":"Feature","geometry":{"type":"Point","coordinates":[27.551355,47.166768]},"properties":{"name":"Bicaz","lines":"28","arr":["28"],"terminus":0,"mode":"bus","color":"#0059a9","colorDark":"#00294f","angle":359.3,"snapDist":1,"label":1}},{"type":"Feature","geometry":{"type":"Point","coordinates":[27.54415,47.166751]},"properties":{"name":"Columnei","lines":"28, 36","arr":["28","36"],"terminus":0,"mode":"bus","color":"#0059a9","colorDark":"#00294f","angle":358.7,"snapDist":6,"label":1}},{"type":"Feature","geometry":{"type":"Point","coordinates":[27.540197,47.169261]},"properties":{"name":"Dacia","lines":"28, 36","arr":["28","36"],"terminus":1,"mode":"bus","color":"#0059a9","colorDark":"#00294f","angle":50,"snapDist":9,"label":1}},{"type":"Feature","geometry":{"type":"Point","coordinates":[27.54077,47.168797]},"properties":{"name":"Dacia","lines":"28, 36, 44, 47","arr":["28","36","44","47"],"terminus":1,"mode":"bus","color":"#0059a9","colorDark":"#00294f","angle":229.9,"snapDist":5,"label":0}},{"type":"Feature","geometry":{"type":"Point","coordinates":[27.544446,47.16665]},"properties":{"name":"Columnei","lines":"28, 36, 44, 47","arr":["28","36","44","47"],"terminus":0,"mode":"bus","color":"#0059a9","colorDark":"#00294f","angle":175.8,"snapDist":0,"label":0}},{"type":"Feature","geometry":{"type":"Point","coordinates":[27.550969,47.166765]},"properties":{"name":"Bicaz","lines":"28, 36, 44","arr":["28","36","44"],"terminus":0,"mode":"bus","color":"#0059a9","colorDark":"#00294f","angle":179.3,"snapDist":4,"label":0}},{"type":"Feature","geometry":{"type":"Point","coordinates":[27.555487,47.166736]},"properties":{"name":"Zimbru","lines":"28, 36, 44","arr":["28","36","44"],"terminus":0,"mode":"bus","color":"#0059a9","colorDark":"#00294f","angle":179.8,"snapDist":7,"label":0}},{"type":"Feature","geometry":{"type":"Point","coordinates":[27.564388,47.16338]},"properties":{"name":"Minerva","lines":"28, 36, 44, 52","arr":["28","36","44","52"],"terminus":0,"mode":"bus","color":"#0059a9","colorDark":"#00294f","angle":214.1,"snapDist":12,"label":0}},{"type":"Feature","geometry":{"type":"Point","coordinates":[27.567168,47.161896]},"properties":{"name":"Familial","lines":"28, 44, 52","arr":["28","44","52"],"terminus":0,"mode":"bus","color":"#0059a9","colorDark":"#00294f","angle":222.1,"snapDist":5,"label":1}},{"type":"Feature","geometry":{"type":"Point","coordinates":[27.57044,47.16002]},"properties":{"name":"Piața Alexandru cel Bun","lines":"28, 44, 47","arr":["28","44","47"],"terminus":0,"mode":"bus","color":"#0059a9","colorDark":"#00294f","angle":260.1,"snapDist":11,"label":0}},{"type":"Feature","geometry":{"type":"Point","coordinates":[27.570403,47.156234]},"properties":{"name":"Mircea cel Bătrân","lines":"28, 44, 47","arr":["28","44","47"],"terminus":0,"mode":"bus","color":"#0059a9","colorDark":"#00294f","angle":269.7,"snapDist":4,"label":0}},{"type":"Feature","geometry":{"type":"Point","coordinates":[27.572479,47.15187]},"properties":{"name":"Policlinica Recuperare","lines":"28, 44, 47","arr":["28","44","47"],"terminus":0,"mode":"bus","color":"#0059a9","colorDark":"#00294f","angle":234.7,"snapDist":3,"label":0}},{"type":"Feature","geometry":{"type":"Point","coordinates":[27.57487,47.149743]},"properties":{"name":"Spitalul de Recuperare","lines":"28, 44, 47","arr":["28","44","47"],"terminus":0,"mode":"bus","color":"#0059a9","colorDark":"#00294f","angle":230.4,"snapDist":1,"label":0}},{"type":"Feature","geometry":{"type":"Point","coordinates":[27.579855,47.147021]},"properties":{"name":"Gara Nicolina","lines":"28, 44, 47","arr":["28","44","47"],"terminus":0,"mode":"bus","color":"#0059a9","colorDark":"#00294f","angle":223.3,"snapDist":4,"label":0}},{"type":"Feature","geometry":{"type":"Point","coordinates":[27.582334,47.144784]},"properties":{"name":"Pasaj Nicolina","lines":"28, 47","arr":["28","47"],"terminus":0,"mode":"bus","color":"#0059a9","colorDark":"#00294f","angle":302,"snapDist":8,"label":0}},{"type":"Feature","geometry":{"type":"Point","coordinates":[27.58727,47.153829]},"properties":{"name":"Sala Polivalentă (Sporturilor)","lines":"28, 41","arr":["28","41"],"terminus":0,"mode":"bus","color":"#0059a9","colorDark":"#00294f","angle":54.3,"snapDist":7,"label":1}},{"type":"Feature","geometry":{"type":"Point","coordinates":[27.587066,47.159303]},"properties":{"name":"Palatul Culturii","lines":"28, 41","arr":["28","41"],"terminus":0,"mode":"bus","color":"#0059a9","colorDark":"#00294f","angle":157.6,"snapDist":9,"label":0}},{"type":"Feature","geometry":{"type":"Point","coordinates":[27.594097,47.161457]},"properties":{"name":"Muzeul Municipal „Regina Maria“","lines":"28, 41","arr":["28","41"],"terminus":0,"mode":"bus","color":"#0059a9","colorDark":"#00294f","angle":155.3,"snapDist":8,"label":0}},{"type":"Feature","geometry":{"type":"Point","coordinates":[27.571718,47.175365]},"properties":{"name":"Universitate","lines":"28, 36, 42, 52","arr":["28","36","42","52"],"terminus":0,"mode":"bus","color":"#0059a9","colorDark":"#00294f","angle":60.7,"snapDist":7,"label":0}},{"type":"Feature","geometry":{"type":"Point","coordinates":[27.567178,47.180792]},"properties":{"name":"Triumf","lines":"28, 36, 42, 52","arr":["28","36","42","52"],"terminus":0,"mode":"bus","color":"#0059a9","colorDark":"#00294f","angle":60.1,"snapDist":10,"label":0}},{"type":"Feature","geometry":{"type":"Point","coordinates":[27.588308,47.150412]},"properties":{"name":"Podu Roș (2)","lines":"29, 801, 802, 802b","arr":["29","801","802","802b"],"terminus":1,"mode":"bus","color":"#0059a9","colorDark":"#00294f","angle":50.7,"snapDist":7,"label":0}},{"type":"Feature","geometry":{"type":"Point","coordinates":[27.589271,47.150887]},"properties":{"name":"Podu Roș (1)","lines":"29, 801, 802, 802b","arr":["29","801","802","802b"],"terminus":0,"mode":"bus","color":"#0059a9","colorDark":"#00294f","angle":205.8,"snapDist":6,"label":1}},{"type":"Feature","geometry":{"type":"Point","coordinates":[27.59475,47.149099]},"properties":{"name":"Țesătura","lines":"29, 801, 802, 802b","arr":["29","801","802","802b"],"terminus":0,"mode":"bus","color":"#0059a9","colorDark":"#00294f","angle":209.3,"snapDist":2,"label":1}},{"type":"Feature","geometry":{"type":"Point","coordinates":[27.601387,47.148081]},"properties":{"name":"Silk District","lines":"29, 801, 802, 802b","arr":["29","801","802","802b"],"terminus":0,"mode":"bus","color":"#0059a9","colorDark":"#00294f","angle":191.3,"snapDist":7,"label":1}},{"type":"Feature","geometry":{"type":"Point","coordinates":[27.609767,47.146891]},"properties":{"name":"Baza 3","lines":"29, 801, 802, 802b","arr":["29","801","802","802b"],"terminus":0,"mode":"bus","color":"#0059a9","colorDark":"#00294f","angle":191.3,"snapDist":2,"label":0}},{"type":"Feature","geometry":{"type":"Point","coordinates":[27.629696,47.144063]},"properties":{"name":"Fabrica de Ulei","lines":"29, 801, 802, 802b","arr":["29","801","802","802b"],"terminus":0,"mode":"bus","color":"#0059a9","colorDark":"#00294f","angle":191.3,"snapDist":0,"label":1}},{"type":"Feature","geometry":{"type":"Point","coordinates":[27.635779,47.14326]},"properties":{"name":"Tehnoton","lines":"29, 801, 802, 802b","arr":["29","801","802","802b"],"terminus":0,"mode":"bus","color":"#0059a9","colorDark":"#00294f","angle":185.6,"snapDist":2,"label":1}},{"type":"Feature","geometry":{"type":"Point","coordinates":[27.64349,47.143335]},"properties":{"name":"Țuțora","lines":"29, 801, 802, 802b, 803","arr":["29","801","802","802b","803"],"terminus":1,"mode":"bus","color":"#0059a9","colorDark":"#00294f","angle":177.1,"snapDist":1,"label":1}},{"type":"Feature","geometry":{"type":"Point","coordinates":[27.650051,47.1435]},"properties":{"name":"Somaco","lines":"29, 801, 802, 802b, 803","arr":["29","801","802","802b","803"],"terminus":0,"mode":"bus","color":"#0059a9","colorDark":"#00294f","angle":180.2,"snapDist":3,"label":1}},{"type":"Feature","geometry":{"type":"Point","coordinates":[27.658332,47.141877]},"properties":{"name":"Boromir","lines":"29, 801, 802, 802b, 803","arr":["29","801","802","802b","803"],"terminus":0,"mode":"bus","color":"#0059a9","colorDark":"#00294f","angle":211.2,"snapDist":3,"label":1}},{"type":"Feature","geometry":{"type":"Point","coordinates":[27.667013,47.13851]},"properties":{"name":"Caretta","lines":"29, 801, 802, 802b, 803","arr":["29","801","802","802b","803"],"terminus":0,"mode":"bus","color":"#0059a9","colorDark":"#00294f","angle":209.3,"snapDist":3,"label":1}},{"type":"Feature","geometry":{"type":"Point","coordinates":[27.673334,47.135959]},"properties":{"name":"Vinia","lines":"29, 801, 802, 802b, 803","arr":["29","801","802","802b","803"],"terminus":0,"mode":"bus","color":"#0059a9","colorDark":"#00294f","angle":205.2,"snapDist":1,"label":1}},{"type":"Feature","geometry":{"type":"Point","coordinates":[27.683066,47.134457]},"properties":{"name":"Facultativa","lines":"29, 802, 802b","arr":["29","802","802b"],"terminus":0,"mode":"bus","color":"#0059a9","colorDark":"#00294f","angle":198.5,"snapDist":4,"label":1}},{"type":"Feature","geometry":{"type":"Point","coordinates":[27.691002,47.132507]},"properties":{"name":"Blocuri Tomești","lines":"29, 801, 802, 802b, 803","arr":["29","801","802","802b","803"],"terminus":0,"mode":"bus","color":"#0059a9","colorDark":"#00294f","angle":200.2,"snapDist":5,"label":1}},{"type":"Feature","geometry":{"type":"Point","coordinates":[27.698246,47.130636]},"properties":{"name":"Tomești","lines":"29, 801, 802, 802b, 803","arr":["29","801","802","802b","803"],"terminus":1,"mode":"bus","color":"#0059a9","colorDark":"#00294f","angle":159.6,"snapDist":3,"label":1}},{"type":"Feature","geometry":{"type":"Point","coordinates":[27.698042,47.130713]},"properties":{"name":"Tomești","lines":"29, 801, 802, 802b, 803","arr":["29","801","802","802b","803"],"terminus":1,"mode":"bus","color":"#0059a9","colorDark":"#00294f","angle":46,"snapDist":8,"label":0}},{"type":"Feature","geometry":{"type":"Point","coordinates":[27.692985,47.132021]},"properties":{"name":"Blocuri Tomești","lines":"29, 801, 802, 802b, 803","arr":["29","801","802","802b","803"],"terminus":0,"mode":"bus","color":"#0059a9","colorDark":"#00294f","angle":20.1,"snapDist":3,"label":0}},{"type":"Feature","geometry":{"type":"Point","coordinates":[27.683367,47.134387]},"properties":{"name":"Facultativa","lines":"29, 802, 802b","arr":["29","802","802b"],"terminus":0,"mode":"bus","color":"#0059a9","colorDark":"#00294f","angle":19.3,"snapDist":1,"label":0}},{"type":"Feature","geometry":{"type":"Point","coordinates":[27.674632,47.135674]},"properties":{"name":"Vinia","lines":"29, 801, 802, 802b, 803","arr":["29","801","802","802b","803"],"terminus":0,"mode":"bus","color":"#0059a9","colorDark":"#00294f","angle":11.3,"snapDist":5,"label":0}},{"type":"Feature","geometry":{"type":"Point","coordinates":[27.667846,47.138188]},"properties":{"name":"Caretta","lines":"29, 801, 802, 802b, 803","arr":["29","801","802","802b","803"],"terminus":0,"mode":"bus","color":"#0059a9","colorDark":"#00294f","angle":29.7,"snapDist":4,"label":0}},{"type":"Feature","geometry":{"type":"Point","coordinates":[27.65856,47.141791]},"properties":{"name":"Boromir","lines":"29, 801, 802, 802b, 803","arr":["29","801","802","802b","803"],"terminus":0,"mode":"bus","color":"#0059a9","colorDark":"#00294f","angle":28.3,"snapDist":2,"label":0}},{"type":"Feature","geometry":{"type":"Point","coordinates":[27.651255,47.143492]},"properties":{"name":"Somaco","lines":"29, 801, 802, 803","arr":["29","801","802","803"],"terminus":0,"mode":"bus","color":"#0059a9","colorDark":"#00294f","angle":0.2,"snapDist":2,"label":0}},{"type":"Feature","geometry":{"type":"Point","coordinates":[27.643379,47.143468]},"properties":{"name":"Rond Țuțora","lines":"29, 801, 802, 802b, 803","arr":["29","801","802","802b","803"],"terminus":1,"mode":"bus","color":"#0059a9","colorDark":"#00294f","angle":359,"snapDist":5,"label":1}},{"type":"Feature","geometry":{"type":"Point","coordinates":[27.636222,47.14339]},"properties":{"name":"Tehnoton","lines":"29, 801, 802b","arr":["29","801","802b"],"terminus":0,"mode":"bus","color":"#0059a9","colorDark":"#00294f","angle":4.1,"snapDist":5,"label":0}},{"type":"Feature","geometry":{"type":"Point","coordinates":[27.57434,47.15676]},"properties":{"name":"Podul de Piatră","lines":"30, 30b","arr":["30","30b"],"terminus":0,"mode":"bus","color":"#0059a9","colorDark":"#00294f","angle":290.7,"snapDist":4,"label":0}},{"type":"Feature","geometry":{"type":"Point","coordinates":[27.577293,47.150422]},"properties":{"name":"Gara Nicolina","lines":"30, 30b","arr":["30","30b"],"terminus":0,"mode":"bus","color":"#0059a9","colorDark":"#00294f","angle":226.3,"snapDist":3,"label":1}},{"type":"Feature","geometry":{"type":"Point","coordinates":[27.581415,47.147484]},"properties":{"name":"Vamă","lines":"30, 30b","arr":["30","30b"],"terminus":0,"mode":"bus","color":"#0059a9","colorDark":"#00294f","angle":222.1,"snapDist":4,"label":1}},{"type":"Feature","geometry":{"type":"Point","coordinates":[27.590034,47.146338]},"properties":{"name":"Piața Nicolina","lines":"30, 30b","arr":["30","30b"],"terminus":0,"mode":"bus","color":"#0059a9","colorDark":"#00294f","angle":154.7,"snapDist":4,"label":1}},{"type":"Feature","geometry":{"type":"Point","coordinates":[27.610246,47.134575]},"properties":{"name":"Pleiada","lines":"30, 30b, 46, 202","arr":["30","30b","46","202"],"terminus":0,"mode":"bus","color":"#0059a9","colorDark":"#00294f","angle":136.9,"snapDist":4,"label":1}},{"type":"Feature","geometry":{"type":"Point","coordinates":[27.613962,47.130601]},"properties":{"name":"Spitalul nr. 7","lines":"30, 30b, 46, 202","arr":["30","30b","46","202"],"terminus":0,"mode":"bus","color":"#0059a9","colorDark":"#00294f","angle":240.9,"snapDist":11,"label":1}},{"type":"Feature","geometry":{"type":"Point","coordinates":[27.616498,47.127557]},"properties":{"name":"Centrofarm","lines":"30, 30b, 46, 202","arr":["30","30b","46","202"],"terminus":0,"mode":"bus","color":"#0059a9","colorDark":"#00294f","angle":240.8,"snapDist":6,"label":1}},{"type":"Feature","geometry":{"type":"Point","coordinates":[27.622176,47.123841]},"properties":{"name":"Hanul Trei Sarmale","lines":"30, 30b, 46, 202","arr":["30","30b","46","202"],"terminus":0,"mode":"bus","color":"#0059a9","colorDark":"#00294f","angle":218.8,"snapDist":0,"label":1}},{"type":"Feature","geometry":{"type":"Point","coordinates":[27.625276,47.121403]},"properties":{"name":"Școala Generală nr. 2","lines":"30, 30b, 46, 202","arr":["30","30b","46","202"],"terminus":0,"mode":"bus","color":"#0059a9","colorDark":"#00294f","angle":226.7,"snapDist":11,"label":1}},{"type":"Feature","geometry":{"type":"Point","coordinates":[27.63016,47.118879]},"properties":{"name":"Plopii fără soț","lines":"30, 30b, 46, 202","arr":["30","30b","46","202"],"terminus":0,"mode":"bus","color":"#0059a9","colorDark":"#00294f","angle":220.5,"snapDist":4,"label":1}},{"type":"Feature","geometry":{"type":"Point","coordinates":[27.632078,47.116811]},"properties":{"name":"Bucium","lines":"30, 30b, 46, 202","arr":["30","30b","46","202"],"terminus":1,"mode":"bus","color":"#0059a9","colorDark":"#00294f","angle":259.1,"snapDist":13,"label":1}},{"type":"Feature","geometry":{"type":"Point","coordinates":[27.632139,47.116596]},"properties":{"name":"Bucium","lines":"30, 30b, 46, 202","arr":["30","30b","46","202"],"terminus":1,"mode":"bus","color":"#0059a9","colorDark":"#00294f","angle":79.1,"snapDist":0,"label":0}},{"type":"Feature","geometry":{"type":"Point","coordinates":[27.629827,47.119072]},"properties":{"name":"Plopii fără soț","lines":"30, 30b, 46, 202","arr":["30","30b","46","202"],"terminus":0,"mode":"bus","color":"#0059a9","colorDark":"#00294f","angle":-139.2,"snapDist":8,"label":0}},{"type":"Feature","geometry":{"type":"Point","coordinates":[27.625808,47.121017]},"properties":{"name":"Școala Generală nr. 2","lines":"30, 30b, 46, 202","arr":["30","30b","46","202"],"terminus":0,"mode":"bus","color":"#0059a9","colorDark":"#00294f","angle":48,"snapDist":4,"label":0}},{"type":"Feature","geometry":{"type":"Point","coordinates":[27.621097,47.124443]},"properties":{"name":"Hanul Trei Sarmale","lines":"30, 30b, 46, 202","arr":["30","30b","46","202"],"terminus":0,"mode":"bus","color":"#0059a9","colorDark":"#00294f","angle":39.8,"snapDist":5,"label":0}},{"type":"Feature","geometry":{"type":"Point","coordinates":[27.616232,47.127882]},"properties":{"name":"Centrofarm","lines":"30, 30b, 46, 202","arr":["30","30b","46","202"],"terminus":0,"mode":"bus","color":"#0059a9","colorDark":"#00294f","angle":60.5,"snapDist":0,"label":0}},{"type":"Feature","geometry":{"type":"Point","coordinates":[27.614043,47.130502]},"properties":{"name":"Spitalul nr. 7","lines":"30, 30b, 46, 202","arr":["30","30b","46","202"],"terminus":0,"mode":"bus","color":"#0059a9","colorDark":"#00294f","angle":60.7,"snapDist":3,"label":0}},{"type":"Feature","geometry":{"type":"Point","coordinates":[27.609308,47.135274]},"properties":{"name":"Pleiada","lines":"30, 30b, 46, 202, 203","arr":["30","30b","46","202","203"],"terminus":0,"mode":"bus","color":"#0059a9","colorDark":"#00294f","angle":44.6,"snapDist":3,"label":0}},{"type":"Feature","geometry":{"type":"Point","coordinates":[27.590192,47.146392]},"properties":{"name":"Piața Nicolina","lines":"30, 30b","arr":["30","30b"],"terminus":0,"mode":"bus","color":"#0059a9","colorDark":"#00294f","angle":332.9,"snapDist":1,"label":0}},{"type":"Feature","geometry":{"type":"Point","coordinates":[27.579095,47.149139]},"properties":{"name":"Gara Nicolina","lines":"30, 30b","arr":["30","30b"],"terminus":0,"mode":"bus","color":"#0059a9","colorDark":"#00294f","angle":46.2,"snapDist":4,"label":0}},{"type":"Feature","geometry":{"type":"Point","coordinates":[27.574461,47.156616]},"properties":{"name":"Podul de Piatră","lines":"30, 30b","arr":["30","30b"],"terminus":0,"mode":"bus","color":"#0059a9","colorDark":"#00294f","angle":-67.9,"snapDist":7,"label":0}},{"type":"Feature","geometry":{"type":"Point","coordinates":[27.536811,47.172504]},"properties":{"name":"Canta","lines":"30b, 901","arr":["30b","901"],"terminus":0,"mode":"bus","color":"#0059a9","colorDark":"#00294f","angle":152.1,"snapDist":7,"label":0}},{"type":"Feature","geometry":{"type":"Point","coordinates":[27.536852,47.172519]},"properties":{"name":"Canta","lines":"30b, 901","arr":["30b","901"],"terminus":0,"mode":"bus","color":"#0059a9","colorDark":"#00294f","angle":332.2,"snapDist":2,"label":0}},{"type":"Feature","geometry":{"type":"Point","coordinates":[27.52365,47.172546]},"properties":{"name":"Ideo","lines":"30b, 43c, 901","arr":["30b","43c","901"],"terminus":0,"mode":"bus","color":"#0059a9","colorDark":"#00294f","angle":358.3,"snapDist":4,"label":1}},{"type":"Feature","geometry":{"type":"Point","coordinates":[27.566782,47.162182]},"properties":{"name":"Familial","lines":"36","arr":["36"],"terminus":0,"mode":"bus","color":"#0059a9","colorDark":"#00294f","angle":214.5,"snapDist":0,"label":0}},{"type":"Feature","geometry":{"type":"Point","coordinates":[27.580751,47.165532]},"properties":{"name":"Piața Unirii","lines":"36, 50","arr":["36","50"],"terminus":0,"mode":"bus","color":"#0059a9","colorDark":"#00294f","angle":201.1,"snapDist":2,"label":1}},{"type":"Feature","geometry":{"type":"Point","coordinates":[27.564897,47.183483]},"properties":{"name":"George Coșbuc","lines":"36, 42, 52","arr":["36","42","52"],"terminus":0,"mode":"bus","color":"#0059a9","colorDark":"#00294f","angle":60,"snapDist":4,"label":1}},{"type":"Feature","geometry":{"type":"Point","coordinates":[27.563075,47.185636]},"properties":{"name":"Stadion","lines":"36, 42, 52","arr":["36","42","52"],"terminus":0,"mode":"bus","color":"#0059a9","colorDark":"#00294f","angle":60.2,"snapDist":5,"label":1}},{"type":"Feature","geometry":{"type":"Point","coordinates":[27.559161,47.190429]},"properties":{"name":"Copou","lines":"36","arr":["36"],"terminus":0,"mode":"bus","color":"#0059a9","colorDark":"#00294f","angle":82.3,"snapDist":3,"label":0}},{"type":"Feature","geometry":{"type":"Point","coordinates":[27.554066,47.195933]},"properties":{"name":"Muzeul Mihail Sadoveanu","lines":"36, 701, 702","arr":["36","701","702"],"terminus":0,"mode":"bus","color":"#0059a9","colorDark":"#00294f","angle":40.2,"snapDist":9,"label":1}},{"type":"Feature","geometry":{"type":"Point","coordinates":[27.550837,47.197323]},"properties":{"name":"Str. Podgoriilor","lines":"36, 701, 702","arr":["36","701","702"],"terminus":0,"mode":"bus","color":"#0059a9","colorDark":"#00294f","angle":14.3,"snapDist":2,"label":1}},{"type":"Feature","geometry":{"type":"Point","coordinates":[27.544782,47.198374]},"properties":{"name":"Liceul Agricol","lines":"36, 701, 702","arr":["36","701","702"],"terminus":0,"mode":"bus","color":"#0059a9","colorDark":"#00294f","angle":13.9,"snapDist":29,"label":1}},{"type":"Feature","geometry":{"type":"Point","coordinates":[27.54178,47.199715]},"properties":{"name":"Liceul Pedagogic","lines":"36, 701, 702","arr":["36","701","702"],"terminus":0,"mode":"bus","color":"#0059a9","colorDark":"#00294f","angle":47.6,"snapDist":3,"label":1}},{"type":"Feature","geometry":{"type":"Point","coordinates":[27.538173,47.200748]},"properties":{"name":"Seminarul Teologic","lines":"36, 701, 702","arr":["36","701","702"],"terminus":0,"mode":"bus","color":"#0059a9","colorDark":"#00294f","angle":29.5,"snapDist":3,"label":1}},{"type":"Feature","geometry":{"type":"Point","coordinates":[27.534935,47.202564]},"properties":{"name":"Stațiunea Viticolă","lines":"36, 701, 702","arr":["36","701","702"],"terminus":0,"mode":"bus","color":"#0059a9","colorDark":"#00294f","angle":49.3,"snapDist":10,"label":1}},{"type":"Feature","geometry":{"type":"Point","coordinates":[27.531426,47.209505]},"properties":{"name":"Breazu","lines":"36, 701, 702","arr":["36","701","702"],"terminus":1,"mode":"bus","color":"#0059a9","colorDark":"#00294f","angle":72.7,"snapDist":11,"label":1}},{"type":"Feature","geometry":{"type":"Point","coordinates":[27.531539,47.209648]},"properties":{"name":"Breazu","lines":"36","arr":["36"],"terminus":1,"mode":"bus","color":"#0059a9","colorDark":"#00294f","angle":172,"snapDist":7,"label":0}},{"type":"Feature","geometry":{"type":"Point","coordinates":[27.534647,47.20279]},"properties":{"name":"Stațiunea Viticolă","lines":"36, 701, 702","arr":["36","701","702"],"terminus":0,"mode":"bus","color":"#0059a9","colorDark":"#00294f","angle":231.6,"snapDist":2,"label":0}},{"type":"Feature","geometry":{"type":"Point","coordinates":[27.537726,47.200924]},"properties":{"name":"Seminarul Teologic","lines":"36, 701, 702","arr":["36","701","702"],"terminus":0,"mode":"bus","color":"#0059a9","colorDark":"#00294f","angle":211.1,"snapDist":1,"label":0}},{"type":"Feature","geometry":{"type":"Point","coordinates":[27.541672,47.199795]},"properties":{"name":"Liceul Pedagogic","lines":"36, 701, 702","arr":["36","701","702"],"terminus":0,"mode":"bus","color":"#0059a9","colorDark":"#00294f","angle":227.6,"snapDist":11,"label":0}},{"type":"Feature","geometry":{"type":"Point","coordinates":[27.544636,47.198399]},"properties":{"name":"Liceul Agricol","lines":"36, 701, 702","arr":["36","701","702"],"terminus":0,"mode":"bus","color":"#0059a9","colorDark":"#00294f","angle":193.9,"snapDist":2,"label":0}},{"type":"Feature","geometry":{"type":"Point","coordinates":[27.55028,47.19742]},"properties":{"name":"Str. Podgoriilor","lines":"36, 701, 702","arr":["36","701","702"],"terminus":0,"mode":"bus","color":"#0059a9","colorDark":"#00294f","angle":194.4,"snapDist":2,"label":0}},{"type":"Feature","geometry":{"type":"Point","coordinates":[27.554748,47.195423]},"properties":{"name":"Muzeul Mihail Sadoveanu","lines":"36, 701, 702","arr":["36","701","702"],"terminus":0,"mode":"bus","color":"#0059a9","colorDark":"#00294f","angle":240,"snapDist":5,"label":0}},{"type":"Feature","geometry":{"type":"Point","coordinates":[27.558568,47.190551]},"properties":{"name":"Copou","lines":"36, 42, 52, 701, 702","arr":["36","42","52","701","702"],"terminus":1,"mode":"bus","color":"#0059a9","colorDark":"#00294f","angle":243,"snapDist":7,"label":1}},{"type":"Feature","geometry":{"type":"Point","coordinates":[27.562368,47.186467]},"properties":{"name":"Stadion","lines":"36, 42, 52","arr":["36","42","52"],"terminus":0,"mode":"bus","color":"#0059a9","colorDark":"#00294f","angle":240,"snapDist":2,"label":0}},{"type":"Feature","geometry":{"type":"Point","coordinates":[27.563957,47.184598]},"properties":{"name":"George Coșbuc","lines":"36, 42, 52","arr":["36","42","52"],"terminus":0,"mode":"bus","color":"#0059a9","colorDark":"#00294f","angle":240.1,"snapDist":4,"label":0}},{"type":"Feature","geometry":{"type":"Point","coordinates":[27.576628,47.168956]},"properties":{"name":"Piața Mihai Eminescu","lines":"36","arr":["36"],"terminus":0,"mode":"bus","color":"#0059a9","colorDark":"#00294f","angle":255.3,"snapDist":1,"label":1}},{"type":"Feature","geometry":{"type":"Point","coordinates":[27.55001,47.16675]},"properties":{"name":"Bicaz","lines":"36","arr":["36"],"terminus":0,"mode":"bus","color":"#0059a9","colorDark":"#00294f","angle":360,"snapDist":4,"label":0}},{"type":"Feature","geometry":{"type":"Point","coordinates":[27.578379,47.1392]},"properties":{"name":"Tudor Neculai","lines":"41","arr":["41"],"terminus":0,"mode":"bus","color":"#0059a9","colorDark":"#00294f","angle":310.2,"snapDist":3,"label":0}},{"type":"Feature","geometry":{"type":"Point","coordinates":[27.572369,47.133894]},"properties":{"name":"C.U.G. I","lines":"41","arr":["41"],"terminus":0,"mode":"bus","color":"#0059a9","colorDark":"#00294f","angle":115.6,"snapDist":3,"label":0}},{"type":"Feature","geometry":{"type":"Point","coordinates":[27.577277,47.138315]},"properties":{"name":"Tudor Neculai","lines":"41","arr":["41"],"terminus":0,"mode":"bus","color":"#0059a9","colorDark":"#00294f","angle":130.7,"snapDist":15,"label":0}},{"type":"Feature","geometry":{"type":"Point","coordinates":[27.595572,47.161359]},"properties":{"name":"Muzeul Municipal „Regina Maria“","lines":"42, 43, 43c, 46","arr":["42","43","43c","46"],"terminus":0,"mode":"bus","color":"#0059a9","colorDark":"#00294f","angle":228.6,"snapDist":4,"label":0}},{"type":"Feature","geometry":{"type":"Point","coordinates":[27.600109,47.158972]},"properties":{"name":"Bucșinescu","lines":"42, 43, 43c, 46","arr":["42","43","43c","46"],"terminus":0,"mode":"bus","color":"#0059a9","colorDark":"#00294f","angle":224.2,"snapDist":1,"label":0}},{"type":"Feature","geometry":{"type":"Point","coordinates":[27.603289,47.156562]},"properties":{"name":"Tudor Vladimirescu","lines":"42, 43, 43c, 46, 47","arr":["42","43","43c","46","47"],"terminus":0,"mode":"bus","color":"#0059a9","colorDark":"#00294f","angle":235.5,"snapDist":6,"label":1}},{"type":"Feature","geometry":{"type":"Point","coordinates":[27.602796,47.153939]},"properties":{"name":"C.T.P. - Secția nr. 1","lines":"42, 43, 43c, 46, 47","arr":["42","43","43c","46","47"],"terminus":0,"mode":"bus","color":"#0059a9","colorDark":"#00294f","angle":4.8,"snapDist":3,"label":1}},{"type":"Feature","geometry":{"type":"Point","coordinates":[27.59664,47.150819]},"properties":{"name":"Țesătura","lines":"42, 43, 43c, 46, 47","arr":["42","43","43c","46","47"],"terminus":0,"mode":"bus","color":"#0059a9","colorDark":"#00294f","angle":310.9,"snapDist":7,"label":1}},{"type":"Feature","geometry":{"type":"Point","coordinates":[27.595104,47.149685]},"properties":{"name":"Țesătura","lines":"42, 43, 43c, 46, 47","arr":["42","43","43c","46","47"],"terminus":0,"mode":"bus","color":"#0059a9","colorDark":"#00294f","angle":132.9,"snapDist":5,"label":0}},{"type":"Feature","geometry":{"type":"Point","coordinates":[27.598488,47.152185]},"properties":{"name":"Școala Ion Ghica","lines":"42, 43, 43c, 46, 47","arr":["42","43","43c","46","47"],"terminus":0,"mode":"bus","color":"#0059a9","colorDark":"#00294f","angle":132.7,"snapDist":12,"label":1}},{"type":"Feature","geometry":{"type":"Point","coordinates":[27.603503,47.153821]},"properties":{"name":"C.T.P. - Secția nr. 1","lines":"42, 43, 43c, 46, 47","arr":["42","43","43c","46","47"],"terminus":0,"mode":"bus","color":"#0059a9","colorDark":"#00294f","angle":193.1,"snapDist":2,"label":0}},{"type":"Feature","geometry":{"type":"Point","coordinates":[27.603452,47.15663]},"properties":{"name":"Tudor Vladimirescu","lines":"42, 43, 43c, 46, 47","arr":["42","43","43c","46","47"],"terminus":0,"mode":"bus","color":"#0059a9","colorDark":"#00294f","angle":54.7,"snapDist":6,"label":0}},{"type":"Feature","geometry":{"type":"Point","coordinates":[27.600081,47.15899]},"properties":{"name":"Bucșinescu","lines":"42, 43, 43c, 46","arr":["42","43","43c","46"],"terminus":0,"mode":"bus","color":"#0059a9","colorDark":"#00294f","angle":44.2,"snapDist":0,"label":0}},{"type":"Feature","geometry":{"type":"Point","coordinates":[27.596068,47.160992]},"properties":{"name":"Muzeul Municipal „Regina Maria“","lines":"42, 43, 43c, 46","arr":["42","43","43c","46"],"terminus":0,"mode":"bus","color":"#0059a9","colorDark":"#00294f","angle":45.3,"snapDist":3,"label":0}},{"type":"Feature","geometry":{"type":"Point","coordinates":[27.559013,47.190778]},"properties":{"name":"Copou","lines":"42, 52, 702","arr":["42","52","702"],"terminus":1,"mode":"bus","color":"#0059a9","colorDark":"#00294f","angle":47.2,"snapDist":7,"label":0}},{"type":"Feature","geometry":{"type":"Point","coordinates":[27.58346,47.144558]},"properties":{"name":"Pasaj Nicolina","lines":"44","arr":["44"],"terminus":0,"mode":"bus","color":"#0059a9","colorDark":"#00294f","angle":226.6,"snapDist":4,"label":0}},{"type":"Feature","geometry":{"type":"Point","coordinates":[27.585233,47.139502]},"properties":{"name":"Frumoasa","lines":"44","arr":["44"],"terminus":0,"mode":"bus","color":"#0059a9","colorDark":"#00294f","angle":291.2,"snapDist":2,"label":1}},{"type":"Feature","geometry":{"type":"Point","coordinates":[27.581588,47.136393]},"properties":{"name":"Clopotari","lines":"44","arr":["44"],"terminus":0,"mode":"bus","color":"#0059a9","colorDark":"#00294f","angle":347.6,"snapDist":1,"label":1}},{"type":"Feature","geometry":{"type":"Point","coordinates":[27.577383,47.134874]},"properties":{"name":"Piața C.U.G.","lines":"44","arr":["44"],"terminus":0,"mode":"bus","color":"#0059a9","colorDark":"#00294f","angle":287.1,"snapDist":3,"label":1}},{"type":"Feature","geometry":{"type":"Point","coordinates":[27.575351,47.133642]},"properties":{"name":"C.U.G. I","lines":"44, 503b","arr":["44","503b"],"terminus":1,"mode":"bus","color":"#0059a9","colorDark":"#00294f","angle":181.5,"snapDist":2,"label":0}},{"type":"Feature","geometry":{"type":"Point","coordinates":[27.577341,47.134782]},"properties":{"name":"Piața C.U.G.","lines":"44","arr":["44"],"terminus":0,"mode":"bus","color":"#0059a9","colorDark":"#00294f","angle":107.1,"snapDist":3,"label":0}},{"type":"Feature","geometry":{"type":"Point","coordinates":[27.581436,47.136371]},"properties":{"name":"Clopotari","lines":"44","arr":["44"],"terminus":0,"mode":"bus","color":"#0059a9","colorDark":"#00294f","angle":168.2,"snapDist":2,"label":0}},{"type":"Feature","geometry":{"type":"Point","coordinates":[27.585246,47.139525]},"properties":{"name":"Frumoasa","lines":"44","arr":["44"],"terminus":0,"mode":"bus","color":"#0059a9","colorDark":"#00294f","angle":111.2,"snapDist":1,"label":0}},{"type":"Feature","geometry":{"type":"Point","coordinates":[27.583416,47.144589]},"properties":{"name":"Pasaj Nicolina","lines":"44","arr":["44"],"terminus":0,"mode":"bus","color":"#0059a9","colorDark":"#00294f","angle":46.6,"snapDist":10,"label":0}},{"type":"Feature","geometry":{"type":"Point","coordinates":[27.565663,47.164532]},"properties":{"name":"Twinkle Star","lines":"44, 47","arr":["44","47"],"terminus":0,"mode":"bus","color":"#0059a9","colorDark":"#00294f","angle":35.7,"snapDist":3,"label":1}},{"type":"Feature","geometry":{"type":"Point","coordinates":[27.558292,47.168296]},"properties":{"name":"Piața Sf. Anton de Padova","lines":"44, 47","arr":["44","47"],"terminus":0,"mode":"bus","color":"#0059a9","colorDark":"#00294f","angle":68.9,"snapDist":2,"label":1}},{"type":"Feature","geometry":{"type":"Point","coordinates":[27.549807,47.169393]},"properties":{"name":"Piața Dacia","lines":"44, 47","arr":["44","47"],"terminus":0,"mode":"bus","color":"#0059a9","colorDark":"#00294f","angle":2,"snapDist":7,"label":1}},{"type":"Feature","geometry":{"type":"Point","coordinates":[27.540653,47.169533]},"properties":{"name":"Dacia","lines":"44, 47","arr":["44","47"],"terminus":1,"mode":"bus","color":"#0059a9","colorDark":"#00294f","angle":0.8,"snapDist":4,"label":0}},{"type":"Feature","geometry":{"type":"Point","coordinates":[27.550121,47.168974]},"properties":{"name":"Piața Dacia","lines":"47","arr":["47"],"terminus":0,"mode":"bus","color":"#0059a9","colorDark":"#00294f","angle":178.4,"snapDist":0,"label":0}},{"type":"Feature","geometry":{"type":"Point","coordinates":[27.558392,47.168154]},"properties":{"name":"Piața Sf. Anton de Padova","lines":"47, 52","arr":["47","52"],"terminus":0,"mode":"bus","color":"#0059a9","colorDark":"#00294f","angle":237.6,"snapDist":0,"label":0}},{"type":"Feature","geometry":{"type":"Point","coordinates":[27.56579,47.16447]},"properties":{"name":"Twinkle Star","lines":"47","arr":["47"],"terminus":0,"mode":"bus","color":"#0059a9","colorDark":"#00294f","angle":215.7,"snapDist":1,"label":0}},{"type":"Feature","geometry":{"type":"Point","coordinates":[27.623375,47.156482]},"properties":{"name":"Tătărași Sud","lines":"47","arr":["47"],"terminus":1,"mode":"bus","color":"#0059a9","colorDark":"#00294f","angle":101.3,"snapDist":6,"label":0}},{"type":"Feature","geometry":{"type":"Point","coordinates":[27.591053,47.16427]},"properties":{"name":"Tg. Cucu","lines":"48, 54, 101, 102, 103","arr":["48","54","101","102","103"],"terminus":1,"mode":"bus","color":"#0059a9","colorDark":"#00294f","angle":166.6,"snapDist":1,"label":0}},{"type":"Feature","geometry":{"type":"Point","coordinates":[27.594641,47.166979]},"properties":{"name":"Podu de Fier","lines":"48, 101, 102, 103","arr":["48","101","102","103"],"terminus":0,"mode":"bus","color":"#0059a9","colorDark":"#00294f","angle":162,"snapDist":6,"label":0}},{"type":"Feature","geometry":{"type":"Point","coordinates":[27.599944,47.167519]},"properties":{"name":"Spital Pascanu","lines":"48, 101, 102, 103","arr":["48","101","102","103"],"terminus":0,"mode":"bus","color":"#0059a9","colorDark":"#00294f","angle":89,"snapDist":5,"label":1}},{"type":"Feature","geometry":{"type":"Point","coordinates":[27.598956,47.173063]},"properties":{"name":"Cimitirul Sf. Petru și Pavel","lines":"48, 101, 102, 103","arr":["48","101","102","103"],"terminus":0,"mode":"bus","color":"#0059a9","colorDark":"#00294f","angle":77.3,"snapDist":1,"label":1}},{"type":"Feature","geometry":{"type":"Point","coordinates":[27.598047,47.178494]},"properties":{"name":"Telegondola 1","lines":"48, 101, 102, 103","arr":["48","101","102","103"],"terminus":0,"mode":"bus","color":"#0059a9","colorDark":"#00294f","angle":88.9,"snapDist":2,"label":1}},{"type":"Feature","geometry":{"type":"Point","coordinates":[27.598007,47.180192]},"properties":{"name":"Complex Roua Residence","lines":"48, 101, 102, 103","arr":["48","101","102","103"],"terminus":1,"mode":"bus","color":"#0059a9","colorDark":"#00294f","angle":85.2,"snapDist":2,"label":1}},{"type":"Feature","geometry":{"type":"Point","coordinates":[27.59794,47.180128]},"properties":{"name":"Complex Roua Residence","lines":"48, 101, 102, 103","arr":["48","101","102","103"],"terminus":1,"mode":"bus","color":"#0059a9","colorDark":"#00294f","angle":179.4,"snapDist":1,"label":0}},{"type":"Feature","geometry":{"type":"Point","coordinates":[27.598049,47.178922]},"properties":{"name":"Telegondola 1","lines":"48, 101, 102, 103","arr":["48","101","102","103"],"terminus":0,"mode":"bus","color":"#0059a9","colorDark":"#00294f","angle":268.7,"snapDist":5,"label":0}},{"type":"Feature","geometry":{"type":"Point","coordinates":[27.598958,47.173055]},"properties":{"name":"Cimitirul Sf. Petru și Pavel","lines":"48, 101, 102, 103","arr":["48","101","102","103"],"terminus":0,"mode":"bus","color":"#0059a9","colorDark":"#00294f","angle":257.3,"snapDist":1,"label":0}},{"type":"Feature","geometry":{"type":"Point","coordinates":[27.598405,47.167107]},"properties":{"name":"Spital Pașcanu","lines":"48, 101, 102, 103","arr":["48","101","102","103"],"terminus":0,"mode":"bus","color":"#0059a9","colorDark":"#00294f","angle":289.7,"snapDist":4,"label":1}},{"type":"Feature","geometry":{"type":"Point","coordinates":[27.595096,47.166962]},"properties":{"name":"Podu de Fier","lines":"48, 101, 102, 103","arr":["48","101","102","103"],"terminus":0,"mode":"bus","color":"#0059a9","colorDark":"#00294f","angle":22.9,"snapDist":8,"label":0}},{"type":"Feature","geometry":{"type":"Point","coordinates":[27.570858,47.166023]},"properties":{"name":"Gară","lines":"50","arr":["50"],"terminus":1,"mode":"bus","color":"#0059a9","colorDark":"#00294f","angle":324.2,"snapDist":4,"label":1}},{"type":"Feature","geometry":{"type":"Point","coordinates":[27.598142,47.175829]},"properties":{"name":"Str. Moara de Vânt","lines":"50, 101, 102","arr":["50","101","102"],"terminus":0,"mode":"bus","color":"#0059a9","colorDark":"#00294f","angle":87.1,"snapDist":1,"label":1}},{"type":"Feature","geometry":{"type":"Point","coordinates":[27.617558,47.176404]},"properties":{"name":"Aeroport","lines":"50","arr":["50"],"terminus":1,"mode":"bus","color":"#0059a9","colorDark":"#00294f","angle":83.3,"snapDist":15,"label":1}},{"type":"Feature","geometry":{"type":"Point","coordinates":[27.617566,47.17636]},"properties":{"name":"Aeroport","lines":"50","arr":["50"],"terminus":1,"mode":"bus","color":"#0059a9","colorDark":"#00294f","angle":263.3,"snapDist":13,"label":0}},{"type":"Feature","geometry":{"type":"Point","coordinates":[27.557451,47.16705]},"properties":{"name":"Zimbru","lines":"52","arr":["52"],"terminus":0,"mode":"bus","color":"#0059a9","colorDark":"#00294f","angle":115.2,"snapDist":8,"label":0}},{"type":"Feature","geometry":{"type":"Point","coordinates":[27.570147,47.160266]},"properties":{"name":"Piața Alexandru cel Bun","lines":"52","arr":["52"],"terminus":1,"mode":"bus","color":"#0059a9","colorDark":"#00294f","angle":221.4,"snapDist":7,"label":0}},{"type":"Feature","geometry":{"type":"Point","coordinates":[27.589693,47.166624]},"properties":{"name":"Colegiul Economic Administrativ","lines":"54","arr":["54"],"terminus":0,"mode":"bus","color":"#0059a9","colorDark":"#00294f","angle":63.3,"snapDist":4,"label":1}},{"type":"Feature","geometry":{"type":"Point","coordinates":[27.588142,47.16897]},"properties":{"name":"Str. Mihai Eminescu","lines":"54","arr":["54"],"terminus":0,"mode":"bus","color":"#0059a9","colorDark":"#00294f","angle":54.1,"snapDist":5,"label":1}},{"type":"Feature","geometry":{"type":"Point","coordinates":[27.583909,47.172791]},"properties":{"name":"Str. Nicolae Bălcescu","lines":"54","arr":["54"],"terminus":0,"mode":"bus","color":"#0059a9","colorDark":"#00294f","angle":45.3,"snapDist":3,"label":1}},{"type":"Feature","geometry":{"type":"Point","coordinates":[27.581898,47.17446]},"properties":{"name":"Bojdeuca Ion Creangă","lines":"54","arr":["54"],"terminus":0,"mode":"bus","color":"#0059a9","colorDark":"#00294f","angle":58.9,"snapDist":3,"label":1}},{"type":"Feature","geometry":{"type":"Point","coordinates":[27.579138,47.176577]},"properties":{"name":"Centrul Rezidențial pentru Mame și Copii","lines":"54","arr":["54"],"terminus":0,"mode":"bus","color":"#0059a9","colorDark":"#00294f","angle":36,"snapDist":6,"label":1}},{"type":"Feature","geometry":{"type":"Point","coordinates":[27.575395,47.17875]},"properties":{"name":"Str. Lascăr Catargi","lines":"54","arr":["54"],"terminus":0,"mode":"bus","color":"#0059a9","colorDark":"#00294f","angle":47,"snapDist":5,"label":1}},{"type":"Feature","geometry":{"type":"Point","coordinates":[27.57024,47.183089]},"properties":{"name":"Str. Mihai Costăchescu","lines":"54","arr":["54"],"terminus":0,"mode":"bus","color":"#0059a9","colorDark":"#00294f","angle":53.8,"snapDist":4,"label":1}},{"type":"Feature","geometry":{"type":"Point","coordinates":[27.567344,47.186014]},"properties":{"name":"Exclusive Residence","lines":"54","arr":["54"],"terminus":0,"mode":"bus","color":"#0059a9","colorDark":"#00294f","angle":57.5,"snapDist":5,"label":1}},{"type":"Feature","geometry":{"type":"Point","coordinates":[27.565229,47.188222]},"properties":{"name":"Târgușor Copou","lines":"54","arr":["54"],"terminus":0,"mode":"bus","color":"#0059a9","colorDark":"#00294f","angle":58.1,"snapDist":4,"label":1}},{"type":"Feature","geometry":{"type":"Point","coordinates":[27.5626,47.192511]},"properties":{"name":"Str. Caprelor","lines":"54","arr":["54"],"terminus":0,"mode":"bus","color":"#0059a9","colorDark":"#00294f","angle":65.5,"snapDist":2,"label":1}},{"type":"Feature","geometry":{"type":"Point","coordinates":[27.552338,47.203417]},"properties":{"name":"Str. Ursulea","lines":"54","arr":["54"],"terminus":0,"mode":"bus","color":"#0059a9","colorDark":"#00294f","angle":105.1,"snapDist":0,"label":1}},{"type":"Feature","geometry":{"type":"Point","coordinates":[27.557934,47.203634]},"properties":{"name":"Pod Cacaina","lines":"54","arr":["54"],"terminus":0,"mode":"bus","color":"#0059a9","colorDark":"#00294f","angle":205.7,"snapDist":4,"label":1}},{"type":"Feature","geometry":{"type":"Point","coordinates":[27.588063,47.174935]},"properties":{"name":"Bulevardul C.A.Rosetti","lines":"54","arr":["54"],"terminus":1,"mode":"bus","color":"#0059a9","colorDark":"#00294f","angle":67.2,"snapDist":1,"label":1}},{"type":"Feature","geometry":{"type":"Point","coordinates":[27.55229,47.203192]},"properties":{"name":"Str. Ursulea","lines":"54, 601","arr":["54","601"],"terminus":0,"mode":"bus","color":"#0059a9","colorDark":"#00294f","angle":270.7,"snapDist":6,"label":0}},{"type":"Feature","geometry":{"type":"Point","coordinates":[27.562446,47.192745]},"properties":{"name":"Str. Caprelor","lines":"54, 601","arr":["54","601"],"terminus":0,"mode":"bus","color":"#0059a9","colorDark":"#00294f","angle":255.1,"snapDist":4,"label":0}},{"type":"Feature","geometry":{"type":"Point","coordinates":[27.565228,47.188224]},"properties":{"name":"Târgușor Copou","lines":"54, 601","arr":["54","601"],"terminus":0,"mode":"bus","color":"#0059a9","colorDark":"#00294f","angle":238.1,"snapDist":6,"label":0}},{"type":"Feature","geometry":{"type":"Point","coordinates":[27.567366,47.185992]},"properties":{"name":"Exclusive Residence","lines":"54, 601","arr":["54","601"],"terminus":0,"mode":"bus","color":"#0059a9","colorDark":"#00294f","angle":235.9,"snapDist":5,"label":0}},{"type":"Feature","geometry":{"type":"Point","coordinates":[27.570236,47.183093]},"properties":{"name":"Str. Mihai Costăchescu","lines":"54, 601","arr":["54","601"],"terminus":0,"mode":"bus","color":"#0059a9","colorDark":"#00294f","angle":233.8,"snapDist":5,"label":0}},{"type":"Feature","geometry":{"type":"Point","coordinates":[27.575448,47.178711]},"properties":{"name":"Str. Lascăr Catargi","lines":"54, 601","arr":["54","601"],"terminus":0,"mode":"bus","color":"#0059a9","colorDark":"#00294f","angle":227,"snapDist":0,"label":0}},{"type":"Feature","geometry":{"type":"Point","coordinates":[27.579472,47.176386]},"properties":{"name":"Centrul Rezidențial pentru Mame și Copii","lines":"54, 601","arr":["54","601"],"terminus":0,"mode":"bus","color":"#0059a9","colorDark":"#00294f","angle":225.3,"snapDist":3,"label":0}},{"type":"Feature","geometry":{"type":"Point","coordinates":[27.581796,47.174575]},"properties":{"name":"Bojdeuca Ion Creangă","lines":"54, 601","arr":["54","601"],"terminus":0,"mode":"bus","color":"#0059a9","colorDark":"#00294f","angle":238.9,"snapDist":3,"label":0}},{"type":"Feature","geometry":{"type":"Point","coordinates":[27.58376,47.172893]},"properties":{"name":"Str. Nicolae Bălcescu","lines":"54, 601","arr":["54","601"],"terminus":0,"mode":"bus","color":"#0059a9","colorDark":"#00294f","angle":225.3,"snapDist":2,"label":0}},{"type":"Feature","geometry":{"type":"Point","coordinates":[27.588008,47.169095]},"properties":{"name":"Str. Mihai Eminescu","lines":"54, 601","arr":["54","601"],"terminus":0,"mode":"bus","color":"#0059a9","colorDark":"#00294f","angle":234.1,"snapDist":5,"label":0}},{"type":"Feature","geometry":{"type":"Point","coordinates":[27.589564,47.166822]},"properties":{"name":"Colegiul Economic Administrativ","lines":"54, 601","arr":["54","601"],"terminus":0,"mode":"bus","color":"#0059a9","colorDark":"#00294f","angle":246.5,"snapDist":6,"label":0}},{"type":"Feature","geometry":{"type":"Point","coordinates":[27.596945,47.193538]},"properties":{"name":"Pod Aroneanu (Brizo)","lines":"101, 102","arr":["101","102"],"terminus":0,"mode":"bus","color":"#0059a9","colorDark":"#00294f","angle":153.8,"snapDist":6,"label":1}},{"type":"Feature","geometry":{"type":"Point","coordinates":[27.596313,47.214601]},"properties":{"name":"Str. Valea lui Bors - Dorobant","lines":"101","arr":["101"],"terminus":0,"mode":"bus","color":"#0059a9","colorDark":"#00294f","angle":19.9,"snapDist":11,"label":1}},{"type":"Feature","geometry":{"type":"Point","coordinates":[27.594204,47.219313]},"properties":{"name":"Str. I.C. Bratianu - Dorobant","lines":"101","arr":["101"],"terminus":0,"mode":"bus","color":"#0059a9","colorDark":"#00294f","angle":85.6,"snapDist":10,"label":1}},{"type":"Feature","geometry":{"type":"Point","coordinates":[27.594793,47.223732]},"properties":{"name":"Rond Dorobant","lines":"101","arr":["101"],"terminus":0,"mode":"bus","color":"#0059a9","colorDark":"#00294f","angle":103.2,"snapDist":6,"label":1}},{"type":"Feature","geometry":{"type":"Point","coordinates":[27.59568,47.227003]},"properties":{"name":"Str. Cuza Voda - Dorobant","lines":"101","arr":["101"],"terminus":0,"mode":"bus","color":"#0059a9","colorDark":"#00294f","angle":101.1,"snapDist":2,"label":1}},{"type":"Feature","geometry":{"type":"Point","coordinates":[27.596026,47.22818]},"properties":{"name":"Str. M. Kogalniceanu - Dorobant","lines":"101","arr":["101"],"terminus":0,"mode":"bus","color":"#0059a9","colorDark":"#00294f","angle":100,"snapDist":0,"label":1}},{"type":"Feature","geometry":{"type":"Point","coordinates":[27.597046,47.234801]},"properties":{"name":"Str. Ionesti - Dorobant","lines":"101","arr":["101"],"terminus":1,"mode":"bus","color":"#0059a9","colorDark":"#00294f","angle":98.9,"snapDist":1,"label":1}},{"type":"Feature","geometry":{"type":"Point","coordinates":[27.597045,47.234796]},"properties":{"name":"Str. Ionesti - Dorobant","lines":"101","arr":["101"],"terminus":1,"mode":"bus","color":"#0059a9","colorDark":"#00294f","angle":278.9,"snapDist":3,"label":0}},{"type":"Feature","geometry":{"type":"Point","coordinates":[27.596041,47.228245]},"properties":{"name":"Str. M. Kogalniceanu - Dorobant","lines":"101","arr":["101"],"terminus":0,"mode":"bus","color":"#0059a9","colorDark":"#00294f","angle":278.4,"snapDist":4,"label":0}},{"type":"Feature","geometry":{"type":"Point","coordinates":[27.595116,47.224721]},"properties":{"name":"Str. Cuza Voda - Dorobant","lines":"101","arr":["101"],"terminus":0,"mode":"bus","color":"#0059a9","colorDark":"#00294f","angle":280.3,"snapDist":0,"label":1}},{"type":"Feature","geometry":{"type":"Point","coordinates":[27.59474,47.223547]},"properties":{"name":"Rond Dorobant","lines":"101","arr":["101"],"terminus":0,"mode":"bus","color":"#0059a9","colorDark":"#00294f","angle":280.6,"snapDist":2,"label":0}},{"type":"Feature","geometry":{"type":"Point","coordinates":[27.594287,47.21858]},"properties":{"name":"Str. I.C. Bratianu - Dorobant","lines":"101","arr":["101"],"terminus":0,"mode":"bus","color":"#0059a9","colorDark":"#00294f","angle":265.6,"snapDist":1,"label":0}},{"type":"Feature","geometry":{"type":"Point","coordinates":[27.595629,47.214819]},"properties":{"name":"Baza Nautica - Dorobant","lines":"101","arr":["101"],"terminus":0,"mode":"bus","color":"#0059a9","colorDark":"#00294f","angle":209.6,"snapDist":0,"label":1}},{"type":"Feature","geometry":{"type":"Point","coordinates":[27.596557,47.193409]},"properties":{"name":"Pod Aroneanu (Brizo)","lines":"101, 102","arr":["101","102"],"terminus":0,"mode":"bus","color":"#0059a9","colorDark":"#00294f","angle":333.8,"snapDist":6,"label":0}},{"type":"Feature","geometry":{"type":"Point","coordinates":[27.60084,47.198171]},"properties":{"name":"Str. Ion Creanga - Aroneanu","lines":"102","arr":["102"],"terminus":0,"mode":"bus","color":"#0059a9","colorDark":"#00294f","angle":103.2,"snapDist":5,"label":1}},{"type":"Feature","geometry":{"type":"Point","coordinates":[27.601778,47.200702]},"properties":{"name":"Str. Musatini - Aroneanu","lines":"102","arr":["102"],"terminus":0,"mode":"bus","color":"#0059a9","colorDark":"#00294f","angle":104.5,"snapDist":1,"label":1}},{"type":"Feature","geometry":{"type":"Point","coordinates":[27.603306,47.203545]},"properties":{"name":"Rond Aroneanu","lines":"102, 104","arr":["102","104"],"terminus":1,"mode":"bus","color":"#0059a9","colorDark":"#00294f","angle":164.2,"snapDist":2,"label":1}},{"type":"Feature","geometry":{"type":"Point","coordinates":[27.601851,47.200909]},"properties":{"name":"Str. Izvor - Aroneanu","lines":"102","arr":["102"],"terminus":0,"mode":"bus","color":"#0059a9","colorDark":"#00294f","angle":282.8,"snapDist":5,"label":1}},{"type":"Feature","geometry":{"type":"Point","coordinates":[27.600859,47.198224]},"properties":{"name":"Str. M. Eminescu - Aroneanu","lines":"102","arr":["102"],"terminus":0,"mode":"bus","color":"#0059a9","colorDark":"#00294f","angle":283.8,"snapDist":3,"label":1}},{"type":"Feature","geometry":{"type":"Point","coordinates":[27.59586,47.193369]},"properties":{"name":"Troita-Sorogari","lines":"103","arr":["103"],"terminus":0,"mode":"bus","color":"#0059a9","colorDark":"#00294f","angle":38.7,"snapDist":7,"label":1}},{"type":"Feature","geometry":{"type":"Point","coordinates":[27.589497,47.201302]},"properties":{"name":"Parc Sorogari","lines":"103","arr":["103"],"terminus":0,"mode":"bus","color":"#0059a9","colorDark":"#00294f","angle":37.2,"snapDist":7,"label":1}},{"type":"Feature","geometry":{"type":"Point","coordinates":[27.587271,47.20396]},"properties":{"name":"Baza Sportiva Sorogari","lines":"103","arr":["103"],"terminus":1,"mode":"bus","color":"#0059a9","colorDark":"#00294f","angle":77.2,"snapDist":4,"label":1}},{"type":"Feature","geometry":{"type":"Point","coordinates":[27.589488,47.201307]},"properties":{"name":"Parc Sorogari","lines":"103","arr":["103"],"terminus":0,"mode":"bus","color":"#0059a9","colorDark":"#00294f","angle":217.2,"snapDist":1,"label":0}},{"type":"Feature","geometry":{"type":"Point","coordinates":[27.595869,47.193365]},"properties":{"name":"Troita Sorogari","lines":"103","arr":["103"],"terminus":0,"mode":"bus","color":"#0059a9","colorDark":"#00294f","angle":218.7,"snapDist":3,"label":1}},{"type":"Feature","geometry":{"type":"Point","coordinates":[27.610323,47.208525]},"properties":{"name":"Str. Bogdan Voda - Aroneanu","lines":"104","arr":["104"],"terminus":0,"mode":"bus","color":"#0059a9","colorDark":"#00294f","angle":135.2,"snapDist":2,"label":1}},{"type":"Feature","geometry":{"type":"Point","coordinates":[27.619227,47.210684]},"properties":{"name":"Str. 7 Oameni - Aroneanu","lines":"104","arr":["104"],"terminus":0,"mode":"bus","color":"#0059a9","colorDark":"#00294f","angle":149.5,"snapDist":1,"label":1}},{"type":"Feature","geometry":{"type":"Point","coordinates":[27.637493,47.219423]},"properties":{"name":"Pod Netca - Rediul Aldei","lines":"104","arr":["104"],"terminus":0,"mode":"bus","color":"#0059a9","colorDark":"#00294f","angle":288.1,"snapDist":5,"label":1}},{"type":"Feature","geometry":{"type":"Point","coordinates":[27.637919,47.22425]},"properties":{"name":"Pod Emil - Rediu Aldei","lines":"104","arr":["104"],"terminus":1,"mode":"bus","color":"#0059a9","colorDark":"#00294f","angle":132.6,"snapDist":4,"label":1}},{"type":"Feature","geometry":{"type":"Point","coordinates":[27.639042,47.107251]},"properties":{"name":"Str. Cornelia Emilian","lines":"202","arr":["202"],"terminus":0,"mode":"bus","color":"#0059a9","colorDark":"#00294f","angle":252.7,"snapDist":0,"label":1}},{"type":"Feature","geometry":{"type":"Point","coordinates":[27.649601,47.099722]},"properties":{"name":"Str. Boiangiu","lines":"202","arr":["202"],"terminus":0,"mode":"bus","color":"#0059a9","colorDark":"#00294f","angle":254.8,"snapDist":1,"label":1}},{"type":"Feature","geometry":{"type":"Point","coordinates":[27.651077,47.094311]},"properties":{"name":"Str. Theodor Rosetti","lines":"202","arr":["202"],"terminus":0,"mode":"bus","color":"#0059a9","colorDark":"#00294f","angle":255.7,"snapDist":1,"label":1}},{"type":"Feature","geometry":{"type":"Point","coordinates":[27.650059,47.090657]},"properties":{"name":"Motel Bucium","lines":"202","arr":["202"],"terminus":0,"mode":"bus","color":"#0059a9","colorDark":"#00294f","angle":226.2,"snapDist":2,"label":1}},{"type":"Feature","geometry":{"type":"Point","coordinates":[27.655126,47.089418]},"properties":{"name":"Intrare Paun","lines":"202","arr":["202"],"terminus":0,"mode":"bus","color":"#0059a9","colorDark":"#00294f","angle":165.5,"snapDist":4,"label":1}},{"type":"Feature","geometry":{"type":"Point","coordinates":[27.66265,47.096356]},"properties":{"name":"Centru Paun","lines":"202","arr":["202"],"terminus":0,"mode":"bus","color":"#0059a9","colorDark":"#00294f","angle":102.2,"snapDist":3,"label":1}},{"type":"Feature","geometry":{"type":"Point","coordinates":[27.664696,47.103115]},"properties":{"name":"City View Paun","lines":"202","arr":["202"],"terminus":1,"mode":"bus","color":"#0059a9","colorDark":"#00294f","angle":311.9,"snapDist":2,"label":1}},{"type":"Feature","geometry":{"type":"Point","coordinates":[27.662658,47.096568]},"properties":{"name":"Centru Paun","lines":"202","arr":["202"],"terminus":0,"mode":"bus","color":"#0059a9","colorDark":"#00294f","angle":259.9,"snapDist":5,"label":0}},{"type":"Feature","geometry":{"type":"Point","coordinates":[27.655007,47.089415]},"properties":{"name":"Intrare Paun","lines":"202","arr":["202"],"terminus":0,"mode":"bus","color":"#0059a9","colorDark":"#00294f","angle":19.5,"snapDist":3,"label":0}},{"type":"Feature","geometry":{"type":"Point","coordinates":[27.649901,47.090769]},"properties":{"name":"Motel Bucium","lines":"202","arr":["202"],"terminus":0,"mode":"bus","color":"#0059a9","colorDark":"#00294f","angle":46.2,"snapDist":11,"label":0}},{"type":"Feature","geometry":{"type":"Point","coordinates":[27.65108,47.094303]},"properties":{"name":"Str. Theodor Rosetti","lines":"202","arr":["202"],"terminus":0,"mode":"bus","color":"#0059a9","colorDark":"#00294f","angle":75.7,"snapDist":3,"label":0}},{"type":"Feature","geometry":{"type":"Point","coordinates":[27.649461,47.100073]},"properties":{"name":"Str. Boiangiu","lines":"202","arr":["202"],"terminus":0,"mode":"bus","color":"#0059a9","colorDark":"#00294f","angle":74.7,"snapDist":3,"label":0}},{"type":"Feature","geometry":{"type":"Point","coordinates":[27.639041,47.107254]},"properties":{"name":"Str. Cornelia Emilian","lines":"202","arr":["202"],"terminus":0,"mode":"bus","color":"#0059a9","colorDark":"#00294f","angle":72.7,"snapDist":2,"label":0}},{"type":"Feature","geometry":{"type":"Point","coordinates":[27.605889,47.12971]},"properties":{"name":"Zen Residence","lines":"203","arr":["203"],"terminus":0,"mode":"bus","color":"#0059a9","colorDark":"#00294f","angle":317.9,"snapDist":9,"label":1}},{"type":"Feature","geometry":{"type":"Point","coordinates":[27.601975,47.125145]},"properties":{"name":"Str. Visan","lines":"203","arr":["203"],"terminus":0,"mode":"bus","color":"#0059a9","colorDark":"#00294f","angle":301.4,"snapDist":3,"label":1}},{"type":"Feature","geometry":{"type":"Point","coordinates":[27.600448,47.121656]},"properties":{"name":"Verdi Residence - Visan","lines":"203","arr":["203"],"terminus":0,"mode":"bus","color":"#0059a9","colorDark":"#00294f","angle":274,"snapDist":6,"label":1}},{"type":"Feature","geometry":{"type":"Point","coordinates":[27.601815,47.118858]},"properties":{"name":"Auras Residence - Visan","lines":"203","arr":["203"],"terminus":0,"mode":"bus","color":"#0059a9","colorDark":"#00294f","angle":258,"snapDist":10,"label":1}},{"type":"Feature","geometry":{"type":"Point","coordinates":[27.603064,47.114934]},"properties":{"name":"Rezidential Decoflor - Visan","lines":"203","arr":["203"],"terminus":1,"mode":"bus","color":"#0059a9","colorDark":"#00294f","angle":259.1,"snapDist":6,"label":1}},{"type":"Feature","geometry":{"type":"Point","coordinates":[27.603074,47.114897]},"properties":{"name":"Rezidential Decoflor - Visan","lines":"203","arr":["203"],"terminus":1,"mode":"bus","color":"#0059a9","colorDark":"#00294f","angle":79.1,"snapDist":7,"label":0}},{"type":"Feature","geometry":{"type":"Point","coordinates":[27.601989,47.118323]},"properties":{"name":"Auras Residence - Visan","lines":"203","arr":["203"],"terminus":0,"mode":"bus","color":"#0059a9","colorDark":"#00294f","angle":77.3,"snapDist":9,"label":0}},{"type":"Feature","geometry":{"type":"Point","coordinates":[27.600435,47.121513]},"properties":{"name":"Verdi Residence - Visan","lines":"203","arr":["203"],"terminus":0,"mode":"bus","color":"#0059a9","colorDark":"#00294f","angle":93.3,"snapDist":6,"label":0}},{"type":"Feature","geometry":{"type":"Point","coordinates":[27.60195,47.125117]},"properties":{"name":"Str. Visan","lines":"203","arr":["203"],"terminus":0,"mode":"bus","color":"#0059a9","colorDark":"#00294f","angle":121.4,"snapDist":8,"label":0}},{"type":"Feature","geometry":{"type":"Point","coordinates":[27.605926,47.129733]},"properties":{"name":"Zen Residence","lines":"203","arr":["203"],"terminus":0,"mode":"bus","color":"#0059a9","colorDark":"#00294f","angle":137.9,"snapDist":0,"label":0}},{"type":"Feature","geometry":{"type":"Point","coordinates":[27.55717,47.092465]},"properties":{"name":"Gradinita Tineretului","lines":"301","arr":["301"],"terminus":0,"mode":"bus","color":"#0059a9","colorDark":"#00294f","angle":274.6,"snapDist":5,"label":1}},{"type":"Feature","geometry":{"type":"Point","coordinates":[27.554112,47.088341]},"properties":{"name":"Strada Eliberarii - Dumbrava","lines":"301","arr":["301"],"terminus":0,"mode":"bus","color":"#0059a9","colorDark":"#00294f","angle":280.4,"snapDist":5,"label":1}},{"type":"Feature","geometry":{"type":"Point","coordinates":[27.551563,47.081327]},"properties":{"name":"Str. Digului - Dumbrava","lines":"301","arr":["301"],"terminus":0,"mode":"bus","color":"#0059a9","colorDark":"#00294f","angle":286.4,"snapDist":5,"label":1}},{"type":"Feature","geometry":{"type":"Point","coordinates":[27.550856,47.076976]},"properties":{"name":"Biserica Dumbrava","lines":"301","arr":["301"],"terminus":0,"mode":"bus","color":"#0059a9","colorDark":"#00294f","angle":263.7,"snapDist":6,"label":1}},{"type":"Feature","geometry":{"type":"Point","coordinates":[27.547726,47.065264]},"properties":{"name":"Concretica - Dumbrava","lines":"301","arr":["301"],"terminus":1,"mode":"bus","color":"#0059a9","colorDark":"#00294f","angle":282.4,"snapDist":8,"label":1}},{"type":"Feature","geometry":{"type":"Point","coordinates":[27.547641,47.065]},"properties":{"name":"Concretica - Dumbrava","lines":"301","arr":["301"],"terminus":1,"mode":"bus","color":"#0059a9","colorDark":"#00294f","angle":102.4,"snapDist":9,"label":0}},{"type":"Feature","geometry":{"type":"Point","coordinates":[27.55086,47.076948]},"properties":{"name":"Biserica Dumbrava","lines":"301","arr":["301"],"terminus":0,"mode":"bus","color":"#0059a9","colorDark":"#00294f","angle":83.7,"snapDist":2,"label":0}},{"type":"Feature","geometry":{"type":"Point","coordinates":[27.551543,47.081278]},"properties":{"name":"Str. Digului","lines":"301","arr":["301"],"terminus":0,"mode":"bus","color":"#0059a9","colorDark":"#00294f","angle":104.8,"snapDist":4,"label":1}},{"type":"Feature","geometry":{"type":"Point","coordinates":[27.554087,47.088248]},"properties":{"name":"Str. Eliberarii - Dumbrava","lines":"301","arr":["301"],"terminus":0,"mode":"bus","color":"#0059a9","colorDark":"#00294f","angle":100.3,"snapDist":5,"label":1}},{"type":"Feature","geometry":{"type":"Point","coordinates":[27.557158,47.092374]},"properties":{"name":"Gradinita Tineretului","lines":"301","arr":["301"],"terminus":0,"mode":"bus","color":"#0059a9","colorDark":"#00294f","angle":95.6,"snapDist":5,"label":0}},{"type":"Feature","geometry":{"type":"Point","coordinates":[27.631319,47.154283]},"properties":{"name":"I.P.A.","lines":"401","arr":["401"],"terminus":0,"mode":"bus","color":"#0059a9","colorDark":"#00294f","angle":209.4,"snapDist":1,"label":1}},{"type":"Feature","geometry":{"type":"Point","coordinates":[27.636115,47.152033]},"properties":{"name":"Phoenix","lines":"401","arr":["401"],"terminus":0,"mode":"bus","color":"#0059a9","colorDark":"#00294f","angle":216.8,"snapDist":2,"label":1}},{"type":"Feature","geometry":{"type":"Point","coordinates":[27.641863,47.152325]},"properties":{"name":"Hotel Amadeo","lines":"401","arr":["401"],"terminus":0,"mode":"bus","color":"#0059a9","colorDark":"#00294f","angle":156.7,"snapDist":1,"label":1}},{"type":"Feature","geometry":{"type":"Point","coordinates":[27.648474,47.152915]},"properties":{"name":"Rond vechi Dancu","lines":"401","arr":["401"],"terminus":0,"mode":"bus","color":"#0059a9","colorDark":"#00294f","angle":187.1,"snapDist":2,"label":1}},{"type":"Feature","geometry":{"type":"Point","coordinates":[27.655014,47.152413]},"properties":{"name":"Blocuri Dancu","lines":"401","arr":["401"],"terminus":0,"mode":"bus","color":"#0059a9","colorDark":"#00294f","angle":187.3,"snapDist":3,"label":1}},{"type":"Feature","geometry":{"type":"Point","coordinates":[27.659618,47.152002]},"properties":{"name":"Dancu","lines":"401","arr":["401"],"terminus":0,"mode":"bus","color":"#0059a9","colorDark":"#00294f","angle":188.1,"snapDist":26,"label":1}},{"type":"Feature","geometry":{"type":"Point","coordinates":[27.677085,47.149887]},"properties":{"name":"Str. Firmelor - Holboca","lines":"401","arr":["401"],"terminus":0,"mode":"bus","color":"#0059a9","colorDark":"#00294f","angle":202.9,"snapDist":7,"label":1}},{"type":"Feature","geometry":{"type":"Point","coordinates":[27.686492,47.148396]},"properties":{"name":"Calea Tomesti - Holboca","lines":"401","arr":["401"],"terminus":0,"mode":"bus","color":"#0059a9","colorDark":"#00294f","angle":175.6,"snapDist":7,"label":1}},{"type":"Feature","geometry":{"type":"Point","coordinates":[27.686119,47.154047]},"properties":{"name":"Primaria Holboca","lines":"401","arr":["401"],"terminus":0,"mode":"bus","color":"#0059a9","colorDark":"#00294f","angle":122.9,"snapDist":5,"label":1}},{"type":"Feature","geometry":{"type":"Point","coordinates":[27.685942,47.159752]},"properties":{"name":"Str. Lunga - Holboca","lines":"401","arr":["401"],"terminus":0,"mode":"bus","color":"#0059a9","colorDark":"#00294f","angle":109.6,"snapDist":4,"label":1}},{"type":"Feature","geometry":{"type":"Point","coordinates":[27.68826,47.165821]},"properties":{"name":"Str Principala - Holboca","lines":"401","arr":["401"],"terminus":0,"mode":"bus","color":"#0059a9","colorDark":"#00294f","angle":92.9,"snapDist":3,"label":1}},{"type":"Feature","geometry":{"type":"Point","coordinates":[27.688966,47.172147]},"properties":{"name":"Str Orizont - Holboca","lines":"401","arr":["401"],"terminus":0,"mode":"bus","color":"#0059a9","colorDark":"#00294f","angle":70.2,"snapDist":4,"label":1}},{"type":"Feature","geometry":{"type":"Point","coordinates":[27.685752,47.177568]},"properties":{"name":"Scoala Rusenii Vechi","lines":"401","arr":["401"],"terminus":0,"mode":"bus","color":"#0059a9","colorDark":"#00294f","angle":68.9,"snapDist":4,"label":1}},{"type":"Feature","geometry":{"type":"Point","coordinates":[27.681251,47.182297]},"properties":{"name":"Str Veche - Rusenii Vechi","lines":"401","arr":["401"],"terminus":0,"mode":"bus","color":"#0059a9","colorDark":"#00294f","angle":54.8,"snapDist":6,"label":1}},{"type":"Feature","geometry":{"type":"Point","coordinates":[27.673862,47.189524]},"properties":{"name":"Str Neamului - Rusenii Noi","lines":"401","arr":["401"],"terminus":0,"mode":"bus","color":"#0059a9","colorDark":"#00294f","angle":52.8,"snapDist":8,"label":1}},{"type":"Feature","geometry":{"type":"Point","coordinates":[27.668682,47.196172]},"properties":{"name":"Scoala Rusenii Noi","lines":"401","arr":["401"],"terminus":1,"mode":"bus","color":"#0059a9","colorDark":"#00294f","angle":54,"snapDist":9,"label":1}},{"type":"Feature","geometry":{"type":"Point","coordinates":[27.668775,47.196095]},"properties":{"name":"Scoala Rusenii Noi","lines":"401","arr":["401"],"terminus":1,"mode":"bus","color":"#0059a9","colorDark":"#00294f","angle":325.8,"snapDist":1,"label":0}},{"type":"Feature","geometry":{"type":"Point","coordinates":[27.673871,47.189516]},"properties":{"name":"Str Neamului","lines":"401","arr":["401"],"terminus":0,"mode":"bus","color":"#0059a9","colorDark":"#00294f","angle":232.8,"snapDist":3,"label":1}},{"type":"Feature","geometry":{"type":"Point","coordinates":[27.681263,47.182286]},"properties":{"name":"Str Veche - Rusenii Vechi","lines":"401","arr":["401"],"terminus":0,"mode":"bus","color":"#0059a9","colorDark":"#00294f","angle":234.8,"snapDist":3,"label":0}},{"type":"Feature","geometry":{"type":"Point","coordinates":[27.685757,47.17756]},"properties":{"name":"Scoala Rusenii Vechi","lines":"401","arr":["401"],"terminus":0,"mode":"bus","color":"#0059a9","colorDark":"#00294f","angle":248.9,"snapDist":6,"label":0}},{"type":"Feature","geometry":{"type":"Point","coordinates":[27.688973,47.172133]},"properties":{"name":"Str Orizont - Holboca","lines":"401","arr":["401"],"terminus":0,"mode":"bus","color":"#0059a9","colorDark":"#00294f","angle":250.2,"snapDist":7,"label":0}},{"type":"Feature","geometry":{"type":"Point","coordinates":[27.688262,47.165857]},"properties":{"name":"Str Principala - Holboca","lines":"401","arr":["401"],"terminus":0,"mode":"bus","color":"#0059a9","colorDark":"#00294f","angle":272.9,"snapDist":8,"label":0}},{"type":"Feature","geometry":{"type":"Point","coordinates":[27.686028,47.159912]},"properties":{"name":"Str Lunga - Holboca","lines":"401","arr":["401"],"terminus":0,"mode":"bus","color":"#0059a9","colorDark":"#00294f","angle":291.5,"snapDist":6,"label":1}},{"type":"Feature","geometry":{"type":"Point","coordinates":[27.686212,47.154131]},"properties":{"name":"Primaria Holboca","lines":"401","arr":["401"],"terminus":0,"mode":"bus","color":"#0059a9","colorDark":"#00294f","angle":308.7,"snapDist":7,"label":0}},{"type":"Feature","geometry":{"type":"Point","coordinates":[27.686373,47.14839]},"properties":{"name":"Calea Tomesti - Holboca","lines":"401","arr":["401"],"terminus":0,"mode":"bus","color":"#0059a9","colorDark":"#00294f","angle":355.6,"snapDist":3,"label":0}},{"type":"Feature","geometry":{"type":"Point","coordinates":[27.67701,47.149908]},"properties":{"name":"Str. Firmelor - Holboca","lines":"401","arr":["401"],"terminus":0,"mode":"bus","color":"#0059a9","colorDark":"#00294f","angle":22.9,"snapDist":4,"label":0}},{"type":"Feature","geometry":{"type":"Point","coordinates":[27.659525,47.152011]},"properties":{"name":"Dancu","lines":"401","arr":["401"],"terminus":0,"mode":"bus","color":"#0059a9","colorDark":"#00294f","angle":-171.9,"snapDist":8,"label":0}},{"type":"Feature","geometry":{"type":"Point","coordinates":[27.656019,47.152326]},"properties":{"name":"Blocuri Dancu","lines":"401","arr":["401"],"terminus":0,"mode":"bus","color":"#0059a9","colorDark":"#00294f","angle":7.7,"snapDist":0,"label":0}},{"type":"Feature","geometry":{"type":"Point","coordinates":[27.648535,47.152996]},"properties":{"name":"Rond vechi Dancu","lines":"401","arr":["401"],"terminus":0,"mode":"bus","color":"#0059a9","colorDark":"#00294f","angle":7.5,"snapDist":2,"label":0}},{"type":"Feature","geometry":{"type":"Point","coordinates":[27.642875,47.152621]},"properties":{"name":"Hotel Amadeo","lines":"401","arr":["401"],"terminus":0,"mode":"bus","color":"#0059a9","colorDark":"#00294f","angle":336.4,"snapDist":4,"label":0}},{"type":"Feature","geometry":{"type":"Point","coordinates":[27.636427,47.151896]},"properties":{"name":"Phoenix","lines":"401","arr":["401"],"terminus":0,"mode":"bus","color":"#0059a9","colorDark":"#00294f","angle":25.3,"snapDist":2,"label":0}},{"type":"Feature","geometry":{"type":"Point","coordinates":[27.632603,47.153789]},"properties":{"name":"I.P.A.","lines":"401","arr":["401"],"terminus":0,"mode":"bus","color":"#0059a9","colorDark":"#00294f","angle":29.2,"snapDist":2,"label":0}},{"type":"Feature","geometry":{"type":"Point","coordinates":[27.52393,47.145564]},"properties":{"name":"Tess Conex - Miroslava","lines":"501, 501b","arr":["501","501b"],"terminus":0,"mode":"bus","color":"#0059a9","colorDark":"#00294f","angle":345,"snapDist":3,"label":1}},{"type":"Feature","geometry":{"type":"Point","coordinates":[27.513872,47.14221]},"properties":{"name":"Transanapet - Gaureni","lines":"501, 501b","arr":["501","501b"],"terminus":0,"mode":"bus","color":"#0059a9","colorDark":"#00294f","angle":330.3,"snapDist":6,"label":1}},{"type":"Feature","geometry":{"type":"Point","coordinates":[27.493822,47.136891]},"properties":{"name":"Biserica - Valea Ursului","lines":"501, 501b","arr":["501","501b"],"terminus":0,"mode":"bus","color":"#0059a9","colorDark":"#00294f","angle":338.8,"snapDist":5,"label":1}},{"type":"Feature","geometry":{"type":"Point","coordinates":[27.483554,47.134774]},"properties":{"name":"Magazin Morosanu - Valea Ursului","lines":"501, 501b","arr":["501","501b"],"terminus":0,"mode":"bus","color":"#0059a9","colorDark":"#00294f","angle":344.1,"snapDist":7,"label":1}},{"type":"Feature","geometry":{"type":"Point","coordinates":[27.476984,47.130055]},"properties":{"name":"Platou Vorovesti","lines":"501, 501b","arr":["501","501b"],"terminus":1,"mode":"bus","color":"#0059a9","colorDark":"#00294f","angle":310.6,"snapDist":4,"label":1}},{"type":"Feature","geometry":{"type":"Point","coordinates":[27.483647,47.134792]},"properties":{"name":"Magazin Morosanu - Valea Ursului","lines":"501, 501b","arr":["501","501b"],"terminus":0,"mode":"bus","color":"#0059a9","colorDark":"#00294f","angle":164.1,"snapDist":4,"label":0}},{"type":"Feature","geometry":{"type":"Point","coordinates":[27.493812,47.136889]},"properties":{"name":"Biserica - Valea Ursului","lines":"501, 501b","arr":["501","501b"],"terminus":0,"mode":"bus","color":"#0059a9","colorDark":"#00294f","angle":158.8,"snapDist":6,"label":0}},{"type":"Feature","geometry":{"type":"Point","coordinates":[27.514021,47.142267]},"properties":{"name":"Transanapet - Gaureni","lines":"501, 501b","arr":["501","501b"],"terminus":0,"mode":"bus","color":"#0059a9","colorDark":"#00294f","angle":150.5,"snapDist":6,"label":0}},{"type":"Feature","geometry":{"type":"Point","coordinates":[27.471233,47.124968]},"properties":{"name":"Str. Romanitei - Vorovesti","lines":"501b","arr":["501b"],"terminus":0,"mode":"bus","color":"#0059a9","colorDark":"#00294f","angle":307,"snapDist":4,"label":1}},{"type":"Feature","geometry":{"type":"Point","coordinates":[27.467655,47.121145]},"properties":{"name":"Str. Iasomiei - Vorovesti","lines":"501b","arr":["501b"],"terminus":0,"mode":"bus","color":"#0059a9","colorDark":"#00294f","angle":296,"snapDist":4,"label":1}},{"type":"Feature","geometry":{"type":"Point","coordinates":[27.465483,47.119647]},"properties":{"name":"Str. Unirii - Vorovesti","lines":"501b","arr":["501b"],"terminus":0,"mode":"bus","color":"#0059a9","colorDark":"#00294f","angle":309,"snapDist":2,"label":1}},{"type":"Feature","geometry":{"type":"Point","coordinates":[27.463365,47.116287]},"properties":{"name":"Coso Garaj - Vorovesti","lines":"501b","arr":["501b"],"terminus":0,"mode":"bus","color":"#0059a9","colorDark":"#00294f","angle":298.5,"snapDist":3,"label":1}},{"type":"Feature","geometry":{"type":"Point","coordinates":[27.460991,47.113101]},"properties":{"name":"Ferma Liliac","lines":"501b","arr":["501b"],"terminus":1,"mode":"bus","color":"#0059a9","colorDark":"#00294f","angle":219.8,"snapDist":1,"label":1}},{"type":"Feature","geometry":{"type":"Point","coordinates":[27.46375,47.116769]},"properties":{"name":"Str. Bucegi - Vorovesti","lines":"501b","arr":["501b"],"terminus":0,"mode":"bus","color":"#0059a9","colorDark":"#00294f","angle":118.5,"snapDist":4,"label":1}},{"type":"Feature","geometry":{"type":"Point","coordinates":[27.466358,47.120211]},"properties":{"name":"Str. Cocosului - Vorovesti","lines":"501b","arr":["501b"],"terminus":0,"mode":"bus","color":"#0059a9","colorDark":"#00294f","angle":137.5,"snapDist":5,"label":1}},{"type":"Feature","geometry":{"type":"Point","coordinates":[27.470926,47.124698]},"properties":{"name":"Str. Mircea Eliade - Vorovesti","lines":"501b","arr":["501b"],"terminus":0,"mode":"bus","color":"#0059a9","colorDark":"#00294f","angle":127.7,"snapDist":3,"label":1}},{"type":"Feature","geometry":{"type":"Point","coordinates":[27.477066,47.130002]},"properties":{"name":"Platou Vorovesti","lines":"501b","arr":["501b"],"terminus":0,"mode":"bus","color":"#0059a9","colorDark":"#00294f","angle":158.1,"snapDist":3,"label":0}},{"type":"Feature","geometry":{"type":"Point","coordinates":[27.551552,47.105402]},"properties":{"name":"Magazin La Salcii - Horpaz","lines":"502","arr":["502"],"terminus":0,"mode":"bus","color":"#0059a9","colorDark":"#00294f","angle":331.2,"snapDist":4,"label":1}},{"type":"Feature","geometry":{"type":"Point","coordinates":[27.540772,47.101924]},"properties":{"name":"Magazin Profi - Horpaz","lines":"502","arr":["502"],"terminus":0,"mode":"bus","color":"#0059a9","colorDark":"#00294f","angle":330.7,"snapDist":3,"label":1}},{"type":"Feature","geometry":{"type":"Point","coordinates":[27.530623,47.098289]},"properties":{"name":"Str. Prof. Neculai Hartan - Ciurbesti","lines":"502","arr":["502"],"terminus":0,"mode":"bus","color":"#0059a9","colorDark":"#00294f","angle":338.7,"snapDist":5,"label":1}},{"type":"Feature","geometry":{"type":"Point","coordinates":[27.525968,47.096506]},"properties":{"name":"Str. Parcului - Ciurbesti","lines":"502","arr":["502"],"terminus":1,"mode":"bus","color":"#0059a9","colorDark":"#00294f","angle":320.3,"snapDist":6,"label":1}},{"type":"Feature","geometry":{"type":"Point","coordinates":[27.52603,47.09654]},"properties":{"name":"Str. Parcului - Ciurbesti","lines":"502","arr":["502"],"terminus":1,"mode":"bus","color":"#0059a9","colorDark":"#00294f","angle":140.3,"snapDist":7,"label":0}},{"type":"Feature","geometry":{"type":"Point","coordinates":[27.530468,47.098245]},"properties":{"name":"Str. Prof. Neculai Hartan - Ciurbesti","lines":"502","arr":["502"],"terminus":0,"mode":"bus","color":"#0059a9","colorDark":"#00294f","angle":157.3,"snapDist":4,"label":0}},{"type":"Feature","geometry":{"type":"Point","coordinates":[27.540873,47.101963]},"properties":{"name":"Magazin Profi - Horpaz","lines":"502","arr":["502"],"terminus":0,"mode":"bus","color":"#0059a9","colorDark":"#00294f","angle":150.7,"snapDist":4,"label":0}},{"type":"Feature","geometry":{"type":"Point","coordinates":[27.551663,47.105443]},"properties":{"name":"Magazin La Salcii - Horpaz","lines":"502","arr":["502"],"terminus":0,"mode":"bus","color":"#0059a9","colorDark":"#00294f","angle":151.2,"snapDist":11,"label":0}},{"type":"Feature","geometry":{"type":"Point","coordinates":[27.554027,47.121658]},"properties":{"name":"Nicol Residence - Valea Adanca","lines":"503, 503b","arr":["503","503b"],"terminus":0,"mode":"bus","color":"#0059a9","colorDark":"#00294f","angle":34.8,"snapDist":3,"label":1}},{"type":"Feature","geometry":{"type":"Point","coordinates":[27.546517,47.124623]},"properties":{"name":"5 Drumuri - Valea Adanca","lines":"503, 503b","arr":["503","503b"],"terminus":0,"mode":"bus","color":"#0059a9","colorDark":"#00294f","angle":42.6,"snapDist":3,"label":1}},{"type":"Feature","geometry":{"type":"Point","coordinates":[27.542371,47.12718]},"properties":{"name":"Str. Marului - Valea Adanca","lines":"503, 503b","arr":["503","503b"],"terminus":0,"mode":"bus","color":"#0059a9","colorDark":"#00294f","angle":41.6,"snapDist":4,"label":1}},{"type":"Feature","geometry":{"type":"Point","coordinates":[27.537006,47.13063]},"properties":{"name":"Str. Mazuru-Valea Adanca","lines":"503, 503b","arr":["503","503b"],"terminus":1,"mode":"bus","color":"#0059a9","colorDark":"#00294f","angle":-127.5,"snapDist":7,"label":1}},{"type":"Feature","geometry":{"type":"Point","coordinates":[27.54239,47.127169]},"properties":{"name":"Str. Marului - Valea Adanca","lines":"503, 503b","arr":["503","503b"],"terminus":0,"mode":"bus","color":"#0059a9","colorDark":"#00294f","angle":221.6,"snapDist":6,"label":0}},{"type":"Feature","geometry":{"type":"Point","coordinates":[27.546476,47.124649]},"properties":{"name":"5 Drumuri - Valea Adanca","lines":"503, 503b","arr":["503","503b"],"terminus":0,"mode":"bus","color":"#0059a9","colorDark":"#00294f","angle":222.6,"snapDist":7,"label":0}},{"type":"Feature","geometry":{"type":"Point","coordinates":[27.554028,47.121657]},"properties":{"name":"Nicol Residence - Valea Adanca","lines":"503, 503b","arr":["503","503b"],"terminus":0,"mode":"bus","color":"#0059a9","colorDark":"#00294f","angle":214.8,"snapDist":5,"label":0}},{"type":"Feature","geometry":{"type":"Point","coordinates":[27.528923,47.141794]},"properties":{"name":"Vulcanizare - Balciu","lines":"503b","arr":["503b"],"terminus":0,"mode":"bus","color":"#0059a9","colorDark":"#00294f","angle":63.6,"snapDist":4,"label":1}},{"type":"Feature","geometry":{"type":"Point","coordinates":[27.526107,47.145346]},"properties":{"name":"str. Prof. Anton Nitu","lines":"503b","arr":["503b"],"terminus":1,"mode":"bus","color":"#0059a9","colorDark":"#00294f","angle":62.9,"snapDist":4,"label":1}},{"type":"Feature","geometry":{"type":"Point","coordinates":[27.528912,47.141808]},"properties":{"name":"Vulcanizare - Balciu","lines":"503b","arr":["503b"],"terminus":0,"mode":"bus","color":"#0059a9","colorDark":"#00294f","angle":243.6,"snapDist":7,"label":0}},{"type":"Feature","geometry":{"type":"Point","coordinates":[27.594228,47.167085]},"properties":{"name":"Pod de Fier","lines":"601","arr":["601"],"terminus":0,"mode":"bus","color":"#0059a9","colorDark":"#00294f","angle":70.5,"snapDist":14,"label":1}},{"type":"Feature","geometry":{"type":"Point","coordinates":[27.587579,47.175569]},"properties":{"name":"Str Albinet","lines":"601","arr":["601"],"terminus":0,"mode":"bus","color":"#0059a9","colorDark":"#00294f","angle":61,"snapDist":8,"label":1}},{"type":"Feature","geometry":{"type":"Point","coordinates":[27.554383,47.208225]},"properties":{"name":"Intersectie Carlig","lines":"601","arr":["601"],"terminus":0,"mode":"bus","color":"#0059a9","colorDark":"#00294f","angle":68.7,"snapDist":5,"label":1}},{"type":"Feature","geometry":{"type":"Point","coordinates":[27.547083,47.221216]},"properties":{"name":"Carolina - Vanatori","lines":"601","arr":["601"],"terminus":0,"mode":"bus","color":"#0059a9","colorDark":"#00294f","angle":65.3,"snapDist":6,"label":1}},{"type":"Feature","geometry":{"type":"Point","coordinates":[27.537101,47.229652]},"properties":{"name":"Satu Nou - Vanatori","lines":"601","arr":["601"],"terminus":0,"mode":"bus","color":"#0059a9","colorDark":"#00294f","angle":73.4,"snapDist":7,"label":1}},{"type":"Feature","geometry":{"type":"Point","coordinates":[27.532016,47.240352]},"properties":{"name":"Vanatori","lines":"601","arr":["601"],"terminus":0,"mode":"bus","color":"#0059a9","colorDark":"#00294f","angle":71.8,"snapDist":3,"label":1}},{"type":"Feature","geometry":{"type":"Point","coordinates":[27.519211,47.27401]},"properties":{"name":"Intersectie Moimesti","lines":"601","arr":["601"],"terminus":0,"mode":"bus","color":"#0059a9","colorDark":"#00294f","angle":103.6,"snapDist":9,"label":1}},{"type":"Feature","geometry":{"type":"Point","coordinates":[27.517079,47.281315]},"properties":{"name":"Popricani (2)","lines":"601","arr":["601"],"terminus":0,"mode":"bus","color":"#0059a9","colorDark":"#00294f","angle":62.7,"snapDist":9,"label":1}},{"type":"Feature","geometry":{"type":"Point","coordinates":[27.511785,47.287916]},"properties":{"name":"Popricani (1)","lines":"601","arr":["601"],"terminus":1,"mode":"bus","color":"#0059a9","colorDark":"#00294f","angle":265,"snapDist":6,"label":1}},{"type":"Feature","geometry":{"type":"Point","coordinates":[27.517084,47.281308]},"properties":{"name":"Popricani (2)","lines":"601","arr":["601"],"terminus":0,"mode":"bus","color":"#0059a9","colorDark":"#00294f","angle":242.7,"snapDist":2,"label":0}},{"type":"Feature","geometry":{"type":"Point","coordinates":[27.519207,47.273997]},"properties":{"name":"Intersectie Moimesti","lines":"601","arr":["601"],"terminus":0,"mode":"bus","color":"#0059a9","colorDark":"#00294f","angle":283.6,"snapDist":1,"label":0}},{"type":"Feature","geometry":{"type":"Point","coordinates":[27.532058,47.240265]},"properties":{"name":"Vanatori","lines":"601","arr":["601"],"terminus":0,"mode":"bus","color":"#0059a9","colorDark":"#00294f","angle":251.8,"snapDist":5,"label":0}},{"type":"Feature","geometry":{"type":"Point","coordinates":[27.537081,47.229696]},"properties":{"name":"Satu Nou - Vanatori","lines":"601","arr":["601"],"terminus":0,"mode":"bus","color":"#0059a9","colorDark":"#00294f","angle":253.4,"snapDist":6,"label":0}},{"type":"Feature","geometry":{"type":"Point","coordinates":[27.547002,47.22133]},"properties":{"name":"Carolina - Vanatori","lines":"601","arr":["601"],"terminus":0,"mode":"bus","color":"#0059a9","colorDark":"#00294f","angle":244.2,"snapDist":8,"label":0}},{"type":"Feature","geometry":{"type":"Point","coordinates":[27.554264,47.208431]},"properties":{"name":"Intersectie Carlig","lines":"601","arr":["601"],"terminus":0,"mode":"bus","color":"#0059a9","colorDark":"#00294f","angle":247.7,"snapDist":6,"label":0}},{"type":"Feature","geometry":{"type":"Point","coordinates":[27.526244,47.215056]},"properties":{"name":"Blocul Alb - Breazu","lines":"701, 702","arr":["701","702"],"terminus":0,"mode":"bus","color":"#0059a9","colorDark":"#00294f","angle":38.8,"snapDist":9,"label":1}},{"type":"Feature","geometry":{"type":"Point","coordinates":[27.520956,47.216233]},"properties":{"name":"Biserica Breazu","lines":"701, 702","arr":["701","702"],"terminus":0,"mode":"bus","color":"#0059a9","colorDark":"#00294f","angle":27.8,"snapDist":7,"label":1}},{"type":"Feature","geometry":{"type":"Point","coordinates":[27.511693,47.219225]},"properties":{"name":"Sat Nou - Breazu","lines":"701, 702","arr":["701","702"],"terminus":0,"mode":"bus","color":"#0059a9","colorDark":"#00294f","angle":40.6,"snapDist":7,"label":1}},{"type":"Feature","geometry":{"type":"Point","coordinates":[27.504607,47.227181]},"properties":{"name":"S.M.A. Breazu","lines":"701, 702","arr":["701","702"],"terminus":0,"mode":"bus","color":"#0059a9","colorDark":"#00294f","angle":292.6,"snapDist":11,"label":1}},{"type":"Feature","geometry":{"type":"Point","coordinates":[27.497861,47.232388]},"properties":{"name":"Padurea Marzesti - Breazu","lines":"701","arr":["701"],"terminus":0,"mode":"bus","color":"#0059a9","colorDark":"#00294f","angle":32,"snapDist":4,"label":1}},{"type":"Feature","geometry":{"type":"Point","coordinates":[27.492222,47.23515]},"properties":{"name":"Str Tautestilor - Breazu","lines":"701","arr":["701"],"terminus":0,"mode":"bus","color":"#0059a9","colorDark":"#00294f","angle":43.2,"snapDist":3,"label":1}},{"type":"Feature","geometry":{"type":"Point","coordinates":[27.462216,47.255358]},"properties":{"name":"Cartierul Austriac - Horlesti","lines":"701","arr":["701"],"terminus":0,"mode":"bus","color":"#0059a9","colorDark":"#00294f","angle":35,"snapDist":6,"label":1}},{"type":"Feature","geometry":{"type":"Point","coordinates":[27.456702,47.257777]},"properties":{"name":"Complex Horlesti","lines":"701","arr":["701"],"terminus":0,"mode":"bus","color":"#0059a9","colorDark":"#00294f","angle":48.7,"snapDist":1,"label":1}},{"type":"Feature","geometry":{"type":"Point","coordinates":[27.454093,47.259702]},"properties":{"name":"Farmacie Horlesti","lines":"701","arr":["701"],"terminus":0,"mode":"bus","color":"#0059a9","colorDark":"#00294f","angle":47.4,"snapDist":8,"label":1}},{"type":"Feature","geometry":{"type":"Point","coordinates":[27.446192,47.265661]},"properties":{"name":"Capat Horlesti","lines":"701","arr":["701"],"terminus":1,"mode":"bus","color":"#0059a9","colorDark":"#00294f","angle":32.8,"snapDist":5,"label":1}},{"type":"Feature","geometry":{"type":"Point","coordinates":[27.446074,47.265713]},"properties":{"name":"Capat Horlesti","lines":"701","arr":["701"],"terminus":1,"mode":"bus","color":"#0059a9","colorDark":"#00294f","angle":212.8,"snapDist":2,"label":0}},{"type":"Feature","geometry":{"type":"Point","coordinates":[27.453577,47.260076]},"properties":{"name":"Farmacie Horlesti","lines":"701","arr":["701"],"terminus":0,"mode":"bus","color":"#0059a9","colorDark":"#00294f","angle":226.9,"snapDist":9,"label":0}},{"type":"Feature","geometry":{"type":"Point","coordinates":[27.462088,47.255419]},"properties":{"name":"Cartierul Austriac","lines":"701","arr":["701"],"terminus":0,"mode":"bus","color":"#0059a9","colorDark":"#00294f","angle":215,"snapDist":4,"label":1}},{"type":"Feature","geometry":{"type":"Point","coordinates":[27.492255,47.235129]},"properties":{"name":"Str Tautestilor - Breazu","lines":"701","arr":["701"],"terminus":0,"mode":"bus","color":"#0059a9","colorDark":"#00294f","angle":223.2,"snapDist":11,"label":0}},{"type":"Feature","geometry":{"type":"Point","coordinates":[27.497856,47.232391]},"properties":{"name":"Padurea Marzesti - Breazu","lines":"701","arr":["701"],"terminus":0,"mode":"bus","color":"#0059a9","colorDark":"#00294f","angle":212,"snapDist":8,"label":0}},{"type":"Feature","geometry":{"type":"Point","coordinates":[27.504613,47.22719]},"properties":{"name":"S.M.A. Breazu","lines":"701, 702","arr":["701","702"],"terminus":0,"mode":"bus","color":"#0059a9","colorDark":"#00294f","angle":112.6,"snapDist":9,"label":0}},{"type":"Feature","geometry":{"type":"Point","coordinates":[27.511555,47.219305]},"properties":{"name":"Sat Nou - Breazu","lines":"701, 702","arr":["701","702"],"terminus":0,"mode":"bus","color":"#0059a9","colorDark":"#00294f","angle":220.6,"snapDist":11,"label":0}},{"type":"Feature","geometry":{"type":"Point","coordinates":[27.520944,47.216237]},"properties":{"name":"Biserica Breazu","lines":"701, 702","arr":["701","702"],"terminus":0,"mode":"bus","color":"#0059a9","colorDark":"#00294f","angle":207.8,"snapDist":7,"label":0}},{"type":"Feature","geometry":{"type":"Point","coordinates":[27.525237,47.186407]},"properties":{"name":"Notariat Rediu","lines":"702","arr":["702"],"terminus":0,"mode":"bus","color":"#0059a9","colorDark":"#00294f","angle":72.9,"snapDist":5,"label":1}},{"type":"Feature","geometry":{"type":"Point","coordinates":[27.523553,47.18948]},"properties":{"name":"Magazin Verne","lines":"702","arr":["702"],"terminus":0,"mode":"bus","color":"#0059a9","colorDark":"#00294f","angle":68.7,"snapDist":3,"label":1}},{"type":"Feature","geometry":{"type":"Point","coordinates":[27.521552,47.192298]},"properties":{"name":"La Spalatorie","lines":"702","arr":["702"],"terminus":0,"mode":"bus","color":"#0059a9","colorDark":"#00294f","angle":65.1,"snapDist":3,"label":1}},{"type":"Feature","geometry":{"type":"Point","coordinates":[27.517729,47.198763]},"properties":{"name":"Casablanca - Rediu","lines":"702","arr":["702"],"terminus":0,"mode":"bus","color":"#0059a9","colorDark":"#00294f","angle":67.8,"snapDist":5,"label":1}},{"type":"Feature","geometry":{"type":"Point","coordinates":[27.512662,47.205662]},"properties":{"name":"Esplanada Parc - Rediu","lines":"702","arr":["702"],"terminus":0,"mode":"bus","color":"#0059a9","colorDark":"#00294f","angle":61.5,"snapDist":4,"label":1}},{"type":"Feature","geometry":{"type":"Point","coordinates":[27.510154,47.208961]},"properties":{"name":"Cherestea Rediu","lines":"702","arr":["702"],"terminus":0,"mode":"bus","color":"#0059a9","colorDark":"#00294f","angle":53,"snapDist":7,"label":1}},{"type":"Feature","geometry":{"type":"Point","coordinates":[27.506451,47.215737]},"properties":{"name":"Strada Betonata - Rediu","lines":"702","arr":["702"],"terminus":0,"mode":"bus","color":"#0059a9","colorDark":"#00294f","angle":75.3,"snapDist":1,"label":1}},{"type":"Feature","geometry":{"type":"Point","coordinates":[27.503658,47.219447]},"properties":{"name":"Iaz - Rediu","lines":"702","arr":["702"],"terminus":0,"mode":"bus","color":"#0059a9","colorDark":"#00294f","angle":47.3,"snapDist":5,"label":1}},{"type":"Feature","geometry":{"type":"Point","coordinates":[27.503437,47.21988]},"properties":{"name":"Iaz - Rediu","lines":"702","arr":["702"],"terminus":0,"mode":"bus","color":"#0059a9","colorDark":"#00294f","angle":322.3,"snapDist":7,"label":0}},{"type":"Feature","geometry":{"type":"Point","coordinates":[27.505583,47.212761]},"properties":{"name":"Primaria Rediu","lines":"702","arr":["702"],"terminus":0,"mode":"bus","color":"#0059a9","colorDark":"#00294f","angle":202.9,"snapDist":12,"label":1}},{"type":"Feature","geometry":{"type":"Point","coordinates":[27.510089,47.20902]},"properties":{"name":"Cherestea Rediu","lines":"702","arr":["702"],"terminus":0,"mode":"bus","color":"#0059a9","colorDark":"#00294f","angle":233,"snapDist":6,"label":0}},{"type":"Feature","geometry":{"type":"Point","coordinates":[27.51276,47.20554]},"properties":{"name":"Esplanada Parc - Rediu","lines":"702","arr":["702"],"terminus":0,"mode":"bus","color":"#0059a9","colorDark":"#00294f","angle":241.5,"snapDist":9,"label":0}},{"type":"Feature","geometry":{"type":"Point","coordinates":[27.517638,47.198918]},"properties":{"name":"Casablanca - Rediu","lines":"702","arr":["702"],"terminus":0,"mode":"bus","color":"#0059a9","colorDark":"#00294f","angle":249.4,"snapDist":15,"label":0}},{"type":"Feature","geometry":{"type":"Point","coordinates":[27.521429,47.192474]},"properties":{"name":"La Spalatorie","lines":"702","arr":["702"],"terminus":0,"mode":"bus","color":"#0059a9","colorDark":"#00294f","angle":243.4,"snapDist":6,"label":0}},{"type":"Feature","geometry":{"type":"Point","coordinates":[27.523548,47.189488]},"properties":{"name":"Magazin Verne","lines":"702","arr":["702"],"terminus":0,"mode":"bus","color":"#0059a9","colorDark":"#00294f","angle":248.7,"snapDist":6,"label":0}},{"type":"Feature","geometry":{"type":"Point","coordinates":[27.52522,47.186444]},"properties":{"name":"Notariat Rediu","lines":"702","arr":["702"],"terminus":0,"mode":"bus","color":"#0059a9","colorDark":"#00294f","angle":252.9,"snapDist":21,"label":0}},{"type":"Feature","geometry":{"type":"Point","coordinates":[27.710262,47.119621]},"properties":{"name":"Primaria Tomesti","lines":"801, 802, 802b","arr":["801","802","802b"],"terminus":0,"mode":"bus","color":"#0059a9","colorDark":"#00294f","angle":208.9,"snapDist":27,"label":1}},{"type":"Feature","geometry":{"type":"Point","coordinates":[27.71863,47.116318]},"properties":{"name":"Str. Codrului - Tomesti","lines":"801, 802, 802b","arr":["801","802","802b"],"terminus":0,"mode":"bus","color":"#0059a9","colorDark":"#00294f","angle":-110.8,"snapDist":27,"label":1}},{"type":"Feature","geometry":{"type":"Point","coordinates":[27.716191,47.107323]},"properties":{"name":"Goruni","lines":"801, 802b","arr":["801","802b"],"terminus":1,"mode":"bus","color":"#0059a9","colorDark":"#00294f","angle":303,"snapDist":4,"label":1}},{"type":"Feature","geometry":{"type":"Point","coordinates":[27.718633,47.116312]},"properties":{"name":"Str Codrului - Tomesti","lines":"801, 802, 802b","arr":["801","802","802b"],"terminus":0,"mode":"bus","color":"#0059a9","colorDark":"#00294f","angle":69.2,"snapDist":9,"label":1}},{"type":"Feature","geometry":{"type":"Point","coordinates":[27.710275,47.119616]},"properties":{"name":"Primaria Tomesti","lines":"801, 802, 802b","arr":["801","802","802b"],"terminus":0,"mode":"bus","color":"#0059a9","colorDark":"#00294f","angle":28.9,"snapDist":1,"label":0}},{"type":"Feature","geometry":{"type":"Point","coordinates":[27.725924,47.113991]},"properties":{"name":"Str. Vioarei - Tomesti","lines":"802, 802b","arr":["802","802b"],"terminus":0,"mode":"bus","color":"#0059a9","colorDark":"#00294f","angle":208.1,"snapDist":10,"label":1}},{"type":"Feature","geometry":{"type":"Point","coordinates":[27.734772,47.111057]},"properties":{"name":"Str. Releu - Chicerea","lines":"802, 802b","arr":["802","802b"],"terminus":0,"mode":"bus","color":"#0059a9","colorDark":"#00294f","angle":214.2,"snapDist":1,"label":1}},{"type":"Feature","geometry":{"type":"Point","coordinates":[27.746528,47.10465]},"properties":{"name":"Scoala Chicerea","lines":"802, 802b","arr":["802","802b"],"terminus":0,"mode":"bus","color":"#0059a9","colorDark":"#00294f","angle":225.4,"snapDist":5,"label":1}},{"type":"Feature","geometry":{"type":"Point","coordinates":[27.756718,47.103455]},"properties":{"name":"Rond Chicerea","lines":"802, 802b","arr":["802","802b"],"terminus":1,"mode":"bus","color":"#0059a9","colorDark":"#00294f","angle":166,"snapDist":3,"label":1}},{"type":"Feature","geometry":{"type":"Point","coordinates":[27.757289,47.103532]},"properties":{"name":"Rond Chicerea","lines":"802, 802b","arr":["802","802b"],"terminus":1,"mode":"bus","color":"#0059a9","colorDark":"#00294f","angle":350.4,"snapDist":13,"label":0}},{"type":"Feature","geometry":{"type":"Point","coordinates":[27.745652,47.105247]},"properties":{"name":"Scoala Chicerea","lines":"802, 802b","arr":["802","802b"],"terminus":0,"mode":"bus","color":"#0059a9","colorDark":"#00294f","angle":46,"snapDist":14,"label":0}},{"type":"Feature","geometry":{"type":"Point","coordinates":[27.734614,47.111128]},"properties":{"name":"Str. Releu - Chicerea","lines":"802, 802b","arr":["802","802b"],"terminus":0,"mode":"bus","color":"#0059a9","colorDark":"#00294f","angle":31.1,"snapDist":11,"label":0}},{"type":"Feature","geometry":{"type":"Point","coordinates":[27.725994,47.113966]},"properties":{"name":"Str. Vioarei - Tomesti","lines":"802, 802b","arr":["802","802b"],"terminus":0,"mode":"bus","color":"#0059a9","colorDark":"#00294f","angle":28.2,"snapDist":7,"label":0}},{"type":"Feature","geometry":{"type":"Point","coordinates":[27.712264,47.129442]},"properties":{"name":"Depozite Tomesti","lines":"803","arr":["803"],"terminus":0,"mode":"bus","color":"#0059a9","colorDark":"#00294f","angle":4.4,"snapDist":6,"label":1}},{"type":"Feature","geometry":{"type":"Point","coordinates":[27.747306,47.124375]},"properties":{"name":"Str. Pinilor -Tomesti","lines":"803","arr":["803"],"terminus":0,"mode":"bus","color":"#0059a9","colorDark":"#00294f","angle":208.6,"snapDist":18,"label":1}},{"type":"Feature","geometry":{"type":"Point","coordinates":[27.762792,47.119358]},"properties":{"name":"Chiperesti","lines":"803","arr":["803"],"terminus":0,"mode":"bus","color":"#0059a9","colorDark":"#00294f","angle":204.6,"snapDist":10,"label":1}},{"type":"Feature","geometry":{"type":"Point","coordinates":[27.786018,47.13625]},"properties":{"name":"Valea Domneasca - Tutora","lines":"803","arr":["803"],"terminus":0,"mode":"bus","color":"#0059a9","colorDark":"#00294f","angle":132.2,"snapDist":16,"label":1}},{"type":"Feature","geometry":{"type":"Point","coordinates":[27.792605,47.135067]},"properties":{"name":"Centru Tutora","lines":"803","arr":["803"],"terminus":0,"mode":"bus","color":"#0059a9","colorDark":"#00294f","angle":159,"snapDist":22,"label":1}},{"type":"Feature","geometry":{"type":"Point","coordinates":[27.801216,47.130494]},"properties":{"name":"Satul Nou - Tutora","lines":"803","arr":["803"],"terminus":0,"mode":"bus","color":"#0059a9","colorDark":"#00294f","angle":211.2,"snapDist":33,"label":1}},{"type":"Feature","geometry":{"type":"Point","coordinates":[27.802187,47.129857]},"properties":{"name":"Hotar Tutora","lines":"803","arr":["803"],"terminus":0,"mode":"bus","color":"#0059a9","colorDark":"#00294f","angle":299.3,"snapDist":22,"label":1}},{"type":"Feature","geometry":{"type":"Point","coordinates":[27.810589,47.127115]},"properties":{"name":"Prutet - Opriseni","lines":"803","arr":["803"],"terminus":0,"mode":"bus","color":"#0059a9","colorDark":"#00294f","angle":213.6,"snapDist":34,"label":1}},{"type":"Feature","geometry":{"type":"Point","coordinates":[27.819539,47.132025]},"properties":{"name":"Primaverii - Opriseni","lines":"803","arr":["803"],"terminus":0,"mode":"bus","color":"#0059a9","colorDark":"#00294f","angle":182,"snapDist":20,"label":1}},{"type":"Feature","geometry":{"type":"Point","coordinates":[27.824386,47.127792]},"properties":{"name":"Magazin Opriseni","lines":"803","arr":["803"],"terminus":0,"mode":"bus","color":"#0059a9","colorDark":"#00294f","angle":269.1,"snapDist":17,"label":1}},{"type":"Feature","geometry":{"type":"Point","coordinates":[27.818857,47.123021]},"properties":{"name":"Str. Principala - Opriseni","lines":"803","arr":["803"],"terminus":1,"mode":"bus","color":"#0059a9","colorDark":"#00294f","angle":35.7,"snapDist":9,"label":1}},{"type":"Feature","geometry":{"type":"Point","coordinates":[27.810388,47.127206]},"properties":{"name":"Prutet Opriseni","lines":"803","arr":["803"],"terminus":0,"mode":"bus","color":"#0059a9","colorDark":"#00294f","angle":33.6,"snapDist":11,"label":1}},{"type":"Feature","geometry":{"type":"Point","coordinates":[27.714785,47.129406]},"properties":{"name":"Hotar Tutora","lines":"803","arr":["803"],"terminus":0,"mode":"bus","color":"#0059a9","colorDark":"#00294f","angle":4.7,"snapDist":5,"label":1}},{"type":"Feature","geometry":{"type":"Point","coordinates":[27.796436,47.133105]},"properties":{"name":"Satul Nou - Tutora","lines":"803","arr":["803"],"terminus":0,"mode":"bus","color":"#0059a9","colorDark":"#00294f","angle":49.2,"snapDist":9,"label":1}},{"type":"Feature","geometry":{"type":"Point","coordinates":[27.785641,47.135965]},"properties":{"name":"Valea Domneasca - Tutora","lines":"803","arr":["803"],"terminus":0,"mode":"bus","color":"#0059a9","colorDark":"#00294f","angle":311.4,"snapDist":19,"label":0}},{"type":"Feature","geometry":{"type":"Point","coordinates":[27.761494,47.119765]},"properties":{"name":"Chiperesti","lines":"803","arr":["803"],"terminus":0,"mode":"bus","color":"#0059a9","colorDark":"#00294f","angle":23.7,"snapDist":3,"label":0}},{"type":"Feature","geometry":{"type":"Point","coordinates":[27.747582,47.124269]},"properties":{"name":"Str Pinilor - Tomesti","lines":"803","arr":["803"],"terminus":0,"mode":"bus","color":"#0059a9","colorDark":"#00294f","angle":30.2,"snapDist":3,"label":1}},{"type":"Feature","geometry":{"type":"Point","coordinates":[27.714812,47.129405]},"properties":{"name":"Depozite Tomesti","lines":"803","arr":["803"],"terminus":0,"mode":"bus","color":"#0059a9","colorDark":"#00294f","angle":4.7,"snapDist":7,"label":0}},{"type":"Feature","geometry":{"type":"Point","coordinates":[27.495903,47.176528]},"properties":{"name":"Primaria Valea Lupului","lines":"901","arr":["901"],"terminus":1,"mode":"bus","color":"#0059a9","colorDark":"#00294f","angle":197.2,"snapDist":3,"label":1}},{"type":"Feature","geometry":{"type":"Point","coordinates":[27.495969,47.178527]},"properties":{"name":"Str. Lacului - Valea Lupului","lines":"901","arr":["901"],"terminus":0,"mode":"bus","color":"#0059a9","colorDark":"#00294f","angle":58,"snapDist":2,"label":1}},{"type":"Feature","geometry":{"type":"Point","coordinates":[27.49935,47.178848]},"properties":{"name":"Str. Artarului - Valea Lupului","lines":"901, 902","arr":["901","902"],"terminus":0,"mode":"bus","color":"#0059a9","colorDark":"#00294f","angle":176.6,"snapDist":3,"label":1}},{"type":"Feature","geometry":{"type":"Point","coordinates":[27.499556,47.18029]},"properties":{"name":"Str. Trandafirilor I - Valea Lupului","lines":"901, 902","arr":["901","902"],"terminus":0,"mode":"bus","color":"#0059a9","colorDark":"#00294f","angle":92.1,"snapDist":4,"label":1}},{"type":"Feature","geometry":{"type":"Point","coordinates":[27.502277,47.180222]},"properties":{"name":"Str. Nucilor - Valea Lupului","lines":"901, 902","arr":["901","902"],"terminus":0,"mode":"bus","color":"#0059a9","colorDark":"#00294f","angle":191.3,"snapDist":6,"label":1}},{"type":"Feature","geometry":{"type":"Point","coordinates":[27.505249,47.180108]},"properties":{"name":"Str. 1 Decembrie - Valea Lupului","lines":"901, 902","arr":["901","902"],"terminus":0,"mode":"bus","color":"#0059a9","colorDark":"#00294f","angle":82.7,"snapDist":5,"label":1}},{"type":"Feature","geometry":{"type":"Point","coordinates":[27.50516,47.185992]},"properties":{"name":"Str. Victoriei I - Valea Lupului","lines":"901","arr":["901"],"terminus":0,"mode":"bus","color":"#0059a9","colorDark":"#00294f","angle":166.8,"snapDist":5,"label":1}},{"type":"Feature","geometry":{"type":"Point","coordinates":[27.513531,47.187295]},"properties":{"name":"Str. Victoriei II - Valea Lupului","lines":"901, 902","arr":["901","902"],"terminus":0,"mode":"bus","color":"#0059a9","colorDark":"#00294f","angle":167.5,"snapDist":2,"label":1}},{"type":"Feature","geometry":{"type":"Point","coordinates":[27.515608,47.184483]},"properties":{"name":"Str. Nufarului I - Valea Lupului","lines":"901","arr":["901"],"terminus":0,"mode":"bus","color":"#0059a9","colorDark":"#00294f","angle":177.4,"snapDist":2,"label":1}},{"type":"Feature","geometry":{"type":"Point","coordinates":[27.516877,47.182111]},"properties":{"name":"Str. Nufarului II - Valea Lupului","lines":"901, 902","arr":["901","902"],"terminus":0,"mode":"bus","color":"#0059a9","colorDark":"#00294f","angle":263.8,"snapDist":3,"label":1}},{"type":"Feature","geometry":{"type":"Point","coordinates":[27.518718,47.18091]},"properties":{"name":"Str. Petre Culianu I - Valea Lupului","lines":"901","arr":["901"],"terminus":0,"mode":"bus","color":"#0059a9","colorDark":"#00294f","angle":266,"snapDist":3,"label":1}},{"type":"Feature","geometry":{"type":"Point","coordinates":[27.519148,47.177541]},"properties":{"name":"Str. Petre Culianu II - Valea Lupului","lines":"901","arr":["901"],"terminus":0,"mode":"bus","color":"#0059a9","colorDark":"#00294f","angle":265.1,"snapDist":3,"label":1}},{"type":"Feature","geometry":{"type":"Point","coordinates":[27.519109,47.177839]},"properties":{"name":"Str. Petre Culianu II - Valea Lupului","lines":"901","arr":["901"],"terminus":0,"mode":"bus","color":"#0059a9","colorDark":"#00294f","angle":84.6,"snapDist":5,"label":0}},{"type":"Feature","geometry":{"type":"Point","coordinates":[27.518718,47.180906]},"properties":{"name":"Str. Petre Culianu I - Valea Lupului","lines":"901","arr":["901"],"terminus":0,"mode":"bus","color":"#0059a9","colorDark":"#00294f","angle":86,"snapDist":4,"label":0}},{"type":"Feature","geometry":{"type":"Point","coordinates":[27.516863,47.182201]},"properties":{"name":"Str. Nufarului II - Valea Lupului","lines":"901, 902","arr":["901","902"],"terminus":0,"mode":"bus","color":"#0059a9","colorDark":"#00294f","angle":83.8,"snapDist":3,"label":0}},{"type":"Feature","geometry":{"type":"Point","coordinates":[27.515388,47.184476]},"properties":{"name":"Str. Nufarului I - Valea Lupului","lines":"901, 902","arr":["901","902"],"terminus":0,"mode":"bus","color":"#0059a9","colorDark":"#00294f","angle":357.4,"snapDist":3,"label":0}},{"type":"Feature","geometry":{"type":"Point","coordinates":[27.513533,47.187295]},"properties":{"name":"Str. Victoriei II - Valea Lupului","lines":"901","arr":["901"],"terminus":0,"mode":"bus","color":"#0059a9","colorDark":"#00294f","angle":347.5,"snapDist":3,"label":0}},{"type":"Feature","geometry":{"type":"Point","coordinates":[27.504591,47.185893]},"properties":{"name":"Str. Victoriei I - Valea Lupului","lines":"901","arr":["901"],"terminus":0,"mode":"bus","color":"#0059a9","colorDark":"#00294f","angle":343.4,"snapDist":0,"label":0}},{"type":"Feature","geometry":{"type":"Point","coordinates":[27.504809,47.182241]},"properties":{"name":"Str. 1 Decembrie - Valea Lupului","lines":"901, 902","arr":["901","902"],"terminus":0,"mode":"bus","color":"#0059a9","colorDark":"#00294f","angle":259.4,"snapDist":3,"label":1}},{"type":"Feature","geometry":{"type":"Point","coordinates":[27.499734,47.182403]},"properties":{"name":"Str. Trandafirilor II - Valea Lupului","lines":"901, 902","arr":["901","902"],"terminus":0,"mode":"bus","color":"#0059a9","colorDark":"#00294f","angle":276.9,"snapDist":4,"label":1}},{"type":"Feature","geometry":{"type":"Point","coordinates":[27.499557,47.180309]},"properties":{"name":"Str. Trandafirilor I - Valea Lupului","lines":"901, 902","arr":["901","902"],"terminus":0,"mode":"bus","color":"#0059a9","colorDark":"#00294f","angle":272.1,"snapDist":2,"label":0}},{"type":"Feature","geometry":{"type":"Point","coordinates":[27.499237,47.178844]},"properties":{"name":"Str. Artarului - Valea Lupului","lines":"901, 902","arr":["901","902"],"terminus":0,"mode":"bus","color":"#0059a9","colorDark":"#00294f","angle":356.6,"snapDist":4,"label":0}},{"type":"Feature","geometry":{"type":"Point","coordinates":[27.495891,47.178621]},"properties":{"name":"Str. Lacului - Valea Lupului","lines":"901","arr":["901"],"terminus":0,"mode":"bus","color":"#0059a9","colorDark":"#00294f","angle":251.3,"snapDist":2,"label":0}},{"type":"Feature","geometry":{"type":"Point","coordinates":[27.495905,47.176528]},"properties":{"name":"Primaria Valea Lupului - Valea Lupului","lines":"901","arr":["901"],"terminus":1,"mode":"bus","color":"#0059a9","colorDark":"#00294f","angle":17.2,"snapDist":6,"label":1}},{"type":"Feature","geometry":{"type":"Point","coordinates":[27.488364,47.18026]},"properties":{"name":"Str. Rubinului - Valea Lupului","lines":"902","arr":["902"],"terminus":1,"mode":"bus","color":"#0059a9","colorDark":"#00294f","angle":268.7,"snapDist":2,"label":1}},{"type":"Feature","geometry":{"type":"Point","coordinates":[27.488761,47.178129]},"properties":{"name":"Str. Soimului - Valea Lupului","lines":"902","arr":["902"],"terminus":0,"mode":"bus","color":"#0059a9","colorDark":"#00294f","angle":198.8,"snapDist":1,"label":1}},{"type":"Feature","geometry":{"type":"Point","coordinates":[27.493606,47.178026]},"properties":{"name":"Str. Diminetii - Valea Lupului","lines":"902","arr":["902"],"terminus":0,"mode":"bus","color":"#0059a9","colorDark":"#00294f","angle":101.5,"snapDist":0,"label":1}},{"type":"Feature","geometry":{"type":"Point","coordinates":[27.495527,47.178996]},"properties":{"name":"Str. Amurgului - Valea Lupului","lines":"902","arr":["902"],"terminus":0,"mode":"bus","color":"#0059a9","colorDark":"#00294f","angle":162.2,"snapDist":1,"label":1}},{"type":"Feature","geometry":{"type":"Point","coordinates":[27.509874,47.179096]},"properties":{"name":"Str. Mestecanis - Valea Lupului","lines":"902","arr":["902"],"terminus":0,"mode":"bus","color":"#0059a9","colorDark":"#00294f","angle":179.6,"snapDist":1,"label":1}},{"type":"Feature","geometry":{"type":"Point","coordinates":[27.511545,47.177352]},"properties":{"name":"Str. Ion Creanga - Valea Lupului","lines":"902","arr":["902"],"terminus":0,"mode":"bus","color":"#0059a9","colorDark":"#00294f","angle":164.4,"snapDist":2,"label":1}},{"type":"Feature","geometry":{"type":"Point","coordinates":[27.513548,47.183415]},"properties":{"name":"Str. Cuza Voda - Valea Lupului","lines":"902","arr":["902"],"terminus":0,"mode":"bus","color":"#0059a9","colorDark":"#00294f","angle":0.3,"snapDist":3,"label":1}},{"type":"Feature","geometry":{"type":"Point","coordinates":[27.517923,47.188018]},"properties":{"name":"Str. Victoriei III - Valea Lupului","lines":"902","arr":["902"],"terminus":0,"mode":"bus","color":"#0059a9","colorDark":"#00294f","angle":161.3,"snapDist":2,"label":1}},{"type":"Feature","geometry":{"type":"Point","coordinates":[27.521835,47.187248]},"properties":{"name":"Str. Soarelui I - Valea Lupului","lines":"902","arr":["902"],"terminus":0,"mode":"bus","color":"#0059a9","colorDark":"#00294f","angle":232.2,"snapDist":2,"label":1}},{"type":"Feature","geometry":{"type":"Point","coordinates":[27.523861,47.184806]},"properties":{"name":"Str. Soarelui II - Valea Lupului","lines":"902","arr":["902"],"terminus":0,"mode":"bus","color":"#0059a9","colorDark":"#00294f","angle":247.8,"snapDist":5,"label":1}},{"type":"Feature","geometry":{"type":"Point","coordinates":[27.528361,47.180047]},"properties":{"name":"Str. Soarelui III - Valea Lupului","lines":"902","arr":["902"],"terminus":0,"mode":"bus","color":"#0059a9","colorDark":"#00294f","angle":236.9,"snapDist":3,"label":1}},{"type":"Feature","geometry":{"type":"Point","coordinates":[27.530375,47.177753]},"properties":{"name":"Str. Soarelui IV - Valea Lupului","lines":"902","arr":["902"],"terminus":0,"mode":"bus","color":"#0059a9","colorDark":"#00294f","angle":245.2,"snapDist":7,"label":1}},{"type":"Feature","geometry":{"type":"Point","coordinates":[27.52979,47.178444]},"properties":{"name":"Str. Soarelui IV - Valea Lupului","lines":"902","arr":["902"],"terminus":0,"mode":"bus","color":"#0059a9","colorDark":"#00294f","angle":58.6,"snapDist":4,"label":0}},{"type":"Feature","geometry":{"type":"Point","coordinates":[27.527953,47.180482]},"properties":{"name":"Str. Soarelui III - Valea Lupului","lines":"902","arr":["902"],"terminus":0,"mode":"bus","color":"#0059a9","colorDark":"#00294f","angle":56.6,"snapDist":5,"label":0}},{"type":"Feature","geometry":{"type":"Point","coordinates":[27.52361,47.185139]},"properties":{"name":"Str. Soarelui II - Valea Lupului","lines":"902","arr":["902"],"terminus":0,"mode":"bus","color":"#0059a9","colorDark":"#00294f","angle":62.1,"snapDist":5,"label":0}},{"type":"Feature","geometry":{"type":"Point","coordinates":[27.521991,47.187103]},"properties":{"name":"Strada Soarelui I - Valea Lupului","lines":"902","arr":["902"],"terminus":0,"mode":"bus","color":"#0059a9","colorDark":"#00294f","angle":55.9,"snapDist":4,"label":1}},{"type":"Feature","geometry":{"type":"Point","coordinates":[27.516929,47.18782]},"properties":{"name":"Str. Victoriei III - Valea Lupului","lines":"902","arr":["902"],"terminus":0,"mode":"bus","color":"#0059a9","colorDark":"#00294f","angle":347.1,"snapDist":4,"label":0}},{"type":"Feature","geometry":{"type":"Point","coordinates":[27.51048,47.179102]},"properties":{"name":"Str. Mestecanis - Valea Lupului","lines":"902","arr":["902"],"terminus":0,"mode":"bus","color":"#0059a9","colorDark":"#00294f","angle":358.9,"snapDist":4,"label":0}},{"type":"Feature","geometry":{"type":"Point","coordinates":[27.505578,47.178245]},"properties":{"name":"Str. 1 Decembrie (Plaiesilor) - Valea Lupului","lines":"902","arr":["902"],"terminus":0,"mode":"bus","color":"#0059a9","colorDark":"#00294f","angle":82.6,"snapDist":2,"label":1}},{"type":"Feature","geometry":{"type":"Point","coordinates":[27.494955,47.17884]},"properties":{"name":"Str. Amurgului - Valea Lupului","lines":"902","arr":["902"],"terminus":0,"mode":"bus","color":"#0059a9","colorDark":"#00294f","angle":341.8,"snapDist":5,"label":0}},{"type":"Feature","geometry":{"type":"Point","coordinates":[27.488357,47.180319]},"properties":{"name":"Str. Rubinului - Valea Lupului","lines":"902","arr":["902"],"terminus":1,"mode":"bus","color":"#0059a9","colorDark":"#00294f","angle":82.9,"snapDist":1,"label":0}},{"type":"Feature","geometry":{"type":"Point","coordinates":[27.558467,47.190517]},"properties":{"name":"Copou","lines":"1, 8, 9, 13","arr":["1","8","9","13"],"terminus":1,"mode":"tram","color":"#d6212b","colorDark":"#7c1116","angle":72.4,"snapDist":1,"label":1}},{"type":"Feature","geometry":{"type":"Point","coordinates":[27.562351,47.18646]},"properties":{"name":"Stadion","lines":"1, 8, 9, 13","arr":["1","8","9","13"],"terminus":0,"mode":"tram","color":"#d6212b","colorDark":"#7c1116","angle":240,"snapDist":0,"label":1}},{"type":"Feature","geometry":{"type":"Point","coordinates":[27.563937,47.184591]},"properties":{"name":"George Coșbuc","lines":"1, 8, 9, 13","arr":["1","8","9","13"],"terminus":0,"mode":"tram","color":"#d6212b","colorDark":"#7c1116","angle":239.4,"snapDist":2,"label":1}},{"type":"Feature","geometry":{"type":"Point","coordinates":[27.56739,47.180572]},"properties":{"name":"Triumf","lines":"1, 8, 9, 13","arr":["1","8","9","13"],"terminus":0,"mode":"tram","color":"#d6212b","colorDark":"#7c1116","angle":240.3,"snapDist":3,"label":1}},{"type":"Feature","geometry":{"type":"Point","coordinates":[27.572066,47.17497]},"properties":{"name":"Universitate","lines":"1, 8, 9, 13","arr":["1","8","9","13"],"terminus":0,"mode":"tram","color":"#d6212b","colorDark":"#7c1116","angle":240.8,"snapDist":2,"label":1}},{"type":"Feature","geometry":{"type":"Point","coordinates":[27.576805,47.168882]},"properties":{"name":"Piata M. Eminescu","lines":"1, 8, 9, 13","arr":["1","8","9","13"],"terminus":0,"mode":"tram","color":"#d6212b","colorDark":"#7c1116","angle":78.7,"snapDist":1,"label":1}},{"type":"Feature","geometry":{"type":"Point","coordinates":[27.580757,47.165544]},"properties":{"name":"Piața Unirii","lines":"1, 3, 6, 7, 8, 9, 13","arr":["1","3","6","7","8","9","13"],"terminus":0,"mode":"tram","color":"#d6212b","colorDark":"#7c1116","angle":200.8,"snapDist":3,"label":1}},{"type":"Feature","geometry":{"type":"Point","coordinates":[27.585426,47.164151]},"properties":{"name":"Filarmonică","lines":"1, 3, 6, 7, 8, 9, 13","arr":["1","3","6","7","8","9","13"],"terminus":0,"mode":"tram","color":"#d6212b","colorDark":"#7c1116","angle":202.2,"snapDist":1,"label":1}},{"type":"Feature","geometry":{"type":"Point","coordinates":[27.59105,47.164281]},"properties":{"name":"Tg. Cucu","lines":"1, 3, 7, 8, 9, 13","arr":["1","3","7","8","9","13"],"terminus":0,"mode":"tram","color":"#d6212b","colorDark":"#7c1116","angle":167.6,"snapDist":0,"label":0}},{"type":"Feature","geometry":{"type":"Point","coordinates":[27.587477,47.159179]},"properties":{"name":"Palatul Culturii","lines":"1, 7, 9","arr":["1","7","9"],"terminus":0,"mode":"tram","color":"#d6212b","colorDark":"#7c1116","angle":325.6,"snapDist":4,"label":1}},{"type":"Feature","geometry":{"type":"Point","coordinates":[27.589304,47.150933]},"properties":{"name":"Podu Roș (1)","lines":"1, 7","arr":["1","7"],"terminus":0,"mode":"tram","color":"#d6212b","colorDark":"#7c1116","angle":205.7,"snapDist":0,"label":1}},{"type":"Feature","geometry":{"type":"Point","coordinates":[27.595047,47.149081]},"properties":{"name":"Țesătura","lines":"1, 5, 7, 11","arr":["1","5","7","11"],"terminus":0,"mode":"tram","color":"#d6212b","colorDark":"#7c1116","angle":203.5,"snapDist":5,"label":1}},{"type":"Feature","geometry":{"type":"Point","coordinates":[27.602181,47.148028]},"properties":{"name":"Silk District","lines":"1, 5, 7, 11","arr":["1","5","7","11"],"terminus":0,"mode":"tram","color":"#d6212b","colorDark":"#7c1116","angle":192.1,"snapDist":8,"label":1}},{"type":"Feature","geometry":{"type":"Point","coordinates":[27.608556,47.147128]},"properties":{"name":"Baza 3","lines":"1, 5, 7, 8, 11","arr":["1","5","7","8","11"],"terminus":0,"mode":"tram","color":"#d6212b","colorDark":"#7c1116","angle":191.6,"snapDist":3,"label":1}},{"type":"Feature","geometry":{"type":"Point","coordinates":[27.61898,47.145652]},"properties":{"name":"Piața Ing. Virgil Săhleanu","lines":"1, 5, 7, 8, 11","arr":["1","5","7","8","11"],"terminus":0,"mode":"tram","color":"#d6212b","colorDark":"#7c1116","angle":192.5,"snapDist":4,"label":1}},{"type":"Feature","geometry":{"type":"Point","coordinates":[27.620292,47.147931]},"properties":{"name":"C.F.S. II","lines":"1, 11","arr":["1","11"],"terminus":0,"mode":"tram","color":"#d6212b","colorDark":"#7c1116","angle":102.2,"snapDist":5,"label":1}},{"type":"Feature","geometry":{"type":"Point","coordinates":[27.620955,47.150078]},"properties":{"name":"Pod Metalurgie","lines":"1, 11","arr":["1","11"],"terminus":0,"mode":"tram","color":"#d6212b","colorDark":"#7c1116","angle":101.7,"snapDist":4,"label":1}},{"type":"Feature","geometry":{"type":"Point","coordinates":[27.622082,47.15293]},"properties":{"name":"Blocuri Metalurgie","lines":"1, 11","arr":["1","11"],"terminus":0,"mode":"tram","color":"#d6212b","colorDark":"#7c1116","angle":135.5,"snapDist":0,"label":1}},{"type":"Feature","geometry":{"type":"Point","coordinates":[27.624014,47.156171]},"properties":{"name":"Tătărași Sud","lines":"1, 3, 11","arr":["1","3","11"],"terminus":0,"mode":"tram","color":"#d6212b","colorDark":"#7c1116","angle":45.8,"snapDist":2,"label":1}},{"type":"Feature","geometry":{"type":"Point","coordinates":[27.620624,47.15863]},"properties":{"name":"Flora","lines":"1, 3, 11","arr":["1","3","11"],"terminus":0,"mode":"tram","color":"#d6212b","colorDark":"#7c1116","angle":48,"snapDist":4,"label":1}},{"type":"Feature","geometry":{"type":"Point","coordinates":[27.614639,47.159861]},"properties":{"name":"Dr. Savini","lines":"1, 3, 11","arr":["1","3","11"],"terminus":0,"mode":"tram","color":"#d6212b","colorDark":"#7c1116","angle":12,"snapDist":1,"label":1}},{"type":"Feature","geometry":{"type":"Point","coordinates":[27.606039,47.162359]},"properties":{"name":"Ateneu","lines":"1, 3","arr":["1","3"],"terminus":0,"mode":"tram","color":"#d6212b","colorDark":"#7c1116","angle":23.4,"snapDist":3,"label":1}},{"type":"Feature","geometry":{"type":"Point","coordinates":[27.597746,47.163155]},"properties":{"name":"Pădurii","lines":"1, 3","arr":["1","3"],"terminus":0,"mode":"tram","color":"#d6212b","colorDark":"#7c1116","angle":6.7,"snapDist":0,"label":1}},{"type":"Feature","geometry":{"type":"Point","coordinates":[27.59018,47.164138]},"properties":{"name":"Tg. Cucu","lines":"1, 3, 6, 7, 8, 9, 13","arr":["1","3","6","7","8","9","13"],"terminus":1,"mode":"tram","color":"#d6212b","colorDark":"#7c1116","angle":164.3,"snapDist":2,"label":1}},{"type":"Feature","geometry":{"type":"Point","coordinates":[27.585683,47.164088]},"properties":{"name":"Filarmonică","lines":"1, 3, 6, 7, 8, 9, 13","arr":["1","3","6","7","8","9","13"],"terminus":0,"mode":"tram","color":"#d6212b","colorDark":"#7c1116","angle":198.8,"snapDist":2,"label":0}},{"type":"Feature","geometry":{"type":"Point","coordinates":[27.580794,47.165535]},"properties":{"name":"Piața Unirii","lines":"1, 3, 6, 7, 8, 9, 13","arr":["1","3","6","7","8","9","13"],"terminus":0,"mode":"tram","color":"#d6212b","colorDark":"#7c1116","angle":20.8,"snapDist":2,"label":0}},{"type":"Feature","geometry":{"type":"Point","coordinates":[27.576868,47.168658]},"properties":{"name":"Piața Mihai Eminescu","lines":"1, 8, 9, 13","arr":["1","8","9","13"],"terminus":0,"mode":"tram","color":"#d6212b","colorDark":"#7c1116","angle":80.8,"snapDist":0,"label":1}},{"type":"Feature","geometry":{"type":"Point","coordinates":[27.571735,47.175372]},"properties":{"name":"Universitate","lines":"1, 8, 9, 13","arr":["1","8","9","13"],"terminus":0,"mode":"tram","color":"#d6212b","colorDark":"#7c1116","angle":60.8,"snapDist":6,"label":0}},{"type":"Feature","geometry":{"type":"Point","coordinates":[27.567198,47.1808]},"properties":{"name":"Triumf","lines":"1, 8, 9, 13","arr":["1","8","9","13"],"terminus":0,"mode":"tram","color":"#d6212b","colorDark":"#7c1116","angle":60.3,"snapDist":8,"label":0}},{"type":"Feature","geometry":{"type":"Point","coordinates":[27.564913,47.183489]},"properties":{"name":"George Coșbuc","lines":"1, 8, 9, 13","arr":["1","8","9","13"],"terminus":0,"mode":"tram","color":"#d6212b","colorDark":"#7c1116","angle":239.9,"snapDist":2,"label":0}},{"type":"Feature","geometry":{"type":"Point","coordinates":[27.563092,47.185643]},"properties":{"name":"Stadion","lines":"1, 8, 9, 13","arr":["1","8","9","13"],"terminus":0,"mode":"tram","color":"#d6212b","colorDark":"#7c1116","angle":240.1,"snapDist":4,"label":0}},{"type":"Feature","geometry":{"type":"Point","coordinates":[27.559098,47.190832]},"properties":{"name":"Copou","lines":"1, 8, 9, 13","arr":["1","8","9","13"],"terminus":1,"mode":"tram","color":"#d6212b","colorDark":"#7c1116","angle":225.5,"snapDist":2,"label":0}},{"type":"Feature","geometry":{"type":"Point","coordinates":[27.658612,47.15206]},"properties":{"name":"Dancu","lines":"3","arr":["3"],"terminus":1,"mode":"tram","color":"#d6212b","colorDark":"#7c1116","angle":-173.4,"snapDist":79,"label":1}},{"type":"Feature","geometry":{"type":"Point","coordinates":[27.656012,47.152292]},"properties":{"name":"Blocuri Dancu","lines":"3","arr":["3"],"terminus":0,"mode":"tram","color":"#d6212b","colorDark":"#7c1116","angle":7.6,"snapDist":4,"label":1}},{"type":"Feature","geometry":{"type":"Point","coordinates":[27.648529,47.152966]},"properties":{"name":"Rond vechi Dancu","lines":"3","arr":["3"],"terminus":0,"mode":"tram","color":"#d6212b","colorDark":"#7c1116","angle":7.3,"snapDist":5,"label":1}},{"type":"Feature","geometry":{"type":"Point","coordinates":[27.642843,47.152671]},"properties":{"name":"Hotel Amadeo","lines":"3","arr":["3"],"terminus":0,"mode":"tram","color":"#d6212b","colorDark":"#7c1116","angle":336.5,"snapDist":2,"label":1}},{"type":"Feature","geometry":{"type":"Point","coordinates":[27.636405,47.151873]},"properties":{"name":"Phoenix","lines":"3","arr":["3"],"terminus":0,"mode":"tram","color":"#d6212b","colorDark":"#7c1116","angle":29.3,"snapDist":6,"label":1}},{"type":"Feature","geometry":{"type":"Point","coordinates":[27.63258,47.153762]},"properties":{"name":"I.P.A.","lines":"3","arr":["3"],"terminus":0,"mode":"tram","color":"#d6212b","colorDark":"#7c1116","angle":29.3,"snapDist":1,"label":1}},{"type":"Feature","geometry":{"type":"Point","coordinates":[27.572996,47.167841]},"properties":{"name":"Voința","lines":"3, 6, 7","arr":["3","6","7"],"terminus":0,"mode":"tram","color":"#d6212b","colorDark":"#7c1116","angle":29.9,"snapDist":3,"label":1}},{"type":"Feature","geometry":{"type":"Point","coordinates":[27.568509,47.168247]},"properties":{"name":"Str. Bacinschi","lines":"3, 6, 7","arr":["3","6","7"],"terminus":0,"mode":"tram","color":"#d6212b","colorDark":"#7c1116","angle":299.1,"snapDist":1,"label":1}},{"type":"Feature","geometry":{"type":"Point","coordinates":[27.570561,47.166328]},"properties":{"name":"Gară","lines":"3, 6, 7","arr":["3","6","7"],"terminus":1,"mode":"tram","color":"#d6212b","colorDark":"#7c1116","angle":216.2,"snapDist":5,"label":1}},{"type":"Feature","geometry":{"type":"Point","coordinates":[27.596901,47.163217]},"properties":{"name":"Pădurii","lines":"3, 13","arr":["3","13"],"terminus":0,"mode":"tram","color":"#d6212b","colorDark":"#7c1116","angle":186.5,"snapDist":1,"label":0}},{"type":"Feature","geometry":{"type":"Point","coordinates":[27.605123,47.162567]},"properties":{"name":"Ateneu","lines":"3, 13","arr":["3","13"],"terminus":0,"mode":"tram","color":"#d6212b","colorDark":"#7c1116","angle":183,"snapDist":1,"label":0}},{"type":"Feature","geometry":{"type":"Point","coordinates":[27.613433,47.160039]},"properties":{"name":"Dr. Savini","lines":"3, 11, 13","arr":["3","11","13"],"terminus":0,"mode":"tram","color":"#d6212b","colorDark":"#7c1116","angle":192,"snapDist":1,"label":0}},{"type":"Feature","geometry":{"type":"Point","coordinates":[27.618799,47.159246]},"properties":{"name":"Flora","lines":"3, 11, 13","arr":["3","11","13"],"terminus":0,"mode":"tram","color":"#d6212b","colorDark":"#7c1116","angle":191.8,"snapDist":0,"label":0}},{"type":"Feature","geometry":{"type":"Point","coordinates":[27.623859,47.156281]},"properties":{"name":"Tătărași Sud","lines":"3, 11, 13","arr":["3","11","13"],"terminus":0,"mode":"tram","color":"#d6212b","colorDark":"#7c1116","angle":226.9,"snapDist":1,"label":0}},{"type":"Feature","geometry":{"type":"Point","coordinates":[27.631297,47.154257]},"properties":{"name":"I.P.A.","lines":"3","arr":["3"],"terminus":0,"mode":"tram","color":"#d6212b","colorDark":"#7c1116","angle":209.2,"snapDist":2,"label":0}},{"type":"Feature","geometry":{"type":"Point","coordinates":[27.636095,47.152016]},"properties":{"name":"Phoenix","lines":"3","arr":["3"],"terminus":0,"mode":"tram","color":"#d6212b","colorDark":"#7c1116","angle":219.8,"snapDist":1,"label":0}},{"type":"Feature","geometry":{"type":"Point","coordinates":[27.641832,47.152376]},"properties":{"name":"Hotel Amadeo","lines":"3","arr":["3"],"terminus":0,"mode":"tram","color":"#d6212b","colorDark":"#7c1116","angle":157.7,"snapDist":5,"label":0}},{"type":"Feature","geometry":{"type":"Point","coordinates":[27.648484,47.152969]},"properties":{"name":"Rond vechi Dancu","lines":"3","arr":["3"],"terminus":0,"mode":"tram","color":"#d6212b","colorDark":"#7c1116","angle":187.3,"snapDist":4,"label":0}},{"type":"Feature","geometry":{"type":"Point","coordinates":[27.655008,47.15238]},"properties":{"name":"Blocuri Dancu","lines":"3","arr":["3"],"terminus":0,"mode":"tram","color":"#d6212b","colorDark":"#7c1116","angle":187.6,"snapDist":1,"label":0}},{"type":"Feature","geometry":{"type":"Point","coordinates":[27.541786,47.167985]},"properties":{"name":"Dacia","lines":"5, 6","arr":["5","6"],"terminus":1,"mode":"tram","color":"#d6212b","colorDark":"#7c1116","angle":230.5,"snapDist":4,"label":1}},{"type":"Feature","geometry":{"type":"Point","coordinates":[27.544159,47.166715]},"properties":{"name":"Columnei","lines":"5, 6, 11","arr":["5","6","11"],"terminus":0,"mode":"tram","color":"#d6212b","colorDark":"#7c1116","angle":179.8,"snapDist":4,"label":1}},{"type":"Feature","geometry":{"type":"Point","coordinates":[27.550164,47.166731]},"properties":{"name":"Bicaz","lines":"5, 6, 11","arr":["5","6","11"],"terminus":0,"mode":"tram","color":"#d6212b","colorDark":"#7c1116","angle":180.1,"snapDist":4,"label":1}},{"type":"Feature","geometry":{"type":"Point","coordinates":[27.556356,47.166752]},"properties":{"name":"Zimbru","lines":"5, 6, 11","arr":["5","6","11"],"terminus":0,"mode":"tram","color":"#d6212b","colorDark":"#7c1116","angle":179.2,"snapDist":3,"label":1}},{"type":"Feature","geometry":{"type":"Point","coordinates":[27.566768,47.162168]},"properties":{"name":"Familial","lines":"5, 6, 11","arr":["5","6","11"],"terminus":0,"mode":"tram","color":"#d6212b","colorDark":"#7c1116","angle":214.1,"snapDist":2,"label":1}},{"type":"Feature","geometry":{"type":"Point","coordinates":[27.574448,47.156731]},"properties":{"name":"Podul de Piatră","lines":"5, 11","arr":["5","11"],"terminus":0,"mode":"tram","color":"#d6212b","colorDark":"#7c1116","angle":291.4,"snapDist":5,"label":1}},{"type":"Feature","geometry":{"type":"Point","coordinates":[27.577244,47.15039]},"properties":{"name":"Gara Nicolina","lines":"5, 11","arr":["5","11"],"terminus":0,"mode":"tram","color":"#d6212b","colorDark":"#7c1116","angle":225.7,"snapDist":2,"label":1}},{"type":"Feature","geometry":{"type":"Point","coordinates":[27.581493,47.147543]},"properties":{"name":"Vamă","lines":"5, 11","arr":["5","11"],"terminus":0,"mode":"tram","color":"#d6212b","colorDark":"#7c1116","angle":221.9,"snapDist":4,"label":1}},{"type":"Feature","geometry":{"type":"Point","coordinates":[27.590077,47.14628]},"properties":{"name":"Piața Nicolina","lines":"5, 11","arr":["5","11"],"terminus":0,"mode":"tram","color":"#d6212b","colorDark":"#7c1116","angle":151.5,"snapDist":3,"label":1}},{"type":"Feature","geometry":{"type":"Point","coordinates":[27.62947,47.144154]},"properties":{"name":"Fabrica de Ulei","lines":"5, 7, 8","arr":["5","7","8"],"terminus":0,"mode":"tram","color":"#d6212b","colorDark":"#7c1116","angle":191.9,"snapDist":6,"label":1}},{"type":"Feature","geometry":{"type":"Point","coordinates":[27.635573,47.143332]},"properties":{"name":"Tehnoton","lines":"5, 7, 8","arr":["5","7","8"],"terminus":0,"mode":"tram","color":"#d6212b","colorDark":"#7c1116","angle":4.3,"snapDist":7,"label":1}},{"type":"Feature","geometry":{"type":"Point","coordinates":[27.643587,47.143277]},"properties":{"name":"Rond Țuțora","lines":"5, 7, 8","arr":["5","7","8"],"terminus":1,"mode":"tram","color":"#d6212b","colorDark":"#7c1116","angle":-53.8,"snapDist":22,"label":1}},{"type":"Feature","geometry":{"type":"Point","coordinates":[27.642512,47.143402]},"properties":{"name":"Rond Țuțora","lines":"5, 7, 8","arr":["5","7","8"],"terminus":1,"mode":"tram","color":"#d6212b","colorDark":"#7c1116","angle":358.5,"snapDist":8,"label":0}},{"type":"Feature","geometry":{"type":"Point","coordinates":[27.635933,47.143345]},"properties":{"name":"Tehnoton","lines":"5, 7, 8","arr":["5","7","8"],"terminus":0,"mode":"tram","color":"#d6212b","colorDark":"#7c1116","angle":4.2,"snapDist":2,"label":0}},{"type":"Feature","geometry":{"type":"Point","coordinates":[27.62984,47.144139]},"properties":{"name":"Fabrica de Ulei","lines":"5, 7, 8","arr":["5","7","8"],"terminus":0,"mode":"tram","color":"#d6212b","colorDark":"#7c1116","angle":11.3,"snapDist":1,"label":0}},{"type":"Feature","geometry":{"type":"Point","coordinates":[27.621157,47.145371]},"properties":{"name":"Piața Ing. Virgil Săhleanu","lines":"5, 7, 8","arr":["5","7","8"],"terminus":0,"mode":"tram","color":"#d6212b","colorDark":"#7c1116","angle":12.1,"snapDist":2,"label":0}},{"type":"Feature","geometry":{"type":"Point","coordinates":[27.611147,47.146785]},"properties":{"name":"Baza 3","lines":"5, 7, 8, 11, 13","arr":["5","7","8","11","13"],"terminus":0,"mode":"tram","color":"#d6212b","colorDark":"#7c1116","angle":11.5,"snapDist":1,"label":0}},{"type":"Feature","geometry":{"type":"Point","coordinates":[27.600781,47.148254]},"properties":{"name":"Silk District","lines":"5, 7, 11, 13","arr":["5","7","11","13"],"terminus":0,"mode":"tram","color":"#d6212b","colorDark":"#7c1116","angle":11.6,"snapDist":4,"label":0}},{"type":"Feature","geometry":{"type":"Point","coordinates":[27.595344,47.149035]},"properties":{"name":"Țesătura","lines":"5, 7, 11, 13","arr":["5","7","11","13"],"terminus":0,"mode":"tram","color":"#d6212b","colorDark":"#7c1116","angle":19.3,"snapDist":5,"label":0}},{"type":"Feature","geometry":{"type":"Point","coordinates":[27.590234,47.146338]},"properties":{"name":"Piața Nicolina","lines":"5, 11","arr":["5","11"],"terminus":0,"mode":"tram","color":"#d6212b","colorDark":"#7c1116","angle":331.5,"snapDist":6,"label":0}},{"type":"Feature","geometry":{"type":"Point","coordinates":[27.579039,47.149103]},"properties":{"name":"Gara Nicolina","lines":"5, 11","arr":["5","11"],"terminus":0,"mode":"tram","color":"#d6212b","colorDark":"#7c1116","angle":46.2,"snapDist":2,"label":0}},{"type":"Feature","geometry":{"type":"Point","coordinates":[27.574394,47.156635]},"properties":{"name":"Podul de Piatră","lines":"5, 11","arr":["5","11"],"terminus":0,"mode":"tram","color":"#d6212b","colorDark":"#7c1116","angle":110.1,"snapDist":2,"label":0}},{"type":"Feature","geometry":{"type":"Point","coordinates":[27.564578,47.163237]},"properties":{"name":"Minerva","lines":"5, 6, 11","arr":["5","6","11"],"terminus":0,"mode":"tram","color":"#d6212b","colorDark":"#7c1116","angle":35.9,"snapDist":2,"label":1}},{"type":"Feature","geometry":{"type":"Point","coordinates":[27.558355,47.16627]},"properties":{"name":"Zimbru","lines":"5, 6, 11","arr":["5","6","11"],"terminus":0,"mode":"tram","color":"#d6212b","colorDark":"#7c1116","angle":36.1,"snapDist":3,"label":0}},{"type":"Feature","geometry":{"type":"Point","coordinates":[27.551356,47.166733]},"properties":{"name":"Bicaz","lines":"5, 6, 11","arr":["5","6","11"],"terminus":0,"mode":"tram","color":"#d6212b","colorDark":"#7c1116","angle":359.5,"snapDist":3,"label":0}},{"type":"Feature","geometry":{"type":"Point","coordinates":[27.54527,47.166715]},"properties":{"name":"Columnei","lines":"5, 6, 11","arr":["5","6","11"],"terminus":0,"mode":"tram","color":"#d6212b","colorDark":"#7c1116","angle":359.8,"snapDist":1,"label":0}},{"type":"Feature","geometry":{"type":"Point","coordinates":[27.540187,47.169294]},"properties":{"name":"Dacia","lines":"5, 6, 11","arr":["5","6","11"],"terminus":1,"mode":"tram","color":"#d6212b","colorDark":"#7c1116","angle":50.3,"snapDist":6,"label":0}},{"type":"Feature","geometry":{"type":"Point","coordinates":[27.573121,47.160384]},"properties":{"name":"Pasaj Alexandru cel Bun","lines":"6","arr":["6"],"terminus":0,"mode":"tram","color":"#d6212b","colorDark":"#7c1116","angle":98.5,"snapDist":1,"label":1}},{"type":"Feature","geometry":{"type":"Point","coordinates":[27.570163,47.166575]},"properties":{"name":"Gară","lines":"6","arr":["6"],"terminus":0,"mode":"tram","color":"#d6212b","colorDark":"#7c1116","angle":38,"snapDist":2,"label":0}},{"type":"Feature","geometry":{"type":"Point","coordinates":[27.568393,47.168106]},"properties":{"name":"Str. Bacinschi","lines":"6","arr":["6"],"terminus":0,"mode":"tram","color":"#d6212b","colorDark":"#7c1116","angle":121.2,"snapDist":0,"label":0}},{"type":"Feature","geometry":{"type":"Point","coordinates":[27.590604,47.163954]},"properties":{"name":"Tg. Cucu","lines":"6","arr":["6"],"terminus":1,"mode":"tram","color":"#d6212b","colorDark":"#7c1116","angle":266.9,"snapDist":8,"label":0}},{"type":"Feature","geometry":{"type":"Point","coordinates":[27.573077,47.160531]},"properties":{"name":"Pasaj Alexandru cel Bun","lines":"6","arr":["6"],"terminus":0,"mode":"tram","color":"#d6212b","colorDark":"#7c1116","angle":273,"snapDist":0,"label":0}},{"type":"Feature","geometry":{"type":"Point","coordinates":[27.537382,47.172383]},"properties":{"name":"Canta","lines":"7","arr":["7"],"terminus":1,"mode":"tram","color":"#d6212b","colorDark":"#7c1116","angle":247.9,"snapDist":1,"label":1}},{"type":"Feature","geometry":{"type":"Point","coordinates":[27.545255,47.173281]},"properties":{"name":"Sergent Grigore Ioan","lines":"7","arr":["7"],"terminus":0,"mode":"tram","color":"#d6212b","colorDark":"#7c1116","angle":176.4,"snapDist":8,"label":1}},{"type":"Feature","geometry":{"type":"Point","coordinates":[27.550074,47.173522]},"properties":{"name":"Moara 1 Mai","lines":"7","arr":["7"],"terminus":0,"mode":"tram","color":"#d6212b","colorDark":"#7c1116","angle":175.8,"snapDist":5,"label":1}},{"type":"Feature","geometry":{"type":"Point","coordinates":[27.560189,47.171588]},"properties":{"name":"Octav Bancilă","lines":"7","arr":["7"],"terminus":0,"mode":"tram","color":"#d6212b","colorDark":"#7c1116","angle":213.2,"snapDist":3,"label":1}},{"type":"Feature","geometry":{"type":"Point","coordinates":[27.589401,47.150934]},"properties":{"name":"Podu Roș (1)","lines":"7, 13","arr":["7","13"],"terminus":0,"mode":"tram","color":"#d6212b","colorDark":"#7c1116","angle":25.9,"snapDist":3,"label":0}},{"type":"Feature","geometry":{"type":"Point","coordinates":[27.587841,47.159353]},"properties":{"name":"Palatul Culturii","lines":"7, 9, 13","arr":["7","9","13"],"terminus":0,"mode":"tram","color":"#d6212b","colorDark":"#7c1116","angle":143.7,"snapDist":4,"label":0}},{"type":"Feature","geometry":{"type":"Point","coordinates":[27.561549,47.170963]},"properties":{"name":"Octav Bancilă","lines":"7","arr":["7"],"terminus":0,"mode":"tram","color":"#d6212b","colorDark":"#7c1116","angle":34.4,"snapDist":3,"label":0}},{"type":"Feature","geometry":{"type":"Point","coordinates":[27.55245,47.173386]},"properties":{"name":"Moara 1 Mai","lines":"7","arr":["7"],"terminus":0,"mode":"tram","color":"#d6212b","colorDark":"#7c1116","angle":17.5,"snapDist":1,"label":0}},{"type":"Feature","geometry":{"type":"Point","coordinates":[27.544629,47.173247]},"properties":{"name":"Sergent Grigore Ioan","lines":"7","arr":["7"],"terminus":0,"mode":"tram","color":"#d6212b","colorDark":"#7c1116","angle":355,"snapDist":2,"label":0}},{"type":"Feature","geometry":{"type":"Point","coordinates":[27.537373,47.172398]},"properties":{"name":"Canta","lines":"7","arr":["7"],"terminus":1,"mode":"tram","color":"#d6212b","colorDark":"#7c1116","angle":67.9,"snapDist":36,"label":0}},{"type":"Feature","geometry":{"type":"Point","coordinates":[27.600081,47.158953]},"properties":{"name":"Bucșinescu","lines":"8","arr":["8"],"terminus":0,"mode":"tram","color":"#d6212b","colorDark":"#7c1116","angle":225.6,"snapDist":2,"label":1}},{"type":"Feature","geometry":{"type":"Point","coordinates":[27.603374,47.156601]},"properties":{"name":"Tudor Vladimirescu","lines":"8","arr":["8"],"terminus":0,"mode":"tram","color":"#d6212b","colorDark":"#7c1116","angle":235.8,"snapDist":2,"label":1}},{"type":"Feature","geometry":{"type":"Point","coordinates":[27.602618,47.149182]},"properties":{"name":"Silk District","lines":"8","arr":["8"],"terminus":0,"mode":"tram","color":"#d6212b","colorDark":"#7c1116","angle":281.3,"snapDist":7,"label":0}},{"type":"Feature","geometry":{"type":"Point","coordinates":[27.602738,47.149592]},"properties":{"name":"Silk District","lines":"8","arr":["8"],"terminus":0,"mode":"tram","color":"#d6212b","colorDark":"#7c1116","angle":101.2,"snapDist":1,"label":0}},{"type":"Feature","geometry":{"type":"Point","coordinates":[27.60338,47.156595]},"properties":{"name":"Tudor Vladimirescu","lines":"8","arr":["8"],"terminus":0,"mode":"tram","color":"#d6212b","colorDark":"#7c1116","angle":55.8,"snapDist":1,"label":0}},{"type":"Feature","geometry":{"type":"Point","coordinates":[27.600054,47.158972]},"properties":{"name":"Bucșinescu","lines":"8","arr":["8"],"terminus":0,"mode":"tram","color":"#d6212b","colorDark":"#7c1116","angle":45.6,"snapDist":3,"label":0}},{"type":"Feature","geometry":{"type":"Point","coordinates":[27.586037,47.149732]},"properties":{"name":"Podu Roș (3)","lines":"9","arr":["9"],"terminus":0,"mode":"tram","color":"#d6212b","colorDark":"#7c1116","angle":299.3,"snapDist":7,"label":1}},{"type":"Feature","geometry":{"type":"Point","coordinates":[27.580354,47.142707]},"properties":{"name":"Pod Nicolina","lines":"9","arr":["9"],"terminus":0,"mode":"tram","color":"#d6212b","colorDark":"#7c1116","angle":285.9,"snapDist":4,"label":1}},{"type":"Feature","geometry":{"type":"Point","coordinates":[27.578436,47.139167]},"properties":{"name":"Tudor Neculai","lines":"9","arr":["9"],"terminus":0,"mode":"tram","color":"#d6212b","colorDark":"#7c1116","angle":310.3,"snapDist":8,"label":1}},{"type":"Feature","geometry":{"type":"Point","coordinates":[27.572083,47.133373]},"properties":{"name":"C.U.G. I","lines":"9","arr":["9"],"terminus":0,"mode":"tram","color":"#d6212b","colorDark":"#7c1116","angle":294.8,"snapDist":2,"label":1}},{"type":"Feature","geometry":{"type":"Point","coordinates":[27.569304,47.129402]},"properties":{"name":"Biserica Înălțarea Domnului","lines":"9","arr":["9"],"terminus":0,"mode":"tram","color":"#d6212b","colorDark":"#7c1116","angle":295.4,"snapDist":0,"label":1}},{"type":"Feature","geometry":{"type":"Point","coordinates":[27.567333,47.123947]},"properties":{"name":"Spital Elytis","lines":"9","arr":["9"],"terminus":1,"mode":"tram","color":"#d6212b","colorDark":"#7c1116","angle":266.6,"snapDist":4,"label":1}},{"type":"Feature","geometry":{"type":"Point","coordinates":[27.567405,47.123747]},"properties":{"name":"Spital Elytis","lines":"9","arr":["9"],"terminus":1,"mode":"tram","color":"#d6212b","colorDark":"#7c1116","angle":79.5,"snapDist":53,"label":0}},{"type":"Feature","geometry":{"type":"Point","coordinates":[27.568707,47.128499]},"properties":{"name":"Biserica Înălțarea Domnului","lines":"9","arr":["9"],"terminus":0,"mode":"tram","color":"#d6212b","colorDark":"#7c1116","angle":115.1,"snapDist":3,"label":0}},{"type":"Feature","geometry":{"type":"Point","coordinates":[27.572466,47.133863]},"properties":{"name":"C.U.G. I","lines":"9","arr":["9"],"terminus":0,"mode":"tram","color":"#d6212b","colorDark":"#7c1116","angle":115.5,"snapDist":5,"label":0}},{"type":"Feature","geometry":{"type":"Point","coordinates":[27.577346,47.138275]},"properties":{"name":"Tudor Neculai","lines":"9","arr":["9"],"terminus":0,"mode":"tram","color":"#d6212b","colorDark":"#7c1116","angle":130.5,"snapDist":8,"label":0}},{"type":"Feature","geometry":{"type":"Point","coordinates":[27.580598,47.143087]},"properties":{"name":"Pod Nicolina","lines":"9","arr":["9"],"terminus":0,"mode":"tram","color":"#d6212b","colorDark":"#7c1116","angle":109.3,"snapDist":5,"label":0}},{"type":"Feature","geometry":{"type":"Point","coordinates":[27.586398,47.150117]},"properties":{"name":"Podu Roș (3)","lines":"9","arr":["9"],"terminus":0,"mode":"tram","color":"#d6212b","colorDark":"#7c1116","angle":119.4,"snapDist":0,"label":0}},{"type":"Feature","geometry":{"type":"Point","coordinates":[27.608573,47.161464]},"properties":{"name":"Tătărași Nord","lines":"11","arr":["11"],"terminus":1,"mode":"tram","color":"#d6212b","colorDark":"#7c1116","angle":27.2,"snapDist":0,"label":1}},{"type":"Feature","geometry":{"type":"Point","coordinates":[27.608457,47.161506]},"properties":{"name":"Tătărași Nord","lines":"11","arr":["11"],"terminus":1,"mode":"tram","color":"#d6212b","colorDark":"#7c1116","angle":209.7,"snapDist":1,"label":0}},{"type":"Feature","geometry":{"type":"Point","coordinates":[27.621558,47.152072]},"properties":{"name":"Pod Metalurgie","lines":"11, 13","arr":["11","13"],"terminus":0,"mode":"tram","color":"#d6212b","colorDark":"#7c1116","angle":281.4,"snapDist":4,"label":1}},{"type":"Feature","geometry":{"type":"Point","coordinates":[27.620593,47.148914]},"properties":{"name":"C.F.S.II","lines":"11, 13","arr":["11","13"],"terminus":0,"mode":"tram","color":"#d6212b","colorDark":"#7c1116","angle":282,"snapDist":5,"label":1}},{"type":"Feature","geometry":{"type":"Point","coordinates":[27.619788,47.14627]},"properties":{"name":"Piața Ing. Virgil Săhleanu","lines":"11, 13","arr":["11","13"],"terminus":0,"mode":"tram","color":"#d6212b","colorDark":"#7c1116","angle":280.8,"snapDist":6,"label":0}}]}