{"type":"FeatureCollection","features":[{"type":"Feature","geometry":{"type":"LineString","coordinates":[[27.623576,47.156468],[27.623575,47.156451],[27.623575,47.156367],[27.623752,47.156228],[27.623812,47.156186],[27.624017,47.156042],[27.624178,47.156014],[27.624262,47.155975]]},"properties":{"name":"Strada Vasile Lupu"}},{"type":"Feature","geometry":{"type":"LineString","coordinates":[[27.601248,47.158924],[27.601109,47.158904]]},"properties":{"name":"Strada Vasile Lupu"}},{"type":"Feature","geometry":{"type":"LineString","coordinates":[[27.613152,47.16007],[27.613197,47.16005],[27.613376,47.159956],[27.613599,47.159922],[27.613848,47.159882],[27.614023,47.159874],[27.614246,47.159858],[27.614943,47.159752],[27.615067,47.159754],[27.615151,47.159759],[27.615233,47.15976]]},"properties":{"name":"Strada Vasile Lupu"}},{"type":"Feature","geometry":{"type":"LineString","coordinates":[[27.61844,47.159285],[27.618468,47.15927],[27.618563,47.159209],[27.619037,47.159133],[27.619309,47.159088],[27.619535,47.159071],[27.619659,47.159054],[27.619783,47.15903],[27.619884,47.159006],[27.619999,47.158967],[27.620072,47.158931],[27.620194,47.158849],[27.620546,47.158607],[27.620704,47.158535],[27.620741,47.158525]]},"properties":{"name":"Strada Vasile Lupu"}},{"type":"Feature","geometry":{"type":"LineString","coordinates":[[27.601154,47.158863],[27.601248,47.158924],[27.601287,47.158934],[27.601535,47.158997],[27.602016,47.159097],[27.602497,47.159183],[27.603863,47.159453],[27.604299,47.15953],[27.605697,47.159767],[27.605771,47.159779],[27.606316,47.159876],[27.606882,47.159951],[27.607344,47.159984],[27.607551,47.159995],[27.608049,47.160034],[27.608393,47.160056],[27.608752,47.160082],[27.608904,47.160095],[27.609196,47.160106],[27.609636,47.160125],[27.610355,47.160126],[27.61093,47.160124],[27.611166,47.160122],[27.61163,47.160123],[27.612215,47.160207],[27.612275,47.16021],[27.613152,47.16007],[27.613225,47.160069],[27.613419,47.160069],[27.613908,47.159994],[27.614078,47.159982],[27.614287,47.159962],[27.614585,47.159917],[27.614975,47.159858],[27.61516,47.159785],[27.615233,47.15976],[27.615514,47.159718],[27.615716,47.159687],[27.615994,47.159646],[27.616992,47.159491],[27.61734,47.159445],[27.618225,47.159314],[27.61844,47.159285],[27.618482,47.159291],[27.618596,47.159299],[27.619192,47.159209],[27.619338,47.159186],[27.619568,47.159161],[27.619672,47.159142],[27.61983,47.159109],[27.61997,47.159069],[27.620133,47.15901],[27.62032,47.158935],[27.620421,47.158866],[27.62065,47.158702],[27.620729,47.158551],[27.620741,47.158525],[27.620905,47.158405],[27.621499,47.157974],[27.622118,47.157526],[27.622575,47.157192],[27.622757,47.157059],[27.623407,47.156591],[27.623576,47.156468],[27.623607,47.156465],[27.623708,47.156456],[27.623946,47.15631],[27.624176,47.156148],[27.624205,47.156035],[27.624262,47.155975],[27.624315,47.155933],[27.62477,47.155605],[27.624803,47.155581],[27.624915,47.155501],[27.624927,47.155492],[27.625006,47.15543],[27.625072,47.155372],[27.625132,47.15532],[27.625211,47.155231],[27.625293,47.155103],[27.62531,47.155071],[27.625362,47.154979],[27.625396,47.154896],[27.625425,47.154796],[27.625435,47.154651],[27.625424,47.154551],[27.625392,47.15445],[27.625337,47.15434],[27.625244,47.154205],[27.625127,47.154068],[27.624997,47.153938],[27.624853,47.153832],[27.624601,47.153678],[27.624328,47.153601],[27.624096,47.153549],[27.623946,47.153515],[27.623554,47.153423],[27.623207,47.153348],[27.62308,47.15332],[27.622942,47.153289],[27.622736,47.153239],[27.622569,47.153195],[27.622372,47.153127],[27.622326,47.153103],[27.622203,47.153027],[27.621904,47.15283],[27.621854,47.152784],[27.62181,47.15273],[27.621753,47.152634],[27.62171,47.152562],[27.621617,47.152332],[27.621524,47.152032],[27.621439,47.151753],[27.621387,47.151581]]},"properties":{"name":"Strada Vasile Lupu"}},{"type":"Feature","geometry":{"type":"LineString","coordinates":[[27.601049,47.158795],[27.6011,47.158828]]},"properties":{"name":"Strada Vasile Lupu"}},{"type":"Feature","geometry":{"type":"LineString","coordinates":[[27.624315,47.155933],[27.624324,47.155952],[27.624372,47.156113],[27.62439,47.156172],[27.624366,47.156305],[27.624291,47.156427],[27.624193,47.156548],[27.623078,47.157877],[27.622556,47.158492],[27.62246,47.158635],[27.622381,47.158796],[27.622312,47.158922]]},"properties":{"name":"Strada Ignat"}},{"type":"Feature","geometry":{"type":"LineString","coordinates":[[27.622312,47.158922],[27.622289,47.158972]]},"properties":{"name":"Șoseaua Ciric"}},{"type":"Feature","geometry":{"type":"LineString","coordinates":[[27.596993,47.184193],[27.597172,47.184202],[27.597312,47.184199],[27.597458,47.184173],[27.597535,47.184118],[27.597918,47.183679],[27.597988,47.183617],[27.598164,47.183491],[27.598599,47.183231],[27.598987,47.183087],[27.599268,47.183003],[27.59963,47.182878],[27.599925,47.182766],[27.60028,47.182607],[27.600798,47.182317],[27.600905,47.182253],[27.601032,47.182162],[27.601394,47.181948],[27.601958,47.181631],[27.602151,47.181522],[27.602482,47.181301],[27.602643,47.181168],[27.602797,47.181016],[27.602962,47.180821],[27.60321,47.18051],[27.603364,47.180319],[27.603793,47.179785],[27.603929,47.179614],[27.604257,47.17921],[27.604714,47.178709],[27.604956,47.178473],[27.605372,47.178121],[27.605823,47.177782],[27.606315,47.177399],[27.60643,47.177311],[27.606589,47.177201],[27.606731,47.177103],[27.606919,47.177004],[27.60705,47.176946],[27.607101,47.176907],[27.607246,47.176835]]},"properties":{"name":"Șoseaua Ciric"}},{"type":"Feature","geometry":{"type":"LineString","coordinates":[[27.622312,47.158922],[27.62255,47.158901],[27.622584,47.158897],[27.62259,47.158897],[27.622733,47.158884],[27.622742,47.158883],[27.62312,47.158844],[27.623539,47.158782],[27.623973,47.158689],[27.624117,47.158658],[27.624334,47.158617],[27.62453,47.158569],[27.624735,47.158507],[27.62478,47.158494]]},"properties":{"name":"Strada Ion Creangă"}},{"type":"Feature","geometry":{"type":"LineString","coordinates":[[27.608622,47.161741],[27.608343,47.161763]]},"properties":{"name":"Strada Ion Creangă"}},{"type":"Feature","geometry":{"type":"LineString","coordinates":[[27.510261,47.177128],[27.510362,47.177128],[27.511591,47.177361],[27.511766,47.177401],[27.512044,47.177457],[27.512366,47.177508],[27.512944,47.177584],[27.513468,47.177652],[27.514029,47.177724],[27.514711,47.17777],[27.515497,47.17781]]},"properties":{"name":"Strada Ion Creangă"}},{"type":"Feature","geometry":{"type":"LineString","coordinates":[[27.625216,47.15837],[27.625147,47.158387],[27.62497,47.158437],[27.62478,47.158494]]},"properties":{"name":"Strada Holboca"}},{"type":"Feature","geometry":{"type":"LineString","coordinates":[[27.6303,47.159168],[27.629997,47.159124]]},"properties":{"name":"Strada Holboca"}},{"type":"Feature","geometry":{"type":"LineString","coordinates":[[27.625417,47.157846],[27.62536,47.157915],[27.625151,47.158133],[27.625125,47.158158]]},"properties":{"name":"Strada Aurel Vlaicu"}},{"type":"Feature","geometry":{"type":"LineString","coordinates":[[27.62477,47.155605],[27.62483,47.155584],[27.624959,47.155539],[27.625083,47.155497],[27.625231,47.155478],[27.625325,47.155478],[27.625878,47.15559],[27.626157,47.155643],[27.626385,47.155679],[27.626645,47.155709],[27.626754,47.155711],[27.626856,47.155694],[27.626968,47.155673],[27.627082,47.155643],[27.627191,47.155604],[27.62769,47.155438],[27.627997,47.155346],[27.628733,47.155133],[27.629198,47.154992],[27.629778,47.154823],[27.63006,47.154741],[27.630313,47.15466],[27.630592,47.154559],[27.631063,47.154381],[27.631468,47.154226],[27.631984,47.154025],[27.632084,47.153987],[27.632183,47.153948],[27.632671,47.153763],[27.632782,47.15372],[27.633712,47.153363],[27.633938,47.153278],[27.63407,47.153228],[27.634191,47.15318],[27.63431,47.153123],[27.634424,47.15306],[27.634795,47.152827],[27.634981,47.152708],[27.635319,47.152497],[27.635574,47.152351],[27.635607,47.152331],[27.635845,47.152192],[27.636082,47.15205],[27.636243,47.151968],[27.636367,47.151916],[27.636597,47.151841],[27.63673,47.151809],[27.636863,47.151784],[27.636992,47.15177],[27.637113,47.151761],[27.63728,47.151753],[27.637593,47.151751],[27.638033,47.151749],[27.639135,47.151736],[27.639342,47.151736],[27.639463,47.151742],[27.639617,47.151763],[27.639747,47.151787],[27.640947,47.152146],[27.641585,47.152336]]},"properties":{"name":"Strada Aurel Vlaicu"}},{"type":"Feature","geometry":{"type":"LineString","coordinates":[[27.634708,47.152773],[27.634903,47.152649]]},"properties":{"name":"Strada Aurel Vlaicu"}},{"type":"Feature","geometry":{"type":"LineString","coordinates":[[27.641633,47.152258],[27.641945,47.152349],[27.642429,47.152488],[27.64344,47.152789],[27.64399,47.152958],[27.644315,47.153052],[27.644549,47.153115],[27.64474,47.153155],[27.644913,47.153181],[27.645078,47.153192],[27.645224,47.153198],[27.645333,47.153198],[27.645432,47.153193],[27.645713,47.153169],[27.648043,47.152952]]},"properties":{"name":"Strada Aurel Vlaicu"}},{"type":"Feature","geometry":{"type":"LineString","coordinates":[[27.64806,47.153038],[27.64573,47.153255],[27.645466,47.153277],[27.645336,47.153279],[27.64522,47.153279]]},"properties":{"name":"Strada Aurel Vlaicu"}},{"type":"Feature","geometry":{"type":"LineString","coordinates":[[27.625671,47.157707],[27.625717,47.157683],[27.625732,47.157676],[27.62601,47.157526],[27.626449,47.157289],[27.626688,47.157191],[27.626969,47.157096],[27.627238,47.157025]]},"properties":{"name":"Strada Șapte Oameni"}},{"type":"Feature","geometry":{"type":"LineString","coordinates":[[27.627238,47.157025],[27.627271,47.157068],[27.627375,47.157122],[27.627536,47.1572],[27.628293,47.157589],[27.628342,47.157615],[27.628986,47.157926],[27.629072,47.157977],[27.630357,47.158631],[27.630481,47.158691]]},"properties":{"name":"Strada Locotenent Popovici"}},{"type":"Feature","geometry":{"type":"LineString","coordinates":[[27.630481,47.158691],[27.63016,47.158957],[27.63002,47.159078],[27.629997,47.159124]]},"properties":{"name":"Strada Aviației"}},{"type":"Feature","geometry":{"type":"LineString","coordinates":[[27.6303,47.159168],[27.630287,47.159372],[27.630277,47.159504],[27.630224,47.160527],[27.630217,47.160611],[27.630201,47.160688]]},"properties":{"name":"Strada Moților"}},{"type":"Feature","geometry":{"type":"LineString","coordinates":[[27.630201,47.160688],[27.63043,47.16075],[27.630955,47.160883],[27.631113,47.16093]]},"properties":{"name":"Strada Obreja"}},{"type":"Feature","geometry":{"type":"LineString","coordinates":[[27.631113,47.16093],[27.630523,47.16206],[27.630481,47.162145]]},"properties":{"name":"Strada Mistrețului"}},{"type":"Feature","geometry":{"type":"LineString","coordinates":[[27.551449,47.17357],[27.551227,47.173582],[27.550957,47.173581],[27.550752,47.173575],[27.550482,47.173562],[27.550382,47.173558],[27.550292,47.173551],[27.549613,47.173517],[27.549217,47.173496],[27.548899,47.173482],[27.548209,47.173447],[27.547143,47.173395],[27.546359,47.173355],[27.546261,47.17335],[27.546103,47.173343],[27.545273,47.1733],[27.545194,47.173296],[27.545058,47.173289],[27.544546,47.173261],[27.544444,47.173254],[27.544125,47.173237],[27.543252,47.173187],[27.542625,47.173148],[27.541839,47.173103],[27.541647,47.173088],[27.541036,47.173024],[27.540354,47.17296],[27.539964,47.172931],[27.539668,47.172923],[27.539497,47.172918],[27.539036,47.172907],[27.538591,47.172896],[27.538356,47.172891],[27.538234,47.172886],[27.538128,47.172881],[27.538112,47.172881],[27.537997,47.172864],[27.537833,47.17283],[27.537673,47.172791],[27.537504,47.172742],[27.537368,47.1727],[27.537267,47.172667],[27.537162,47.17263],[27.536841,47.172515],[27.536532,47.172404],[27.536337,47.172339],[27.536104,47.172293],[27.535909,47.172267],[27.53562,47.172247],[27.535417,47.172242],[27.534739,47.172247],[27.534211,47.172256],[27.533744,47.172267],[27.53313,47.172275],[27.532717,47.172283]]},"properties":{"name":"Strada Canta"}},{"type":"Feature","geometry":{"type":"LineString","coordinates":[[27.538022,47.172797],[27.53814,47.172815]]},"properties":{"name":"Strada Canta"}},{"type":"Feature","geometry":{"type":"LineString","coordinates":[[27.53272,47.172216],[27.533363,47.17221],[27.534209,47.172196],[27.534741,47.172183],[27.535417,47.172179],[27.535635,47.172182],[27.535916,47.172199],[27.536131,47.172227]]},"properties":{"name":"Strada Canta"}},{"type":"Feature","geometry":{"type":"LineString","coordinates":[[27.551545,47.173484],[27.551357,47.1735],[27.551222,47.173509],[27.550981,47.173512],[27.550759,47.173508],[27.550466,47.173498],[27.550388,47.173494],[27.550301,47.17349],[27.550049,47.173479],[27.549629,47.173452],[27.549219,47.173431],[27.54871,47.173407],[27.548218,47.173384],[27.547877,47.173368],[27.547151,47.173334],[27.546366,47.173296],[27.546106,47.17328],[27.545883,47.173268],[27.545203,47.173233],[27.545063,47.173225],[27.544555,47.173198],[27.544473,47.173193],[27.543251,47.173121],[27.542634,47.173085],[27.541851,47.173037],[27.541661,47.17302],[27.541053,47.172961],[27.54037,47.172895],[27.539978,47.172865],[27.539849,47.172861],[27.539673,47.172854],[27.5395,47.17285]]},"properties":{"name":"Strada Canta"}},{"type":"Feature","geometry":{"type":"LineString","coordinates":[[27.551597,47.174378],[27.551587,47.174317],[27.551573,47.174223]]},"properties":{"name":"Strada Canta"}},{"type":"Feature","geometry":{"type":"LineString","coordinates":[[27.551705,47.174309],[27.551715,47.174368]]},"properties":{"name":"Strada Canta"}},{"type":"Feature","geometry":{"type":"LineString","coordinates":[[27.551449,47.17357],[27.551676,47.173556],[27.551725,47.173552],[27.551821,47.17354],[27.552107,47.173496],[27.552521,47.173412],[27.552574,47.173401],[27.552759,47.173363],[27.552923,47.17333],[27.553437,47.173223],[27.554673,47.172957],[27.555417,47.172809],[27.556541,47.172582],[27.557059,47.172477],[27.557208,47.172448],[27.557352,47.172418],[27.557559,47.172377],[27.55778,47.17233],[27.558019,47.172281],[27.55843,47.172195],[27.558946,47.172084],[27.55902,47.172065],[27.559135,47.172035],[27.559338,47.171969],[27.559698,47.171839],[27.560072,47.171679],[27.560411,47.171534],[27.560637,47.171435],[27.560859,47.171349],[27.561224,47.171183],[27.561936,47.170839],[27.562509,47.170575],[27.563878,47.169945],[27.564489,47.169641],[27.564943,47.1694],[27.566623,47.168508],[27.567681,47.167953],[27.567905,47.167836],[27.567979,47.167797],[27.568003,47.167785]]},"properties":{"name":"Șoseaua Moara de Foc"}},{"type":"Feature","geometry":{"type":"LineString","coordinates":[[27.551545,47.173484],[27.551654,47.173472],[27.551849,47.173434],[27.551941,47.173415],[27.552075,47.173404],[27.55254,47.173304],[27.552724,47.173268],[27.553386,47.173127],[27.553446,47.173113],[27.554636,47.172871],[27.555379,47.172717],[27.556503,47.172494],[27.557167,47.172358],[27.557737,47.17224],[27.557976,47.172189],[27.558388,47.172109]]},"properties":{"name":"Șoseaua Moara de Foc"}},{"type":"Feature","geometry":{"type":"LineString","coordinates":[[27.568003,47.167785],[27.568166,47.167698],[27.568187,47.167687],[27.568248,47.167654],[27.56842,47.167563],[27.568834,47.167344],[27.569391,47.16705],[27.569692,47.166887],[27.570052,47.166696],[27.570425,47.166506],[27.570688,47.166363],[27.570728,47.166341],[27.570921,47.166221],[27.570987,47.166174],[27.571071,47.16611]]},"properties":{"name":"Străpungerea Silvestru"}},{"type":"Feature","geometry":{"type":"LineString","coordinates":[[27.570879,47.166032],[27.570675,47.166162],[27.570538,47.166239],[27.570503,47.166256],[27.569989,47.166533],[27.569523,47.166808],[27.569344,47.166912],[27.569009,47.16709],[27.568564,47.167325],[27.568487,47.167365],[27.568302,47.167466],[27.568092,47.167576],[27.568082,47.167581],[27.567892,47.167679],[27.567358,47.167956],[27.566505,47.168409],[27.566391,47.168468],[27.564825,47.169299],[27.564457,47.169494],[27.564366,47.169542],[27.563774,47.169844],[27.562402,47.170471]]},"properties":{"name":"Străpungerea Silvestru"}},{"type":"Feature","geometry":{"type":"LineString","coordinates":[[27.571071,47.16611],[27.571173,47.166011],[27.571211,47.165963],[27.571238,47.165933],[27.571268,47.165888],[27.571314,47.16582],[27.571486,47.165517],[27.571679,47.165181],[27.571793,47.164973],[27.572129,47.164395],[27.572279,47.164139],[27.572341,47.164028],[27.572422,47.16388],[27.572436,47.163856],[27.572614,47.163553],[27.572759,47.163305],[27.573093,47.162715],[27.573179,47.162548],[27.573276,47.162348],[27.573345,47.162165],[27.573387,47.161956],[27.573391,47.161729],[27.573361,47.161456],[27.573357,47.161416],[27.573329,47.161181],[27.573263,47.160731],[27.573231,47.160564]]},"properties":{"name":"Strada Silvestru"}},{"type":"Feature","geometry":{"type":"LineString","coordinates":[[27.573008,47.160578],[27.573037,47.160749],[27.573117,47.161201],[27.57317,47.161465],[27.573194,47.161608],[27.573209,47.161736],[27.573214,47.161858],[27.573197,47.162023],[27.573164,47.162177],[27.573104,47.162328],[27.572987,47.162557],[27.572794,47.162897],[27.572586,47.163257],[27.572527,47.163358],[27.572314,47.163733],[27.572098,47.164106],[27.571881,47.164481],[27.571506,47.165136],[27.571457,47.165222],[27.571277,47.165531],[27.571135,47.165774],[27.571078,47.165862],[27.57098,47.165948],[27.570879,47.166032]]},"properties":{"name":"Strada Silvestru"}},{"type":"Feature","geometry":{"type":"LineString","coordinates":[[27.573209,47.161736],[27.573279,47.161733],[27.57332,47.161732],[27.573391,47.161729]]},"properties":{"name":"Stradela Silvestru"}},{"type":"Feature","geometry":{"type":"LineString","coordinates":[[27.573008,47.160578],[27.572995,47.160501],[27.572982,47.160369],[27.572979,47.160218],[27.572992,47.160106],[27.573025,47.159998],[27.573078,47.159872],[27.573166,47.159729],[27.573261,47.159625],[27.573394,47.159511],[27.573549,47.159391],[27.573695,47.159293],[27.573733,47.159266],[27.573792,47.159226],[27.573951,47.159118],[27.574015,47.159081],[27.574187,47.158962],[27.574548,47.158738],[27.574584,47.158711],[27.574703,47.158619]]},"properties":{"name":"DN28"}},{"type":"Feature","geometry":{"type":"LineString","coordinates":[[27.512376,47.17304],[27.512507,47.173029],[27.512756,47.173003],[27.513009,47.172967],[27.514265,47.172789],[27.514384,47.172774],[27.514905,47.172702],[27.515132,47.172672],[27.515311,47.172647],[27.515922,47.172567],[27.516454,47.172497],[27.516902,47.172462],[27.517286,47.172453],[27.518008,47.17244],[27.518835,47.172454],[27.519489,47.172469],[27.519597,47.17247],[27.520044,47.172475],[27.522466,47.172521],[27.526061,47.172595],[27.526489,47.172603],[27.526882,47.172645],[27.527519,47.172728],[27.527836,47.172771],[27.528175,47.172822],[27.528679,47.172893],[27.52895,47.172897],[27.529268,47.172872],[27.529572,47.172791],[27.53032,47.172454],[27.530603,47.172374],[27.530812,47.172356],[27.531179,47.172338],[27.532158,47.172294],[27.532405,47.172288],[27.532717,47.172283]]},"properties":{"name":"DN28"}},{"type":"Feature","geometry":{"type":"LineString","coordinates":[[27.512377,47.172825],[27.512544,47.172915],[27.512696,47.172923],[27.512905,47.172893],[27.513279,47.172847],[27.513597,47.172803],[27.514038,47.172748],[27.515185,47.172578],[27.515739,47.172519],[27.516255,47.172448],[27.516399,47.172432],[27.516485,47.17242],[27.516741,47.172394],[27.517009,47.172376],[27.51728,47.172364],[27.517883,47.172366],[27.518804,47.172379],[27.518813,47.172379],[27.519411,47.172387],[27.520419,47.172412],[27.522562,47.172453],[27.525468,47.172505],[27.525964,47.172417],[27.526261,47.172404],[27.526824,47.172378],[27.5278,47.172341],[27.529373,47.172274],[27.530069,47.172253],[27.531065,47.172237],[27.53142,47.172231],[27.531889,47.172226],[27.53272,47.172216]]},"properties":{"name":"DN28"}},{"type":"Feature","geometry":{"type":"LineString","coordinates":[[27.512101,47.173076],[27.511927,47.173105],[27.511853,47.173113],[27.511622,47.173146],[27.511415,47.173177],[27.511204,47.173209],[27.510723,47.173268],[27.51045,47.173304],[27.510193,47.17334],[27.510068,47.173355],[27.509588,47.173418],[27.508657,47.173539],[27.508293,47.173586],[27.507396,47.173717],[27.506558,47.173859],[27.506295,47.173904],[27.506205,47.173918],[27.506108,47.173934],[27.50594,47.173964],[27.505154,47.174095],[27.504518,47.174207],[27.503119,47.174437],[27.502333,47.174565],[27.501452,47.174713],[27.500472,47.174868],[27.499849,47.174971],[27.499345,47.175059],[27.498888,47.175153],[27.498797,47.175172],[27.498451,47.175244],[27.498289,47.175281],[27.498071,47.17533],[27.497856,47.175375],[27.494724,47.176057],[27.493144,47.176402],[27.49237,47.176569],[27.491797,47.1767],[27.490778,47.176915],[27.490443,47.176986],[27.490007,47.177082],[27.489832,47.177121],[27.489176,47.177261],[27.488658,47.177383],[27.488377,47.177443],[27.486439,47.17787],[27.484056,47.178408],[27.481932,47.178888],[27.480813,47.179136],[27.476192,47.180177],[27.474976,47.180452],[27.474855,47.180478],[27.473852,47.180692],[27.473389,47.180788],[27.472757,47.180928],[27.472686,47.18095],[27.472612,47.180982]]},"properties":{"name":"DN28"}},{"type":"Feature","geometry":{"type":"LineString","coordinates":[[27.472393,47.181051],[27.472265,47.181052],[27.472153,47.181061],[27.471932,47.181109],[27.471587,47.18119],[27.470239,47.181493],[27.470165,47.181509],[27.469273,47.18171],[27.469165,47.181733],[27.469082,47.18175]]},"properties":{"name":"DN28"}},{"type":"Feature","geometry":{"type":"LineString","coordinates":[[27.470097,47.181444],[27.471057,47.181253],[27.4714,47.181175],[27.471721,47.181097],[27.472018,47.181006],[27.472108,47.180971],[27.472177,47.180942],[27.472296,47.180888]]},"properties":{"name":"DN28"}},{"type":"Feature","geometry":{"type":"LineString","coordinates":[[27.472542,47.18084],[27.472633,47.180849],[27.472689,47.180849],[27.472755,47.180844],[27.473069,47.180793],[27.473332,47.180744],[27.473551,47.180704],[27.474046,47.180589],[27.474829,47.180407],[27.474939,47.180381],[27.47635,47.180081],[27.477347,47.17986],[27.478544,47.179594],[27.481554,47.178909],[27.483631,47.178445],[27.484755,47.178189],[27.486408,47.177816],[27.488166,47.177416],[27.488554,47.177328],[27.489734,47.177064],[27.490567,47.17688],[27.491303,47.176726],[27.491877,47.176602],[27.492367,47.176496],[27.493972,47.176143],[27.49453,47.176025],[27.495331,47.175847],[27.497828,47.175305],[27.498039,47.175261],[27.498392,47.175179],[27.498761,47.175099],[27.499314,47.174989],[27.499805,47.174905],[27.500015,47.17487],[27.500265,47.174829],[27.50086,47.174734],[27.501073,47.174699],[27.501948,47.174556],[27.502216,47.174509],[27.50282,47.174412],[27.503084,47.17437],[27.503316,47.174331],[27.503567,47.174289],[27.504091,47.174203],[27.504862,47.174073],[27.505671,47.173937],[27.506084,47.173865],[27.506473,47.173803],[27.506552,47.173788],[27.50743,47.17364],[27.5078,47.173581],[27.508037,47.173547],[27.509183,47.173398],[27.509597,47.173345],[27.510231,47.173263],[27.51084,47.173185],[27.511255,47.173122],[27.51156,47.173075],[27.511888,47.172981],[27.511969,47.172927]]},"properties":{"name":"DN28"}},{"type":"Feature","geometry":{"type":"LineString","coordinates":[[27.57504,47.1577],[27.575086,47.157784],[27.575246,47.158081],[27.575338,47.15825],[27.575391,47.158349],[27.575435,47.158439],[27.575451,47.158488],[27.57547,47.158548],[27.575483,47.15868]]},"properties":{"name":"DN28"}},{"type":"Feature","geometry":{"type":"LineString","coordinates":[[27.573231,47.160564],[27.5732,47.160394],[27.573181,47.160264],[27.573187,47.160135],[27.573189,47.160118],[27.573207,47.160018],[27.573241,47.159923],[27.573303,47.159818],[27.57338,47.159714],[27.573463,47.159631],[27.573561,47.159554],[27.573818,47.159374],[27.573859,47.159346],[27.573911,47.159311],[27.574073,47.159194],[27.574179,47.159131],[27.57429,47.159074],[27.574438,47.159039],[27.574569,47.15903],[27.574705,47.159042],[27.574823,47.159058]]},"properties":{"name":"DN28"}},{"type":"Feature","geometry":{"type":"LineString","coordinates":[[27.698564,47.130165],[27.698951,47.129467],[27.699388,47.128735],[27.699717,47.128092],[27.700043,47.127527],[27.700339,47.127084],[27.700646,47.126716],[27.700958,47.12634],[27.7012,47.126063],[27.701303,47.125977],[27.701458,47.125892],[27.701831,47.125748],[27.702281,47.125624],[27.702814,47.125442],[27.703048,47.125321],[27.703241,47.125212],[27.703478,47.125018],[27.703526,47.124985],[27.703743,47.124795],[27.703961,47.124536],[27.704151,47.12421],[27.704277,47.123939],[27.7044,47.12364],[27.70451,47.123399],[27.704636,47.123239],[27.704727,47.123122],[27.70502,47.122865],[27.705666,47.122332],[27.705718,47.122281],[27.70595,47.122051],[27.706616,47.121379],[27.70687,47.121155],[27.707404,47.120852],[27.707801,47.120629],[27.708509,47.120306],[27.70929,47.119996],[27.709901,47.119756],[27.710344,47.11959],[27.710517,47.119512],[27.710713,47.119425],[27.711009,47.119329],[27.711493,47.119121],[27.712886,47.118554],[27.713458,47.11835],[27.713549,47.118316],[27.714171,47.118083],[27.715065,47.117774],[27.715939,47.117495],[27.716757,47.117252],[27.717522,47.11703],[27.718204,47.116815],[27.718483,47.116719],[27.718622,47.116673],[27.718729,47.116621],[27.719874,47.116115],[27.720278,47.115906],[27.720798,47.115708],[27.721337,47.115504],[27.72225,47.115227],[27.722815,47.115019],[27.723664,47.114759],[27.724231,47.114563],[27.724494,47.114476],[27.724878,47.114351],[27.725361,47.114188],[27.725659,47.114089],[27.72592,47.113993],[27.725993,47.113967],[27.726582,47.113752],[27.726774,47.11366],[27.726873,47.113605],[27.727108,47.113484],[27.727688,47.113237],[27.728344,47.112909],[27.728802,47.112679],[27.729327,47.112438],[27.72961,47.112317],[27.729813,47.112248],[27.73041,47.112085],[27.731384,47.111873],[27.731802,47.111784],[27.731934,47.11175],[27.732318,47.11165],[27.733995,47.111305],[27.734066,47.111276],[27.734521,47.111155],[27.734589,47.111138],[27.734657,47.11111],[27.734955,47.110973],[27.735089,47.110911],[27.735622,47.110653],[27.736151,47.110422],[27.737546,47.109752],[27.738006,47.109514],[27.73813,47.109452],[27.738231,47.109385],[27.73839,47.109272],[27.738706,47.109048],[27.739227,47.10865],[27.740556,47.107714],[27.74088,47.107523],[27.741011,47.107463],[27.741237,47.10736],[27.741391,47.107298],[27.742816,47.106732],[27.743456,47.106466],[27.744089,47.106211],[27.744199,47.10616],[27.744285,47.106118],[27.74486,47.105752],[27.745553,47.105317],[27.746036,47.104977],[27.746468,47.104691],[27.747392,47.104055],[27.747466,47.104004],[27.74814,47.103572],[27.7485,47.10334],[27.748612,47.103276],[27.748703,47.103238],[27.748988,47.103159],[27.749218,47.1031],[27.749911,47.102987],[27.750715,47.102853],[27.75091,47.102821],[27.751206,47.102799],[27.75156,47.102784],[27.751783,47.102788],[27.75192,47.10279],[27.75218,47.102807],[27.752794,47.102896],[27.754649,47.103184],[27.754906,47.103215],[27.755366,47.103288],[27.756522,47.103428],[27.7566,47.103435],[27.756801,47.103469],[27.756981,47.103488],[27.75719,47.103521]]},"properties":{"name":"DN28"}},{"type":"Feature","geometry":{"type":"LineString","coordinates":[[27.574775,47.158573],[27.574869,47.158459],[27.57492,47.158374],[27.574962,47.158279],[27.574994,47.158191],[27.575008,47.158116],[27.575,47.158005],[27.574959,47.157894],[27.574926,47.157832],[27.574879,47.157746],[27.57465,47.1573]]},"properties":{"name":"Șoseaua Națională"}},{"type":"Feature","geometry":{"type":"LineString","coordinates":[[27.574503,47.157046],[27.57457,47.15703],[27.57461,47.15702],[27.574672,47.157005],[27.574788,47.156978],[27.575676,47.156769],[27.575988,47.156694],[27.576306,47.156622],[27.576611,47.156538],[27.576987,47.156388],[27.577566,47.156123]]},"properties":{"name":"Șoseaua Națională"}},{"type":"Feature","geometry":{"type":"LineString","coordinates":[[27.571412,47.160731],[27.571431,47.160782],[27.571424,47.161066],[27.571419,47.161166],[27.571412,47.161232],[27.571374,47.161324],[27.571286,47.161425],[27.571187,47.161504],[27.570803,47.161767],[27.570355,47.16205],[27.570054,47.162244],[27.569055,47.162884],[27.568855,47.162993],[27.568748,47.163053],[27.567546,47.163653],[27.566101,47.164322],[27.565874,47.164429],[27.565586,47.164569],[27.564608,47.165032],[27.563945,47.165349],[27.563721,47.165444],[27.562381,47.166097],[27.560908,47.166797],[27.560719,47.166883],[27.560144,47.167157],[27.559337,47.167544],[27.558893,47.167755],[27.558755,47.167804],[27.558655,47.167896],[27.558554,47.167986],[27.558455,47.168086],[27.558344,47.168205],[27.558282,47.168313],[27.558171,47.168431],[27.558077,47.168525],[27.557996,47.168604]]},"properties":{"name":"Șoseaua Națională"}},{"type":"Feature","geometry":{"type":"LineString","coordinates":[[27.574806,47.157258],[27.575019,47.157659],[27.57504,47.1577]]},"properties":{"name":"Șoseaua Națională"}},{"type":"Feature","geometry":{"type":"LineString","coordinates":[[27.557894,47.168402],[27.558037,47.168375],[27.558148,47.168337],[27.558218,47.168292],[27.558344,47.168205]]},"properties":{"name":"Șoseaua Națională"}},{"type":"Feature","geometry":{"type":"LineString","coordinates":[[27.586273,47.15152],[27.586451,47.151454],[27.586803,47.151327],[27.586874,47.151316],[27.586965,47.151335],[27.587145,47.151418]]},"properties":{"name":"Șoseaua Națională"}},{"type":"Feature","geometry":{"type":"LineString","coordinates":[[27.57465,47.1573],[27.574503,47.157046],[27.574387,47.156844],[27.574287,47.156665],[27.573855,47.155858],[27.573747,47.155643],[27.573703,47.155556],[27.573619,47.155351],[27.573559,47.155175],[27.573508,47.154984],[27.573494,47.154911],[27.573463,47.154675],[27.57345,47.154391],[27.573472,47.154174],[27.573498,47.153976],[27.573542,47.153784],[27.573616,47.153546],[27.573699,47.153353],[27.5738,47.153165],[27.573871,47.153046],[27.573926,47.152954],[27.574096,47.152723],[27.574316,47.152463],[27.574578,47.152213],[27.574905,47.151937],[27.575273,47.151667],[27.576493,47.150805],[27.577453,47.150124],[27.577858,47.149833],[27.578024,47.149719],[27.578115,47.149658],[27.578444,47.149417],[27.578784,47.149183],[27.578879,47.149118],[27.579208,47.148876],[27.580017,47.148354],[27.580471,47.148063],[27.581853,47.147216],[27.581965,47.147147],[27.582128,47.147047],[27.582438,47.146857],[27.582505,47.146817],[27.582788,47.146681],[27.583082,47.146561],[27.583111,47.14655],[27.583627,47.146354],[27.584006,47.146219],[27.584373,47.146104],[27.584386,47.146101],[27.584509,47.146068],[27.584643,47.146036],[27.584902,47.146004],[27.585159,47.145993],[27.585888,47.145985],[27.585967,47.145985],[27.586873,47.145973],[27.587384,47.145965],[27.588146,47.145964],[27.588388,47.14596],[27.588753,47.14596],[27.589094,47.145987],[27.589437,47.146039],[27.589736,47.146097],[27.589883,47.146135],[27.590068,47.146187],[27.590247,47.146242],[27.590351,47.146286],[27.590603,47.146394],[27.590908,47.146564],[27.591038,47.14664],[27.591278,47.146791],[27.591536,47.146975],[27.59186,47.147221],[27.592096,47.147401]]},"properties":{"name":"Bulevardul Nicolae Iorga"}},{"type":"Feature","geometry":{"type":"LineString","coordinates":[[27.574806,47.157258],[27.574672,47.157005],[27.574561,47.156797],[27.574481,47.156649],[27.574411,47.156531],[27.574333,47.156386],[27.574253,47.156237],[27.574157,47.156061],[27.573913,47.155594],[27.57383,47.155404],[27.573765,47.155238],[27.573691,47.155006],[27.573656,47.15474],[27.573632,47.154444],[27.57365,47.154172],[27.573706,47.153839],[27.573756,47.153687],[27.573793,47.153578],[27.573866,47.153406],[27.573964,47.153193],[27.574086,47.153],[27.57428,47.15274],[27.574483,47.15251],[27.574689,47.152311],[27.575043,47.152022],[27.575405,47.151764],[27.576637,47.150889],[27.577593,47.150208],[27.578156,47.149798],[27.57824,47.149733],[27.578917,47.149266],[27.579329,47.148974],[27.580136,47.148453],[27.58059,47.148161],[27.580807,47.148021],[27.580959,47.147927],[27.581225,47.14777],[27.581454,47.147631],[27.58163,47.147527],[27.581981,47.147309],[27.582087,47.147243],[27.582258,47.147141],[27.582322,47.147102],[27.582484,47.147003],[27.582671,47.146898],[27.582899,47.146793],[27.583183,47.146683],[27.583766,47.146463],[27.58423,47.146295],[27.584407,47.146239],[27.58444,47.146229],[27.58454,47.146202],[27.584548,47.1462],[27.58468,47.146165],[27.584815,47.146146],[27.584925,47.146136],[27.585043,47.146127],[27.585165,47.146124],[27.585371,47.146118],[27.585972,47.14611],[27.586908,47.1461],[27.587226,47.146099],[27.587768,47.146093],[27.588141,47.146089],[27.588393,47.146085],[27.58891,47.1461],[27.589203,47.14613],[27.589545,47.146191],[27.589813,47.146267],[27.590087,47.146355],[27.590464,47.146486],[27.590669,47.146579],[27.590789,47.146645],[27.591013,47.146779],[27.591218,47.146914],[27.591424,47.14706],[27.591746,47.147295],[27.591997,47.14748]]},"properties":{"name":"Bulevardul Nicolae Iorga"}},{"type":"Feature","geometry":{"type":"LineString","coordinates":[[27.577566,47.156123],[27.5814,47.154328],[27.581472,47.154294],[27.581558,47.154256],[27.58247,47.153844],[27.583077,47.153563],[27.583376,47.153428],[27.583473,47.153386],[27.5836,47.15333],[27.583695,47.153288],[27.585429,47.152519],[27.586669,47.15196],[27.586912,47.151842],[27.587175,47.151698],[27.587239,47.151663],[27.587275,47.151629],[27.587299,47.151582],[27.58728,47.151515]]},"properties":{"name":"Bulevardul Regele Mihai I al României"}},{"type":"Feature","geometry":{"type":"LineString","coordinates":[[27.587202,47.151443],[27.58728,47.151515],[27.587452,47.151687],[27.587782,47.152043],[27.587877,47.152157]]},"properties":{"name":"Podu Roș"}},{"type":"Feature","geometry":{"type":"LineString","coordinates":[[27.587778,47.151441],[27.58771,47.151496],[27.587697,47.151521],[27.587686,47.151543],[27.587679,47.151595],[27.58769,47.151627],[27.587965,47.151941],[27.587983,47.15196],[27.588077,47.152066]]},"properties":{"name":"Podu Roș"}},{"type":"Feature","geometry":{"type":"LineString","coordinates":[[27.587805,47.15143],[27.587791,47.151467],[27.587785,47.151494],[27.587784,47.151522],[27.587794,47.151562],[27.588083,47.151893],[27.588101,47.151913],[27.588179,47.152023]]},"properties":{"name":"Podu Roș"}},{"type":"Feature","geometry":{"type":"LineString","coordinates":[[27.587459,47.150861],[27.587762,47.150781],[27.587982,47.150681]]},"properties":{"name":"Bulevardul Socola"}},{"type":"Feature","geometry":{"type":"LineString","coordinates":[[27.593798,47.14586],[27.593728,47.145922],[27.593701,47.145946],[27.593491,47.146135],[27.593205,47.146389],[27.593089,47.146545]]},"properties":{"name":"Bulevardul Socola"}},{"type":"Feature","geometry":{"type":"LineString","coordinates":[[27.593917,47.145717],[27.594026,47.14564],[27.594226,47.145503],[27.594465,47.145358],[27.594658,47.145242]]},"properties":{"name":"Bulevardul Socola"}},{"type":"Feature","geometry":{"type":"LineString","coordinates":[[27.605329,47.137874],[27.60341,47.139194],[27.602288,47.139921],[27.601367,47.140529],[27.600963,47.140802],[27.600366,47.141205],[27.599951,47.141485],[27.599785,47.141597],[27.599681,47.141667],[27.599649,47.14169],[27.599537,47.141809]]},"properties":{"name":"Bulevardul Socola"}},{"type":"Feature","geometry":{"type":"LineString","coordinates":[[27.605396,47.137921],[27.60347,47.139239],[27.60235,47.139967],[27.601435,47.140576],[27.60103,47.140849],[27.599852,47.141642],[27.599747,47.141712],[27.599711,47.141737],[27.599537,47.141809],[27.599304,47.141965],[27.59916,47.142062],[27.599106,47.142098],[27.598957,47.142199],[27.598797,47.142322],[27.596531,47.143814],[27.596442,47.143879],[27.596035,47.144179],[27.595781,47.144375],[27.595453,47.144622],[27.595231,47.144795],[27.595058,47.144929],[27.594836,47.145107],[27.594697,47.145215],[27.594658,47.145242],[27.594385,47.145542],[27.594196,47.145731],[27.594143,47.145788]]},"properties":{"name":"Bulevardul Socola"}},{"type":"Feature","geometry":{"type":"LineString","coordinates":[[27.593973,47.145957],[27.593858,47.146019],[27.59376,47.146073],[27.593574,47.146203],[27.593283,47.146437],[27.593089,47.146545],[27.592982,47.146635],[27.592901,47.146711],[27.592884,47.146723],[27.592275,47.147248],[27.592096,47.147401],[27.592062,47.14743],[27.592032,47.147453],[27.591997,47.14748],[27.59174,47.147683],[27.591259,47.14806],[27.590784,47.148437],[27.590223,47.148878],[27.590012,47.149047],[27.589363,47.149563],[27.589129,47.149747],[27.589118,47.149755],[27.588948,47.149891],[27.588734,47.150057],[27.588596,47.150174],[27.588338,47.150387],[27.588013,47.150657],[27.587982,47.150681],[27.587966,47.150706]]},"properties":{"name":"Bulevardul Socola"}},{"type":"Feature","geometry":{"type":"LineString","coordinates":[[27.587902,47.151041],[27.587868,47.150966],[27.587861,47.15091],[27.587881,47.150852],[27.587966,47.150706],[27.58797,47.150882],[27.588007,47.150943],[27.588054,47.151002],[27.58809,47.151049],[27.588152,47.151103],[27.588198,47.151133],[27.588277,47.151177]]},"properties":{"name":"Bulevardul Socola"}},{"type":"Feature","geometry":{"type":"LineString","coordinates":[[27.599747,47.141712],[27.599681,47.141667]]},"properties":{"name":"Strada Bucium"}},{"type":"Feature","geometry":{"type":"LineString","coordinates":[[27.599785,47.141597],[27.599852,47.141642],[27.599981,47.141728],[27.600336,47.141902],[27.601643,47.142521],[27.601684,47.142542]]},"properties":{"name":"Strada Bucium"}},{"type":"Feature","geometry":{"type":"LineString","coordinates":[[27.609923,47.147022],[27.609792,47.146979],[27.609747,47.146954],[27.609678,47.146903],[27.609576,47.146547],[27.609525,47.146384],[27.609345,47.14627],[27.609076,47.146128],[27.608588,47.145902],[27.60734,47.145314],[27.607272,47.145281],[27.607,47.145149],[27.606895,47.145098],[27.605938,47.144637],[27.605007,47.144195],[27.60365,47.143546],[27.603414,47.143433],[27.602825,47.143157],[27.602153,47.142839],[27.601628,47.142591]]},"properties":{"name":"Strada Bucium"}},{"type":"Feature","geometry":{"type":"LineString","coordinates":[[27.605062,47.14414],[27.605634,47.144414],[27.606911,47.145022],[27.606954,47.145043],[27.607062,47.145094],[27.607332,47.145223]]},"properties":{"name":"Strada Bucium"}},{"type":"Feature","geometry":{"type":"LineString","coordinates":[[27.609528,47.146264],[27.609651,47.146317],[27.609708,47.146346],[27.610058,47.146511]]},"properties":{"name":"Strada Bucium"}},{"type":"Feature","geometry":{"type":"LineString","coordinates":[[27.605396,47.137921],[27.606245,47.137341],[27.606326,47.137286],[27.606525,47.137152],[27.606912,47.13689],[27.607018,47.13682],[27.607644,47.136399],[27.607739,47.136335],[27.60784,47.136266],[27.608436,47.135859],[27.60856,47.135776],[27.608581,47.135762],[27.609049,47.135448],[27.609345,47.13525],[27.609776,47.134966],[27.610049,47.134788],[27.610312,47.134616],[27.610404,47.134555],[27.610954,47.13418],[27.611229,47.133992],[27.611435,47.133853],[27.61158,47.133754],[27.612004,47.133468],[27.612015,47.13346],[27.612242,47.133301],[27.612436,47.133152],[27.612629,47.132969],[27.612786,47.132773],[27.612794,47.132759],[27.612896,47.1326],[27.612989,47.132406],[27.61324,47.131709],[27.613309,47.131541],[27.613427,47.131326],[27.613464,47.13126],[27.613606,47.131041],[27.613777,47.130828],[27.613898,47.130679],[27.613923,47.130649],[27.614017,47.130534],[27.614277,47.13022],[27.614302,47.13019],[27.6149,47.129482],[27.614981,47.129386],[27.615482,47.128783],[27.615542,47.128711],[27.615906,47.128273],[27.616091,47.128051],[27.616172,47.127953],[27.616274,47.12783],[27.616393,47.127684],[27.616544,47.127501],[27.616909,47.127065],[27.616995,47.126975],[27.617137,47.126838],[27.61732,47.12669],[27.617557,47.126512],[27.617774,47.12637],[27.618117,47.12617],[27.618252,47.126091],[27.619263,47.125503],[27.619969,47.125087],[27.621065,47.124461],[27.621236,47.124365],[27.621401,47.124272],[27.621501,47.124216],[27.622102,47.123882],[27.622428,47.123704],[27.622796,47.123511],[27.623056,47.123341],[27.623261,47.123175],[27.623406,47.123038],[27.62394,47.122508],[27.624332,47.122117],[27.624647,47.121868],[27.625199,47.121459],[27.625742,47.121067],[27.625992,47.120878],[27.626307,47.12065],[27.626326,47.120637],[27.626525,47.120528],[27.626558,47.120512],[27.62658,47.120501],[27.626694,47.120453],[27.627119,47.12028],[27.627747,47.120018],[27.628081,47.119891],[27.628398,47.119754],[27.629143,47.119427],[27.629582,47.119206],[27.629726,47.119132],[27.629848,47.11906],[27.630174,47.118871],[27.630837,47.118508],[27.631008,47.118414],[27.631316,47.118243],[27.631477,47.118119],[27.631598,47.117987],[27.631704,47.117809],[27.631717,47.117789],[27.631809,47.117592],[27.631883,47.117367],[27.631924,47.117243],[27.63205,47.116911],[27.632157,47.116535],[27.632281,47.115983],[27.632313,47.115834],[27.632392,47.115475],[27.632469,47.11519],[27.632552,47.114982],[27.632733,47.114627],[27.632951,47.114191],[27.633103,47.113867],[27.633099,47.113748],[27.633363,47.113109],[27.633793,47.112387],[27.634326,47.111576],[27.634442,47.111429],[27.634586,47.111296],[27.634728,47.111202],[27.63507,47.110991],[27.63579,47.110527],[27.636455,47.110064],[27.636764,47.109854],[27.637221,47.109603],[27.637486,47.109445],[27.637627,47.109363],[27.637774,47.109221],[27.637924,47.109042],[27.638133,47.108711],[27.638366,47.108376],[27.638506,47.108205],[27.638777,47.107849],[27.638885,47.107625],[27.638967,47.107414],[27.639061,47.107211],[27.639123,47.107129],[27.639195,47.107056],[27.639353,47.106931],[27.639668,47.106742],[27.640095,47.106479],[27.641106,47.10576],[27.641529,47.105436],[27.641759,47.105276],[27.642012,47.105146],[27.642285,47.105053],[27.642883,47.104882],[27.643507,47.104703],[27.643923,47.104549],[27.64423,47.104419],[27.644522,47.104256],[27.644668,47.10416],[27.644801,47.10406],[27.644933,47.103905],[27.645066,47.103727],[27.645423,47.103261],[27.645657,47.102957],[27.646275,47.102163],[27.646402,47.102024],[27.646507,47.101926],[27.646609,47.101866],[27.646766,47.101791],[27.647123,47.101708],[27.647771,47.101542],[27.648109,47.101428],[27.64831,47.10133],[27.648484,47.101219],[27.648726,47.101018],[27.649028,47.100728],[27.649284,47.100441],[27.649425,47.100161],[27.649525,47.099914],[27.649847,47.099107],[27.649998,47.098733],[27.650073,47.09853],[27.650083,47.098285],[27.649931,47.097766],[27.649888,47.097586],[27.64988,47.097432],[27.649904,47.09725],[27.649949,47.097042],[27.650048,47.096646],[27.650177,47.096132],[27.650261,47.095834],[27.650346,47.095532],[27.650415,47.095397],[27.650515,47.095232],[27.650684,47.094969],[27.650978,47.094503],[27.651071,47.094328],[27.651112,47.094218],[27.651138,47.094145],[27.651101,47.094037],[27.651067,47.093957],[27.651019,47.093879],[27.650941,47.093804],[27.650838,47.093756],[27.650614,47.093705],[27.650377,47.093634],[27.649478,47.093461],[27.648273,47.093246],[27.647276,47.093052],[27.646123,47.092866],[27.645052,47.092812],[27.644739,47.092742],[27.644528,47.092612],[27.644464,47.092492],[27.644447,47.09234],[27.644519,47.092177],[27.644622,47.092062],[27.644797,47.091961],[27.645117,47.091931],[27.645519,47.091947],[27.645895,47.091976],[27.646272,47.091984],[27.646686,47.091932],[27.647782,47.091703],[27.648884,47.091428],[27.649108,47.091349],[27.649309,47.091242],[27.649538,47.091071],[27.649867,47.090793],[27.650063,47.090654],[27.650273,47.090553],[27.650467,47.09048],[27.650715,47.09043],[27.651194,47.090423],[27.652237,47.090437],[27.652511,47.090445],[27.652731,47.090452],[27.653297,47.090417],[27.654095,47.090335],[27.654353,47.090306],[27.654557,47.090272],[27.654712,47.090225],[27.654826,47.090147],[27.654947,47.090005],[27.655007,47.089837],[27.655017,47.089731],[27.654968,47.089622],[27.654869,47.089449]]},"properties":{"name":"Șoseaua Bucium"}},{"type":"Feature","geometry":{"type":"LineString","coordinates":[[27.626252,47.120602],[27.626272,47.120589],[27.626469,47.120485],[27.626534,47.120454]]},"properties":{"name":"Șoseaua Bucium"}},{"type":"Feature","geometry":{"type":"LineString","coordinates":[[27.62835,47.119713],[27.628028,47.119841],[27.628081,47.119891]]},"properties":{"name":"Șoseaua Bucium"}},{"type":"Feature","geometry":{"type":"LineString","coordinates":[[27.605329,47.137874],[27.605754,47.137585],[27.606178,47.137296],[27.60626,47.137241],[27.606461,47.137102],[27.60651,47.137071],[27.606743,47.136912],[27.606843,47.136844]]},"properties":{"name":"Șoseaua Bucium"}},{"type":"Feature","geometry":{"type":"LineString","coordinates":[[27.609986,47.134746],[27.610051,47.134703],[27.610242,47.134572]]},"properties":{"name":"Șoseaua Bucium"}},{"type":"Feature","geometry":{"type":"LineString","coordinates":[[27.606245,47.137341],[27.606178,47.137296],[27.606136,47.137269],[27.606059,47.13725],[27.605891,47.137222],[27.605678,47.137194],[27.605496,47.137182],[27.6052,47.137162],[27.604831,47.137137],[27.604403,47.137107],[27.603976,47.137079],[27.603076,47.137021],[27.602989,47.137015],[27.60078,47.136876],[27.600344,47.136849],[27.600163,47.136839],[27.599952,47.136825],[27.599539,47.136798],[27.599196,47.136776],[27.598386,47.136724],[27.597394,47.136652],[27.59678,47.136636],[27.596736,47.136633],[27.596557,47.136615],[27.596191,47.136587],[27.595854,47.136549],[27.595382,47.136515],[27.59517,47.1365],[27.594615,47.136457],[27.594006,47.136422],[27.593645,47.136396],[27.593524,47.136385],[27.593252,47.13636],[27.592254,47.136228],[27.591334,47.1361],[27.591192,47.136081],[27.5893,47.135825],[27.588391,47.135697],[27.588123,47.13566],[27.587782,47.135612],[27.587482,47.135572],[27.587138,47.135528],[27.58693,47.135502],[27.585993,47.135369],[27.585537,47.135314],[27.585102,47.1353],[27.584682,47.135295],[27.5842,47.135295],[27.583716,47.13529],[27.58334,47.135269],[27.583192,47.13525],[27.583081,47.135235],[27.58259,47.135147],[27.582162,47.135035],[27.581795,47.134893],[27.581406,47.134721],[27.581069,47.134531],[27.580801,47.134348],[27.580572,47.13417],[27.5804,47.134026],[27.58027,47.13392],[27.580214,47.133874],[27.579944,47.133732],[27.57971,47.133668],[27.579463,47.133633],[27.57915,47.13364],[27.578878,47.133682],[27.578583,47.133757],[27.577878,47.133954],[27.577458,47.134073],[27.577179,47.134128],[27.576951,47.134142],[27.576672,47.134126],[27.576269,47.134074],[27.575919,47.134031],[27.575536,47.133991],[27.575396,47.133978],[27.575191,47.133972],[27.574799,47.133972],[27.574583,47.133975],[27.574214,47.13399],[27.573922,47.134009],[27.573835,47.134021],[27.573786,47.134029],[27.573563,47.134074],[27.573283,47.134155],[27.573105,47.134216],[27.572856,47.134296],[27.572797,47.134315],[27.572757,47.134327],[27.572692,47.13435]]},"properties":{"name":"Bulevardul Poitiers"}},{"type":"Feature","geometry":{"type":"LineString","coordinates":[[27.57443,47.133918],[27.57458,47.133912],[27.574799,47.133907],[27.57519,47.133904],[27.575395,47.133912],[27.575591,47.133931],[27.575706,47.133943],[27.575975,47.133972],[27.576283,47.134012],[27.576676,47.134063],[27.576936,47.134077],[27.577155,47.134067],[27.577417,47.134015],[27.577805,47.133904],[27.578503,47.133707],[27.578839,47.133621],[27.57913,47.133576],[27.579464,47.133566],[27.579738,47.133602],[27.579993,47.133677],[27.580277,47.133823],[27.580473,47.133982],[27.580627,47.134102],[27.580849,47.134285],[27.581141,47.134482],[27.581485,47.134676],[27.581872,47.134848],[27.582213,47.134973],[27.582631,47.135087],[27.583104,47.135169],[27.58321,47.135181],[27.583291,47.13519],[27.583408,47.135205],[27.583704,47.135221],[27.5842,47.135227],[27.584673,47.13523],[27.585071,47.135234],[27.585521,47.135251],[27.585985,47.135301],[27.586581,47.135384],[27.587157,47.135464],[27.587503,47.135509],[27.587797,47.135549],[27.58814,47.135598],[27.588411,47.135636]]},"properties":{"name":"Bulevardul Poitiers"}},{"type":"Feature","geometry":{"type":"LineString","coordinates":[[27.599202,47.136713],[27.599549,47.136731]]},"properties":{"name":"Bulevardul Poitiers"}},{"type":"Feature","geometry":{"type":"LineString","coordinates":[[27.604841,47.137078],[27.605209,47.137104]]},"properties":{"name":"Bulevardul Poitiers"}},{"type":"Feature","geometry":{"type":"LineString","coordinates":[[27.572647,47.134292],[27.572716,47.134269],[27.572757,47.134256],[27.572816,47.134237]]},"properties":{"name":"Bulevardul Poitiers"}},{"type":"Feature","geometry":{"type":"LineString","coordinates":[[27.60626,47.137241],[27.606326,47.137286]]},"properties":{"name":"Bulevardul Poitiers"}},{"type":"Feature","geometry":{"type":"LineString","coordinates":[[27.57519,47.133904],[27.575191,47.133972],[27.575193,47.134131],[27.575306,47.134218],[27.575381,47.134255],[27.57548,47.134277],[27.575648,47.134283],[27.575777,47.134283],[27.576154,47.134275],[27.576319,47.13429],[27.576477,47.134312],[27.576792,47.134367],[27.576961,47.134408],[27.577077,47.13446],[27.577183,47.134527],[27.577258,47.1346],[27.577434,47.134988],[27.577463,47.135034],[27.577478,47.135044],[27.577554,47.135089],[27.577785,47.135117],[27.578324,47.135172],[27.578692,47.135209],[27.579049,47.135255],[27.579207,47.135281],[27.579418,47.135369],[27.579794,47.135642],[27.580447,47.136134],[27.580575,47.136211],[27.580738,47.136271],[27.58149,47.136378],[27.58166,47.136404],[27.581783,47.136427],[27.582239,47.136509],[27.58248,47.13656],[27.582671,47.13665],[27.582891,47.136806],[27.583265,47.137067],[27.583823,47.137465],[27.584075,47.137672],[27.584204,47.137783],[27.584301,47.137893],[27.584466,47.13811],[27.584932,47.138989],[27.585044,47.1392],[27.585205,47.139455],[27.585232,47.139502],[27.585345,47.139699],[27.58541,47.139846],[27.585473,47.140057],[27.585519,47.140264],[27.585562,47.140693],[27.585492,47.141746],[27.585474,47.141838],[27.585451,47.141906],[27.585409,47.142014],[27.585308,47.142217],[27.585285,47.142262],[27.585192,47.142442],[27.585077,47.142656],[27.584734,47.143177],[27.584597,47.143382],[27.584422,47.143606],[27.584343,47.143703],[27.584203,47.143882],[27.584081,47.144035],[27.58397,47.144169],[27.583866,47.144272],[27.583711,47.144377],[27.583354,47.144634],[27.58328,47.144688],[27.583032,47.144861],[27.582688,47.145093],[27.582125,47.145479]]},"properties":{"name":"Strada Libertății"}},{"type":"Feature","geometry":{"type":"LineString","coordinates":[[27.588077,47.152066],[27.588039,47.152082],[27.588005,47.152096],[27.587877,47.152157],[27.587699,47.152235],[27.587487,47.152326],[27.587385,47.152369],[27.586747,47.152637],[27.586555,47.152722],[27.586309,47.152825],[27.585104,47.15336],[27.584316,47.153704],[27.584223,47.153748],[27.584145,47.153784],[27.584038,47.15383],[27.58383,47.153922],[27.583767,47.153948],[27.58299,47.154289],[27.582296,47.154604],[27.582099,47.154679],[27.582028,47.154709],[27.581306,47.155034],[27.580406,47.155454],[27.580104,47.155599],[27.578369,47.156426],[27.57769,47.156745],[27.577233,47.156946],[27.57693,47.157069],[27.576877,47.157091],[27.576665,47.157185],[27.576483,47.157304],[27.576299,47.157447],[27.576147,47.157576],[27.575909,47.157807],[27.575758,47.157991],[27.575739,47.15802],[27.575592,47.158118],[27.575545,47.158146]]},"properties":{"name":"Bulevardul Regele Ferdinand I al României"}},{"type":"Feature","geometry":{"type":"LineString","coordinates":[[27.612275,47.16021],[27.612136,47.160243],[27.611779,47.160351],[27.611158,47.160568],[27.610457,47.160801],[27.610394,47.160822],[27.60948,47.161133],[27.609026,47.161292],[27.608712,47.1614],[27.608635,47.161427],[27.608533,47.161462],[27.608427,47.161501],[27.608285,47.161558],[27.608197,47.1616]]},"properties":{"name":"Strada Dudescu"}},{"type":"Feature","geometry":{"type":"LineString","coordinates":[[27.601109,47.158904],[27.600985,47.158866],[27.600882,47.158837],[27.600711,47.158798],[27.600524,47.158781],[27.600471,47.158791],[27.600378,47.158809],[27.60027,47.158866],[27.600064,47.159001],[27.599927,47.159079],[27.599804,47.159138],[27.599713,47.159182],[27.599675,47.15921],[27.599539,47.159302],[27.599134,47.159561],[27.599003,47.159635],[27.598732,47.159784],[27.598446,47.15993],[27.598068,47.160095],[27.597607,47.160282],[27.59737,47.160375],[27.597109,47.160481],[27.596897,47.160567],[27.596863,47.160582],[27.596633,47.160679],[27.596388,47.160799],[27.596197,47.16091],[27.596111,47.160962],[27.595932,47.161085],[27.595699,47.161262],[27.595451,47.161453],[27.595308,47.161566],[27.595272,47.161592],[27.595139,47.161707],[27.595058,47.161793],[27.595023,47.161837],[27.594955,47.161927],[27.594909,47.161986],[27.594684,47.162316],[27.594657,47.162354],[27.594405,47.16271],[27.59428,47.162821],[27.593915,47.163126],[27.593749,47.16326],[27.593642,47.163325],[27.593556,47.163371],[27.593372,47.163461],[27.593308,47.16349],[27.592851,47.1637],[27.59241,47.163909],[27.592175,47.164012],[27.591943,47.164109],[27.591735,47.164197],[27.59157,47.164265],[27.591439,47.164296]]},"properties":{"name":"Strada Elena Doamna"}},{"type":"Feature","geometry":{"type":"LineString","coordinates":[[27.599713,47.159182],[27.599721,47.15915],[27.599738,47.159079],[27.600013,47.15889],[27.60015,47.158794],[27.60021,47.15876],[27.600323,47.158713],[27.600434,47.158687],[27.600585,47.158685],[27.600741,47.158695],[27.600934,47.158746],[27.600949,47.15875],[27.600991,47.158761],[27.601031,47.158785],[27.601049,47.158795]]},"properties":{"name":"Strada Elena Doamna"}},{"type":"Feature","geometry":{"type":"LineString","coordinates":[[27.59444,47.166926],[27.59457,47.166738],[27.594815,47.166394],[27.59484,47.166358],[27.594873,47.166313],[27.595098,47.16599],[27.595348,47.165653],[27.595935,47.164847],[27.596073,47.164659],[27.596266,47.164391],[27.596365,47.164256],[27.596483,47.164092],[27.59663,47.163888],[27.597054,47.163319],[27.59714,47.163199],[27.597149,47.163186],[27.597158,47.163173],[27.597214,47.163095],[27.597794,47.162301],[27.598063,47.161946],[27.598143,47.161853],[27.598294,47.161695],[27.598464,47.161517],[27.598979,47.161004],[27.599438,47.160554],[27.599743,47.16025],[27.599797,47.160194],[27.599879,47.160111],[27.600067,47.159928],[27.600318,47.159674],[27.600488,47.159505],[27.600576,47.159418],[27.600923,47.159076],[27.601109,47.158904],[27.601154,47.158863],[27.60132,47.158713],[27.601739,47.158306],[27.602399,47.157639],[27.603055,47.157003],[27.603287,47.156788],[27.603465,47.156617],[27.603673,47.156402],[27.604082,47.155969],[27.604175,47.155862],[27.604241,47.155769],[27.604288,47.155693],[27.604339,47.155591],[27.604381,47.155496],[27.604406,47.155401],[27.604422,47.155289],[27.604422,47.155157],[27.60442,47.155128],[27.604415,47.15506],[27.604369,47.154864],[27.604364,47.154804],[27.604254,47.154427],[27.604217,47.154302],[27.604088,47.153883],[27.604043,47.15374]]},"properties":{"name":"Bulevardul Tudor Vladimirescu"}},{"type":"Feature","geometry":{"type":"LineString","coordinates":[[27.599673,47.160215],[27.599806,47.160079],[27.600247,47.15964]]},"properties":{"name":"Bulevardul Tudor Vladimirescu"}},{"type":"Feature","geometry":{"type":"LineString","coordinates":[[27.601049,47.158795],[27.601062,47.158782],[27.601108,47.158736],[27.601191,47.158652],[27.601734,47.158103],[27.601744,47.158094],[27.602169,47.157669],[27.603301,47.156551],[27.603438,47.156407],[27.603668,47.156164],[27.60384,47.155994],[27.603925,47.155908],[27.604023,47.155808],[27.604093,47.155724],[27.604166,47.155598],[27.604222,47.155473],[27.604255,47.155315],[27.604266,47.155187],[27.604261,47.155129],[27.604257,47.155077],[27.604232,47.15493],[27.604203,47.154835],[27.604092,47.154454],[27.604051,47.154328],[27.603923,47.153911],[27.603894,47.153759]]},"properties":{"name":"Bulevardul Tudor Vladimirescu"}},{"type":"Feature","geometry":{"type":"LineString","coordinates":[[27.59444,47.166926],[27.594347,47.166897],[27.594181,47.166839],[27.593828,47.166718],[27.593519,47.166575],[27.593444,47.166536],[27.593333,47.166467],[27.593237,47.166397],[27.593167,47.166328],[27.593122,47.166247],[27.593056,47.166092],[27.592989,47.165896],[27.592946,47.165771],[27.592864,47.165646],[27.592623,47.165342],[27.592275,47.164896],[27.592138,47.164716],[27.591814,47.164284],[27.591746,47.164211],[27.591735,47.164197]]},"properties":{"name":"Strada Cucu"}},{"type":"Feature","geometry":{"type":"LineString","coordinates":[[27.592275,47.164896],[27.592156,47.164948],[27.591857,47.165077],[27.591726,47.165132],[27.591449,47.165227],[27.591101,47.165324],[27.590767,47.165407],[27.590423,47.165493]]},"properties":{"name":"Strada Stihii"}},{"type":"Feature","geometry":{"type":"LineString","coordinates":[[27.590423,47.165493],[27.590245,47.165538],[27.589778,47.165674],[27.589307,47.165794],[27.58874,47.165939],[27.588282,47.166049],[27.587397,47.166256],[27.587225,47.166302],[27.586583,47.16647],[27.586323,47.166537],[27.585597,47.166695],[27.585045,47.166827],[27.583882,47.167129],[27.583378,47.167255],[27.583211,47.167279],[27.582874,47.167371],[27.581355,47.167763],[27.581213,47.167799],[27.580914,47.167905],[27.58078,47.167952],[27.580529,47.168046],[27.580311,47.168125],[27.579402,47.168497],[27.579343,47.168519],[27.578965,47.168668],[27.578908,47.1687],[27.57875,47.168781],[27.578438,47.16893],[27.578054,47.169075],[27.57764,47.169219],[27.577447,47.169299],[27.577384,47.169326],[27.577264,47.169391],[27.577188,47.169447],[27.577137,47.169489],[27.57704,47.169565]]},"properties":{"name":"Bulevardul Independenței"}},{"type":"Feature","geometry":{"type":"LineString","coordinates":[[27.576659,47.169371],[27.576907,47.16929],[27.576956,47.169274],[27.577164,47.169207],[27.577246,47.169177],[27.577536,47.169081],[27.578368,47.168813],[27.578706,47.16873],[27.578965,47.168668]]},"properties":{"name":"Bulevardul Independenței"}},{"type":"Feature","geometry":{"type":"LineString","coordinates":[[27.576638,47.169895],[27.576308,47.169899],[27.576202,47.169901],[27.576138,47.169903],[27.575972,47.169912],[27.575842,47.169927],[27.575745,47.169934],[27.574979,47.170019],[27.574782,47.170046],[27.574619,47.170041]]},"properties":{"name":"Strada Păcurari"}},{"type":"Feature","geometry":{"type":"LineString","coordinates":[[27.574525,47.170045],[27.574103,47.170141],[27.573851,47.170206],[27.57355,47.170301],[27.573315,47.170383],[27.573074,47.170464],[27.572864,47.170517],[27.572424,47.170601],[27.571826,47.170721],[27.571684,47.170751],[27.571609,47.170768],[27.571119,47.170883],[27.570656,47.170986],[27.570039,47.171124],[27.569689,47.171201],[27.569097,47.171337],[27.568854,47.171402],[27.568709,47.171447],[27.568254,47.171598],[27.567943,47.17171],[27.567599,47.171848],[27.567196,47.172013],[27.566835,47.172158],[27.566423,47.17232],[27.566222,47.172389],[27.566157,47.172407]]},"properties":{"name":"Strada Păcurari"}},{"type":"Feature","geometry":{"type":"LineString","coordinates":[[27.551705,47.174309],[27.551919,47.174291],[27.552392,47.174252],[27.553161,47.174191],[27.555437,47.17402],[27.555694,47.173996],[27.556632,47.173887],[27.557316,47.173786],[27.558875,47.17355],[27.559822,47.173412],[27.559974,47.173386],[27.560131,47.17336],[27.560261,47.173339],[27.560443,47.173305],[27.560509,47.173291],[27.560636,47.173263],[27.560845,47.173207],[27.560936,47.173178],[27.561093,47.173127],[27.561341,47.173044],[27.561615,47.17295],[27.562294,47.172716],[27.562409,47.172676],[27.562728,47.17257],[27.56354,47.172301],[27.563791,47.172231],[27.564022,47.172197],[27.564273,47.172196],[27.564412,47.172212],[27.564927,47.172349],[27.565062,47.172382],[27.565275,47.172421],[27.565433,47.172439],[27.565611,47.172442],[27.565771,47.172438],[27.565931,47.172417],[27.566082,47.172389],[27.566157,47.172407],[27.566094,47.17245],[27.565952,47.172474],[27.565785,47.172498],[27.565612,47.172507],[27.565412,47.1725],[27.565255,47.172478],[27.565103,47.172453],[27.565033,47.172435],[27.564956,47.172415],[27.564663,47.172334],[27.564508,47.172294],[27.564393,47.172262],[27.564213,47.172249],[27.564037,47.172252],[27.563815,47.17228],[27.563595,47.172341],[27.562766,47.172617],[27.562445,47.172727],[27.562316,47.172771],[27.561652,47.172996],[27.561192,47.17315],[27.560982,47.173222],[27.560725,47.173302],[27.560534,47.173347],[27.560466,47.173362],[27.56015,47.173422],[27.559842,47.173469],[27.558895,47.173613],[27.557344,47.173846],[27.556654,47.173947],[27.555704,47.17406],[27.55493,47.174121],[27.553192,47.174252],[27.551928,47.174348],[27.551715,47.174368],[27.551597,47.174378]]},"properties":{"name":"Strada Păcurari"}},{"type":"Feature","geometry":{"type":"LineString","coordinates":[[27.574609,47.170012],[27.574692,47.169953],[27.57488,47.169913],[27.575093,47.169889],[27.575303,47.169864],[27.57571,47.169813],[27.575799,47.169801],[27.575898,47.16978],[27.575996,47.169756],[27.576103,47.169725],[27.576295,47.169635]]},"properties":{"name":"Strada Păcurari"}},{"type":"Feature","geometry":{"type":"LineString","coordinates":[[27.574619,47.170041],[27.574525,47.170045],[27.574609,47.170012],[27.574763,47.169982],[27.574944,47.169954],[27.575429,47.169897],[27.575762,47.169852],[27.576045,47.169796],[27.576576,47.169605],[27.576774,47.169501],[27.57712,47.169325],[27.577371,47.169212],[27.577767,47.169063],[27.578168,47.168931],[27.578411,47.168851],[27.578706,47.16873]]},"properties":{"name":"Pasajul Mihai Eminescu"}},{"type":"Feature","geometry":{"type":"LineString","coordinates":[[27.551705,47.174309],[27.551587,47.174317],[27.551334,47.174334],[27.548962,47.174506],[27.547834,47.17456],[27.546735,47.17461],[27.545215,47.174674],[27.544301,47.174713],[27.543769,47.174736],[27.543551,47.174745],[27.543254,47.174756],[27.542955,47.174759],[27.542634,47.174738],[27.542382,47.174706],[27.542115,47.174657],[27.541814,47.174575],[27.541495,47.17447],[27.541192,47.174349],[27.54108,47.174308],[27.539845,47.173824],[27.539312,47.173667],[27.539095,47.17362],[27.538966,47.173598],[27.538882,47.173588],[27.538661,47.17356],[27.538224,47.173506],[27.537674,47.173438],[27.536741,47.173319],[27.534139,47.172991],[27.533654,47.172934],[27.533589,47.172925],[27.533373,47.1729],[27.533267,47.172887],[27.533166,47.17287],[27.533045,47.172835],[27.53289,47.172772]]},"properties":{"name":"Șoseaua Păcurari"}},{"type":"Feature","geometry":{"type":"LineString","coordinates":[[27.532436,47.172925],[27.5323,47.172891],[27.532171,47.172866],[27.532034,47.172845],[27.531547,47.172782],[27.531191,47.172741],[27.530872,47.172712],[27.530599,47.172688],[27.530342,47.172672],[27.530009,47.172653],[27.529711,47.172644],[27.529043,47.172635],[27.528303,47.172628],[27.527339,47.172606],[27.526489,47.172603]]},"properties":{"name":"Șoseaua Păcurari"}},{"type":"Feature","geometry":{"type":"LineString","coordinates":[[27.525468,47.172505],[27.526146,47.172504],[27.527526,47.172521],[27.52906,47.172545],[27.529888,47.172559],[27.530216,47.172569],[27.530629,47.172594],[27.531106,47.172637],[27.532071,47.172745],[27.532225,47.172759],[27.532339,47.172763],[27.53249,47.172757]]},"properties":{"name":"Șoseaua Păcurari"}},{"type":"Feature","geometry":{"type":"LineString","coordinates":[[27.532823,47.173019],[27.532997,47.172986],[27.533085,47.172979],[27.533177,47.172981],[27.533266,47.172989],[27.533361,47.173001],[27.53363,47.173033],[27.533673,47.173038],[27.53431,47.173116],[27.53455,47.173145],[27.535372,47.173246],[27.53577,47.173295],[27.536484,47.173383],[27.536623,47.1734],[27.536716,47.173411],[27.537227,47.173478],[27.537641,47.17354],[27.538205,47.173611],[27.53863,47.173664],[27.538705,47.173673],[27.53906,47.173718],[27.539266,47.173749],[27.539416,47.173782],[27.539801,47.173896],[27.540411,47.174117],[27.541033,47.174362],[27.541148,47.174406],[27.541465,47.174528],[27.541767,47.174631],[27.542067,47.174715],[27.542359,47.174769],[27.542591,47.174797],[27.542936,47.17482],[27.543144,47.174822],[27.543555,47.174808],[27.543778,47.1748],[27.544034,47.17479],[27.545221,47.174737],[27.546737,47.174668],[27.547866,47.174621],[27.548319,47.174602],[27.548452,47.174597],[27.548973,47.174568],[27.550335,47.174471],[27.550912,47.174429],[27.551202,47.17441],[27.551344,47.174399],[27.551597,47.174378]]},"properties":{"name":"Șoseaua Păcurari"}},{"type":"Feature","geometry":{"type":"LineString","coordinates":[[27.591439,47.164296],[27.591339,47.164317],[27.591246,47.164343],[27.591194,47.164375],[27.591109,47.164463],[27.591048,47.164555],[27.590557,47.165299],[27.590423,47.165493]]},"properties":{"name":"Strada Sărărie"}},{"type":"Feature","geometry":{"type":"LineString","coordinates":[[27.569965,47.183331],[27.570147,47.183175],[27.571214,47.182185],[27.571332,47.182076],[27.571902,47.181569],[27.572786,47.180856],[27.572936,47.180745],[27.573344,47.180415],[27.574171,47.179749],[27.574606,47.179405],[27.574687,47.179343],[27.574773,47.17924],[27.57505,47.17902],[27.575162,47.178932],[27.575215,47.178887],[27.575302,47.178818],[27.575826,47.178436],[27.576256,47.178086],[27.576953,47.17752],[27.577238,47.177291],[27.577441,47.177168],[27.57796,47.176935],[27.578707,47.176722],[27.579129,47.176581],[27.579338,47.176478],[27.580216,47.175876],[27.580408,47.175745],[27.581098,47.175195],[27.581495,47.174875],[27.581686,47.174686],[27.581795,47.174576],[27.581927,47.174428],[27.582737,47.17362],[27.583354,47.173172],[27.583499,47.173073],[27.583598,47.173005],[27.583985,47.172739],[27.584475,47.172469],[27.584557,47.172417],[27.584656,47.172344],[27.58473,47.172258],[27.584798,47.172111],[27.584861,47.171848],[27.584919,47.171754],[27.585058,47.171565],[27.585762,47.170922],[27.586028,47.170684],[27.586271,47.170399],[27.586624,47.170035],[27.5867,47.169968],[27.586837,47.16986],[27.587012,47.16976],[27.587206,47.169653],[27.587485,47.169487],[27.587719,47.169333],[27.587934,47.169165],[27.588288,47.168832],[27.588488,47.16857],[27.588627,47.168419],[27.588747,47.168269],[27.58898,47.167826],[27.589076,47.167672],[27.589453,47.167015],[27.589502,47.16692],[27.589681,47.16664],[27.589785,47.166499],[27.590055,47.166109],[27.590179,47.16592]]},"properties":{"name":"Strada Sărărie"}},{"type":"Feature","geometry":{"type":"LineString","coordinates":[[27.590423,47.165493],[27.590466,47.16554],[27.590242,47.165878],[27.590179,47.16592],[27.590187,47.165806],[27.590253,47.165652],[27.590423,47.165493]]},"properties":{"name":"Strada Sărărie"}},{"type":"Feature","geometry":{"type":"LineString","coordinates":[[27.587034,47.151123],[27.586956,47.150973],[27.586923,47.150911],[27.586898,47.150871],[27.586762,47.150698],[27.586511,47.150402],[27.586455,47.150332],[27.586384,47.150244],[27.585989,47.149782],[27.585927,47.149709],[27.585713,47.149453],[27.585675,47.149404],[27.58548,47.149169],[27.585046,47.148638],[27.58484,47.148399],[27.584767,47.148309],[27.584747,47.148284]]},"properties":{"name":"Strada Nicolina"}},{"type":"Feature","geometry":{"type":"LineString","coordinates":[[27.584896,47.148224],[27.584913,47.148246],[27.585002,47.148343],[27.585352,47.14877],[27.585633,47.149102],[27.585916,47.149441],[27.586196,47.149769],[27.586535,47.150161],[27.586587,47.15023],[27.586675,47.150336],[27.586864,47.150542],[27.586955,47.150652],[27.587079,47.150793],[27.587116,47.150825],[27.587149,47.150845],[27.587177,47.150858],[27.587242,47.150878],[27.587303,47.150883]]},"properties":{"name":"Strada Nicolina"}},{"type":"Feature","geometry":{"type":"LineString","coordinates":[[27.584747,47.148284],[27.583954,47.147356]]},"properties":{"name":"Șoseaua Nicolina"}},{"type":"Feature","geometry":{"type":"LineString","coordinates":[[27.581723,47.144706],[27.581467,47.144397],[27.581124,47.143983],[27.5809,47.143715],[27.580745,47.143512],[27.58054,47.143203],[27.580392,47.14296],[27.580295,47.142771],[27.580211,47.142575],[27.580168,47.142463],[27.580094,47.142267],[27.579977,47.141942],[27.579852,47.141591],[27.579696,47.14119],[27.579662,47.141101],[27.579528,47.140745],[27.579496,47.140669],[27.579444,47.140545],[27.579383,47.140402],[27.579302,47.140244],[27.57921,47.140084],[27.579091,47.139913],[27.578962,47.139756],[27.57884,47.139624],[27.578732,47.139514],[27.578613,47.139399],[27.578432,47.139242],[27.578242,47.139089],[27.577884,47.1388],[27.577539,47.138523],[27.57705,47.138137],[27.576702,47.137863],[27.576348,47.137582],[27.576064,47.137377],[27.575078,47.136583],[27.574945,47.136476],[27.573973,47.135707],[27.573819,47.135589],[27.573674,47.13547],[27.573462,47.13528],[27.573375,47.135199],[27.573207,47.135019],[27.573094,47.134891],[27.572986,47.134754],[27.572905,47.134642],[27.572771,47.134455],[27.572692,47.13435],[27.572647,47.134292],[27.572516,47.134102],[27.572174,47.133618],[27.571962,47.133324],[27.571762,47.133043],[27.571691,47.132947],[27.571475,47.13262],[27.571114,47.132096],[27.570691,47.13149],[27.570627,47.131408],[27.57055,47.13129],[27.569783,47.130204],[27.569518,47.129835],[27.569119,47.129264],[27.569056,47.129178],[27.568939,47.129006],[27.568816,47.128829],[27.568675,47.12862],[27.568073,47.127759],[27.567608,47.127095],[27.567547,47.127006],[27.567441,47.126834],[27.567346,47.12662],[27.567294,47.126468],[27.56727,47.126386],[27.567249,47.126285],[27.56723,47.126106],[27.567227,47.125846],[27.567234,47.125692],[27.567243,47.125159],[27.567256,47.124399],[27.567243,47.124264],[27.567224,47.124151],[27.567177,47.123971],[27.56711,47.123812],[27.567046,47.123672],[27.566837,47.123328]]},"properties":{"name":"Șoseaua Nicolina"}},{"type":"Feature","geometry":{"type":"LineString","coordinates":[[27.578807,47.139376],[27.579032,47.139608],[27.579206,47.139808],[27.579297,47.139926],[27.579382,47.140058],[27.579459,47.140188],[27.579532,47.140326],[27.579619,47.140522],[27.579673,47.14065],[27.579802,47.140989],[27.579818,47.141031],[27.580152,47.141915],[27.580259,47.14218],[27.580344,47.142427],[27.580395,47.142546],[27.580471,47.142722],[27.580563,47.142904],[27.580653,47.143051],[27.580727,47.143171],[27.580844,47.143355],[27.581005,47.143575],[27.581165,47.143785],[27.581202,47.14383],[27.581284,47.14393],[27.581632,47.144345],[27.581879,47.144648]]},"properties":{"name":"Șoseaua Nicolina"}},{"type":"Feature","geometry":{"type":"LineString","coordinates":[[27.584107,47.147297],[27.584896,47.148224]]},"properties":{"name":"Șoseaua Nicolina"}},{"type":"Feature","geometry":{"type":"LineString","coordinates":[[27.562697,47.11672],[27.562795,47.116885],[27.562886,47.117035],[27.563196,47.117531],[27.563417,47.117893],[27.563547,47.118104],[27.563767,47.118453],[27.563874,47.118625],[27.564036,47.118874],[27.564181,47.119077],[27.564256,47.119181],[27.56431,47.119255],[27.564332,47.119359],[27.564359,47.119402],[27.564957,47.120354],[27.565254,47.120827],[27.565284,47.120905],[27.565483,47.121228],[27.565748,47.121635],[27.566106,47.122213]]},"properties":{"name":"Șoseaua Nicolina"}},{"type":"Feature","geometry":{"type":"LineString","coordinates":[[27.565842,47.121609],[27.566202,47.122184],[27.566625,47.12285],[27.566913,47.123307],[27.567122,47.123592],[27.567237,47.123751],[27.56733,47.123983],[27.567366,47.124067],[27.567394,47.124198],[27.567426,47.1244],[27.56743,47.124526],[27.567419,47.12524],[27.567409,47.12555],[27.567408,47.125849],[27.56741,47.126108],[27.567419,47.12624],[27.567442,47.12637],[27.567462,47.126438],[27.567516,47.126591],[27.567556,47.126697],[27.567601,47.126787],[27.567701,47.126945],[27.567882,47.127203],[27.568234,47.127707],[27.5684,47.127939],[27.568956,47.128724],[27.568988,47.128773],[27.56912,47.128966],[27.569223,47.129124],[27.569712,47.129822],[27.570706,47.131239],[27.570777,47.131343],[27.570843,47.131439],[27.571647,47.132588],[27.571994,47.133077],[27.572267,47.133461],[27.572602,47.133924],[27.572686,47.134043],[27.572816,47.134237],[27.572856,47.134296],[27.572931,47.134407]]},"properties":{"name":"Șoseaua Nicolina"}},{"type":"Feature","geometry":{"type":"LineString","coordinates":[[27.583954,47.147356],[27.583692,47.147049],[27.583205,47.14648],[27.582629,47.145798],[27.582235,47.145318],[27.58198,47.14501],[27.581723,47.144706]]},"properties":{"name":"Pasaj Nicolina"}},{"type":"Feature","geometry":{"type":"LineString","coordinates":[[27.581879,47.144648],[27.582143,47.144962],[27.582761,47.145714],[27.583344,47.146406],[27.583848,47.147],[27.584107,47.147297]]},"properties":{"name":"Pasaj Nicolina"}},{"type":"Feature","geometry":{"type":"LineString","coordinates":[[27.570858,47.143717],[27.571226,47.143569],[27.571499,47.143449],[27.571659,47.143364],[27.572101,47.143086],[27.572193,47.143027],[27.57245,47.142872],[27.574537,47.14159],[27.574781,47.141459],[27.574993,47.141371],[27.575266,47.141275],[27.576477,47.14088],[27.57684,47.140751],[27.576977,47.140689],[27.57713,47.140606],[27.577227,47.140532],[27.577396,47.140388],[27.577905,47.139935],[27.578169,47.139704],[27.578411,47.139486],[27.578515,47.139408],[27.578613,47.139399],[27.578692,47.139389],[27.578736,47.139384],[27.578807,47.139376]]},"properties":{"name":"Șoseaua Tudor Neculai"}},{"type":"Feature","geometry":{"type":"LineString","coordinates":[[27.570858,47.143717],[27.570428,47.143886],[27.569809,47.144114],[27.569497,47.144238],[27.569117,47.144379],[27.568727,47.144486],[27.568162,47.144633],[27.567834,47.144739],[27.567247,47.145038],[27.567057,47.145142],[27.566715,47.145328],[27.566,47.145685],[27.564332,47.146585],[27.56384,47.146837],[27.563115,47.147292],[27.562872,47.147442],[27.562676,47.147557],[27.562473,47.147676],[27.562255,47.147785],[27.561972,47.147918],[27.561704,47.148032],[27.561432,47.148141],[27.561389,47.14816],[27.561098,47.148278],[27.56086,47.148376],[27.560731,47.148431],[27.560396,47.148569],[27.560226,47.148629],[27.560148,47.148648],[27.56007,47.148659],[27.559976,47.148665],[27.55988,47.148666],[27.559741,47.148655],[27.559612,47.148625],[27.559488,47.148589],[27.559375,47.148545],[27.559236,47.148485],[27.559126,47.14842],[27.559022,47.148336],[27.558947,47.148256],[27.558869,47.148158],[27.558668,47.147858],[27.558457,47.147558],[27.558381,47.147465],[27.558285,47.147358],[27.558166,47.147279],[27.558051,47.147231],[27.557899,47.14718],[27.557711,47.147141],[27.55756,47.147111],[27.556137,47.146914],[27.555869,47.146868],[27.555549,47.14681],[27.555316,47.146775],[27.555245,47.146765],[27.555163,47.146753],[27.55421,47.146598],[27.553763,47.146522],[27.553622,47.146498],[27.551924,47.146223],[27.551293,47.146117],[27.550544,47.145997],[27.550149,47.145932],[27.549718,47.145857],[27.549393,47.145799],[27.545932,47.145232],[27.545696,47.145197],[27.545484,47.145163],[27.54537,47.145152],[27.545235,47.145143],[27.544967,47.145138],[27.544892,47.145138],[27.544533,47.145136],[27.543903,47.145133],[27.543781,47.145132]]},"properties":{"name":"Șoseaua Voinești"}},{"type":"Feature","geometry":{"type":"LineString","coordinates":[[27.543781,47.145132],[27.540598,47.145118],[27.540477,47.145117],[27.540245,47.145114],[27.539867,47.145104],[27.539699,47.145099],[27.539519,47.145091],[27.539246,47.145068],[27.539106,47.145054],[27.538959,47.145024],[27.538843,47.144989],[27.538718,47.144935],[27.538652,47.144892],[27.538611,47.144854],[27.538334,47.144497],[27.538256,47.144415],[27.538175,47.144357],[27.538085,47.144311],[27.538028,47.144291],[27.537957,47.144276],[27.537885,47.144268],[27.537785,47.144266],[27.537655,47.144275],[27.537567,47.144296],[27.537365,47.144354],[27.537051,47.144459],[27.536479,47.144667],[27.534825,47.145235],[27.533789,47.145596],[27.533236,47.14579],[27.53273,47.145958],[27.531934,47.14623],[27.531796,47.146277],[27.531651,47.146331],[27.531309,47.146458],[27.531196,47.146491],[27.531045,47.146526],[27.530843,47.14655],[27.530665,47.146568],[27.530461,47.14658],[27.530269,47.146567],[27.530114,47.146558],[27.529791,47.146515],[27.52932,47.146425],[27.528745,47.146343],[27.528185,47.14625],[27.527678,47.146162],[27.527504,47.146141],[27.527427,47.146132],[27.526796,47.146031],[27.526527,47.145987],[27.525791,47.14586],[27.525731,47.145852],[27.525572,47.145824],[27.524917,47.145733],[27.524293,47.14563],[27.523832,47.145546],[27.523685,47.145521],[27.523113,47.145427],[27.522467,47.145319],[27.52222,47.145279],[27.521949,47.145229],[27.521651,47.145161]]},"properties":{"name":"Strada Constantin Langa"}},{"type":"Feature","geometry":{"type":"LineString","coordinates":[[27.584038,47.15383],[27.583965,47.153769],[27.583945,47.153754],[27.583578,47.15347],[27.583473,47.153386]]},"properties":{"name":"Bulevardul Dimitrie Cantemir"}},{"type":"Feature","geometry":{"type":"LineString","coordinates":[[27.584145,47.153784],[27.584086,47.153716],[27.584066,47.153693],[27.583698,47.153415],[27.5836,47.15333]]},"properties":{"name":"Bulevardul Dimitrie Cantemir"}},{"type":"Feature","geometry":{"type":"LineString","coordinates":[[27.527504,47.146141],[27.527512,47.1461],[27.52755,47.145983],[27.527585,47.145892],[27.527686,47.145666],[27.527699,47.145639],[27.527748,47.145545],[27.527966,47.145224]]},"properties":{"name":"Strada Vasile Alecsandri"}},{"type":"Feature","geometry":{"type":"LineString","coordinates":[[27.581759,47.165281],[27.581766,47.165292],[27.581818,47.165363],[27.581949,47.165548],[27.581988,47.165603],[27.582207,47.165903],[27.582278,47.166004],[27.582565,47.166392],[27.582858,47.166814],[27.582975,47.166973],[27.583124,47.167185],[27.583211,47.167279]]},"properties":{"name":"Strada Vasile Alecsandri"}},{"type":"Feature","geometry":{"type":"LineString","coordinates":[[27.526595,47.144747],[27.526697,47.144784],[27.527868,47.145183],[27.527913,47.1452],[27.527966,47.145224]]},"properties":{"name":"Strada Ștefan Răzvan Vodă"}},{"type":"Feature","geometry":{"type":"LineString","coordinates":[[27.529173,47.141276],[27.529136,47.141387],[27.529099,47.141484],[27.529007,47.141663],[27.528943,47.141766],[27.52861,47.142222],[27.528473,47.142393],[27.527412,47.143725],[27.527324,47.143836],[27.526595,47.144747],[27.526413,47.14497],[27.526243,47.145177],[27.526116,47.145334]]},"properties":{"name":"Strada Prof. Anton Nițu"}},{"type":"Feature","geometry":{"type":"LineString","coordinates":[[27.529173,47.141276],[27.529213,47.141106],[27.529251,47.140905],[27.529275,47.140749],[27.529284,47.140613],[27.529287,47.140433],[27.529278,47.140198],[27.529253,47.139969],[27.52917,47.139585],[27.529104,47.13939],[27.528979,47.139184],[27.528792,47.13888],[27.528656,47.138591],[27.528527,47.138261],[27.528443,47.137926],[27.528341,47.13752],[27.528263,47.137207],[27.528051,47.136491],[27.527774,47.135554],[27.527722,47.135387],[27.527663,47.135216],[27.527569,47.135077],[27.527472,47.134959],[27.527083,47.134581],[27.527008,47.134511],[27.526958,47.134462],[27.526674,47.134154],[27.52662,47.134062],[27.526586,47.133979],[27.526558,47.133858],[27.526557,47.133743],[27.526641,47.133158],[27.526692,47.13277],[27.526704,47.132393],[27.52669,47.132165],[27.526659,47.13195],[27.526484,47.131396],[27.526351,47.13112],[27.526251,47.130911],[27.526111,47.130611],[27.525936,47.130301],[27.525733,47.130048],[27.525502,47.129805],[27.524973,47.129318]]},"properties":{"name":"Strada Cireșilor"}},{"type":"Feature","geometry":{"type":"LineString","coordinates":[[27.524973,47.129318],[27.524393,47.128503],[27.524063,47.128096],[27.52323,47.12707],[27.522962,47.126703],[27.522815,47.1264],[27.52241,47.125434],[27.522361,47.125338],[27.522188,47.125133],[27.522131,47.12508],[27.522036,47.124982],[27.521982,47.124921],[27.521842,47.12478],[27.521746,47.124639],[27.521636,47.124483],[27.521543,47.124319],[27.521408,47.124009],[27.521374,47.123899],[27.521371,47.123762],[27.521388,47.123659],[27.521594,47.122577],[27.521613,47.122416],[27.521598,47.12225],[27.521542,47.122138],[27.521459,47.12201],[27.521333,47.121871],[27.521306,47.121842],[27.521243,47.121773],[27.521003,47.121603],[27.520787,47.121428],[27.520586,47.12128],[27.520413,47.121068],[27.520075,47.120523],[27.519825,47.120098],[27.519347,47.11934],[27.519016,47.118954],[27.518944,47.118879],[27.518712,47.118637],[27.51844,47.118388],[27.518048,47.118087],[27.517616,47.117777],[27.517501,47.117663],[27.517276,47.117415],[27.517232,47.11733],[27.517209,47.11724],[27.517216,47.117047],[27.517264,47.116843],[27.517396,47.116525],[27.517588,47.116113],[27.517646,47.116012],[27.517717,47.115861],[27.517767,47.115718],[27.51778,47.115626],[27.517752,47.115505],[27.517712,47.115437],[27.517661,47.115368],[27.517564,47.115304],[27.517453,47.115244],[27.517184,47.115164],[27.516637,47.114997],[27.516138,47.114845],[27.514973,47.114501],[27.514763,47.114438],[27.513805,47.114154],[27.513259,47.113995],[27.513121,47.113935],[27.512964,47.113856],[27.512793,47.11376],[27.512691,47.113687],[27.512554,47.113557],[27.512438,47.113424]]},"properties":{"name":"DC28"}},{"type":"Feature","geometry":{"type":"LineString","coordinates":[[27.512438,47.113424],[27.51229,47.113164],[27.512208,47.112988],[27.512161,47.112834],[27.51213,47.112632],[27.512086,47.112371],[27.512021,47.112145],[27.511925,47.111904],[27.51181,47.111643],[27.511529,47.110938],[27.511398,47.110725],[27.511279,47.110596],[27.511096,47.110436],[27.510852,47.110279],[27.510644,47.110143],[27.509457,47.109607],[27.509102,47.109461],[27.508584,47.109293],[27.508089,47.109172],[27.507897,47.109132],[27.507687,47.109102],[27.50642,47.108946],[27.505294,47.108844],[27.504983,47.108818],[27.5048,47.108811],[27.504768,47.108809],[27.504601,47.108814],[27.504407,47.108836],[27.503916,47.108922],[27.503728,47.108963],[27.503504,47.109034],[27.50319,47.10911],[27.502669,47.109195],[27.50247,47.109228],[27.501542,47.10942],[27.501318,47.109483],[27.501108,47.109565],[27.500623,47.109798],[27.500274,47.10997],[27.500111,47.110057],[27.499997,47.110104],[27.499837,47.110133],[27.499731,47.110138],[27.499632,47.110127],[27.499561,47.110109]]},"properties":{"name":"Str. Dimitrie Anghel"}},{"type":"Feature","geometry":{"type":"LineString","coordinates":[[27.499561,47.110109],[27.499472,47.110065],[27.499462,47.110059],[27.499286,47.109953],[27.499101,47.109825],[27.498942,47.10968],[27.498876,47.109639],[27.498812,47.109563],[27.498703,47.109382],[27.498607,47.109257],[27.498433,47.109117],[27.498173,47.108948],[27.497905,47.10879],[27.497401,47.108554],[27.497172,47.108476],[27.49694,47.108403],[27.496808,47.108372],[27.496674,47.108349],[27.495993,47.108328],[27.495145,47.108321],[27.494839,47.10833],[27.494659,47.108337],[27.494356,47.108363],[27.494072,47.10841],[27.492079,47.108793],[27.490129,47.109201],[27.490016,47.109226],[27.489567,47.109332],[27.488807,47.109459],[27.488144,47.109567],[27.487612,47.109665],[27.486734,47.109882],[27.485968,47.110147]]},"properties":{"name":"Str. Theodor Palade"}},{"type":"Feature","geometry":{"type":"LineString","coordinates":[[27.594529,47.149183],[27.594487,47.149198],[27.594384,47.149235],[27.594102,47.149334],[27.593963,47.14938],[27.592376,47.149897],[27.591963,47.15003],[27.5906,47.150462],[27.590517,47.150489],[27.590266,47.15057],[27.589831,47.150703],[27.589129,47.150934],[27.588902,47.151008],[27.58865,47.151088],[27.588435,47.151158],[27.588277,47.151177]]},"properties":{"name":"Bulevardul Țuțora"}},{"type":"Feature","geometry":{"type":"LineString","coordinates":[[27.588671,47.151219],[27.588091,47.15135],[27.587941,47.151388],[27.587875,47.151406],[27.587805,47.15143]]},"properties":{"name":"Bulevardul Țuțora"}},{"type":"Feature","geometry":{"type":"LineString","coordinates":[[27.588277,47.151177],[27.588415,47.151198],[27.588477,47.151208],[27.588671,47.151219]]},"properties":{"name":"Splai Bahlui Mal Drept"}},{"type":"Feature","geometry":{"type":"LineString","coordinates":[[27.603894,47.153759],[27.603648,47.153798],[27.603586,47.153808],[27.603463,47.153827],[27.603069,47.153896],[27.602824,47.153938],[27.602647,47.153948],[27.602463,47.153943],[27.602283,47.153929],[27.601416,47.153772],[27.600688,47.153637],[27.600464,47.153567]]},"properties":{"name":"Splai Bahlui Mal Drept"}},{"type":"Feature","geometry":{"type":"LineString","coordinates":[[27.588179,47.152023],[27.588077,47.152066]]},"properties":{"name":"Bulevardul Profesor Dimitrie Mangeron"}},{"type":"Feature","geometry":{"type":"LineString","coordinates":[[27.621387,47.151581],[27.621353,47.151474],[27.621222,47.151017],[27.621183,47.150884],[27.621112,47.150678],[27.621046,47.150458],[27.621025,47.150388],[27.620852,47.149821],[27.620532,47.148781],[27.620495,47.148659],[27.620457,47.14854],[27.620419,47.148416],[27.620408,47.148379],[27.620388,47.148317],[27.620355,47.14821],[27.6203,47.148028],[27.620267,47.147919],[27.620192,47.147681],[27.620014,47.147098],[27.619849,47.146571],[27.619749,47.146242],[27.619699,47.146071],[27.619653,47.145898],[27.619628,47.145818],[27.619582,47.145655],[27.619565,47.145599],[27.619558,47.145572],[27.619539,47.145509]]},"properties":{"name":"Bulevardul Metalurgiei"}},{"type":"Feature","geometry":{"type":"LineString","coordinates":[[27.619582,47.145655],[27.619417,47.14568],[27.619316,47.145694],[27.61904,47.145734],[27.617697,47.145926],[27.61712,47.14601],[27.616356,47.14612],[27.616071,47.146163],[27.613879,47.146464],[27.613563,47.146508],[27.612908,47.146599],[27.611474,47.146794],[27.610715,47.146906],[27.610338,47.146959],[27.61006,47.147003],[27.610013,47.14701],[27.609923,47.147022]]},"properties":{"name":"Calea Chișinăului"}},{"type":"Feature","geometry":{"type":"LineString","coordinates":[[27.619539,47.145509],[27.619126,47.145568],[27.61899,47.145587],[27.617649,47.145773],[27.616282,47.145972],[27.615013,47.146157],[27.61285,47.146452],[27.610667,47.146759],[27.610625,47.146764],[27.610232,47.146826],[27.610136,47.146841],[27.609678,47.146903],[27.609237,47.14697],[27.608991,47.147004],[27.608782,47.147034],[27.606989,47.147285],[27.606695,47.147327],[27.606179,47.1474],[27.605637,47.147476],[27.604547,47.147638],[27.603417,47.147793],[27.602313,47.147954],[27.602245,47.147963],[27.602146,47.147978],[27.601713,47.148037],[27.601016,47.148132],[27.600959,47.148139],[27.600719,47.14817],[27.600364,47.148221],[27.598803,47.148436],[27.598659,47.148456],[27.596253,47.148791],[27.595772,47.148862],[27.595411,47.148933],[27.595117,47.148997],[27.59479,47.149084],[27.594564,47.14917],[27.594529,47.149183]]},"properties":{"name":"Calea Chișinăului"}},{"type":"Feature","geometry":{"type":"LineString","coordinates":[[27.601628,47.142591],[27.601684,47.142542]]},"properties":{"name":"Strada Voinicilor"}},{"type":"Feature","geometry":{"type":"LineString","coordinates":[[27.566837,47.123328],[27.566913,47.123307]]},"properties":{"name":"Aleea Tudor Neculai"}},{"type":"Feature","geometry":{"type":"LineString","coordinates":[[27.562697,47.11672],[27.562622,47.116602],[27.562093,47.115764],[27.561792,47.115262],[27.561632,47.114995],[27.561557,47.114877],[27.561148,47.114263],[27.561095,47.11418],[27.561046,47.114106],[27.560972,47.113988],[27.560779,47.11369],[27.560655,47.113448],[27.56062,47.113356],[27.5606,47.113307],[27.560553,47.11315],[27.560544,47.113019],[27.560541,47.112193],[27.560525,47.112067],[27.560505,47.111989],[27.560476,47.111926],[27.560434,47.111836],[27.560235,47.111563],[27.560099,47.111389],[27.559994,47.111259],[27.559868,47.111097],[27.559569,47.11071],[27.559476,47.110589],[27.559399,47.110486],[27.559331,47.110391],[27.559132,47.11014],[27.559076,47.110057],[27.559045,47.109954],[27.559035,47.109795],[27.55909,47.109563],[27.559259,47.109036],[27.559507,47.108175],[27.559537,47.108023],[27.559559,47.107832],[27.559571,47.107649],[27.559578,47.107454],[27.559583,47.107165],[27.559591,47.106758],[27.559619,47.106116],[27.559626,47.105964],[27.559616,47.105616],[27.559622,47.105415],[27.55963,47.105282],[27.559631,47.105141],[27.559634,47.105079],[27.559638,47.104957],[27.559649,47.104718],[27.55965,47.104569],[27.559657,47.104358],[27.559661,47.104127],[27.559664,47.10395],[27.559669,47.10377],[27.559672,47.103699],[27.559676,47.103519],[27.559677,47.103079],[27.559706,47.101936],[27.559729,47.101412],[27.559764,47.100551],[27.559716,47.100112],[27.559506,47.099211],[27.559353,47.098559],[27.559008,47.097142],[27.558979,47.097021],[27.558943,47.096876],[27.558929,47.096793],[27.558491,47.094319],[27.558416,47.09411],[27.558307,47.093937],[27.558173,47.093827],[27.55803,47.093731],[27.557651,47.093515],[27.55761,47.093492],[27.557517,47.09343],[27.557426,47.093358],[27.557355,47.093289],[27.557299,47.093215],[27.557261,47.093139],[27.557238,47.093048],[27.557166,47.092428],[27.557115,47.092078],[27.557032,47.091744],[27.556965,47.091616],[27.556856,47.091445],[27.556706,47.091299],[27.556432,47.091094],[27.555884,47.090802],[27.555384,47.090516],[27.554979,47.090241],[27.554819,47.09008],[27.554744,47.089989],[27.554637,47.089827],[27.554537,47.089648],[27.554419,47.089412],[27.554327,47.089137],[27.554101,47.088301],[27.553499,47.086054],[27.553222,47.085176],[27.552752,47.084044],[27.552629,47.083776],[27.551704,47.081652],[27.551555,47.081308],[27.551519,47.081216],[27.550799,47.079556],[27.550608,47.078816],[27.550614,47.078531],[27.550668,47.078131],[27.55088,47.076827],[27.550985,47.076193],[27.551033,47.075876],[27.551058,47.075542],[27.551065,47.07524],[27.551023,47.074859],[27.550908,47.074453],[27.550831,47.074244],[27.550593,47.07391],[27.550393,47.073706],[27.550077,47.073403],[27.549102,47.072444],[27.549012,47.072324],[27.548916,47.072188],[27.548838,47.072047],[27.548771,47.071875],[27.548726,47.071649],[27.548729,47.071474],[27.548759,47.071307],[27.548796,47.071171],[27.548963,47.070529],[27.549241,47.069515],[27.549272,47.069379],[27.549358,47.068899],[27.54942,47.068314],[27.549434,47.067857],[27.54941,47.067739],[27.549347,47.067617],[27.549241,47.067508],[27.549063,47.067398],[27.548601,47.067148],[27.548505,47.067084],[27.548406,47.067012],[27.548333,47.066947],[27.548257,47.066845],[27.548239,47.066814],[27.548204,47.066738],[27.548185,47.066685],[27.548141,47.066556],[27.548115,47.066483],[27.548067,47.066319],[27.547994,47.066093],[27.547641,47.065]]},"properties":{"name":"DJ248"}},{"type":"Feature","geometry":{"type":"LineString","coordinates":[[27.558943,47.096876],[27.560309,47.096769],[27.560624,47.096746],[27.561398,47.09666],[27.561654,47.096635],[27.562221,47.096593],[27.562747,47.09654]]},"properties":{"name":"Strada Gării"}},{"type":"Feature","geometry":{"type":"LineString","coordinates":[[27.566584,47.096652],[27.566498,47.096224],[27.565142,47.096335],[27.564307,47.096403]]},"properties":{"name":"Strada Gării"}},{"type":"Feature","geometry":{"type":"LineString","coordinates":[[27.574261,47.167328],[27.574241,47.167322],[27.57406,47.167256],[27.573943,47.167218],[27.573874,47.167196],[27.573833,47.167184],[27.573749,47.167151],[27.572577,47.16669],[27.572437,47.166636],[27.571896,47.166423],[27.571691,47.166341],[27.571615,47.16631],[27.571458,47.166249],[27.571305,47.166189],[27.571071,47.16611],[27.570996,47.166083],[27.570953,47.166064],[27.570879,47.166032],[27.570863,47.166025]]},"properties":{"name":"Strada Gării"}},{"type":"Feature","geometry":{"type":"LineString","coordinates":[[27.564307,47.096403],[27.563232,47.096502],[27.562747,47.09654]]},"properties":{"name":"DJ248C"}},{"type":"Feature","geometry":{"type":"LineString","coordinates":[[27.605007,47.144195],[27.605062,47.14414]]},"properties":{"name":"Strada Butnari"}},{"type":"Feature","geometry":{"type":"LineString","coordinates":[[27.607332,47.145223],[27.607272,47.145281]]},"properties":{"name":"Strada Mihai Sturdza"}},{"type":"Feature","geometry":{"type":"LineString","coordinates":[[27.609525,47.146384],[27.609528,47.146264]]},"properties":{"name":"Strada Mihai Sturdza"}},{"type":"Feature","geometry":{"type":"LineString","coordinates":[[27.610058,47.146511],[27.61027,47.1466],[27.610453,47.146681],[27.610525,47.146715],[27.610625,47.146764]]},"properties":{"name":"DN24"}},{"type":"Feature","geometry":{"type":"LineString","coordinates":[[27.539102,47.227406],[27.538813,47.227608],[27.538652,47.227716],[27.538371,47.227922],[27.538171,47.228079],[27.538064,47.228171],[27.53796,47.228265],[27.537858,47.228362],[27.537696,47.228528],[27.537592,47.228649],[27.537524,47.228734],[27.537492,47.228781],[27.537412,47.228915],[27.537352,47.229049],[27.537329,47.229101],[27.53725,47.229296],[27.537107,47.229638],[27.537063,47.229738],[27.536996,47.22991],[27.536913,47.23013],[27.536849,47.2303],[27.536806,47.230406],[27.536744,47.230563],[27.536678,47.230721],[27.536603,47.230873],[27.536522,47.231005],[27.536426,47.231136],[27.53631,47.23128],[27.536216,47.23138],[27.536072,47.23151],[27.535919,47.23164],[27.535684,47.231827],[27.535346,47.232086],[27.535108,47.232264],[27.534954,47.232386],[27.534883,47.232448],[27.534822,47.232512],[27.534751,47.232601],[27.534695,47.232688],[27.534656,47.232766],[27.534625,47.232856],[27.534595,47.232967],[27.534564,47.233102],[27.534514,47.233354],[27.534452,47.233696],[27.534405,47.23396],[27.534368,47.234158],[27.53433,47.234356],[27.534288,47.234617],[27.53424,47.234832],[27.534202,47.234978],[27.534144,47.235146],[27.534055,47.235372],[27.533895,47.235757],[27.533726,47.236139],[27.533642,47.236344],[27.533535,47.236594],[27.533339,47.237094],[27.533184,47.237472],[27.533068,47.23775],[27.533019,47.237866],[27.53292,47.238125],[27.532883,47.238225],[27.53278,47.238505],[27.532683,47.238767],[27.532627,47.238925],[27.532525,47.239196],[27.532481,47.239432],[27.532481,47.239497],[27.532493,47.239556]]},"properties":{"name":"DN24"}},{"type":"Feature","geometry":{"type":"LineString","coordinates":[[27.566566,47.181514],[27.566582,47.181522],[27.566824,47.181636],[27.566907,47.181677]]},"properties":{"name":"Strada Profesor Mihai Costăchescu"}},{"type":"Feature","geometry":{"type":"LineString","coordinates":[[27.566566,47.181514],[27.566715,47.18134],[27.566792,47.18125],[27.56704,47.180955],[27.567056,47.180937],[27.567256,47.180701],[27.567469,47.180448],[27.56761,47.180279],[27.568023,47.179793],[27.568506,47.179226],[27.568565,47.179157],[27.568644,47.179066],[27.568697,47.179003],[27.569692,47.177806],[27.570277,47.177098],[27.570359,47.177],[27.570516,47.176818],[27.570606,47.176711],[27.570954,47.176288],[27.571139,47.176063],[27.571214,47.17597],[27.571433,47.175707],[27.571495,47.175631],[27.571521,47.175601],[27.571632,47.175469],[27.571677,47.175415],[27.571783,47.175287],[27.571994,47.175032],[27.572118,47.174882],[27.572256,47.174714],[27.572289,47.174675],[27.572449,47.17448],[27.572491,47.174431],[27.572529,47.174385],[27.572591,47.17431],[27.572811,47.174049],[27.572914,47.173924],[27.573249,47.173526],[27.57348,47.173248],[27.573577,47.17313],[27.57361,47.173093],[27.574424,47.172112],[27.574993,47.171431],[27.575047,47.171367],[27.57526,47.171109],[27.575303,47.171057],[27.575371,47.170975]]},"properties":{"name":"Bulevardul Carol I"}},{"type":"Feature","geometry":{"type":"LineString","coordinates":[[27.576903,47.169843],[27.576705,47.169928],[27.576592,47.169968],[27.57648,47.17],[27.576395,47.170024],[27.576279,47.17006],[27.576174,47.170127],[27.576126,47.170189],[27.575916,47.170453],[27.575695,47.170692],[27.575586,47.170814],[27.575465,47.170901],[27.575371,47.170975],[27.575422,47.17088],[27.575465,47.170771],[27.575777,47.170365],[27.575982,47.170125],[27.575996,47.170106],[27.576083,47.169989],[27.576138,47.169903],[27.576299,47.169668]]},"properties":{"name":"Bulevardul Carol I"}},{"type":"Feature","geometry":{"type":"LineString","coordinates":[[27.585738,47.158857],[27.58585,47.158911],[27.586137,47.159013],[27.586426,47.159108],[27.586801,47.159228],[27.587124,47.159319],[27.587304,47.159368],[27.587452,47.159408],[27.587592,47.159448],[27.587791,47.159517],[27.588303,47.159665],[27.588551,47.159743],[27.588763,47.159814],[27.58907,47.159908],[27.589833,47.160138],[27.58996,47.160178],[27.590449,47.160328],[27.591171,47.160555],[27.59175,47.160729],[27.592436,47.160936],[27.593416,47.161247],[27.593825,47.161372],[27.59437,47.161543],[27.594412,47.161557],[27.594451,47.16157],[27.594722,47.161652],[27.594762,47.161669],[27.594885,47.161718],[27.595036,47.16178],[27.595058,47.161793]]},"properties":{"name":"Strada Anastasie Panu"}},{"type":"Feature","geometry":{"type":"LineString","coordinates":[[27.585738,47.158857],[27.585593,47.158771],[27.585555,47.158742],[27.585457,47.15867],[27.5853,47.158523],[27.585183,47.15836],[27.585108,47.158181],[27.585094,47.158066],[27.585083,47.157912],[27.585071,47.157732],[27.58506,47.15759],[27.58505,47.157339],[27.585014,47.156877],[27.585002,47.156698],[27.584999,47.156605],[27.585002,47.156538],[27.585012,47.156481],[27.58503,47.156426],[27.585099,47.156291],[27.585125,47.156241],[27.585319,47.155911],[27.58548,47.155654],[27.585569,47.155511],[27.585656,47.155383],[27.585683,47.155352],[27.585759,47.155266],[27.586133,47.154907],[27.586178,47.154868],[27.586245,47.154804],[27.586314,47.154738],[27.586366,47.15469],[27.58657,47.154499],[27.586815,47.154258],[27.586908,47.154173],[27.587175,47.153919],[27.587418,47.153688],[27.587641,47.153477],[27.587673,47.153447],[27.587702,47.15342],[27.58773,47.153393],[27.588035,47.153099]]},"properties":{"name":"Strada Palat"}},{"type":"Feature","geometry":{"type":"LineString","coordinates":[[27.587877,47.152157],[27.587934,47.152225],[27.588004,47.152333],[27.588074,47.152441],[27.588113,47.152521],[27.58812,47.152537],[27.588137,47.152582],[27.588158,47.152736],[27.588155,47.152851],[27.588136,47.152916],[27.588087,47.152988],[27.588058,47.153049],[27.588035,47.153099],[27.588139,47.153022],[27.588205,47.152972],[27.588259,47.152903],[27.588299,47.152824],[27.588325,47.15275],[27.588375,47.152412],[27.588252,47.152125],[27.588179,47.152023]]},"properties":{"name":"Strada Palat"}},{"type":"Feature","geometry":{"type":"LineString","coordinates":[[27.582125,47.145479],[27.581449,47.145952],[27.581067,47.146214],[27.580582,47.146548],[27.579918,47.14698],[27.579296,47.147379],[27.579233,47.147421],[27.578397,47.147984],[27.577827,47.148353],[27.577689,47.148406],[27.577513,47.148446],[27.577245,47.148473],[27.576729,47.148463],[27.576561,47.148478],[27.576409,47.148511]]},"properties":{"name":"Strada Bradului"}},{"type":"Feature","geometry":{"type":"LineString","coordinates":[[27.576409,47.148511],[27.576313,47.148569],[27.576167,47.148691],[27.576055,47.148784],[27.575836,47.148958],[27.575194,47.149479],[27.575,47.149636],[27.574764,47.14983],[27.574675,47.149902],[27.574486,47.150058],[27.57404,47.150423],[27.573889,47.150545],[27.573743,47.150676],[27.573576,47.150834],[27.573498,47.150909],[27.573463,47.150943],[27.5733,47.151101],[27.573201,47.151193],[27.57283,47.151539],[27.572724,47.151639],[27.572565,47.151787],[27.572178,47.152159],[27.57206,47.152269],[27.571428,47.152874],[27.570782,47.153502],[27.570663,47.153613],[27.570525,47.153746],[27.570455,47.153815],[27.570432,47.153857],[27.570413,47.153934],[27.570411,47.154037],[27.570414,47.154135],[27.570409,47.154285],[27.570412,47.155057]]},"properties":{"name":"Strada Pantelimon Halipa"}},{"type":"Feature","geometry":{"type":"LineString","coordinates":[[27.570412,47.155057],[27.570409,47.155273],[27.570408,47.155526],[27.570404,47.156053],[27.570402,47.156336],[27.570395,47.156592],[27.570392,47.156826],[27.570386,47.157331],[27.570385,47.157447],[27.570383,47.157506],[27.570385,47.158195]]},"properties":{"name":"Strada Cerna"}},{"type":"Feature","geometry":{"type":"LineString","coordinates":[[27.570385,47.158195],[27.570397,47.158325],[27.570406,47.158464],[27.570426,47.158802],[27.570454,47.159158],[27.570485,47.159474],[27.570502,47.159616],[27.570515,47.159808],[27.570479,47.159947],[27.57044,47.16002],[27.57043,47.16006],[27.570432,47.160094],[27.57024,47.16021],[27.568916,47.161003],[27.568663,47.161157],[27.56853,47.161205],[27.567674,47.161641],[27.56717,47.161895],[27.567065,47.16196],[27.567097,47.162005],[27.567114,47.162031],[27.567126,47.162048]]},"properties":{"name":"Bulevardul Alexandru cel Bun"}},{"type":"Feature","geometry":{"type":"LineString","coordinates":[[27.56936,47.161379],[27.569089,47.161447],[27.56769,47.16187],[27.567126,47.162048],[27.566877,47.162138],[27.566654,47.162242],[27.566178,47.162469],[27.564936,47.163104],[27.564816,47.163175],[27.564474,47.163341],[27.564226,47.163455],[27.563834,47.163613],[27.561875,47.164572],[27.561753,47.164633],[27.561501,47.164757],[27.558703,47.166138],[27.55853,47.166245],[27.558336,47.166343],[27.557866,47.16657],[27.557604,47.166688],[27.557572,47.166706],[27.557553,47.16672],[27.557535,47.166737]]},"properties":{"name":"Bulevardul Alexandru cel Bun"}},{"type":"Feature","geometry":{"type":"LineString","coordinates":[[27.571412,47.160731],[27.571377,47.16069],[27.571258,47.160603],[27.570973,47.160435],[27.570773,47.160323],[27.570593,47.160219],[27.57052,47.160176],[27.570456,47.16013],[27.570432,47.160094]]},"properties":{"name":"Strada Profesor Paul Bujor"}},{"type":"Feature","geometry":{"type":"LineString","coordinates":[[27.570054,47.162244],[27.569922,47.162146],[27.569762,47.16202],[27.569271,47.161609],[27.569113,47.161481],[27.569089,47.161447]]},"properties":{"name":"Strada Jijia"}},{"type":"Feature","geometry":{"type":"LineString","coordinates":[[27.557082,47.166816],[27.557036,47.166795],[27.557008,47.166786],[27.556982,47.166781],[27.556235,47.166765],[27.556153,47.16675],[27.556087,47.166734],[27.555973,47.166734],[27.555866,47.166736],[27.555637,47.166736],[27.554344,47.166733],[27.554189,47.166732],[27.554026,47.166731],[27.553884,47.166731],[27.553727,47.166731],[27.553477,47.166731],[27.552155,47.166721],[27.552069,47.166737],[27.551923,47.166771],[27.551597,47.16677],[27.550916,47.166765],[27.550777,47.166765],[27.550521,47.16675],[27.549945,47.16675],[27.549823,47.166732],[27.549745,47.166723],[27.549713,47.166715],[27.549061,47.166713],[27.5482,47.16671],[27.546868,47.166707],[27.546496,47.166708],[27.546378,47.166708],[27.54631,47.166693],[27.546216,47.166672]]},"properties":{"name":"Bulevardul Dacia"}},{"type":"Feature","geometry":{"type":"LineString","coordinates":[[27.546378,47.166708],[27.5463,47.166722],[27.546212,47.166738],[27.545301,47.166751],[27.544677,47.166758],[27.544553,47.166757],[27.543954,47.166748],[27.543741,47.166716],[27.543657,47.166703],[27.543737,47.166687],[27.54396,47.16665],[27.544043,47.16665],[27.544409,47.166649],[27.544525,47.166654],[27.544554,47.166657]]},"properties":{"name":"Bulevardul Dacia"}},{"type":"Feature","geometry":{"type":"LineString","coordinates":[[27.543474,47.166728],[27.543368,47.16676],[27.543257,47.166803],[27.543197,47.166832],[27.543076,47.16691],[27.542912,47.167039],[27.542036,47.167761],[27.541264,47.168392],[27.541147,47.168488],[27.541041,47.168573],[27.540831,47.168748],[27.54049,47.169024],[27.540197,47.169261]]},"properties":{"name":"Strada Strămoșilor"}},{"type":"Feature","geometry":{"type":"LineString","coordinates":[[27.544554,47.166657],[27.544553,47.166686],[27.544553,47.166716],[27.544553,47.166757]]},"properties":{"name":"Strada Columnei"}},{"type":"Feature","geometry":{"type":"LineString","coordinates":[[27.588379,47.152788],[27.588325,47.15275]]},"properties":{"name":"Strada Sfântul Lazăr"}},{"type":"Feature","geometry":{"type":"LineString","coordinates":[[27.619539,47.145509],[27.620478,47.145373],[27.620661,47.145347],[27.621363,47.145249],[27.623542,47.144938],[27.625206,47.1447],[27.626109,47.144575],[27.627822,47.144332],[27.629546,47.144084],[27.629835,47.144045],[27.630041,47.144014],[27.630275,47.143979],[27.631725,47.143777],[27.632468,47.143672],[27.633064,47.143586],[27.633966,47.143457],[27.634192,47.143427],[27.635041,47.143321],[27.635406,47.143286],[27.635932,47.14325],[27.636464,47.143226],[27.637108,47.143216],[27.638484,47.14323],[27.639408,47.143251],[27.640151,47.143267],[27.642399,47.143306],[27.642523,47.143306],[27.642823,47.143316],[27.642897,47.143314],[27.643633,47.14334],[27.644241,47.143347],[27.645577,47.143366],[27.647022,47.143387],[27.647199,47.143475]]},"properties":{"name":"Bulevardul Virgil Săhleanu"}},{"type":"Feature","geometry":{"type":"LineString","coordinates":[[27.619582,47.145655],[27.620027,47.145589],[27.620714,47.145495],[27.621459,47.145388],[27.6224,47.145261],[27.623121,47.145153],[27.623583,47.145084],[27.625243,47.144852],[27.626151,47.144724],[27.626998,47.144608],[27.630091,47.144164],[27.630326,47.14413],[27.630714,47.144075],[27.631768,47.143926],[27.634244,47.143576],[27.634953,47.143485],[27.635438,47.143437],[27.635875,47.143407],[27.636467,47.143378],[27.637101,47.14337],[27.638206,47.14338],[27.638476,47.143386],[27.639399,47.143402],[27.640144,47.143419],[27.641978,47.143447],[27.642395,47.143456],[27.642526,47.143461],[27.642814,47.143463],[27.642895,47.143463],[27.643256,47.143466],[27.643629,47.143471],[27.645564,47.143497],[27.647006,47.143517],[27.647199,47.143475],[27.647762,47.143482],[27.647954,47.143488],[27.648137,47.143488],[27.64844,47.143495]]},"properties":{"name":"Bulevardul Virgil Săhleanu"}},{"type":"Feature","geometry":{"type":"LineString","coordinates":[[27.64844,47.143495],[27.64907,47.143497],[27.649844,47.1435],[27.650297,47.143499],[27.650796,47.143493],[27.651312,47.143492],[27.652073,47.143484],[27.652616,47.143477],[27.653118,47.143474],[27.653282,47.143463],[27.653751,47.143408],[27.654263,47.143326],[27.654715,47.143227],[27.655175,47.143094],[27.655649,47.142922],[27.656258,47.142685],[27.657865,47.142058],[27.658307,47.141887],[27.658382,47.141857],[27.658473,47.141823],[27.65859,47.14178],[27.660026,47.141224],[27.660293,47.141123],[27.660765,47.140948],[27.660857,47.140906],[27.661103,47.140801],[27.661445,47.140666],[27.661971,47.140468],[27.663215,47.139976],[27.664136,47.139621],[27.665727,47.139003],[27.666138,47.13885],[27.666205,47.138821],[27.666343,47.138766],[27.666381,47.138751],[27.66741,47.138358],[27.667678,47.138253],[27.668536,47.137921],[27.669784,47.137438],[27.67078,47.137004],[27.672194,47.136389],[27.672951,47.136082],[27.673349,47.135954],[27.673673,47.13586],[27.673956,47.135794],[27.674267,47.135723],[27.674753,47.135658],[27.676136,47.13548],[27.677148,47.135346],[27.678705,47.135126],[27.679892,47.134973],[27.680261,47.134918],[27.680874,47.13485],[27.682258,47.134641]]},"properties":{"name":"Șoseaua Iași - Tomești"}},{"type":"Feature","geometry":{"type":"LineString","coordinates":[[27.682258,47.134641],[27.683216,47.134423],[27.683597,47.134332],[27.685475,47.133867],[27.686535,47.133612],[27.688557,47.133117],[27.68872,47.133078],[27.688974,47.133015],[27.689249,47.132949],[27.689415,47.132907],[27.689893,47.132784],[27.691436,47.132398],[27.692141,47.132225],[27.692645,47.132105],[27.692791,47.132069],[27.693158,47.131978],[27.694368,47.131688],[27.696234,47.131224],[27.696969,47.131067],[27.697307,47.130986],[27.697408,47.130955],[27.697855,47.130821],[27.697916,47.130789],[27.697999,47.130743],[27.698176,47.130619],[27.698322,47.130489],[27.698341,47.130465],[27.698393,47.130403],[27.698495,47.130277],[27.698564,47.130165]]},"properties":{"name":"Strada Profesor Petru Olteanu"}},{"type":"Feature","geometry":{"type":"LineString","coordinates":[[27.626252,47.120602],[27.626307,47.12065]]},"properties":{"name":"Stradela Bârnova"}},{"type":"Feature","geometry":{"type":"LineString","coordinates":[[27.626534,47.120454],[27.62658,47.120501]]},"properties":{"name":"Strada Petre Buzatov"}},{"type":"Feature","geometry":{"type":"LineString","coordinates":[[27.536104,47.172293],[27.536131,47.172227]]},"properties":{"name":"Strada Luca Arbore"}},{"type":"Feature","geometry":{"type":"LineString","coordinates":[[27.539964,47.172931],[27.539968,47.17291],[27.539972,47.172886],[27.539978,47.172865]]},"properties":{"name":"Strada Luca Arbore"}},{"type":"Feature","geometry":{"type":"LineString","coordinates":[[27.606912,47.13689],[27.606843,47.136844]]},"properties":{"name":"Strada Trei Fântâni"}},{"type":"Feature","geometry":{"type":"LineString","coordinates":[[27.539266,47.173749],[27.539312,47.173667],[27.539363,47.173577],[27.539414,47.173456],[27.539456,47.173337],[27.539477,47.173206],[27.539487,47.173078],[27.539491,47.172989],[27.539497,47.172918],[27.539498,47.172894],[27.539499,47.172871],[27.5395,47.17285]]},"properties":{"name":"Șoseaua Rediu Varianta"}},{"type":"Feature","geometry":{"type":"LineString","coordinates":[[27.56936,47.161379],[27.570529,47.161031],[27.570807,47.160972],[27.571035,47.160946],[27.571275,47.160944],[27.571729,47.160948],[27.572143,47.160951],[27.572659,47.160954],[27.572968,47.160958],[27.573148,47.160954],[27.5733,47.160943],[27.573477,47.160919],[27.573659,47.160878],[27.573906,47.160809],[27.574113,47.160731],[27.57429,47.160648],[27.574466,47.16054],[27.574623,47.160426],[27.57474,47.160319],[27.57485,47.160198],[27.574957,47.160058],[27.575075,47.159882],[27.575187,47.159724],[27.575289,47.159564],[27.575426,47.159362],[27.575468,47.159248],[27.575495,47.159145],[27.575485,47.158894]]},"properties":{"name":"Pasajul Alexandru cel Bun"}},{"type":"Feature","geometry":{"type":"LineString","coordinates":[[27.569428,47.169232],[27.56957,47.169177],[27.569693,47.169129],[27.570872,47.168664],[27.571834,47.168286],[27.572914,47.167856],[27.573744,47.167534],[27.573792,47.167516],[27.573815,47.167506],[27.573925,47.167461],[27.574261,47.167328]]},"properties":{"name":"Șoseaua Arcu"}},{"type":"Feature","geometry":{"type":"LineString","coordinates":[[27.574261,47.167328],[27.574373,47.167284],[27.574526,47.167237],[27.574651,47.167207],[27.574729,47.167184],[27.575231,47.167048],[27.577034,47.16656],[27.577216,47.1665],[27.577237,47.166492],[27.577318,47.166461],[27.577492,47.166391],[27.577615,47.166352],[27.577783,47.166304],[27.578017,47.16624],[27.578456,47.166121],[27.579106,47.165948],[27.579354,47.165886],[27.579974,47.165732],[27.580138,47.165691]]},"properties":{"name":"Strada Arcu"}},{"type":"Feature","geometry":{"type":"LineString","coordinates":[[27.580138,47.165691],[27.580297,47.16565],[27.580392,47.165627],[27.580522,47.165592],[27.580919,47.165488],[27.581759,47.165281]]},"properties":{"name":"Strada Cuza Vodă"}},{"type":"Feature","geometry":{"type":"LineString","coordinates":[[27.591439,47.164296],[27.591298,47.164303],[27.591196,47.164293],[27.59103,47.164266],[27.590922,47.164252],[27.590777,47.164226],[27.590695,47.164212],[27.590567,47.16419],[27.590559,47.164189],[27.590252,47.164135],[27.590046,47.1641],[27.589822,47.16407],[27.589506,47.164044],[27.589399,47.164032],[27.589226,47.163994],[27.588556,47.16383],[27.588406,47.163794],[27.5883,47.163769]]},"properties":{"name":"Strada Cuza Vodă"}},{"type":"Feature","geometry":{"type":"LineString","coordinates":[[27.516677,47.183486],[27.516079,47.183464],[27.515261,47.183438],[27.514487,47.183421],[27.513774,47.183414],[27.513216,47.183416],[27.512084,47.18343],[27.51104,47.183446],[27.510724,47.183456]]},"properties":{"name":"Strada Cuza Vodă"}},{"type":"Feature","geometry":{"type":"LineString","coordinates":[[27.566566,47.181514],[27.565871,47.182332],[27.565806,47.182408],[27.565718,47.182513],[27.565214,47.183111],[27.564832,47.18356],[27.564748,47.18366],[27.564233,47.184268],[27.564146,47.184374],[27.56405,47.184487],[27.563888,47.18468],[27.563297,47.185373],[27.562957,47.185777],[27.562863,47.185886],[27.562719,47.186057],[27.562559,47.186244],[27.562464,47.186353],[27.561786,47.187152],[27.561494,47.187497],[27.56142,47.187542],[27.561316,47.187619],[27.561234,47.187686],[27.561132,47.187802],[27.561069,47.187894],[27.561011,47.187995],[27.560969,47.188086],[27.560906,47.188192],[27.560629,47.188513],[27.559985,47.189272],[27.559941,47.189327],[27.559249,47.190139]]},"properties":{"name":"Aleea Grigore Ghica Vodă"}},{"type":"Feature","geometry":{"type":"LineString","coordinates":[[27.559138,47.190543],[27.559167,47.190397],[27.559185,47.190309],[27.559229,47.190209],[27.559249,47.190139],[27.559168,47.190189],[27.558954,47.190326],[27.558816,47.190394]]},"properties":{"name":"Aleea Grigore Ghica Vodă"}},{"type":"Feature","geometry":{"type":"LineString","coordinates":[[27.561494,47.187497],[27.561472,47.187559]]},"properties":{"name":"Aleea Grigore Ghica Vodă"}},{"type":"Feature","geometry":{"type":"LineString","coordinates":[[27.561008,47.1881],[27.560906,47.188192]]},"properties":{"name":"Aleea Grigore Ghica Vodă"}},{"type":"Feature","geometry":{"type":"LineString","coordinates":[[27.558667,47.190838],[27.558635,47.190873],[27.558618,47.190889],[27.558584,47.190925],[27.558551,47.190963],[27.558253,47.191308],[27.558006,47.191597],[27.557785,47.191852],[27.557594,47.192079],[27.557387,47.192322],[27.556832,47.192981],[27.556371,47.19352],[27.555985,47.193977],[27.555929,47.194041],[27.555313,47.194757],[27.554737,47.195437],[27.554471,47.1957],[27.5538,47.196086],[27.553042,47.196515],[27.55282,47.196641],[27.55257,47.196792],[27.552431,47.196867],[27.552179,47.197006],[27.552038,47.197074],[27.551883,47.197126],[27.551616,47.197188],[27.551294,47.197244],[27.550333,47.197411],[27.549514,47.197553],[27.54843,47.197736],[27.546128,47.198137],[27.545377,47.198276],[27.545139,47.198314],[27.544088,47.198491],[27.543886,47.198523],[27.543377,47.198617],[27.543281,47.198651],[27.543178,47.198696],[27.543037,47.198785],[27.542831,47.198931],[27.542093,47.199482],[27.54131,47.200064],[27.541062,47.20026],[27.541009,47.200297],[27.540895,47.20037],[27.540754,47.200435],[27.540607,47.200475],[27.540411,47.200488],[27.539871,47.200509],[27.539107,47.20054],[27.539011,47.200544],[27.538782,47.200569],[27.538552,47.200622],[27.538342,47.200683],[27.538208,47.200735],[27.5379,47.200853],[27.537597,47.200977],[27.537277,47.201112],[27.537059,47.201204],[27.536715,47.201349],[27.536421,47.201477],[27.536199,47.201591],[27.536015,47.201714],[27.535851,47.201838],[27.535322,47.20225],[27.535249,47.202311],[27.535128,47.202411],[27.534765,47.202698],[27.53468,47.202762],[27.534527,47.202893],[27.534233,47.20312],[27.53404,47.20327],[27.533953,47.203338],[27.533782,47.203474],[27.53164,47.205163],[27.531128,47.205567],[27.530903,47.205762],[27.530838,47.205827],[27.530796,47.20589],[27.530722,47.206062],[27.530725,47.206252],[27.530758,47.206608],[27.530826,47.207073],[27.531092,47.207733],[27.531183,47.20792],[27.531425,47.208441],[27.531581,47.208784],[27.531609,47.208854],[27.531624,47.208934],[27.531626,47.208998],[27.531619,47.209071],[27.531592,47.209175],[27.531506,47.209331],[27.53137,47.209627],[27.531174,47.21006],[27.531048,47.210345],[27.530888,47.210672],[27.53072,47.210969],[27.530503,47.21126],[27.530395,47.211419],[27.530279,47.21159],[27.529809,47.21223]]},"properties":{"name":"Aleea Mihail Sadoveanu"}},{"type":"Feature","geometry":{"type":"LineString","coordinates":[[27.57633,47.169507],[27.576406,47.169398],[27.576522,47.169196],[27.576617,47.168984],[27.576664,47.168864],[27.576692,47.168782],[27.576778,47.168574],[27.576821,47.168407],[27.576922,47.168272],[27.576948,47.168235],[27.576968,47.168151],[27.57699,47.168057],[27.576996,47.168026],[27.577042,47.167838],[27.577098,47.167584],[27.577103,47.167558],[27.577168,47.167326],[27.577215,47.167192],[27.577298,47.167005],[27.577436,47.166741],[27.577492,47.16664],[27.577493,47.166607],[27.577493,47.166594],[27.577499,47.166406],[27.577492,47.166391]]},"properties":{"name":"Strada Gavril Muzicescu"}},{"type":"Feature","geometry":{"type":"LineString","coordinates":[[27.576292,47.169611],[27.576262,47.169559]]},"properties":{"name":"Strada Gheorghe Lascăr"}},{"type":"Feature","geometry":{"type":"LineString","coordinates":[[27.57704,47.169565],[27.577169,47.169634]]},"properties":{"name":"Strada Vasile Conta"}},{"type":"Feature","geometry":{"type":"LineString","coordinates":[[27.603894,47.153759],[27.603944,47.153752],[27.603988,47.153746],[27.604043,47.15374]]},"properties":{"name":"Strada Splai Bahlui Mal Drept"}},{"type":"Feature","geometry":{"type":"LineString","coordinates":[[27.600464,47.153567],[27.600367,47.153524],[27.600217,47.153445],[27.600084,47.153358],[27.599952,47.153259],[27.599662,47.153051],[27.598706,47.15235],[27.598613,47.152277],[27.598542,47.152225],[27.598172,47.151953],[27.598118,47.151909],[27.597635,47.151555],[27.59752,47.151473],[27.597254,47.151276],[27.597217,47.151251],[27.596666,47.15084],[27.596624,47.150807],[27.596583,47.150776],[27.596262,47.150546],[27.595925,47.150293],[27.595864,47.15025],[27.595515,47.149994],[27.59527,47.149806],[27.594792,47.149456],[27.594644,47.149292],[27.594591,47.149243],[27.594567,47.14922],[27.594557,47.14921],[27.594529,47.149183],[27.5945,47.149163],[27.594289,47.149016],[27.593966,47.148778],[27.593247,47.14825],[27.593049,47.148103],[27.592913,47.148002],[27.59269,47.147841],[27.592544,47.147737],[27.592314,47.147571],[27.592096,47.147401]]},"properties":{"name":"Bulevardul Primăverii"}},{"type":"Feature","geometry":{"type":"LineString","coordinates":[[27.599549,47.136731],[27.599539,47.136798]]},"properties":{"name":"Strada Manta Roșie"}},{"type":"Feature","geometry":{"type":"LineString","coordinates":[[27.583192,47.13525],[27.58321,47.135181]]},"properties":{"name":"Șoseaua Iași-Hlincea"}},{"type":"Feature","geometry":{"type":"LineString","coordinates":[[27.587482,47.135572],[27.587503,47.135509]]},"properties":{"name":"Strada Cetățuia"}},{"type":"Feature","geometry":{"type":"LineString","coordinates":[[27.55777,47.168743],[27.557466,47.168838],[27.55739,47.168845],[27.557339,47.168861],[27.556954,47.168985],[27.556566,47.169108],[27.556192,47.169225],[27.555953,47.169276],[27.555873,47.169288],[27.555669,47.169303],[27.555439,47.16931],[27.555165,47.169321],[27.555025,47.169322],[27.554694,47.169323],[27.554533,47.169323],[27.554206,47.169325],[27.553252,47.169339],[27.553111,47.169342],[27.550754,47.16939],[27.550446,47.169395],[27.550211,47.1694],[27.550057,47.169387],[27.549747,47.169394],[27.549578,47.169395],[27.548205,47.169435],[27.54746,47.16945],[27.546729,47.169459],[27.546453,47.169462],[27.54609,47.169467],[27.544542,47.16948],[27.543156,47.1695],[27.542232,47.169512],[27.541703,47.169522],[27.541303,47.169526],[27.540718,47.169532]]},"properties":{"name":"Strada Tabacului"}},{"type":"Feature","geometry":{"type":"LineString","coordinates":[[27.55739,47.168845],[27.557444,47.1688],[27.55748,47.168775],[27.557507,47.168739],[27.557522,47.168665]]},"properties":{"name":"Strada Tabacului"}},{"type":"Feature","geometry":{"type":"LineString","coordinates":[[27.560131,47.17336],[27.56015,47.173422]]},"properties":{"name":"Strada Niciman"}},{"type":"Feature","geometry":{"type":"LineString","coordinates":[[27.587369,47.166205],[27.587397,47.166256]]},"properties":{"name":"Strada Vasile Stroescu"}},{"type":"Feature","geometry":{"type":"LineString","coordinates":[[27.610049,47.134788],[27.609986,47.134746],[27.60992,47.134701],[27.609909,47.134622],[27.60992,47.134538],[27.609969,47.134292],[27.610033,47.134068],[27.610071,47.133956],[27.610124,47.133874],[27.610217,47.133753],[27.610319,47.133661],[27.611169,47.132876],[27.611348,47.132681],[27.611454,47.132542],[27.611538,47.13237],[27.611566,47.132299],[27.611562,47.132226],[27.611553,47.132159],[27.611514,47.13209],[27.611395,47.132011],[27.61124,47.131931],[27.611162,47.131882],[27.611061,47.131795],[27.609692,47.131113],[27.609113,47.130832],[27.608621,47.130594],[27.608447,47.130509],[27.608163,47.130367],[27.607158,47.130028],[27.606907,47.129961],[27.606704,47.129918],[27.606311,47.129885],[27.606126,47.12983],[27.605945,47.129744],[27.605772,47.129638],[27.605427,47.129297],[27.605272,47.129148],[27.604891,47.128784],[27.604626,47.128535],[27.604306,47.12822],[27.60414,47.127951],[27.60408,47.127641],[27.604051,47.127493],[27.60403,47.127411],[27.603981,47.127291],[27.603893,47.127137],[27.603777,47.126994],[27.603527,47.12675],[27.603321,47.126555],[27.602866,47.126094],[27.602371,47.1256],[27.601982,47.125153],[27.601731,47.124874],[27.601326,47.124345],[27.601171,47.124108],[27.600952,47.123669],[27.60063,47.122891],[27.600565,47.122616],[27.600532,47.122473],[27.600444,47.121621],[27.600427,47.121423],[27.600417,47.121299],[27.600408,47.121199],[27.600375,47.120808],[27.600363,47.120666],[27.600355,47.120488],[27.600361,47.120332],[27.600377,47.120273],[27.600416,47.120235],[27.600484,47.120186]]},"properties":{"name":"Strada Vișan"}},{"type":"Feature","geometry":{"type":"LineString","coordinates":[[27.546868,47.166707],[27.546866,47.166724],[27.546862,47.16685],[27.547035,47.16698],[27.547412,47.167224],[27.548192,47.167755],[27.548267,47.167803],[27.548475,47.167926],[27.548908,47.168193],[27.549436,47.168609],[27.549573,47.168717],[27.549914,47.16897],[27.550225,47.168976],[27.550755,47.168979]]},"properties":{"name":"Strada Vitejilor"}},{"type":"Feature","geometry":{"type":"LineString","coordinates":[[27.550755,47.168979],[27.550754,47.169312],[27.550754,47.16939]]},"properties":{"name":"Strada Buridava"}},{"type":"Feature","geometry":{"type":"LineString","coordinates":[[27.59444,47.166926],[27.594495,47.166943],[27.594577,47.166965],[27.594702,47.166993],[27.594784,47.167],[27.594936,47.166989],[27.595083,47.166966],[27.595204,47.166931],[27.595302,47.166894],[27.59597,47.166534],[27.59603,47.166509],[27.596245,47.166434],[27.596524,47.166347],[27.596742,47.166287],[27.59693,47.166248],[27.597204,47.166224],[27.59744,47.16623],[27.597561,47.166246],[27.597891,47.166285],[27.598032,47.166301],[27.598124,47.166293],[27.598255,47.166267],[27.598395,47.166223],[27.59857,47.166168],[27.598725,47.166115],[27.599156,47.165963],[27.599543,47.165834],[27.59979,47.165769]]},"properties":{"name":"Strada Eternitate"}},{"type":"Feature","geometry":{"type":"LineString","coordinates":[[27.598725,47.166115],[27.598783,47.166168],[27.599681,47.167085],[27.599909,47.167354],[27.599946,47.167427],[27.599942,47.167596],[27.599929,47.167659]]},"properties":{"name":"Strada Beldiceanu"}},{"type":"Feature","geometry":{"type":"LineString","coordinates":[[27.599929,47.167659],[27.59983,47.168466],[27.599825,47.16854],[27.599818,47.168862],[27.599829,47.168933],[27.599841,47.169006],[27.599883,47.169393],[27.599896,47.169732],[27.599864,47.169904],[27.599822,47.170106],[27.599809,47.170178],[27.599771,47.17037],[27.599755,47.170437],[27.599667,47.170824],[27.599565,47.171152],[27.5994,47.171697],[27.599379,47.171755],[27.599125,47.172543],[27.599058,47.172753],[27.598859,47.173356],[27.598798,47.173551],[27.598647,47.173973],[27.598416,47.174509],[27.598352,47.174656],[27.598231,47.174962],[27.59822,47.175062],[27.598176,47.175377],[27.598139,47.17587],[27.598136,47.175953],[27.598129,47.176081],[27.598111,47.176625],[27.598081,47.177232],[27.598066,47.177816],[27.598045,47.17858],[27.598049,47.178918],[27.598014,47.179937],[27.59801,47.180128],[27.598009,47.180178],[27.597994,47.1803],[27.597939,47.180544],[27.597911,47.180824],[27.597823,47.181333],[27.597815,47.181381],[27.597788,47.181524],[27.597747,47.181747],[27.597674,47.182046],[27.597644,47.182151],[27.59749,47.182681],[27.597465,47.182766],[27.597306,47.183112],[27.597078,47.183888],[27.596993,47.184193]]},"properties":{"name":"Strada Moara de Vânt"}},{"type":"Feature","geometry":{"type":"LineString","coordinates":[[27.599825,47.16854],[27.599727,47.16847],[27.599406,47.168271],[27.599104,47.168086],[27.598868,47.167906],[27.598705,47.167757],[27.598645,47.167618],[27.598464,47.167558],[27.598024,47.167513],[27.597631,47.167429],[27.597109,47.167309],[27.597018,47.167286],[27.596766,47.167239],[27.596664,47.167221],[27.596482,47.167193],[27.595628,47.167083],[27.595534,47.16707],[27.595495,47.167057],[27.595302,47.166894]]},"properties":{"name":"Strada Vântu"}},{"type":"Feature","geometry":{"type":"LineString","coordinates":[[27.598032,47.166301],[27.598035,47.166358],[27.59814,47.166603],[27.598462,47.167215],[27.598603,47.167523],[27.598645,47.167618],[27.598846,47.167578],[27.599115,47.167563],[27.599835,47.167565],[27.599942,47.167596]]},"properties":{"name":"Strada Spital Pașcanu"}},{"type":"Feature","geometry":{"type":"LineString","coordinates":[[27.607416,47.176844],[27.607588,47.17694]]},"properties":{"name":"Drumul Aeroportului"}},{"type":"Feature","geometry":{"type":"LineString","coordinates":[[27.607338,47.176921],[27.607588,47.17694],[27.608311,47.177161],[27.608685,47.177302],[27.608747,47.177336],[27.60904,47.177506],[27.609282,47.177703],[27.609321,47.177748],[27.609463,47.177936],[27.60959,47.178175],[27.609615,47.178383],[27.609598,47.178564],[27.609527,47.178756],[27.609309,47.179257],[27.60926,47.179355],[27.609159,47.179517],[27.60911,47.179622],[27.609048,47.179788],[27.609006,47.179913],[27.609014,47.17997],[27.609031,47.180048],[27.609095,47.180127],[27.609191,47.180173],[27.609239,47.180196],[27.609311,47.180203],[27.609389,47.180199],[27.609484,47.180179],[27.609606,47.180128],[27.609699,47.180075],[27.609801,47.180011],[27.610063,47.179844],[27.61038,47.17963],[27.61063,47.179483],[27.611069,47.17931],[27.611564,47.179168],[27.613461,47.178655],[27.613698,47.178586],[27.613945,47.178501],[27.614222,47.178388],[27.614457,47.178275],[27.614691,47.178144],[27.614912,47.178001],[27.615123,47.177843],[27.615385,47.177634],[27.615529,47.177497],[27.615614,47.177407],[27.61585,47.177089],[27.616335,47.176404],[27.616989,47.175486],[27.617142,47.175284],[27.617273,47.175115],[27.617461,47.174934],[27.617659,47.174828],[27.617742,47.174756],[27.617822,47.174653],[27.618587,47.173564],[27.61867,47.173454],[27.618818,47.173392],[27.618955,47.173371]]},"properties":{"name":"Drumul Aeroportului"}},{"type":"Feature","geometry":{"type":"LineString","coordinates":[[27.607307,47.17692],[27.60713,47.176944],[27.60705,47.176946]]},"properties":{"name":"Soseaua Ciroc"}},{"type":"Feature","geometry":{"type":"LineString","coordinates":[[27.557631,47.168374],[27.557673,47.16832],[27.5577,47.168275],[27.557712,47.168207],[27.557709,47.168172],[27.557705,47.16811],[27.557481,47.167094],[27.557418,47.167002],[27.557283,47.166905]]},"properties":{"name":"Strada Sarmisegetuza"}},{"type":"Feature","geometry":{"type":"LineString","coordinates":[[27.558349,47.169112],[27.558174,47.168957],[27.557972,47.168777],[27.557893,47.168707]]},"properties":{"name":"Strada Octav Băncilă Pictor"}},{"type":"Feature","geometry":{"type":"LineString","coordinates":[[27.558349,47.169112],[27.558882,47.169557],[27.559155,47.169785],[27.55946,47.170035],[27.559953,47.170435],[27.560624,47.170979],[27.560868,47.171189],[27.561131,47.171436],[27.561501,47.1718],[27.561858,47.172124]]},"properties":{"name":"Pasaj Octav Băncilă Pictor"}},{"type":"Feature","geometry":{"type":"LineString","coordinates":[[27.561858,47.172124],[27.562246,47.172497],[27.562368,47.172615],[27.562409,47.172676],[27.562445,47.172727]]},"properties":{"name":"Pasajul Octav Băncilă Pictor"}},{"type":"Feature","geometry":{"type":"LineString","coordinates":[[27.575996,47.170106],[27.575978,47.170037],[27.575944,47.169982],[27.575902,47.169952],[27.575846,47.169942],[27.575745,47.169934]]},"properties":{"name":"DJ282"}},{"type":"Feature","geometry":{"type":"LineString","coordinates":[[27.504767,47.227385],[27.50465,47.227508],[27.504514,47.227628],[27.504147,47.227951],[27.503856,47.228193],[27.503759,47.228278],[27.503368,47.228617],[27.503102,47.22883],[27.502733,47.229092],[27.502619,47.229171],[27.502555,47.229217],[27.50213,47.229524],[27.501937,47.229669],[27.501601,47.229901],[27.501079,47.230272],[27.500541,47.230654],[27.50032,47.230815],[27.499834,47.231168],[27.499304,47.231528],[27.498698,47.231916],[27.49845,47.232075],[27.498301,47.232164],[27.498108,47.232271],[27.497892,47.232375],[27.497745,47.232437],[27.497644,47.232475],[27.497263,47.232615],[27.496981,47.232732],[27.49687,47.232777],[27.496688,47.232852],[27.496416,47.232981],[27.495986,47.233193],[27.495657,47.233338],[27.495326,47.233484],[27.495037,47.233608],[27.494796,47.233712],[27.49452,47.233841],[27.493805,47.2342],[27.49336,47.23445],[27.492656,47.234873],[27.492154,47.235194],[27.491421,47.235662],[27.491078,47.235872],[27.491029,47.235902],[27.490348,47.236334],[27.489492,47.236886],[27.488959,47.237238],[27.488608,47.23747],[27.488369,47.237641],[27.488234,47.237742],[27.487872,47.238032],[27.487635,47.238245],[27.487421,47.238419],[27.486601,47.239118],[27.486439,47.239255],[27.486002,47.239678],[27.4853,47.240392],[27.485112,47.240599],[27.48475,47.240987],[27.484634,47.241152],[27.484537,47.241327],[27.484452,47.241567],[27.484398,47.241783],[27.484361,47.241943],[27.48434,47.242103],[27.484277,47.242866],[27.484221,47.243282],[27.484182,47.243537],[27.484143,47.243724],[27.484044,47.243984],[27.483959,47.244167],[27.483897,47.244305],[27.483844,47.244388],[27.483771,47.244486],[27.483644,47.2446],[27.483591,47.244638],[27.483478,47.244722],[27.483291,47.244844],[27.483114,47.24496],[27.482913,47.245044],[27.482684,47.245114],[27.482454,47.245171],[27.48219,47.245234],[27.48197,47.245286],[27.481805,47.24536],[27.481602,47.245502],[27.481404,47.245684],[27.480912,47.246205],[27.480753,47.246361],[27.480614,47.246477],[27.480512,47.246549],[27.480423,47.24661],[27.480169,47.246788],[27.479583,47.24711],[27.478987,47.247445],[27.478606,47.247635],[27.477715,47.248049],[27.476766,47.248477],[27.47507,47.249243],[27.473883,47.249768],[27.472223,47.250501],[27.471458,47.250833],[27.470718,47.251151],[27.469565,47.251674],[27.468212,47.252275]]},"properties":{"name":"DJ282"}},{"type":"Feature","geometry":{"type":"LineString","coordinates":[[27.564989,47.188467],[27.565162,47.188296],[27.565352,47.188088],[27.566207,47.187207],[27.566747,47.186651],[27.567347,47.18601],[27.569012,47.184339],[27.569465,47.183842],[27.569965,47.183331]]},"properties":{"name":"Șoseaua Sărărie"}},{"type":"Feature","geometry":{"type":"LineString","coordinates":[[27.564989,47.188467],[27.564837,47.188679],[27.564298,47.18949],[27.563651,47.190642],[27.563036,47.191756],[27.562896,47.192025],[27.56276,47.192273],[27.562451,47.192732],[27.562347,47.192997],[27.562132,47.193424],[27.561862,47.193954],[27.561798,47.194017],[27.561682,47.194089],[27.56099,47.194482],[27.560688,47.194721],[27.560532,47.194983],[27.560392,47.195538],[27.560285,47.195747],[27.560121,47.196004],[27.559195,47.196978],[27.558569,47.198252],[27.558299,47.198662],[27.556924,47.200229],[27.555618,47.201016],[27.554692,47.201181],[27.554354,47.201309],[27.553823,47.201741],[27.553558,47.202107],[27.553465,47.202198],[27.552428,47.202941],[27.55234,47.203055],[27.552289,47.203154],[27.552291,47.203249],[27.552319,47.203368],[27.552384,47.203533],[27.552461,47.203664],[27.552516,47.203735],[27.552613,47.203807],[27.55275,47.20385],[27.552904,47.203868],[27.554718,47.203868],[27.55495,47.203868],[27.555168,47.203877],[27.555309,47.203891],[27.555469,47.203922],[27.555611,47.203957],[27.555755,47.204008],[27.55591,47.204103],[27.556022,47.204186],[27.556133,47.204287],[27.556219,47.204376],[27.556287,47.204484],[27.556321,47.204556],[27.55634,47.204618],[27.556357,47.204709],[27.556395,47.204809],[27.55643,47.204859],[27.556469,47.204885],[27.556525,47.204911]]},"properties":{"name":"Șoseaua Ștefan cel Mare și Sfânt"}},{"type":"Feature","geometry":{"type":"LineString","coordinates":[[27.555729,47.206],[27.555588,47.206228],[27.55546,47.206458],[27.555173,47.206921],[27.554987,47.207229],[27.554787,47.207557],[27.554632,47.20781],[27.554468,47.208076],[27.554291,47.208385],[27.554236,47.208477],[27.55419,47.208551],[27.554061,47.208762],[27.553894,47.209035],[27.55373,47.209302],[27.553665,47.209409],[27.553579,47.209554],[27.553575,47.209562],[27.553449,47.209774],[27.553264,47.210095],[27.553096,47.210375],[27.552871,47.210739],[27.552655,47.211086],[27.552488,47.211349],[27.552372,47.211528],[27.55228,47.211668],[27.552219,47.21174],[27.552159,47.2118],[27.552048,47.211907],[27.551817,47.212104],[27.551641,47.212272],[27.551572,47.21235],[27.551514,47.212429],[27.551479,47.212487],[27.551415,47.212612],[27.55136,47.212754],[27.551312,47.212881],[27.551213,47.213143],[27.551168,47.213249],[27.551131,47.213325],[27.551083,47.213401],[27.550964,47.21356],[27.550846,47.213715],[27.55079,47.21379],[27.550743,47.213867],[27.550709,47.21393],[27.550652,47.214067],[27.550567,47.214374],[27.550501,47.214604],[27.550463,47.214718],[27.550419,47.214826],[27.550375,47.214913],[27.550327,47.214992],[27.550274,47.215072],[27.550196,47.215173],[27.550096,47.215287],[27.549895,47.2155],[27.549664,47.215738],[27.549635,47.215768],[27.549388,47.216037],[27.54917,47.216291],[27.548999,47.216518],[27.548897,47.216717],[27.548795,47.217037],[27.548762,47.217222],[27.548661,47.217804],[27.548573,47.218205],[27.548439,47.218633],[27.548286,47.218989],[27.547824,47.219882],[27.547353,47.22079],[27.547198,47.221046],[27.547077,47.221226],[27.54695,47.221403],[27.54672,47.221686],[27.546503,47.221926],[27.546299,47.222142],[27.546107,47.222336],[27.545948,47.222489],[27.545765,47.222652],[27.545435,47.222928],[27.54527,47.223059],[27.545135,47.223157],[27.544975,47.223268],[27.54472,47.223428],[27.544577,47.223495],[27.544426,47.223557],[27.544237,47.223622],[27.544067,47.223674],[27.543902,47.223721],[27.543749,47.223772],[27.543625,47.223814],[27.543515,47.223864],[27.543395,47.223929],[27.543299,47.223987],[27.543184,47.224071],[27.54303,47.224205],[27.542626,47.224603],[27.541774,47.225454],[27.541599,47.225618],[27.541478,47.225718],[27.541329,47.225828],[27.540869,47.226149],[27.540311,47.226535],[27.539837,47.226878],[27.539465,47.227143],[27.539102,47.227406]]},"properties":{"name":"Șoseaua Ștefan cel Mare și Sfânt"}},{"type":"Feature","geometry":{"type":"LineString","coordinates":[[27.588081,47.174906],[27.587927,47.175155],[27.587799,47.175317],[27.587655,47.175476],[27.587556,47.175598],[27.587382,47.175782],[27.587251,47.175921],[27.587117,47.176053],[27.586961,47.176192],[27.586808,47.176328],[27.586658,47.176465],[27.586552,47.176572],[27.586464,47.176671],[27.586382,47.176769],[27.5863,47.176875],[27.586215,47.176998],[27.586148,47.177093],[27.586024,47.17727],[27.585934,47.177397],[27.585796,47.177575],[27.585707,47.177689],[27.585578,47.177825],[27.585475,47.177935],[27.58538,47.178025],[27.585282,47.178119],[27.58487,47.178482],[27.584649,47.178676],[27.584447,47.178878],[27.584202,47.179122],[27.584175,47.17915],[27.584017,47.179316],[27.583824,47.179517],[27.583448,47.179868],[27.582843,47.180391],[27.582343,47.180822],[27.582105,47.181027],[27.581726,47.181372],[27.581445,47.18163],[27.58115,47.181904],[27.580642,47.182372],[27.580183,47.182802],[27.579697,47.183255],[27.579444,47.183479],[27.579386,47.18353],[27.579234,47.183651],[27.579098,47.183748],[27.578914,47.183873],[27.578669,47.184018],[27.578272,47.184247],[27.578104,47.184348],[27.577943,47.184453],[27.577791,47.184569],[27.577577,47.184744],[27.577394,47.18491],[27.577234,47.185067],[27.577042,47.185264],[27.576776,47.185525],[27.576491,47.185803],[27.576158,47.18612],[27.575837,47.186405],[27.575491,47.186701],[27.575078,47.18706],[27.574751,47.187355],[27.574604,47.187499],[27.574486,47.187617],[27.574346,47.18777],[27.574196,47.187946],[27.573786,47.188458],[27.573572,47.188732],[27.573411,47.188938],[27.57326,47.189127],[27.573141,47.189276],[27.573046,47.189403],[27.572882,47.189612],[27.572654,47.189893],[27.571961,47.190795],[27.571563,47.191322],[27.57125,47.191751],[27.571169,47.191862],[27.570856,47.192283],[27.570529,47.192709],[27.570148,47.193139],[27.569975,47.193317],[27.569596,47.193674],[27.569168,47.19406],[27.568834,47.194366],[27.568526,47.194662],[27.56847,47.194716],[27.568127,47.195054],[27.567753,47.195435],[27.567436,47.195762],[27.567143,47.196062],[27.566792,47.196413],[27.56653,47.196678],[27.566253,47.196978],[27.565945,47.197297],[27.565625,47.197627],[27.565602,47.197654],[27.565475,47.197806],[27.565324,47.198],[27.56518,47.198219],[27.565105,47.198338],[27.565016,47.198491],[27.564865,47.198765],[27.564733,47.198998],[27.564638,47.199155],[27.564531,47.199301],[27.564429,47.199423],[27.564318,47.199541],[27.564217,47.199632],[27.564097,47.199727],[27.563985,47.199804],[27.563872,47.199882],[27.56376,47.199951],[27.563635,47.200013],[27.563452,47.200098],[27.563199,47.20021],[27.562935,47.200324],[27.562636,47.200453],[27.562396,47.200566],[27.562265,47.200634],[27.562132,47.200716],[27.561984,47.200829],[27.561887,47.200916],[27.561803,47.200998],[27.561719,47.201092],[27.561665,47.201158],[27.561602,47.201244],[27.561459,47.201435],[27.561279,47.201699],[27.56111,47.201944],[27.560813,47.20238],[27.560678,47.202573],[27.560537,47.202763],[27.56045,47.202863],[27.560349,47.20296],[27.560275,47.203024],[27.560192,47.203087],[27.560089,47.203152],[27.559973,47.203213],[27.55985,47.203263],[27.559731,47.203307],[27.559597,47.203346],[27.559423,47.203385],[27.559258,47.203415],[27.559069,47.203441],[27.558829,47.203471],[27.558342,47.203535],[27.55811,47.203583],[27.558022,47.203605],[27.557896,47.203646],[27.557786,47.203691],[27.5577,47.20373],[27.557587,47.20379],[27.557509,47.203837],[27.557423,47.203901],[27.557335,47.20397],[27.557251,47.204049],[27.557148,47.204161],[27.557051,47.204275],[27.556703,47.204691],[27.556525,47.204911],[27.556067,47.205481],[27.555729,47.206]]},"properties":{"name":"Bulevardul C.A. Rosetti"}},{"type":"Feature","geometry":{"type":"LineString","coordinates":[[27.5883,47.163769],[27.588286,47.163783],[27.588224,47.163839],[27.588176,47.163883],[27.588138,47.164011],[27.588135,47.16411],[27.588147,47.164266],[27.588188,47.164759],[27.588236,47.164914],[27.588444,47.165424],[27.588466,47.165459],[27.588514,47.165529],[27.588558,47.16559],[27.588661,47.165796],[27.58874,47.165939]]},"properties":{"name":"Strada George Enescu"}},{"type":"Feature","geometry":{"type":"LineString","coordinates":[[27.59979,47.165769],[27.600101,47.166298],[27.600114,47.166341],[27.600123,47.166411],[27.600135,47.167338]]},"properties":{"name":"Strada Emil Racoviță"}},{"type":"Feature","geometry":{"type":"LineString","coordinates":[[27.599946,47.167427],[27.600025,47.167401],[27.600135,47.167338]]},"properties":{"name":"Strada Spancioc"}},{"type":"Feature","geometry":{"type":"LineString","coordinates":[[27.596993,47.184193],[27.596822,47.184973],[27.596759,47.185307],[27.596763,47.185579],[27.596939,47.186742],[27.597155,47.187787],[27.597189,47.188359],[27.597185,47.189195],[27.597155,47.189804],[27.5971,47.190219],[27.597043,47.190575],[27.596865,47.191128],[27.596581,47.192113],[27.596406,47.192711],[27.596294,47.193125],[27.59629,47.19318],[27.59632,47.193245],[27.596374,47.193313],[27.596474,47.193381],[27.59708,47.193583],[27.597231,47.193633],[27.59775,47.193815]]},"properties":{"name":"DJ282G"}},{"type":"Feature","geometry":{"type":"LineString","coordinates":[[27.603275,47.203539],[27.603044,47.203439],[27.602879,47.2033],[27.602712,47.20312],[27.602659,47.203021],[27.601856,47.200923],[27.601809,47.200784],[27.601308,47.199469],[27.600853,47.198209],[27.600718,47.197815],[27.600669,47.197712],[27.600567,47.197686],[27.600435,47.197708],[27.599827,47.198183],[27.599555,47.198375],[27.599449,47.198442],[27.599352,47.19847],[27.599265,47.198461],[27.599167,47.198416],[27.599101,47.198309],[27.599067,47.198149],[27.599046,47.197871],[27.599015,47.197496],[27.598976,47.197114],[27.598797,47.196658],[27.598695,47.196415],[27.598619,47.196257],[27.598554,47.196099],[27.598503,47.195922],[27.598508,47.195754],[27.598575,47.195439],[27.598605,47.19524],[27.598621,47.195106],[27.598612,47.194992],[27.598583,47.194887],[27.598532,47.194774],[27.598368,47.194513],[27.598297,47.194386],[27.598225,47.194267],[27.598022,47.194045],[27.597955,47.19397],[27.597862,47.193886],[27.59775,47.193815]]},"properties":{"name":"Strada Aron Vodă"}},{"type":"Feature","geometry":{"type":"LineString","coordinates":[[27.598225,47.194267],[27.59814,47.194372],[27.598014,47.194608],[27.597832,47.194848],[27.597605,47.195164],[27.597318,47.195471],[27.597011,47.195773],[27.596499,47.196281],[27.596268,47.196527],[27.596109,47.196717],[27.595934,47.196981],[27.595735,47.197275],[27.595363,47.19782],[27.595065,47.198269],[27.594873,47.198566],[27.594788,47.198753],[27.59473,47.198973],[27.594666,47.199284],[27.594405,47.200644],[27.594324,47.20089],[27.594218,47.201159],[27.594121,47.20147],[27.594083,47.201709],[27.594044,47.202089],[27.594014,47.202508],[27.593976,47.202913],[27.593906,47.203223],[27.593753,47.203802],[27.5936,47.204491],[27.593438,47.205072],[27.593378,47.205344],[27.593322,47.20559],[27.59326,47.205896],[27.593239,47.206138],[27.593235,47.207111],[27.593207,47.207481],[27.593262,47.208088],[27.593298,47.208407],[27.593375,47.208655],[27.593491,47.208961],[27.593601,47.209245],[27.593762,47.209495],[27.593992,47.20975],[27.594502,47.210196],[27.594867,47.210526],[27.595457,47.210991],[27.595747,47.211209],[27.59595,47.211328],[27.596099,47.21142],[27.596469,47.211537],[27.596686,47.211583],[27.597169,47.211688],[27.597321,47.211735],[27.597469,47.211831],[27.597562,47.211907],[27.597648,47.211991],[27.597742,47.212124],[27.597786,47.212266],[27.597804,47.212386],[27.597809,47.212534],[27.597816,47.212918],[27.597817,47.213011],[27.597798,47.213576],[27.597758,47.213804],[27.597615,47.213959],[27.597455,47.214101],[27.597246,47.21425],[27.597106,47.21435],[27.59688,47.214444],[27.596552,47.214542],[27.596205,47.214627],[27.595684,47.214798],[27.595587,47.214835],[27.595525,47.214877],[27.595478,47.214943],[27.595466,47.215],[27.595442,47.215107],[27.595212,47.21566],[27.594896,47.216324],[27.594616,47.216966],[27.594513,47.217245],[27.594418,47.217589],[27.594361,47.217926],[27.594299,47.218474],[27.59419,47.219441],[27.594134,47.219855],[27.594086,47.220216],[27.594061,47.220583],[27.594075,47.22074],[27.594101,47.220926],[27.594151,47.221244],[27.594275,47.221801],[27.594417,47.222391],[27.594511,47.222808],[27.594727,47.223501],[27.594782,47.223701]]},"properties":{"name":"Aroneanu-Dorobanț"}},{"type":"Feature","geometry":{"type":"LineString","coordinates":[[27.594782,47.223701],[27.594991,47.224306],[27.595096,47.224646],[27.595156,47.224872],[27.595254,47.225304],[27.595328,47.225862],[27.595535,47.226499],[27.595682,47.227011],[27.595918,47.227762],[27.595972,47.227971],[27.596031,47.228199],[27.596125,47.228629],[27.596178,47.228989],[27.596197,47.229426],[27.596267,47.23029],[27.596278,47.230676],[27.596321,47.231437],[27.59638,47.231969],[27.596624,47.233133],[27.596956,47.234413],[27.597045,47.234801]]},"properties":{"name":"Dorobanț-Cilibru"}},{"type":"Feature","geometry":{"type":"LineString","coordinates":[[27.5873,47.203873],[27.587318,47.203786],[27.587334,47.203599],[27.587282,47.203291],[27.587288,47.203228],[27.587303,47.203154],[27.587384,47.203015],[27.587603,47.202722],[27.587786,47.202505],[27.587967,47.202331],[27.58829,47.202089],[27.588648,47.20181],[27.589008,47.201563],[27.589425,47.20134],[27.590131,47.200975],[27.590335,47.200857],[27.590601,47.200692],[27.590787,47.200592],[27.590929,47.200495],[27.59108,47.200369],[27.591192,47.200249],[27.591417,47.199899],[27.591466,47.199819],[27.591723,47.199421],[27.592238,47.198659],[27.592375,47.198456],[27.593496,47.196614],[27.594254,47.195215],[27.59469,47.194489],[27.595085,47.193868],[27.595171,47.193747],[27.595329,47.193654],[27.595531,47.193535],[27.595831,47.193385],[27.5962,47.193185],[27.59629,47.19318]]},"properties":{"name":"Strada Alexandru Loan Cuza"}},{"type":"Feature","geometry":{"type":"LineString","coordinates":[[27.603381,47.203571],[27.603651,47.203649],[27.603693,47.203666],[27.604074,47.203819],[27.604601,47.204047],[27.605075,47.204253],[27.605331,47.204406],[27.605872,47.204712],[27.606373,47.205049],[27.607336,47.205601],[27.60823,47.206107],[27.60851,47.206272],[27.608695,47.206398],[27.60895,47.206615],[27.609056,47.206772],[27.609117,47.206862],[27.609222,47.207108],[27.609469,47.207516],[27.609681,47.207902],[27.609796,47.208043],[27.609957,47.208208],[27.610139,47.208376],[27.610264,47.208485],[27.610376,47.208561],[27.610547,47.208623],[27.610678,47.208656],[27.61087,47.208673],[27.61107,47.208633],[27.611801,47.208481],[27.612115,47.208423],[27.612407,47.208405],[27.612762,47.208392],[27.613153,47.208422],[27.613421,47.208464],[27.613964,47.208577],[27.614236,47.20865],[27.615303,47.208912],[27.615487,47.208948],[27.615851,47.209021],[27.616374,47.209089],[27.617241,47.209178],[27.617996,47.209224],[27.618149,47.209256],[27.618313,47.209322],[27.618415,47.209404],[27.618483,47.209506],[27.618584,47.209673],[27.618843,47.210244],[27.61891,47.21039],[27.618989,47.210514],[27.619098,47.210605],[27.619197,47.210672],[27.619388,47.210748],[27.619543,47.210787],[27.619701,47.21081],[27.619867,47.210818],[27.620082,47.210823],[27.620486,47.210836],[27.620737,47.210863],[27.620959,47.210912],[27.621289,47.211004],[27.622614,47.211495],[27.62351,47.2118],[27.624221,47.212043],[27.624759,47.212215],[27.625087,47.212297],[27.625561,47.212427],[27.625937,47.212501],[27.626188,47.212534],[27.626431,47.212548],[27.626694,47.212559],[27.626948,47.212558],[27.62743,47.212583],[27.627622,47.212605],[27.62776,47.212641],[27.627879,47.212694],[27.628397,47.21301],[27.629168,47.213464],[27.629659,47.213853],[27.629761,47.213979],[27.629843,47.214098],[27.62996,47.214288],[27.630043,47.214413],[27.630122,47.214581],[27.63018,47.214786],[27.630214,47.21498],[27.630174,47.215155],[27.630115,47.215354],[27.629963,47.215885],[27.629864,47.216741],[27.629883,47.216919],[27.629915,47.217029],[27.629966,47.217125],[27.630033,47.21718],[27.630175,47.217278],[27.630393,47.217377],[27.630544,47.21744],[27.630768,47.217546],[27.631081,47.217675],[27.63146,47.217803],[27.632168,47.218032],[27.632632,47.218208],[27.633075,47.218368],[27.63369,47.218589],[27.63399,47.218683],[27.634213,47.218731],[27.63448,47.218781],[27.634876,47.218814],[27.635168,47.218829],[27.636123,47.218882],[27.636941,47.218931],[27.637081,47.21895],[27.63716,47.218984],[27.637228,47.219022],[27.637273,47.219058],[27.637304,47.219107],[27.637345,47.219166],[27.637421,47.219274],[27.637508,47.219453],[27.637614,47.2196],[27.637675,47.21979],[27.637719,47.219879],[27.637759,47.219967],[27.637788,47.220052],[27.637792,47.220147],[27.637757,47.22026],[27.637721,47.220356],[27.637598,47.220542],[27.637544,47.220633],[27.637345,47.220989],[27.637132,47.221318],[27.637002,47.221579],[27.636937,47.221714],[27.63689,47.221816],[27.636811,47.222052],[27.636792,47.222147],[27.636782,47.22224],[27.636788,47.222343],[27.636802,47.22244],[27.636834,47.222636],[27.636922,47.223088],[27.636962,47.223233],[27.637016,47.223384],[27.637026,47.223409],[27.637067,47.223486],[27.637117,47.223578],[27.637163,47.223638],[27.637199,47.223673],[27.637334,47.223804],[27.63753,47.223939],[27.63767,47.224038],[27.637758,47.224115],[27.637825,47.224168],[27.637852,47.224196],[27.637874,47.224212],[27.637898,47.224235]]},"properties":{"name":"Aroneanu-Rediu Aldei"}},{"type":"Feature","geometry":{"type":"LineString","coordinates":[[27.654869,47.089449],[27.654949,47.08943],[27.655051,47.089405],[27.656261,47.089617],[27.656398,47.089657],[27.657081,47.089924],[27.657526,47.090108],[27.658036,47.090321],[27.65842,47.090501],[27.658581,47.090621],[27.658719,47.09074],[27.658789,47.090834],[27.658874,47.090964],[27.658938,47.091086],[27.659005,47.091344],[27.659114,47.091576],[27.659354,47.091881],[27.659562,47.092108],[27.659652,47.092231],[27.659736,47.09243],[27.659808,47.09263],[27.660213,47.093718],[27.660799,47.094395],[27.660939,47.094566],[27.66104,47.09475],[27.661293,47.095375],[27.661385,47.095472],[27.661651,47.095629],[27.662427,47.096109],[27.662622,47.096267],[27.662685,47.096465],[27.662621,47.096712],[27.662401,47.097251],[27.66225,47.097553],[27.661811,47.098333],[27.661623,47.098806],[27.661549,47.099107],[27.661546,47.099316],[27.661558,47.099723],[27.661598,47.10017],[27.661567,47.100481],[27.661516,47.10061],[27.661449,47.100688],[27.661381,47.100884],[27.661397,47.101041],[27.66146,47.101156],[27.661618,47.101269],[27.661811,47.10136],[27.6623,47.10152],[27.662475,47.101615],[27.663271,47.102067],[27.664269,47.102792],[27.664702,47.103119]]},"properties":{"name":"Strada Sfinții Petru și Pavel"}},{"type":"Feature","geometry":{"type":"LineString","coordinates":[[27.600484,47.120186],[27.600566,47.120158],[27.600681,47.120139],[27.600821,47.120108],[27.60102,47.120066],[27.601203,47.120007],[27.601367,47.119933],[27.60145,47.119869],[27.601515,47.119778],[27.601576,47.119619],[27.601872,47.118678],[27.60231,47.117355],[27.602565,47.116696],[27.603075,47.114894]]},"properties":{"name":"Strada Sfântul Ilie"}},{"type":"Feature","geometry":{"type":"LineString","coordinates":[[27.641633,47.152258],[27.641616,47.152285],[27.641603,47.152307],[27.641585,47.152336]]},"properties":{"name":"Strada Sfântul Ioan"}},{"type":"Feature","geometry":{"type":"LineString","coordinates":[[27.648043,47.152952],[27.648857,47.152883],[27.650088,47.152768],[27.651606,47.152629],[27.653848,47.15243]]},"properties":{"name":"Șoseaua Iași-Ungheni"}},{"type":"Feature","geometry":{"type":"LineString","coordinates":[[27.64806,47.153038],[27.648878,47.152965],[27.650105,47.152853],[27.651621,47.152713],[27.653865,47.152514],[27.655549,47.152366],[27.655705,47.152354],[27.655898,47.152337],[27.657805,47.152162],[27.659404,47.152023],[27.659686,47.151996],[27.659756,47.151981],[27.659971,47.151937]]},"properties":{"name":"Șoseaua Iași-Ungheni"}},{"type":"Feature","geometry":{"type":"LineString","coordinates":[[27.659971,47.151937],[27.66076,47.15187],[27.66222,47.151769],[27.662557,47.151738],[27.664106,47.151554],[27.665726,47.151404],[27.666943,47.151323],[27.667455,47.151291],[27.667639,47.15128],[27.667809,47.151269],[27.670238,47.151054],[27.672221,47.150838],[27.673757,47.150679],[27.674239,47.15063],[27.674919,47.150508],[27.677264,47.149835],[27.678473,47.149501],[27.679092,47.14933],[27.679585,47.149194],[27.681327,47.148713],[27.681891,47.148534],[27.682321,47.148395],[27.682555,47.148329],[27.682768,47.14829],[27.682959,47.148263],[27.68315,47.148244],[27.683302,47.148234],[27.683458,47.148232],[27.683768,47.148246],[27.684441,47.148289],[27.686365,47.148389],[27.686679,47.148406]]},"properties":{"name":"DJ249A"}},{"type":"Feature","geometry":{"type":"LineString","coordinates":[[27.685201,47.157952],[27.685238,47.158162],[27.685437,47.15874],[27.685512,47.158963],[27.685614,47.159171],[27.685767,47.159417],[27.685997,47.159858],[27.686214,47.160232],[27.686405,47.160577],[27.686521,47.160843],[27.686554,47.160989],[27.686582,47.161136],[27.686594,47.161207],[27.686647,47.161323],[27.686702,47.161393],[27.686769,47.16145],[27.686896,47.161533],[27.687093,47.161621],[27.687543,47.16177],[27.687725,47.161843],[27.687844,47.161916],[27.687933,47.161996],[27.687993,47.162112],[27.68802,47.162229],[27.688116,47.163658],[27.688168,47.164615],[27.688194,47.164938],[27.688195,47.164975],[27.688219,47.165267],[27.688271,47.165975],[27.688303,47.166447],[27.688343,47.166848],[27.688392,47.167446],[27.688417,47.167805],[27.688455,47.168343],[27.688504,47.168996],[27.688581,47.16964],[27.688622,47.17014],[27.688626,47.170581],[27.688666,47.170729],[27.6888,47.170989],[27.688925,47.171175],[27.689011,47.171309],[27.689082,47.171465],[27.689141,47.17162],[27.689133,47.171775],[27.689055,47.171978],[27.688908,47.172257],[27.688744,47.172501],[27.688216,47.173261],[27.687746,47.173841],[27.687296,47.174485],[27.68703,47.174955],[27.686783,47.175417],[27.686629,47.17574],[27.686191,47.176766],[27.686075,47.176999],[27.685689,47.177679],[27.685225,47.178341],[27.684955,47.17865],[27.684559,47.179067],[27.68406,47.179521],[27.683871,47.179676],[27.683667,47.179851],[27.683303,47.180207],[27.683011,47.180494],[27.682771,47.180739],[27.682116,47.181426],[27.681812,47.181743],[27.681536,47.182023],[27.681152,47.182393],[27.680569,47.183019],[27.679802,47.183806],[27.679678,47.183937],[27.679519,47.184094],[27.679181,47.184444],[27.679026,47.184644],[27.67888,47.18487],[27.678616,47.185236],[27.678314,47.185588],[27.678027,47.185895],[27.677719,47.186194],[27.677099,47.186731],[27.676745,47.187041],[27.676343,47.18736],[27.676028,47.18761],[27.675607,47.187935],[27.675352,47.188098],[27.675153,47.18825],[27.67492,47.18849],[27.674723,47.188726],[27.674516,47.188933],[27.67429,47.189147],[27.673926,47.189466],[27.673792,47.189587],[27.673635,47.189741],[27.673397,47.190102],[27.673154,47.190442],[27.673014,47.190633],[27.672867,47.190849],[27.672658,47.191154],[27.672313,47.191614],[27.672016,47.192021],[27.671754,47.192367],[27.671497,47.192712],[27.671131,47.193146],[27.670701,47.193717],[27.670419,47.194081],[27.670087,47.194495],[27.6698,47.194871],[27.669577,47.195162],[27.669105,47.19575],[27.668767,47.196092],[27.668679,47.196175]]},"properties":{"name":"DC20"}},{"type":"Feature","geometry":{"type":"LineString","coordinates":[[27.686845,47.15616],[27.686883,47.156132],[27.686903,47.156084],[27.686935,47.155974],[27.686962,47.155871],[27.686968,47.155812],[27.686986,47.155595],[27.686955,47.155375],[27.686931,47.155194],[27.686881,47.154994],[27.686834,47.154821],[27.686794,47.154717],[27.686737,47.154614],[27.686604,47.15447],[27.686412,47.154299],[27.686142,47.154071],[27.685983,47.153903],[27.685822,47.153712],[27.685422,47.153265],[27.685204,47.152993],[27.685083,47.152811],[27.684971,47.1526],[27.684781,47.152146],[27.684654,47.151906],[27.684611,47.151786],[27.684576,47.151647],[27.684538,47.151511],[27.684546,47.151359],[27.6847,47.15107],[27.685091,47.1505],[27.685177,47.150242],[27.685233,47.149971],[27.685271,47.149817],[27.685318,47.149703],[27.68539,47.149553],[27.685517,47.149414],[27.685795,47.149158],[27.686504,47.148579],[27.68659,47.148488],[27.686679,47.148406]]},"properties":{"name":"DC20"}},{"type":"Feature","geometry":{"type":"LineString","coordinates":[[27.686845,47.15616],[27.686974,47.156553],[27.687157,47.157001],[27.687211,47.157178]]},"properties":{"name":"Strada Fântânii"}},{"type":"Feature","geometry":{"type":"LineString","coordinates":[[27.685201,47.157952],[27.685707,47.157884],[27.685835,47.157858],[27.686044,47.157782],[27.686188,47.157743],[27.686663,47.157539],[27.686901,47.157404],[27.687211,47.157178]]},"properties":{"name":"Strada Hora"}},{"type":"Feature","geometry":{"type":"LineString","coordinates":[[27.521651,47.145161],[27.521379,47.145084],[27.520748,47.14485],[27.520076,47.144596],[27.519232,47.144276],[27.518039,47.143809],[27.516385,47.143162],[27.516021,47.143019],[27.515315,47.142757],[27.514926,47.142613],[27.51458,47.142482],[27.514307,47.142377],[27.51389,47.142216],[27.513691,47.142139],[27.513456,47.142042],[27.513244,47.141938],[27.513121,47.141867],[27.51284,47.141676],[27.51277,47.141627],[27.51192,47.14102],[27.511528,47.14073],[27.511286,47.14056],[27.511049,47.140428],[27.510903,47.140363],[27.51072,47.140312],[27.510617,47.140294],[27.510462,47.140276],[27.510184,47.140263],[27.509115,47.140245],[27.508885,47.140224],[27.508766,47.14021],[27.508667,47.140191],[27.508551,47.140161],[27.508441,47.140127],[27.508279,47.140067],[27.508149,47.140012],[27.508009,47.139945],[27.507848,47.139862],[27.507695,47.139762],[27.50705,47.139289],[27.50602,47.138551],[27.5058,47.138416],[27.505623,47.138329],[27.505518,47.138294],[27.505376,47.138258],[27.505211,47.138226],[27.504998,47.138208],[27.504799,47.138208],[27.504567,47.138217],[27.503718,47.138281],[27.50278,47.138345],[27.502371,47.138382],[27.502011,47.138392],[27.501829,47.138385],[27.501671,47.13837]]},"properties":{"name":"DJ248A"}},{"type":"Feature","geometry":{"type":"LineString","coordinates":[[27.501357,47.138362],[27.501222,47.138401],[27.501101,47.138438],[27.500841,47.138487],[27.500566,47.138509],[27.500048,47.138467],[27.499445,47.138393],[27.499121,47.138343],[27.498829,47.1383],[27.498448,47.13822],[27.497927,47.138073],[27.497583,47.137961],[27.497423,47.137913],[27.496741,47.137715],[27.495746,47.137421],[27.494898,47.137179],[27.494863,47.137169],[27.494004,47.136939],[27.49345,47.136793],[27.492143,47.136438],[27.491378,47.13625],[27.490925,47.136151],[27.490612,47.13609],[27.490306,47.13603],[27.489988,47.135973],[27.489314,47.135853],[27.488749,47.135746],[27.487982,47.135599],[27.487855,47.135577],[27.486672,47.135356],[27.486385,47.135307],[27.485402,47.135124],[27.485082,47.135069],[27.484913,47.135039],[27.484023,47.134864],[27.483201,47.134706],[27.482809,47.134633],[27.481712,47.134429],[27.481538,47.134387],[27.481443,47.134358],[27.481338,47.134321],[27.481242,47.13427],[27.481151,47.1342],[27.481068,47.134121],[27.480932,47.133932],[27.480612,47.133501],[27.480274,47.133044],[27.479865,47.132627],[27.479702,47.132464],[27.478645,47.131522],[27.478131,47.131061],[27.478017,47.130961],[27.477727,47.130709],[27.477667,47.130655],[27.477455,47.13045],[27.47734,47.130353],[27.477239,47.130296],[27.477161,47.130226],[27.47712,47.130182]]},"properties":{"name":"DJ248A"}},{"type":"Feature","geometry":{"type":"LineString","coordinates":[[27.477076,47.130125],[27.477001,47.130068],[27.476842,47.129942],[27.476787,47.129872]]},"properties":{"name":"DJ248A"}},{"type":"Feature","geometry":{"type":"LineString","coordinates":[[27.460952,47.113123],[27.461047,47.113292],[27.46115,47.11347],[27.461273,47.113648],[27.461377,47.113781],[27.461883,47.114418],[27.462592,47.115312],[27.463249,47.116143],[27.463533,47.116497],[27.463669,47.116667],[27.463792,47.116822],[27.463916,47.116981],[27.464044,47.11716],[27.464147,47.117321],[27.464298,47.117586],[27.464363,47.117721],[27.464878,47.118703],[27.465028,47.118981],[27.465168,47.119235],[27.465202,47.119297],[27.465318,47.119472],[27.465364,47.119527],[27.465424,47.119597],[27.465535,47.11969],[27.465851,47.119893],[27.465918,47.119937],[27.466507,47.120304],[27.466991,47.120585],[27.467067,47.120628],[27.467297,47.120775],[27.467449,47.120896],[27.467557,47.121008],[27.467747,47.121273],[27.467812,47.1214],[27.468066,47.121893],[27.468264,47.122237],[27.468446,47.122475],[27.468908,47.122913],[27.46931,47.123254],[27.469847,47.123736],[27.470165,47.124015],[27.470623,47.124431],[27.47116,47.124903],[27.471197,47.124936],[27.471523,47.12523],[27.471933,47.125586],[27.472198,47.125827],[27.47224,47.125866],[27.472651,47.126228],[27.472834,47.12639],[27.4731,47.126625],[27.473363,47.126857],[27.473895,47.127321],[27.474783,47.128117],[27.47503,47.128326],[27.475086,47.128374],[27.475256,47.12852],[27.475695,47.128888],[27.475754,47.128941],[27.476307,47.129445],[27.47655,47.129648],[27.476709,47.129803],[27.476787,47.129872],[27.476924,47.129961],[27.476957,47.129972],[27.477095,47.13001],[27.477162,47.13002]]},"properties":{"name":"DJ248A"}},{"type":"Feature","geometry":{"type":"LineString","coordinates":[[27.574537,47.14159],[27.574793,47.142274],[27.574841,47.142337],[27.574931,47.142392],[27.575864,47.14293]]},"properties":{"name":"Fundătura Ferentz"}},{"type":"Feature","geometry":{"type":"LineString","coordinates":[[27.575762,47.142992],[27.575864,47.14293],[27.576169,47.142746]]},"properties":{"name":"Strada Arhitect Ion Berindei"}},{"type":"Feature","geometry":{"type":"LineString","coordinates":[[27.577208,47.143477],[27.577404,47.143392],[27.577635,47.143297],[27.577932,47.143175],[27.578339,47.143007],[27.57872,47.142849],[27.5788,47.142811],[27.578855,47.142785],[27.579071,47.1427],[27.579392,47.142584],[27.579527,47.142526],[27.579835,47.142393],[27.579937,47.14235],[27.580094,47.142267]]},"properties":{"name":"Strada Sălciilor"}},{"type":"Feature","geometry":{"type":"LineString","coordinates":[[27.580259,47.14218],[27.580201,47.142211],[27.58016,47.142235],[27.580094,47.142267]]},"properties":{"name":"Strada Frumoasa"}},{"type":"Feature","geometry":{"type":"LineString","coordinates":[[27.555694,47.10916],[27.555776,47.10923],[27.555878,47.109297],[27.556003,47.109348],[27.556308,47.109433],[27.557516,47.109655],[27.557693,47.109699],[27.557754,47.109722],[27.557861,47.109762],[27.557998,47.109839],[27.558122,47.10993],[27.558637,47.110305],[27.55879,47.110384],[27.558905,47.110432],[27.559031,47.110472],[27.559187,47.110504],[27.559274,47.110509],[27.559336,47.110509],[27.559399,47.110486]]},"properties":{"name":"Strada Principală"}},{"type":"Feature","geometry":{"type":"LineString","coordinates":[[27.536614,47.099918],[27.535886,47.099658],[27.53499,47.09941],[27.534754,47.099354],[27.532933,47.098902],[27.530598,47.098282],[27.529298,47.097913],[27.528164,47.097543],[27.527771,47.097386],[27.52772,47.097366],[27.526123,47.096593],[27.525968,47.096506]]},"properties":{"name":"Strada Principală"}},{"type":"Feature","geometry":{"type":"LineString","coordinates":[[27.562697,47.11672],[27.562558,47.1168],[27.562521,47.116823],[27.562251,47.116982],[27.561688,47.11732],[27.560922,47.11779],[27.560766,47.117886],[27.559314,47.118778],[27.558,47.119534],[27.557378,47.119915],[27.555919,47.120795],[27.55585,47.120837],[27.555243,47.121107],[27.555122,47.121157],[27.554864,47.121277],[27.5547,47.121351],[27.554597,47.121397],[27.554368,47.121502],[27.554037,47.121653],[27.553954,47.121692],[27.553774,47.121772],[27.553034,47.122081],[27.552399,47.122356],[27.551924,47.122565],[27.551822,47.122609],[27.55143,47.122781],[27.550954,47.122985],[27.55084,47.123028],[27.550517,47.123147],[27.550155,47.123283],[27.550089,47.123308],[27.549801,47.123414],[27.549487,47.123515],[27.547887,47.124018],[27.547745,47.124047],[27.547645,47.124064],[27.547457,47.124088]]},"properties":{"name":"Strada Principală"}},{"type":"Feature","geometry":{"type":"LineString","coordinates":[[27.555694,47.10916],[27.555613,47.109035],[27.555492,47.10884],[27.554971,47.107886],[27.554932,47.107809],[27.554906,47.107713],[27.554903,47.107547],[27.554892,47.107465],[27.55488,47.107409],[27.554858,47.107349],[27.554773,47.107196],[27.554745,47.107146],[27.554539,47.106793],[27.554439,47.106613],[27.554358,47.106474],[27.554284,47.106346],[27.554248,47.106312],[27.554197,47.106266],[27.554072,47.106192],[27.553859,47.106095],[27.553661,47.106025],[27.553348,47.105934],[27.552865,47.105796],[27.552567,47.105714],[27.552504,47.105697],[27.55227,47.105634],[27.552093,47.105584],[27.551715,47.105463],[27.551144,47.10525],[27.550965,47.10519],[27.550199,47.104944],[27.550088,47.104916],[27.549946,47.104879],[27.549515,47.104767],[27.549258,47.104702],[27.548756,47.104577],[27.548249,47.104416],[27.547805,47.104299],[27.547705,47.104273],[27.547113,47.104144],[27.546925,47.104101],[27.546731,47.104063],[27.546359,47.103991],[27.546271,47.103974],[27.546019,47.103911],[27.54582,47.10385],[27.545251,47.103634],[27.544822,47.103473],[27.544238,47.103254],[27.543787,47.103077],[27.543476,47.102953],[27.543335,47.102897],[27.543068,47.102794],[27.542954,47.102751],[27.542375,47.102532],[27.542124,47.102438],[27.541873,47.102342],[27.541761,47.102299],[27.541089,47.102045],[27.540971,47.102],[27.540633,47.101871],[27.540334,47.101723],[27.540234,47.101673],[27.539805,47.101456],[27.53883,47.10094],[27.538625,47.100826],[27.538556,47.100792],[27.538343,47.100678],[27.538053,47.100495],[27.53776,47.100333],[27.537395,47.100154],[27.537204,47.100079],[27.536766,47.099957],[27.536614,47.099918]]},"properties":{"name":"Strada Nouă"}},{"type":"Feature","geometry":{"type":"LineString","coordinates":[[27.547326,47.124123],[27.547183,47.124211],[27.547022,47.12431],[27.5468,47.124446],[27.546112,47.124876],[27.546065,47.124906],[27.545348,47.125343],[27.544398,47.125952],[27.54371,47.126372],[27.542238,47.127261],[27.54211,47.127348],[27.541696,47.127605],[27.539964,47.128677],[27.539199,47.129185],[27.538694,47.129468],[27.538289,47.129717],[27.537993,47.129894],[27.537552,47.130176],[27.53742,47.130274],[27.537279,47.13038],[27.537099,47.130547],[27.536308,47.131248],[27.535804,47.131684],[27.535398,47.13205],[27.535261,47.13217],[27.535142,47.132294]]},"properties":{"name":"Strada Livezilor"}},{"type":"Feature","geometry":{"type":"LineString","coordinates":[[27.535142,47.132294],[27.534679,47.132878],[27.534412,47.133249],[27.534198,47.13361],[27.533868,47.134207],[27.533689,47.134512],[27.533601,47.134611],[27.533523,47.134689],[27.533361,47.134805],[27.533195,47.134914],[27.533098,47.135],[27.533028,47.135077],[27.532927,47.135228],[27.532857,47.135388],[27.532829,47.135495],[27.532763,47.135639],[27.532676,47.135766],[27.532468,47.136003],[27.531949,47.136516],[27.531629,47.136818],[27.531188,47.137242],[27.530889,47.137556],[27.530635,47.137864],[27.53048,47.138075],[27.530348,47.138285],[27.530254,47.138485],[27.530175,47.138709],[27.529961,47.13946],[27.529887,47.139813],[27.529852,47.140164],[27.529828,47.140212]]},"properties":{"name":"Strada Dealul Nucului"}},{"type":"Feature","geometry":{"type":"LineString","coordinates":[[27.529828,47.140212],[27.529805,47.140237],[27.529387,47.140427],[27.529287,47.140433]]},"properties":{"name":"Strada Izvoarelor"}},{"type":"Feature","geometry":{"type":"LineString","coordinates":[[27.592606,47.170049],[27.592789,47.169717],[27.593146,47.169062],[27.593348,47.168698],[27.593553,47.168325],[27.593948,47.167624],[27.594251,47.167042],[27.594292,47.166978],[27.594347,47.166897]]},"properties":{"name":"Bulevardul Constantin Alexandru Rosetti"}},{"type":"Feature","geometry":{"type":"LineString","coordinates":[[27.592646,47.17006],[27.592363,47.170566],[27.592289,47.17069],[27.592195,47.170777],[27.592048,47.170979],[27.591961,47.171061],[27.591621,47.171393],[27.591022,47.171969],[27.590469,47.172511],[27.589454,47.173491],[27.588632,47.174278],[27.588474,47.174429],[27.588305,47.174605],[27.58819,47.174748],[27.588081,47.174906]]},"properties":{"name":"Bulevardul Constantin Alexandru Rosetti"}},{"type":"Feature","geometry":{"type":"LineString","coordinates":[[27.592646,47.17006],[27.592606,47.170049]]},"properties":{"name":"Strada Patria"}},{"type":"Feature","geometry":{"type":"LineString","coordinates":[[27.532148,47.240082],[27.5321,47.240192],[27.532069,47.240243],[27.531967,47.240453],[27.531781,47.240841],[27.531623,47.241241],[27.531523,47.241516],[27.531424,47.241792],[27.531331,47.242048],[27.531229,47.242326],[27.531124,47.242634],[27.531074,47.242812],[27.531033,47.243009],[27.531005,47.243253],[27.531,47.243398],[27.531004,47.243559],[27.53103,47.243757],[27.531066,47.243926],[27.531207,47.24437],[27.531337,47.244735],[27.531466,47.245086],[27.531553,47.24535]]},"properties":{"name":"DN24C"}},{"type":"Feature","geometry":{"type":"LineString","coordinates":[[27.531553,47.24535],[27.531649,47.245759],[27.531708,47.246169],[27.531723,47.246509],[27.531713,47.247071],[27.531688,47.247998],[27.531681,47.248266],[27.531674,47.248359],[27.531649,47.24871],[27.53157,47.248977],[27.531459,47.249186],[27.531092,47.249653],[27.530547,47.250249],[27.529996,47.250834],[27.529508,47.251355],[27.529121,47.251805],[27.528813,47.252217],[27.527477,47.254141],[27.52652,47.255534],[27.52594,47.256342],[27.525663,47.256672],[27.525365,47.256999],[27.524658,47.257744],[27.524248,47.258225],[27.524097,47.258497],[27.52402,47.258756],[27.523957,47.259023],[27.523911,47.259293],[27.523759,47.260348],[27.523717,47.260687],[27.523655,47.261055],[27.523607,47.26131],[27.523526,47.261551],[27.523377,47.261806],[27.523231,47.26199],[27.523022,47.2622],[27.522581,47.262567],[27.521982,47.263046],[27.521396,47.263539],[27.520994,47.263861],[27.520611,47.264184],[27.520361,47.264405],[27.520129,47.264664],[27.519896,47.264953],[27.519754,47.265194],[27.519616,47.26544],[27.51949,47.265734],[27.518974,47.266808],[27.518504,47.267812],[27.518323,47.268226],[27.518187,47.268527],[27.518072,47.268585],[27.517939,47.268975],[27.517895,47.269347],[27.517888,47.269656],[27.51796,47.270017],[27.518084,47.270537],[27.518266,47.271255],[27.518442,47.271824],[27.518858,47.273016],[27.519242,47.274097],[27.519333,47.274369],[27.519612,47.275113],[27.519829,47.275731],[27.519923,47.276174],[27.519918,47.276423],[27.51987,47.27704],[27.519816,47.277592],[27.519749,47.278164],[27.519684,47.278312],[27.519596,47.278479],[27.519542,47.278572],[27.519398,47.278761],[27.51874,47.279427],[27.51833,47.279913],[27.517902,47.280381],[27.517341,47.280969],[27.517032,47.281377],[27.516709,47.281827],[27.515935,47.282963],[27.515498,47.283633],[27.515238,47.284005],[27.514724,47.284779],[27.514424,47.285213],[27.514097,47.285693],[27.513895,47.285994],[27.51365,47.286336],[27.5134,47.286549],[27.51318,47.286719],[27.51293,47.286915],[27.512813,47.287001],[27.512735,47.287058],[27.5123,47.287381],[27.512106,47.287553],[27.512012,47.287701]]},"properties":{"name":"Strada 1 Decembrie 1918"}},{"type":"Feature","geometry":{"type":"LineString","coordinates":[[27.529809,47.21223],[27.529744,47.21232],[27.529542,47.212607],[27.52944,47.21272],[27.529292,47.212819],[27.529118,47.212903],[27.528901,47.213003],[27.528619,47.213152],[27.528392,47.213303],[27.528305,47.213359],[27.52817,47.213466],[27.527877,47.213725],[27.52737,47.214167],[27.526965,47.214523],[27.526715,47.214749],[27.526558,47.214872],[27.526369,47.214988],[27.526147,47.215109],[27.525791,47.215291],[27.525398,47.215489],[27.525004,47.215693],[27.524696,47.215851],[27.52458,47.2159],[27.524461,47.215923],[27.524354,47.215922],[27.524262,47.215892],[27.524198,47.215839],[27.524159,47.215771],[27.524155,47.215675],[27.524172,47.215516],[27.524208,47.215264],[27.524191,47.215133],[27.524164,47.215075],[27.524117,47.215027],[27.524036,47.214976],[27.523874,47.21492],[27.523677,47.214877],[27.523476,47.214851],[27.523287,47.214841],[27.523094,47.214861],[27.522944,47.214916],[27.522874,47.214948],[27.522787,47.215007],[27.522527,47.215233],[27.522004,47.215706],[27.521877,47.215812],[27.521746,47.215906],[27.521579,47.215997],[27.521395,47.216076],[27.520938,47.21624],[27.51997,47.2166],[27.519922,47.216616],[27.518863,47.217019],[27.51807,47.217312],[27.51768,47.217458],[27.517455,47.217533],[27.517152,47.217617],[27.516889,47.21767],[27.516559,47.217727],[27.51543,47.217911],[27.514498,47.218064],[27.513806,47.218178],[27.513627,47.218219],[27.513429,47.218287],[27.513248,47.218367],[27.513113,47.218442],[27.512395,47.218841],[27.511791,47.219168],[27.511298,47.219455],[27.511021,47.219634],[27.510661,47.219881],[27.510283,47.220152],[27.510136,47.220264],[27.509971,47.220407],[27.509831,47.220557],[27.50967,47.220757],[27.508966,47.22162],[27.508638,47.22203],[27.508308,47.222442],[27.50812,47.222683],[27.507707,47.223213],[27.507497,47.223483],[27.507262,47.223766],[27.506632,47.224517],[27.505967,47.225303],[27.505677,47.22564],[27.505532,47.225816],[27.505425,47.225949],[27.50538,47.226025],[27.505329,47.226128],[27.505283,47.226268],[27.505238,47.226465],[27.505162,47.226749],[27.505091,47.226937],[27.505007,47.227101],[27.504901,47.227233],[27.504767,47.227385]]},"properties":{"name":"Șoseaua Copoului"}},{"type":"Feature","geometry":{"type":"LineString","coordinates":[[27.468212,47.252275],[27.467937,47.252402],[27.467541,47.252589],[27.467159,47.252775],[27.466708,47.253006],[27.465973,47.25341],[27.465481,47.253675],[27.464849,47.253984],[27.463894,47.254494],[27.463058,47.254923],[27.462443,47.255242],[27.462222,47.255355],[27.460829,47.256019],[27.460505,47.256168],[27.460177,47.256298],[27.45936,47.256572],[27.459258,47.256608],[27.458501,47.256877],[27.457731,47.257131],[27.457549,47.257196],[27.457368,47.257298],[27.457193,47.257411],[27.456733,47.257753],[27.456564,47.257884],[27.45641,47.257999],[27.456138,47.258187],[27.455578,47.258599],[27.45484,47.259149],[27.454058,47.259727],[27.453483,47.260144],[27.453186,47.260359],[27.45235,47.260988],[27.451951,47.26129],[27.451385,47.261758],[27.451023,47.262065],[27.450757,47.262287],[27.450445,47.262552],[27.44936,47.26351],[27.449059,47.263761],[27.448574,47.26414],[27.447349,47.265029],[27.44728,47.265077],[27.446926,47.265311],[27.44674,47.26542],[27.446166,47.265672]]},"properties":{"name":"Șoseaua Nordului"}},{"type":"Feature","geometry":{"type":"LineString","coordinates":[[27.532628,47.173044],[27.532601,47.173113],[27.532483,47.173363],[27.5323,47.173881],[27.53226,47.173987],[27.532189,47.174224],[27.532169,47.174383],[27.532183,47.174711],[27.532185,47.174799],[27.532197,47.175298],[27.532186,47.175514],[27.532107,47.176008],[27.532017,47.176336],[27.531952,47.176557],[27.531832,47.176808],[27.531437,47.177476],[27.531236,47.177816],[27.530302,47.179267],[27.530052,47.179672],[27.529847,47.180024],[27.529681,47.180309],[27.529257,47.181059],[27.528684,47.181896],[27.528316,47.182413],[27.528115,47.182636],[27.527954,47.182796],[27.527853,47.182913],[27.527717,47.183129],[27.52759,47.183351],[27.527429,47.183624],[27.527302,47.183837],[27.527176,47.184038],[27.527104,47.184144],[27.526952,47.184331],[27.526654,47.184633],[27.526434,47.184868],[27.526185,47.185108],[27.525822,47.185425],[27.525555,47.185725],[27.525479,47.185849],[27.525328,47.186176],[27.525248,47.186383],[27.525135,47.186632],[27.525031,47.186812],[27.524779,47.187266],[27.524518,47.187709],[27.524234,47.188344],[27.524122,47.188565],[27.524063,47.188661],[27.523723,47.189235],[27.523558,47.189472],[27.523414,47.189724],[27.523248,47.189927],[27.523093,47.190136],[27.522789,47.190565],[27.522619,47.19079],[27.522294,47.191212],[27.521468,47.192421],[27.521355,47.192575],[27.521146,47.192911],[27.520894,47.193309],[27.520652,47.193757],[27.520447,47.194066],[27.520254,47.194393],[27.52013,47.194644],[27.519942,47.194989],[27.519676,47.195457],[27.519431,47.195879],[27.519316,47.196078],[27.519152,47.196376],[27.518697,47.197126],[27.518562,47.197351],[27.518446,47.197538],[27.518154,47.198044],[27.518066,47.198201],[27.518037,47.198251],[27.518015,47.198296],[27.517901,47.198477],[27.517667,47.198867],[27.517194,47.199721],[27.517043,47.199996],[27.516769,47.200487],[27.516718,47.200611],[27.516694,47.200765],[27.516689,47.20094],[27.51669,47.201037],[27.516725,47.201462],[27.516781,47.20182],[27.516828,47.202231],[27.516823,47.202294],[27.5168,47.202404],[27.51673,47.202513],[27.51665,47.202597],[27.516512,47.202701],[27.516352,47.202785],[27.516052,47.202947],[27.514995,47.203394],[27.514918,47.203426],[27.514802,47.203474],[27.514665,47.203557],[27.514579,47.203654],[27.514505,47.203755],[27.514426,47.203851],[27.514271,47.203958],[27.513692,47.204337],[27.513599,47.204408],[27.513545,47.204463],[27.513482,47.204536],[27.513061,47.205121],[27.512781,47.205514],[27.512636,47.205695],[27.512422,47.205935],[27.512376,47.205974],[27.512062,47.206205],[27.511942,47.206314],[27.511798,47.206472],[27.511635,47.206697],[27.511357,47.207093],[27.511149,47.207405],[27.510989,47.207659],[27.510897,47.207813],[27.51087,47.207872],[27.510849,47.207942],[27.510835,47.207993],[27.510824,47.208055],[27.510828,47.208115],[27.510837,47.208142],[27.510863,47.208225],[27.510864,47.208267],[27.510852,47.208308],[27.510836,47.208336],[27.510817,47.208356],[27.510763,47.208409],[27.51062,47.208532],[27.510222,47.2089],[27.509853,47.209233],[27.509442,47.209602],[27.509094,47.209895],[27.508687,47.210295],[27.508431,47.21057],[27.508303,47.210736],[27.508167,47.210934],[27.508018,47.211161],[27.507902,47.211332],[27.507596,47.211822],[27.507181,47.212484],[27.507131,47.212549],[27.50707,47.212609],[27.507016,47.212646],[27.50692,47.212687]]},"properties":{"name":"Șoseaua Rediu"}},{"type":"Feature","geometry":{"type":"LineString","coordinates":[[27.504471,47.220824],[27.504513,47.220912],[27.504525,47.221047],[27.504511,47.221132],[27.504496,47.221232],[27.504446,47.221371],[27.504358,47.221582],[27.504071,47.222194],[27.503899,47.22251],[27.503787,47.222706],[27.503491,47.223108],[27.5033,47.223352],[27.503108,47.223687],[27.503005,47.223884],[27.502982,47.223979],[27.502968,47.224069],[27.502968,47.22413],[27.502997,47.224264],[27.503105,47.224495],[27.503424,47.225012],[27.503553,47.225265],[27.50362,47.225459],[27.503701,47.22569],[27.503783,47.225865],[27.503908,47.226114],[27.504023,47.226307],[27.504127,47.226459],[27.504362,47.226759],[27.504502,47.22701],[27.504714,47.227355],[27.504767,47.227385]]},"properties":{"name":"Șoseaua Rediu"}},{"type":"Feature","geometry":{"type":"LineString","coordinates":[[27.504471,47.220824],[27.504416,47.22073],[27.504042,47.220417],[27.503501,47.219914],[27.503444,47.219849],[27.503428,47.219775],[27.50343,47.219717],[27.503433,47.219687],[27.503464,47.219622],[27.503508,47.219557],[27.503695,47.219419],[27.503685,47.219249],[27.503726,47.218332],[27.503775,47.217625],[27.503827,47.217184],[27.504097,47.216153],[27.504169,47.215835],[27.504182,47.215713],[27.504181,47.215622],[27.504165,47.215515],[27.504121,47.21541],[27.503937,47.215229],[27.503823,47.215118],[27.503487,47.214794],[27.503229,47.214577],[27.503162,47.2145],[27.503139,47.214447],[27.503146,47.214401],[27.503193,47.214328],[27.503685,47.213866],[27.503866,47.213735],[27.504153,47.213545],[27.504215,47.213497],[27.504249,47.21346],[27.504294,47.213387],[27.504329,47.213309],[27.504348,47.213256],[27.504405,47.213204],[27.504468,47.213177],[27.504985,47.21298],[27.505395,47.212819],[27.505531,47.212776],[27.505651,47.212742],[27.505857,47.212692],[27.506156,47.212661],[27.50632,47.212645],[27.50644,47.212638],[27.506557,47.212644],[27.506655,47.212654],[27.506783,47.212682],[27.506839,47.212692],[27.506891,47.212692],[27.50692,47.212687]]},"properties":{"name":"Șoseaua Valea Rediului"}},{"type":"Feature","geometry":{"type":"LineString","coordinates":[[27.558584,47.190925],[27.558489,47.190891]]},"properties":{"name":"Strada Dumitrașcu Cantacuzino"}},{"type":"Feature","geometry":{"type":"LineString","coordinates":[[27.503501,47.219914],[27.503341,47.21983],[27.503192,47.219801],[27.503081,47.219785],[27.503303,47.219732],[27.503433,47.219687]]},"properties":{"name":"DC21"}},{"type":"Feature","geometry":{"type":"LineString","coordinates":[[27.718483,47.116719],[27.718522,47.11655],[27.718546,47.116467],[27.718648,47.116285],[27.718903,47.116153],[27.719171,47.115986],[27.719488,47.115821],[27.719885,47.115577],[27.720261,47.115357],[27.720546,47.115205],[27.720738,47.115094],[27.721033,47.114899],[27.72109,47.114841],[27.721153,47.11479],[27.721419,47.114565],[27.721859,47.114189],[27.722092,47.113962],[27.722152,47.113904],[27.722496,47.113595],[27.72282,47.113324],[27.722962,47.113177],[27.723,47.113099],[27.723001,47.113034],[27.722985,47.112957],[27.722953,47.112877],[27.722918,47.112819],[27.722773,47.112642],[27.722642,47.11247],[27.722453,47.112264],[27.722316,47.112133],[27.722181,47.11204],[27.722033,47.111959],[27.721726,47.111836],[27.720943,47.111567],[27.720586,47.111433],[27.72026,47.111293],[27.719747,47.111005],[27.719421,47.110822],[27.719104,47.110691],[27.718738,47.11054],[27.718586,47.110497],[27.718436,47.110371],[27.718372,47.110265],[27.718307,47.110007],[27.718329,47.10983],[27.718305,47.109671],[27.718267,47.1095],[27.718205,47.10939],[27.718133,47.109292],[27.718037,47.109169],[27.717753,47.108895],[27.717058,47.108229],[27.716171,47.107302]]},"properties":{"name":"Strada Tribunei"}},{"type":"Feature","geometry":{"type":"LineString","coordinates":[[27.698176,47.130619],[27.698268,47.130642],[27.698456,47.13068],[27.698534,47.130657],[27.698636,47.130627],[27.698806,47.130595],[27.699545,47.130416],[27.699806,47.130376],[27.700032,47.130345],[27.700322,47.130307],[27.700624,47.130281],[27.701381,47.130233],[27.702271,47.130171],[27.703766,47.130096],[27.705485,47.129992],[27.70569,47.129969],[27.706242,47.129932],[27.707076,47.129878],[27.707182,47.129871],[27.708523,47.129788],[27.709118,47.12975],[27.709571,47.129719],[27.711052,47.129646],[27.711661,47.129622],[27.712318,47.129569],[27.712424,47.12956],[27.712455,47.129557],[27.713037,47.129504],[27.714933,47.129398],[27.715749,47.12935],[27.716162,47.129324],[27.716685,47.12929],[27.71678,47.129284],[27.718002,47.129201],[27.71832,47.12918],[27.720107,47.129066],[27.72124,47.129004],[27.72269,47.128925],[27.72379,47.128857],[27.724655,47.128826],[27.725751,47.128779],[27.726539,47.12872],[27.726811,47.12871],[27.727062,47.128711],[27.727729,47.128714],[27.72835,47.128732],[27.728957,47.128788],[27.729258,47.128836],[27.729731,47.128918],[27.730144,47.128947],[27.730729,47.1289],[27.731399,47.128819],[27.73183,47.128809],[27.732154,47.128803],[27.73244,47.12881],[27.732697,47.1288],[27.733175,47.128741],[27.733579,47.128672],[27.734225,47.12849],[27.734676,47.128371],[27.735038,47.1283],[27.735869,47.128163],[27.736349,47.128094],[27.736695,47.128059],[27.737017,47.128028],[27.737245,47.127988],[27.737466,47.127942],[27.73761,47.127898],[27.737827,47.127831],[27.738015,47.127764],[27.738101,47.127726],[27.738808,47.127402],[27.739525,47.127085],[27.739819,47.126949],[27.740123,47.126851],[27.740723,47.126713],[27.74131,47.126536],[27.741775,47.12637],[27.742154,47.126268],[27.742414,47.126222],[27.743185,47.126111],[27.743813,47.126009],[27.744128,47.125953],[27.744298,47.125912],[27.744424,47.125873],[27.744612,47.125791],[27.744735,47.125731],[27.745029,47.125533],[27.745305,47.125344],[27.745724,47.125096],[27.746145,47.124876],[27.747073,47.124462],[27.747427,47.12433],[27.747715,47.124216],[27.748132,47.124087],[27.748402,47.124026],[27.748956,47.123924],[27.749579,47.12382],[27.749964,47.123763],[27.750246,47.123721],[27.750506,47.123671],[27.750674,47.123644],[27.750912,47.12358],[27.751069,47.123523],[27.751305,47.123392],[27.751437,47.123292],[27.751678,47.123126],[27.752056,47.122816],[27.752304,47.122664],[27.75252,47.122536],[27.753043,47.12232],[27.75373,47.122067],[27.754021,47.121964],[27.754225,47.121859],[27.754799,47.121548],[27.754949,47.121478],[27.755739,47.121063],[27.75622,47.120796],[27.756883,47.120474],[27.757131,47.120359],[27.757378,47.120285],[27.757627,47.120236],[27.757866,47.120205],[27.758433,47.120207],[27.758988,47.120205],[27.759281,47.120196],[27.759666,47.120169],[27.759895,47.120133],[27.760305,47.120076],[27.760904,47.119933],[27.761441,47.119781],[27.762044,47.119601],[27.762636,47.119406],[27.762893,47.119327],[27.763274,47.119301],[27.763444,47.119306],[27.763592,47.119334],[27.763851,47.119457],[27.764176,47.119658],[27.764434,47.119844],[27.764601,47.119978],[27.76476,47.120106],[27.766239,47.121267],[27.7667,47.121574],[27.767102,47.121808],[27.767365,47.121968],[27.76766,47.122162],[27.767977,47.122396],[27.769275,47.123403],[27.771195,47.124903],[27.772657,47.126026],[27.774497,47.127453],[27.775787,47.128431],[27.776603,47.129062],[27.777276,47.129573],[27.778459,47.13046],[27.780028,47.131664],[27.781565,47.132865],[27.782739,47.133755],[27.78403,47.134738],[27.784697,47.135239],[27.78572,47.136026],[27.786701,47.136761]]},"properties":{"name":"DJ249E"}},{"type":"Feature","geometry":{"type":"LineString","coordinates":[[27.786701,47.136761],[27.786839,47.13675],[27.787003,47.13672],[27.787676,47.136497],[27.788226,47.136298],[27.788529,47.136194],[27.789072,47.135996],[27.789544,47.135812],[27.790606,47.135332],[27.790813,47.13523],[27.791097,47.135109],[27.791371,47.135018],[27.791639,47.134951],[27.791859,47.134936],[27.791998,47.134932],[27.792334,47.134996],[27.792733,47.1351],[27.792964,47.135153],[27.793212,47.135192],[27.79383,47.135285],[27.794015,47.135309],[27.794652,47.135346],[27.794872,47.135357],[27.794866,47.135287],[27.794844,47.135112],[27.794788,47.134709],[27.794784,47.13453],[27.794813,47.134447],[27.794864,47.134365],[27.795003,47.13424],[27.795217,47.134077],[27.795307,47.134008],[27.795802,47.133604],[27.796628,47.132953],[27.796869,47.132751],[27.797459,47.132286],[27.79775,47.132095],[27.798098,47.131871],[27.798744,47.131508],[27.799067,47.131357],[27.800531,47.130776],[27.8019,47.130213],[27.802329,47.130029],[27.802694,47.129879],[27.803113,47.129724],[27.803436,47.129633],[27.804674,47.129257],[27.806255,47.128797],[27.807151,47.128553],[27.807492,47.128463],[27.807828,47.128359],[27.808132,47.128247],[27.80832,47.128176],[27.808505,47.128092],[27.808997,47.127842],[27.809638,47.127544],[27.809712,47.12751],[27.809839,47.127453],[27.811322,47.126785],[27.812003,47.126458],[27.81214,47.12638],[27.812915,47.126032],[27.813659,47.125664],[27.815142,47.124896],[27.818102,47.123389],[27.819431,47.122741]]},"properties":{"name":"DJ249D"}},{"type":"Feature","geometry":{"type":"LineString","coordinates":[[27.498295,47.175502],[27.498213,47.175496],[27.497702,47.175599],[27.497604,47.175633],[27.497532,47.17568],[27.4974,47.175836],[27.497307,47.175933],[27.497177,47.176046],[27.496914,47.176236],[27.496772,47.176334],[27.496527,47.176402],[27.496122,47.176482]]},"properties":{"name":"Aleea Irisului"}},{"type":"Feature","geometry":{"type":"LineString","coordinates":[[27.495683,47.179059],[27.495693,47.179033],[27.495765,47.178874],[27.495779,47.178846],[27.495903,47.178599],[27.496999,47.177408],[27.497338,47.177026],[27.497634,47.176623],[27.497985,47.17614],[27.498136,47.175924],[27.498274,47.175582],[27.498295,47.175502]]},"properties":{"name":"Strada Lacului"}},{"type":"Feature","geometry":{"type":"LineString","coordinates":[[27.495765,47.178874],[27.495851,47.178886],[27.496466,47.178868],[27.497954,47.178792],[27.498022,47.178796],[27.4981,47.178798],[27.499623,47.178859],[27.499676,47.178873]]},"properties":{"name":"Strada Arțarului"}},{"type":"Feature","geometry":{"type":"LineString","coordinates":[[27.499767,47.18259],[27.499725,47.182355],[27.499679,47.181635],[27.49957,47.180545],[27.499548,47.180148],[27.499567,47.179666],[27.499666,47.178917],[27.499676,47.178873]]},"properties":{"name":"Strada Trandafirilor"}},{"type":"Feature","geometry":{"type":"LineString","coordinates":[[27.49957,47.180545],[27.500385,47.180456],[27.501265,47.18036],[27.502398,47.180205],[27.503253,47.180089],[27.504323,47.179983],[27.505202,47.179827],[27.505299,47.179841]]},"properties":{"name":"Strada Nucilor"}},{"type":"Feature","geometry":{"type":"LineString","coordinates":[[27.505689,47.177421],[27.505628,47.177987],[27.50554,47.178446],[27.505413,47.179242],[27.505299,47.179841],[27.505288,47.179898],[27.505257,47.180069],[27.505167,47.180548],[27.505092,47.181056],[27.50486,47.182058],[27.504558,47.183152],[27.504484,47.183405],[27.504338,47.183866],[27.504266,47.184129],[27.504098,47.184765],[27.503985,47.185235],[27.503859,47.185779]]},"properties":{"name":"Strada 1 Decembrie"}},{"type":"Feature","geometry":{"type":"LineString","coordinates":[[27.503859,47.185779],[27.503963,47.185766],[27.504783,47.185932],[27.505648,47.18607],[27.507182,47.186279],[27.50778,47.186372],[27.508173,47.186431],[27.509017,47.186571],[27.509863,47.186705],[27.51058,47.18682],[27.512995,47.187214],[27.513917,47.187353],[27.514754,47.187485],[27.516388,47.187735],[27.516433,47.187743],[27.517339,47.187884],[27.518266,47.188097],[27.518749,47.188219],[27.518997,47.188273],[27.520264,47.188572]]},"properties":{"name":"Strada Victoriei"}},{"type":"Feature","geometry":{"type":"LineString","coordinates":[[27.513917,47.187353],[27.513999,47.18684],[27.514008,47.186783],[27.514053,47.186474],[27.514123,47.186016],[27.514231,47.185221],[27.514243,47.185132],[27.514345,47.184439]]},"properties":{"name":"Strada Gheorghe Asachi"}},{"type":"Feature","geometry":{"type":"LineString","coordinates":[[27.514345,47.184439],[27.515052,47.184465],[27.51571,47.184486],[27.516503,47.184521],[27.516598,47.183999],[27.516609,47.183923],[27.516677,47.183486],[27.516688,47.183418],[27.516735,47.183092],[27.516752,47.182986],[27.516835,47.182389],[27.516849,47.182286],[27.517009,47.181282]]},"properties":{"name":"Strada Nufărului"}},{"type":"Feature","geometry":{"type":"LineString","coordinates":[[27.517009,47.181282],[27.518674,47.181341]]},"properties":{"name":"Strada Cireși"}},{"type":"Feature","geometry":{"type":"LineString","coordinates":[[27.518674,47.181341],[27.518761,47.180491],[27.518831,47.179987],[27.518895,47.179498],[27.518921,47.179311],[27.519008,47.178554],[27.519043,47.178315],[27.519116,47.177787],[27.519175,47.177325],[27.519248,47.176784],[27.519272,47.176559],[27.519367,47.175853],[27.519457,47.175147],[27.519506,47.174925],[27.519672,47.174187],[27.520032,47.172578],[27.520044,47.172475]]},"properties":{"name":"Strada Profesor Ioan Petru Culianu"}},{"type":"Feature","geometry":{"type":"LineString","coordinates":[[27.557208,47.172448],[27.557194,47.172415],[27.557182,47.17239],[27.557167,47.172358]]},"properties":{"name":"Strada Rampei"}},{"type":"Feature","geometry":{"type":"LineString","coordinates":[[27.568187,47.167687],[27.568226,47.167731],[27.568427,47.167971],[27.568641,47.168231],[27.568801,47.16849],[27.569149,47.168903],[27.569286,47.169071],[27.569333,47.169124],[27.569378,47.169175],[27.569428,47.169232]]},"properties":{"name":"Strada Bacinschi"}},{"type":"Feature","geometry":{"type":"LineString","coordinates":[[27.499767,47.18259],[27.501592,47.18233],[27.50233,47.182252],[27.503305,47.182175],[27.504131,47.182075],[27.504796,47.182051],[27.50486,47.182058]]},"properties":{"name":"Strada Speranței"}},{"type":"Feature","geometry":{"type":"LineString","coordinates":[[27.488421,47.178191],[27.488408,47.178763],[27.488406,47.178856],[27.488399,47.179323],[27.488376,47.179897],[27.488363,47.180288]]},"properties":{"name":"Str. Rubinului"}},{"type":"Feature","geometry":{"type":"LineString","coordinates":[[27.493238,47.179344],[27.493356,47.179216],[27.49355,47.179037],[27.49364,47.178923],[27.493711,47.178751],[27.49367,47.178362],[27.493633,47.178118],[27.493378,47.177266]]},"properties":{"name":"Strada Dimineții"}},{"type":"Feature","geometry":{"type":"LineString","coordinates":[[27.493711,47.178751],[27.493784,47.178743],[27.49441,47.178747],[27.494621,47.178766],[27.495109,47.178875],[27.495209,47.178909],[27.495281,47.178942],[27.495648,47.179022],[27.495693,47.179033]]},"properties":{"name":"Strada Amurgului"}},{"type":"Feature","geometry":{"type":"LineString","coordinates":[[27.505167,47.180548],[27.506593,47.180754],[27.507995,47.18092]]},"properties":{"name":"Strada Garoafei"}},{"type":"Feature","geometry":{"type":"LineString","coordinates":[[27.51509,47.181168],[27.516137,47.181221],[27.517009,47.181282]]},"properties":{"name":"Strada Garoafei"}},{"type":"Feature","geometry":{"type":"LineString","coordinates":[[27.507995,47.18092],[27.508129,47.180181],[27.508159,47.180006],[27.508234,47.179435],[27.50826,47.179269],[27.508279,47.179086],[27.508311,47.178848],[27.508483,47.177659],[27.508465,47.177634],[27.508424,47.177622]]},"properties":{"name":"Strada Lalelelor"}},{"type":"Feature","geometry":{"type":"LineString","coordinates":[[27.508279,47.179086],[27.509298,47.179093],[27.510055,47.179097],[27.511133,47.179111],[27.511343,47.179109],[27.512105,47.179115],[27.512158,47.17912],[27.513186,47.179139],[27.51385,47.179172],[27.514655,47.1792],[27.515386,47.179203]]},"properties":{"name":"Strada Mestecăniș"}},{"type":"Feature","geometry":{"type":"LineString","coordinates":[[27.510055,47.179097],[27.510178,47.177841],[27.510261,47.177128]]},"properties":{"name":"Strada Luminii"}},{"type":"Feature","geometry":{"type":"LineString","coordinates":[[27.51509,47.181168],[27.515386,47.179203],[27.515488,47.178215],[27.515497,47.17781]]},"properties":{"name":"Aleea cu Nuci"}},{"type":"Feature","geometry":{"type":"LineString","coordinates":[[27.509863,47.186705],[27.510407,47.184751],[27.510724,47.183456]]},"properties":{"name":"Strada George Coșbuc"}},{"type":"Feature","geometry":{"type":"LineString","coordinates":[[27.520264,47.188572],[27.520458,47.188457],[27.520975,47.188007],[27.521346,47.187673],[27.521567,47.18748],[27.521747,47.187324],[27.521929,47.187166],[27.522061,47.187033],[27.522379,47.186741],[27.522438,47.186667],[27.522787,47.186224],[27.522858,47.18613],[27.52327,47.185577],[27.523834,47.184852],[27.524054,47.184485],[27.524294,47.184208],[27.524822,47.183671],[27.525083,47.183378],[27.525771,47.182717],[27.526161,47.182331],[27.526604,47.181862],[27.527091,47.181376],[27.527258,47.181199],[27.527992,47.180442],[27.528166,47.18025],[27.528957,47.179425],[27.52953,47.178715],[27.529728,47.178514],[27.530261,47.17792],[27.530386,47.177736],[27.530577,47.177685],[27.530801,47.177689],[27.531236,47.177816]]},"properties":{"name":"Strada Soarelui"}},{"type":"Feature","geometry":{"type":"LineString","coordinates":[[27.508424,47.177622],[27.507803,47.177587],[27.507774,47.177586],[27.506825,47.17752],[27.505689,47.177421]]},"properties":{"name":"Strada Măcieș"}}]}